Encoded Architecture,Loss,Accuracy,Precision,Recall,F1,Specificity
"[3, 0, 0, 0, 7, 0, 0, 0, 2, 0, 0, 0, 2, 0, 0, 0, 7, 0, 0, 0, 7, 0, 0, 0, 7, 0, 0, 0, 6, 24, 2, 0, 2, 0, 0, 0, 4, 343, 0, 0, 7, 0, 0, 0, 7, 0, 0, 0]",0.6931789875030517,0.5,0.5089697590978985,0.6524310118265441,0.5718399078606392,0.37056504599211565
"[0, 26, 1, 0, 8, 1, 2, 0, 2, 0, 0, 0, 4, 18, 0, 0, 7, 0, 0, 0, 7, 0, 0, 0, 7, 0, 0, 0, 1, 4, 0, 0, 7, 0, 0, 0, 7, 0, 0, 0, 7, 0, 0, 0, 7, 0, 0, 0]",0.6953508186340333,0.5,0.499302649930265,0.4704336399474376,0.4844384303112314,0.5282522996057819
"[5, 0, 0, 0, 7, 0, 0, 0, 4, 390, 0, 0, 7, 0, 0, 0, 7, 0, 0, 0, 7, 0, 0, 0, 7, 0, 0, 0, 7, 0, 0, 0, 7, 0, 0, 0, 4, 69, 0, 0, 4, 394, 0, 0, 1, 4, 0, 0]",0.6933232736587525,0.5,0.4963406520292748,0.49014454664914586,0.4932231404958678,0.5026281208935611
"[0, 28, 0, 0, 5, 0, 0, 0, 7, 0, 0, 0, 7, 0, 0, 0, 3, 0, 0, 0, 7, 0, 0, 0, 8, 2, 2, 0, 7, 0, 0, 0, 1, 4, 0, 0, 3, 0, 0, 0, 1, 4, 0, 0, 7, 0, 0, 0]",0.7039900207519532,0.5,0.4920844327176781,0.49014454664914586,0.4911125740618828,0.4940867279894875
"[4, 296, 0, 0, 1, 4, 0, 0, 1, 4, 0, 0, 7, 0, 0, 0, 7, 0, 0, 0, 1, 4, 0, 0, 7, 0, 0, 0, 4, 88, 0, 0, 7, 0, 0, 0, 7, 0, 0, 0, 7, 0, 0, 0, 7, 0, 0, 0]",0.6939230585098266,0.5,0.5166959578207382,0.5795006570302234,0.5462991638278105,0.4579500657030223
"[0, 19, 0, 0, 2, 1, 0, 0, 8, 1, 2, 0, 1, 4, 0, 0, 3, 0, 0, 0, 7, 0, 0, 0, 3, 0, 0, 0, 7, 0, 0, 0, 4, 446, 0, 0, 4, 266, 0, 0, 1, 4, 0, 0, 7, 0, 0, 0]",0.6937940001487732,0.5,0.4994813278008299,0.6327201051248358,0.5582608695652174,0.3659658344283837
"[3, 0, 0, 0, 2, 0, 0, 0, 7, 0, 0, 0, 8, 3, 2, 0, 7, 0, 0, 0, 7, 0, 0, 0, 6, 58, 1, 0, 8, 1, 2, 0, 7, 0, 0, 0, 7, 0, 0, 0, 2, 1, 0, 0, 1, 4, 0, 0]",0.7071153259277344,0.5,0.49685929648241206,0.5197109067017083,0.5080282594733462,0.47371879106438897
"[7, 0, 0, 0, 3, 0, 0, 0, 0, 11, 1, 0, 0, 27, 0, 0, 2, 0, 0, 0, 7, 0, 0, 0, 4, 250, 0, 0, 7, 0, 0, 0, 7, 0, 0, 0, 1, 4, 0, 0, 4, 144, 0, 0, 7, 0, 0, 0]",0.6943242931365967,0.5,0.5049786628733998,0.4664914586070959,0.4849726775956284,0.5427069645203679
"[2, 0, 0, 0, 1, 4, 0, 0, 0, 21, 0, 0, 2, 1, 0, 0, 2, 1, 0, 0, 1, 4, 0, 0, 8, 1, 1, 0, 8, 2, 1, 0, 2, 1, 0, 0, 0, 16, 1, 0, 0, 14, 0, 0, 5, 0, 0, 0]",0.6926676702499389,0.5,0.5045336787564767,0.511826544021025,0.5081539465101109,0.4973718791064389
"[2, 1, 0, 0, 2, 1, 0, 0, 7, 0, 0, 0, 0, 26, 1, 0, 0, 30, 0, 0, 4, 475, 0, 0, 7, 0, 0, 0, 7, 0, 0, 0, 7, 0, 0, 0, 4, 166, 0, 0, 7, 0, 0, 0, 7, 0, 0, 0]",0.6932579684257507,0.5,0.49039200614911604,0.4191852825229961,0.45200141693234147,0.5643889618922471
"[7, 0, 0, 0, 1, 4, 0, 0, 3, 0, 0, 0, 0, 22, 1, 0, 1, 22, 0, 0, 7, 0, 0, 0, 0, 21, 1, 0, 2, 0, 0, 0, 4, 44, 0, 0, 4, 321, 0, 0, 7, 0, 0, 0, 1, 4, 0, 0]",0.6934136819839477,0.5,0.5050573162508429,0.4921156373193167,0.49850249584026624,0.5177398160315374
"[7, 0, 0, 0, 3, 0, 0, 0, 4, 426, 0, 0, 1, 4, 0, 0, 7, 0, 0, 0, 7, 0, 0, 0, 4, 502, 0, 0, 7, 0, 0, 0, 7, 0, 0, 0, 7, 0, 0, 0, 7, 0, 0, 0, 4, 337, 0, 0]",0.6932866644859313,0.5,0.5080753701211306,0.49605781865965837,0.5019946808510638,0.5197109067017083
"[2, 1, 0, 0, 2, 1, 0, 0, 7, 0, 0, 0, 2, 1, 0, 0, 7, 0, 0, 0, 6, 50, 2, 0, 7, 0, 0, 0, 7, 0, 0, 0, 1, 4, 0, 0, 8, 2, 2, 0, 7, 0, 0, 0, 3, 0, 0, 0]",0.7102506089210511,0.5,0.5085714285714286,0.46780551905387646,0.487337440109514,0.5479632063074902
"[6, 24, 4, 0, 0, 12, 0, 0, 1, 12, 0, 0, 7, 0, 0, 0, 0, 7, 0, 0, 8, 2, 1, 0, 7, 0, 0, 0, 8, 1, 2, 0, 7, 0, 0, 0, 7, 0, 0, 0, 8, 2, 1, 0, 7, 0, 0, 0]",0.6930891060829163,0.5,0.47297297297297297,0.5059132720105125,0.4888888888888889,0.43626806833114323
"[5, 0, 0, 0, 4, 235, 0, 0, 4, 327, 0, 0, 7, 0, 0, 0, 7, 0, 0, 0, 7, 0, 0, 0, 7, 0, 0, 0, 7, 0, 0, 0, 7, 0, 0, 0, 7, 0, 0, 0, 7, 0, 0, 0, 7, 0, 0, 0]",0.6932716369628906,0.5,0.4898785425101215,0.47700394218134035,0.4833555259653795,0.5032851511169514
"[2, 1, 0, 0, 1, 4, 0, 0, 6, 16, 4, 0, 1, 16, 0, 0, 7, 0, 0, 0, 2, 0, 0, 0, 0, 13, 1, 0, 7, 0, 0, 0, 1, 4, 0, 0, 7, 0, 0, 0, 5, 0, 0, 0, 7, 0, 0, 0]",0.7048888373374939,0.5,0.4988344988344988,0.42181340341655715,0.4571021715913136,0.576215505913272
"[2, 0, 0, 0, 7, 0, 0, 0, 1, 4, 0, 0, 3, 0, 0, 0, 6, 12, 3, 0, 3, 0, 0, 0, 3, 0, 0, 0, 5, 0, 0, 0, 7, 0, 0, 0, 8, 2, 2, 0, 4, 34, 0, 0, 7, 0, 0, 0]",0.6940093874931336,0.5,0.5134680134680135,0.4007884362680683,0.45018450184501846,0.6202365308804205
"[4, 388, 0, 0, 7, 0, 0, 0, 4, 238, 0, 0, 7, 0, 0, 0, 7, 0, 0, 0, 7, 0, 0, 0, 7, 0, 0, 0, 7, 0, 0, 0, 7, 0, 0, 0, 7, 0, 0, 0, 7, 0, 0, 0, 7, 0, 0, 0]",0.6933585953712463,0.5,0.48985507246376814,0.5551905387647832,0.5204804434862951,0.42181340341655715
"[1, 4, 0, 0, 2, 1, 0, 0, 1, 4, 0, 0, 7, 0, 0, 0, 4, 255, 0, 0, 7, 0, 0, 0, 7, 0, 0, 0, 7, 0, 0, 0, 7, 0, 0, 0, 7, 0, 0, 0, 7, 0, 0, 0, 7, 0, 0, 0]",0.6947965097427368,0.5,0.504,0.4967148488830486,0.500330906684315,0.5111695137976346
"[0, 26, 0, 0, 7, 0, 0, 0, 0, 23, 0, 0, 0, 12, 1, 0, 4, 34, 0, 0, 7, 0, 0, 0, 1, 4, 0, 0, 7, 0, 0, 0, 7, 0, 0, 0, 7, 0, 0, 0, 7, 0, 0, 0, 7, 0, 0, 0]",0.6944454574584961,0.5,0.505767012687428,0.576215505913272,0.5386977886977887,0.4369250985545335
"[7, 0, 0, 0, 4, 34, 0, 0, 7, 0, 0, 0, 7, 0, 0, 0, 7, 0, 0, 0, 7, 0, 0, 0, 1, 4, 0, 0, 7, 0, 0, 0, 1, 4, 0, 0, 7, 0, 0, 0, 7, 0, 0, 0, 7, 0, 0, 0]",0.6955860257148743,0.5,0.5012674271229405,0.5197109067017083,0.5103225806451613,0.48291721419185285
"[7, 0, 0, 0, 3, 0, 0, 0, 2, 1, 0, 0, 0, 4, 1, 0, 8, 1, 1, 0, 3, 0, 0, 0, 1, 4, 0, 0, 8, 2, 1, 0, 1, 4, 0, 0, 3, 0, 0, 0, 6, 58, 1, 0, 1, 58, 0, 0]",0.7077685880661011,0.5,0.510158013544018,0.5939553219448095,0.5488767455980571,0.4296977660972405
"[6, 16, 1, 0, 0, 21, 0, 0, 4, 4, 0, 0, 1, 4, 0, 0, 7, 0, 0, 0, 1, 4, 0, 0, 4, 173, 0, 0, 7, 0, 0, 0, 7, 0, 0, 0, 7, 0, 0, 0, 7, 0, 0, 0, 1, 4, 0, 0]",0.6943635702133178,0.5,0.5038216560509554,0.5197109067017083,0.5116429495472187,0.48817345597897505
"[8, 0, 1, 0, 7, 0, 0, 0, 2, 1, 0, 0, 7, 0, 0, 0, 6, 40, 4, 0, 3, 0, 0, 0, 7, 0, 0, 0, 4, 151, 0, 0, 7, 0, 0, 0, 7, 0, 0, 0, 7, 0, 0, 0, 7, 0, 0, 0]",0.6933526706695556,0.5,0.5035063113604488,0.47174770039421815,0.4871099050203528,0.5348226018396847
"[1, 4, 0, 0, 7, 0, 0, 0, 5, 0, 0, 0, 7, 0, 0, 0, 7, 0, 0, 0, 1, 4, 0, 0, 3, 0, 0, 0, 7, 0, 0, 0, 8, 1, 2, 0, 7, 0, 0, 0, 7, 0, 0, 0, 7, 0, 0, 0]",0.7162091159820556,0.5,0.49641693811074916,0.5006570302233903,0.4985279685966634,0.4921156373193167
"[7, 0, 0, 0, 2, 0, 0, 0, 4, 430, 0, 0, 7, 0, 0, 0, 7, 0, 0, 0, 7, 0, 0, 0, 7, 0, 0, 0, 7, 0, 0, 0, 4, 174, 0, 0, 7, 0, 0, 0, 7, 0, 0, 0, 7, 0, 0, 0]",0.693733503818512,0.5,0.4921648287869994,0.557161629434954,0.5226502311248074,0.42509855453350853
"[1, 4, 0, 0, 3, 0, 0, 0, 4, 509, 0, 0, 7, 0, 0, 0, 7, 0, 0, 0, 7, 0, 0, 0, 7, 0, 0, 0, 7, 0, 0, 0, 7, 0, 0, 0, 4, 417, 0, 0, 7, 0, 0, 0, 7, 0, 0, 0]",0.6940402603149414,0.5,0.5060780550223928,0.5197109067017083,0.512803889789303,0.492772667542707
"[1, 4, 0, 0, 7, 0, 0, 0, 1, 4, 0, 0, 8, 1, 1, 0, 7, 0, 0, 0, 7, 0, 0, 0, 0, 31, 1, 0, 8, 2, 2, 0, 7, 0, 0, 0, 6, 38, 2, 0, 4, 64, 0, 0, 7, 0, 0, 0]",0.6934054660797119,0.5,0.49881656804733726,0.5538764783180026,0.524906600249066,0.44349540078843624
"[4, 45, 0, 0, 7, 0, 0, 0, 7, 0, 0, 0, 7, 0, 0, 0, 4, 51, 0, 0, 7, 0, 0, 0, 7, 0, 0, 0, 7, 0, 0, 0, 4, 488, 0, 0, 7, 0, 0, 0, 7, 0, 0, 0, 4, 364, 0, 0]",0.693142945766449,0.5,0.48610121168923737,0.4480946123521682,0.4663247863247863,0.526281208935611
"[3, 0, 0, 0, 4, 217, 0, 0, 7, 0, 0, 0, 7, 0, 0, 0, 7, 0, 0, 0, 7, 0, 0, 0, 7, 0, 0, 0, 7, 0, 0, 0, 7, 0, 0, 0, 7, 0, 0, 0, 7, 0, 0, 0, 7, 0, 0, 0]",0.6938889360427857,0.5,0.516270337922403,0.5420499342969777,0.5288461538461539,0.4921156373193167
"[2, 1, 0, 0, 6, 58, 1, 0, 8, 1, 2, 0, 8, 1, 1, 0, 2, 1, 0, 0, 7, 0, 0, 0, 2, 0, 0, 0, 7, 0, 0, 0, 2, 1, 0, 0, 7, 0, 0, 0, 3, 0, 0, 0, 3, 0, 0, 0]",0.6934610342979431,0.5,0.52455919395466,0.5473061760840998,0.5356913183279742,0.5039421813403416
"[0, 30, 0, 0, 7, 0, 0, 0, 6, 44, 4, 0, 2, 1, 0, 0, 7, 0, 0, 0, 7, 0, 0, 0, 7, 0, 0, 0, 5, 0, 0, 0, 4, 113, 0, 0, 7, 0, 0, 0, 7, 0, 0, 0, 7, 0, 0, 0]",0.6930825400352478,0.5,0.4973699590882525,0.5591327201051248,0.5264460253634395,0.43495400788436267
"[6, 13, 1, 0, 8, 1, 1, 0, 5, 0, 0, 0, 4, 206, 0, 0, 4, 437, 0, 0, 4, 112, 0, 0, 7, 0, 0, 0, 7, 0, 0, 0, 7, 0, 0, 0, 4, 415, 0, 0, 4, 162, 0, 0, 7, 0, 0, 0]",0.6932919716835022,0.5,0.5113500597371565,0.5624178712220762,0.5356695869837297,0.46254927726675427
"[1, 4, 0, 0, 7, 0, 0, 0, 0, 29, 1, 0, 0, 19, 1, 0, 4, 498, 0, 0, 7, 0, 0, 0, 7, 0, 0, 0, 7, 0, 0, 0, 7, 0, 0, 0, 7, 0, 0, 0, 1, 4, 0, 0, 7, 0, 0, 0]",0.6949319887161255,0.5,0.49019607843137253,0.5091984231274639,0.499516596841766,0.4704336399474376
"[6, 52, 4, 0, 7, 0, 0, 0, 2, 1, 0, 0, 7, 0, 0, 0, 7, 0, 0, 0, 1, 4, 0, 0, 3, 0, 0, 0, 7, 0, 0, 0, 7, 0, 0, 0, 8, 1, 2, 0, 3, 0, 0, 0, 8, 1, 2, 0]",0.6965106916427612,0.5,0.5013262599469496,0.4967148488830486,0.499009900990099,0.5059132720105125
"[1, 4, 0, 0, 3, 0, 0, 0, 7, 0, 0, 0, 2, 0, 0, 0, 7, 0, 0, 0, 6, 24, 4, 0, 4, 379, 0, 0, 7, 0, 0, 0, 7, 0, 0, 0, 7, 0, 0, 0, 4, 479, 0, 0, 7, 0, 0, 0]",0.6931452083587647,0.5,0.5012626262626263,0.5216819973718791,0.5112685125563425,0.480946123521682
"[2, 1, 0, 0, 3, 0, 0, 0, 7, 0, 0, 0, 7, 0, 0, 0, 0, 24, 1, 0, 5, 0, 0, 0, 4, 101, 0, 0, 7, 0, 0, 0, 7, 0, 0, 0, 7, 0, 0, 0, 1, 4, 0, 0, 7, 0, 0, 0]",0.6952156758308411,0.5,0.4910773298083278,0.48817345597897505,0.48962108731466225,0.4940867279894875
"[6, 11, 1, 0, 1, 11, 0, 0, 0, 30, 0, 0, 3, 0, 0, 0, 8, 2, 2, 0, 4, 472, 0, 0, 7, 0, 0, 0, 7, 0, 0, 0, 7, 0, 0, 0, 7, 0, 0, 0, 7, 0, 0, 0, 7, 0, 0, 0]",0.6932962131500244,0.5,0.49291019581363943,0.47963206307490147,0.4861804861804862,0.5065703022339028
"[6, 56, 4, 0, 4, 304, 0, 0, 7, 0, 0, 0, 4, 363, 0, 0, 4, 259, 0, 0, 1, 4, 0, 0, 1, 4, 0, 0, 1, 4, 0, 0, 7, 0, 0, 0, 7, 0, 0, 0, 4, 196, 0, 0, 7, 0, 0, 0]",0.6932259678840638,0.5,0.5015832805573147,0.5203679369250985,0.5108029667849081,0.48291721419185285
"[6, 32, 4, 0, 8, 1, 1, 0, 8, 1, 2, 0, 1, 4, 0, 0, 3, 0, 0, 0, 4, 332, 0, 0, 7, 0, 0, 0, 7, 0, 0, 0, 7, 0, 0, 0, 7, 0, 0, 0, 7, 0, 0, 0, 7, 0, 0, 0]",0.6960050773620605,0.5,0.5079268292682927,0.5473061760840998,0.5268817204301075,0.46977660972404733
"[1, 4, 0, 0, 3, 0, 0, 0, 8, 2, 2, 0, 8, 2, 1, 0, 1, 4, 0, 0, 8, 2, 2, 0, 0, 25, 1, 0, 0, 13, 1, 0, 3, 0, 0, 0, 1, 4, 0, 0, 7, 0, 0, 0, 3, 0, 0, 0]",0.7011325597763062,0.5,0.5285714285714286,0.5348226018396847,0.5316786414108425,0.5229960578186597
"[8, 0, 1, 0, 7, 0, 0, 0, 3, 0, 0, 0, 2, 1, 0, 0, 4, 336, 0, 0, 4, 190, 0, 0, 1, 4, 0, 0, 7, 0, 0, 0, 7, 0, 0, 0, 7, 0, 0, 0, 7, 0, 0, 0, 7, 0, 0, 0]",0.6933436751365661,0.5,0.48159057437407954,0.4296977660972405,0.45416666666666666,0.5374507227332457
"[2, 1, 0, 0, 6, 28, 2, 0, 2, 0, 0, 0, 7, 0, 0, 0, 4, 144, 0, 0, 7, 0, 0, 0, 7, 0, 0, 0, 7, 0, 0, 0, 7, 0, 0, 0, 7, 0, 0, 0, 7, 0, 0, 0, 7, 0, 0, 0]",0.693314278125763,0.5,0.5069801616458487,0.4533508541392904,0.4786680541103018,0.5591327201051248
"[7, 0, 0, 0, 0, 29, 1, 0, 3, 0, 0, 0, 5, 0, 0, 0, 4, 153, 0, 0, 4, 499, 0, 0, 7, 0, 0, 0, 7, 0, 0, 0, 4, 260, 0, 0, 7, 0, 0, 0, 4, 336, 0, 0, 7, 0, 0, 0]",0.6932946538925171,0.5,0.4895833333333333,0.4940867279894875,0.4918247220405494,0.48488830486202367
"[0, 13, 1, 0, 1, 13, 0, 0, 7, 0, 0, 0, 3, 0, 0, 0, 3, 0, 0, 0, 0, 21, 0, 0, 6, 20, 4, 0, 2, 1, 0, 0, 0, 16, 1, 0, 1, 16, 0, 0, 7, 0, 0, 0, 3, 0, 0, 0]",0.6958353424072266,0.5,0.4899569583931133,0.4487516425755585,0.46844993141289437,0.5328515111695138
"[7, 0, 0, 0, 1, 4, 0, 0, 2, 1, 0, 0, 8, 3, 1, 0, 7, 0, 0, 0, 7, 0, 0, 0, 2, 1, 0, 0, 3, 0, 0, 0, 1, 4, 0, 0, 3, 0, 0, 0, 0, 12, 1, 0, 6, 16, 4, 0]",0.6922553157806397,0.5,0.49393746011486916,0.5085413929040736,0.501133052767886,0.47897503285151116
"[8, 0, 2, 0, 7, 0, 0, 0, 7, 0, 0, 0, 0, 30, 1, 0, 3, 0, 0, 0, 8, 1, 1, 0, 7, 0, 0, 0, 6, 20, 4, 0, 7, 0, 0, 0, 3, 0, 0, 0, 2, 1, 0, 0, 3, 0, 0, 0]",0.6930829524993897,0.5,0.5053956834532374,0.5538764783180026,0.5285266457680251,0.4579500657030223
"[6, 6, 2, 0, 2, 1, 0, 0, 0, 7, 1, 0, 3, 0, 0, 0, 7, 0, 0, 0, 3, 0, 0, 0, 2, 1, 0, 0, 7, 0, 0, 0, 2, 1, 0, 0, 1, 4, 0, 0, 0, 6, 0, 0, 8, 1, 1, 0]",0.6930671811103821,0.5,0.524567474048443,0.4980289093298292,0.5109538254128749,0.5486202365308804
"[3, 0, 0, 0, 4, 308, 0, 0, 7, 0, 0, 0, 7, 0, 0, 0, 7, 0, 0, 0, 7, 0, 0, 0, 7, 0, 0, 0, 7, 0, 0, 0, 7, 0, 0, 0, 7, 0, 0, 0, 1, 4, 0, 0, 7, 0, 0, 0]",0.694883496761322,0.5,0.5032371983519718,0.561760840998686,0.5308910276311705,0.4454664914586071
"[0, 24, 0, 0, 7, 0, 0, 0, 3, 0, 0, 0, 2, 0, 0, 0, 2, 0, 0, 0, 4, 508, 0, 0, 4, 20, 0, 0, 7, 0, 0, 0, 4, 249, 0, 0, 7, 0, 0, 0, 7, 0, 0, 0, 4, 366, 0, 0]",0.6934060859680176,0.5,0.4846517119244392,0.5394218134034166,0.5105721393034826,0.4264126149802891
"[8, 0, 1, 0, 0, 21, 1, 0, 1, 21, 0, 0, 6, 24, 4, 0, 8, 3, 2, 0, 4, 25, 0, 0, 7, 0, 0, 0, 7, 0, 0, 0, 4, 344, 0, 0, 7, 0, 0, 0, 7, 0, 0, 0, 4, 132, 0, 0]",0.6935360145568847,0.5,0.5132586918090748,0.5722733245729303,0.5411618515066791,0.45729303547963207
"[1, 4, 0, 0, 0, 20, 1, 0, 7, 0, 0, 0, 2, 0, 0, 0, 2, 0, 0, 0, 7, 0, 0, 0, 6, 60, 3, 0, 7, 0, 0, 0, 7, 0, 0, 0, 3, 0, 0, 0, 4, 378, 0, 0, 7, 0, 0, 0]",0.6925101733207703,0.5,0.5017878426698451,0.5532194480946123,0.52625,0.4507227332457293
"[0, 30, 0, 0, 4, 6, 0, 0, 7, 0, 0, 0, 7, 0, 0, 0, 7, 0, 0, 0, 7, 0, 0, 0, 7, 0, 0, 0, 7, 0, 0, 0, 7, 0, 0, 0, 4, 80, 0, 0, 7, 0, 0, 0, 4, 171, 0, 0]",0.6936206555366516,0.5,0.48479205462445685,0.5131406044678055,0.4985636769869135,0.45466491458607095
"[0, 7, 1, 0, 7, 0, 0, 0, 7, 0, 0, 0, 7, 0, 0, 0, 2, 1, 0, 0, 1, 4, 0, 0, 7, 0, 0, 0, 8, 3, 1, 0, 3, 0, 0, 0, 4, 217, 0, 0, 7, 0, 0, 0, 4, 361, 0, 0]",0.693756594657898,0.5,0.5027898326100434,0.5328515111695138,0.517384370015949,0.4730617608409987
"[6, 23, 1, 0, 7, 0, 0, 0, 1, 4, 0, 0, 7, 0, 0, 0, 2, 1, 0, 0, 2, 1, 0, 0, 1, 4, 0, 0, 7, 0, 0, 0, 2, 0, 0, 0, 4, 63, 0, 0, 7, 0, 0, 0, 7, 0, 0, 0]",0.6956390261650085,0.5,0.5043572984749455,0.6084099868593955,0.5515187611673615,0.4021024967148489
"[8, 0, 2, 0, 5, 0, 0, 0, 4, 123, 0, 0, 7, 0, 0, 0, 7, 0, 0, 0, 4, 50, 0, 0, 7, 0, 0, 0, 7, 0, 0, 0, 7, 0, 0, 0, 7, 0, 0, 0, 7, 0, 0, 0, 7, 0, 0, 0]",0.6938077092170716,0.5,0.5073941866394697,0.6537450722733246,0.5713465403387884,0.36530880420499345
"[1, 4, 0, 0, 4, 449, 0, 0, 7, 0, 0, 0, 7, 0, 0, 0, 4, 423, 0, 0, 4, 139, 0, 0, 7, 0, 0, 0, 7, 0, 0, 0, 7, 0, 0, 0, 7, 0, 0, 0, 7, 0, 0, 0, 4, 10, 0, 0]",0.6955905938148499,0.5,0.4908200734394125,0.5269382391590013,0.5082382762991128,0.4533508541392904
"[6, 44, 4, 0, 7, 0, 0, 0, 7, 0, 0, 0, 7, 0, 0, 0, 7, 0, 0, 0, 5, 0, 0, 0, 7, 0, 0, 0, 1, 4, 0, 0, 7, 0, 0, 0, 7, 0, 0, 0, 7, 0, 0, 0, 7, 0, 0, 0]",0.6986413717269897,0.5,0.5055519268451992,0.5085413929040736,0.5070422535211268,0.5026281208935611
"[7, 0, 0, 0, 1, 4, 0, 0, 4, 302, 0, 0, 7, 0, 0, 0, 7, 0, 0, 0, 7, 0, 0, 0, 7, 0, 0, 0, 7, 0, 0, 0, 4, 87, 0, 0, 7, 0, 0, 0, 4, 352, 0, 0, 7, 0, 0, 0]",0.6930343580245971,0.5,0.5003340013360054,0.4921156373193167,0.49619079165286517,0.5085413929040736
"[7, 0, 0, 0, 1, 4, 0, 0, 7, 0, 0, 0, 0, 22, 0, 0, 6, 28, 4, 0, 1, 28, 0, 0, 4, 310, 0, 0, 7, 0, 0, 0, 7, 0, 0, 0, 7, 0, 0, 0, 1, 4, 0, 0, 7, 0, 0, 0]",0.6953563976287842,0.5,0.4938949938949939,0.5315374507227333,0.5120253164556962,0.45532194480946125
"[0, 21, 0, 0, 3, 0, 0, 0, 8, 1, 1, 0, 8, 2, 2, 0, 6, 60, 4, 0, 4, 337, 0, 0, 7, 0, 0, 0, 7, 0, 0, 0, 7, 0, 0, 0, 1, 4, 0, 0, 7, 0, 0, 0, 7, 0, 0, 0]",0.6934394431114197,0.5,0.5154894671623296,0.5466491458607096,0.5306122448979592,0.48620236530880423
"[7, 0, 0, 0, 0, 18, 1, 0, 3, 0, 0, 0, 7, 0, 0, 0, 7, 0, 0, 0, 8, 3, 2, 0, 3, 0, 0, 0, 7, 0, 0, 0, 6, 36, 4, 0, 7, 0, 0, 0, 7, 0, 0, 0, 4, 32, 0, 0]",0.6938333201408386,0.5,0.5015105740181269,0.43626806833114323,0.46661981728742097,0.5663600525624178
"[3, 0, 0, 0, 0, 20, 1, 0, 6, 4, 4, 0, 1, 4, 0, 0, 7, 0, 0, 0, 0, 23, 1, 0, 0, 6, 1, 0, 7, 0, 0, 0, 7, 0, 0, 0, 7, 0, 0, 0, 8, 1, 2, 0, 8, 3, 1, 0]",0.6925605416297913,0.5,0.5066585956416465,0.5499342969776609,0.5274102079395085,0.4645203679369251
"[8, 0, 1, 0, 7, 0, 0, 0, 0, 12, 0, 0, 0, 28, 0, 0, 8, 1, 2, 0, 4, 200, 0, 0, 7, 0, 0, 0, 1, 4, 0, 0, 7, 0, 0, 0, 7, 0, 0, 0, 7, 0, 0, 0, 7, 0, 0, 0]",0.693563232421875,0.5,0.4953789279112754,0.5282522996057819,0.5112877583465819,0.461892247043364
"[3, 0, 0, 0, 4, 155, 0, 0, 7, 0, 0, 0, 7, 0, 0, 0, 7, 0, 0, 0, 7, 0, 0, 0, 7, 0, 0, 0, 7, 0, 0, 0, 4, 200, 0, 0, 7, 0, 0, 0, 7, 0, 0, 0, 7, 0, 0, 0]",0.6931863713264466,0.5,0.5006675567423231,0.492772667542707,0.4966887417218543,0.5085413929040736
"[3, 0, 0, 0, 0, 6, 0, 0, 8, 2, 1, 0, 3, 0, 0, 0, 8, 1, 2, 0, 0, 5, 1, 0, 7, 0, 0, 0, 2, 1, 0, 0, 7, 0, 0, 0, 4, 196, 0, 0, 4, 504, 0, 0, 7, 0, 0, 0]",0.6933168983459472,0.5,0.49163636363636365,0.44415243101182655,0.46668967897825336,0.5407358738501971
"[2, 0, 0, 0, 1, 4, 0, 0, 1, 4, 0, 0, 0, 15, 0, 0, 7, 0, 0, 0, 4, 327, 0, 0, 7, 0, 0, 0, 7, 0, 0, 0, 1, 4, 0, 0, 7, 0, 0, 0, 4, 335, 0, 0, 7, 0, 0, 0]",0.6938269758224487,0.5,0.4967509025270758,0.4520367936925099,0.4733402132782938,0.5420499342969777
"[7, 0, 0, 0, 7, 0, 0, 0, 5, 0, 0, 0, 4, 197, 0, 0, 7, 0, 0, 0, 7, 0, 0, 0, 1, 4, 0, 0, 7, 0, 0, 0, 7, 0, 0, 0, 7, 0, 0, 0, 1, 4, 0, 0, 4, 351, 0, 0]",0.6940716600418091,0.5,0.4976798143851508,0.5637319316688568,0.5286506469500925,0.43101182654402104
"[8, 0, 2, 0, 4, 402, 0, 0, 7, 0, 0, 0, 7, 0, 0, 0, 7, 0, 0, 0, 7, 0, 0, 0, 7, 0, 0, 0, 7, 0, 0, 0, 7, 0, 0, 0, 1, 4, 0, 0, 7, 0, 0, 0, 7, 0, 0, 0]",0.6942064809799194,0.5,0.5049161364950838,0.573587385019711,0.537065518302061,0.4375821287779238
"[8, 0, 2, 0, 7, 0, 0, 0, 3, 0, 0, 0, 7, 0, 0, 0, 1, 4, 0, 0, 3, 0, 0, 0, 6, 12, 4, 0, 0, 12, 1, 0, 4, 171, 0, 0, 7, 0, 0, 0, 4, 267, 0, 0, 7, 0, 0, 0]",0.693173942565918,0.5,0.4976928147659855,0.49605781865965837,0.4968739717012175,0.49934296977660975
"[7, 0, 0, 0, 3, 0, 0, 0, 8, 2, 2, 0, 5, 0, 0, 0, 7, 0, 0, 0, 7, 0, 0, 0, 3, 0, 0, 0, 7, 0, 0, 0, 7, 0, 0, 0, 7, 0, 0, 0, 1, 4, 0, 0, 7, 0, 0, 0]",0.7117143774032593,0.5,0.5131406044678055,0.5131406044678055,0.5131406044678055,0.5131406044678055
"[4, 40, 0, 0, 7, 0, 0, 0, 7, 0, 0, 0, 7, 0, 0, 0, 7, 0, 0, 0, 7, 0, 0, 0, 4, 504, 0, 0, 7, 0, 0, 0, 7, 0, 0, 0, 1, 4, 0, 0, 7, 0, 0, 0, 7, 0, 0, 0]",0.6937970781326294,0.5,0.489853044086774,0.45992115637319314,0.47441545238902066,0.5210249671484888
"[7, 0, 0, 0, 0, 10, 1, 0, 3, 0, 0, 0, 7, 0, 0, 0, 2, 1, 0, 0, 7, 0, 0, 0, 8, 3, 1, 0, 7, 0, 0, 0, 7, 0, 0, 0, 0, 31, 0, 0, 8, 3, 2, 0, 1, 4, 0, 0]",0.6999158883094787,0.5,0.5012386457473162,0.3988173455978975,0.4442005122575924,0.6031537450722734
"[0, 19, 0, 0, 5, 0, 0, 0, 7, 0, 0, 0, 1, 4, 0, 0, 8, 1, 2, 0, 8, 1, 1, 0, 7, 0, 0, 0, 7, 0, 0, 0, 7, 0, 0, 0, 7, 0, 0, 0, 1, 4, 0, 0, 7, 0, 0, 0]",0.7056037473678589,0.5,0.5074525745257452,0.4921156373193167,0.49966644429619744,0.5223390275952694
"[8, 0, 2, 0, 2, 0, 0, 0, 6, 60, 4, 0, 1, 60, 0, 0, 7, 0, 0, 0, 2, 0, 0, 0, 7, 0, 0, 0, 7, 0, 0, 0, 3, 0, 0, 0, 8, 1, 2, 0, 0, 9, 1, 0, 5, 0, 0, 0]",0.6929593920707703,0.5,0.49759450171821307,0.4756898817345598,0.4863957003694995,0.5197109067017083
"[1, 4, 0, 0, 6, 6, 3, 0, 7, 0, 0, 0, 2, 1, 0, 0, 7, 0, 0, 0, 1, 4, 0, 0, 3, 0, 0, 0, 7, 0, 0, 0, 1, 4, 0, 0, 7, 0, 0, 0, 7, 0, 0, 0, 1, 4, 0, 0]",0.7053949069976807,0.5,0.5097597597597597,0.44612352168199737,0.4758234057463209,0.5709592641261498
"[2, 1, 0, 0, 1, 4, 0, 0, 0, 26, 0, 0, 8, 3, 1, 0, 1, 4, 0, 0, 4, 491, 0, 0, 7, 0, 0, 0, 7, 0, 0, 0, 7, 0, 0, 0, 7, 0, 0, 0, 1, 4, 0, 0, 4, 227, 0, 0]",0.693359169960022,0.5,0.4941580756013746,0.4724047306176084,0.48303661404098086,0.5164257555847569
"[3, 0, 0, 0, 6, 42, 3, 0, 7, 0, 0, 0, 3, 0, 0, 0, 4, 175, 0, 0, 7, 0, 0, 0, 7, 0, 0, 0, 7, 0, 0, 0, 7, 0, 0, 0, 7, 0, 0, 0, 7, 0, 0, 0, 7, 0, 0, 0]",0.693421585559845,0.5,0.4956140350877193,0.5197109067017083,0.5073765234124439,0.47109067017082784
"[3, 0, 0, 0, 3, 0, 0, 0, 7, 0, 0, 0, 1, 4, 0, 0, 0, 15, 0, 0, 8, 3, 2, 0, 7, 0, 0, 0, 8, 2, 2, 0, 7, 0, 0, 0, 7, 0, 0, 0, 8, 2, 2, 0, 8, 2, 1, 0]",0.6930014038085938,0.5,0.510062893081761,0.5328515111695138,0.5212082262210797,0.48817345597897505
"[4, 438, 0, 0, 7, 0, 0, 0, 1, 4, 0, 0, 4, 454, 0, 0, 1, 4, 0, 0, 7, 0, 0, 0, 1, 4, 0, 0, 1, 4, 0, 0, 7, 0, 0, 0, 7, 0, 0, 0, 7, 0, 0, 0, 7, 0, 0, 0]",0.6934918665885925,0.5,0.47989093387866394,0.46254927726675427,0.4710605553696889,0.49868593955321944
"[7, 0, 0, 0, 8, 1, 2, 0, 1, 4, 0, 0, 4, 104, 0, 0, 7, 0, 0, 0, 7, 0, 0, 0, 4, 83, 0, 0, 7, 0, 0, 0, 7, 0, 0, 0, 7, 0, 0, 0, 7, 0, 0, 0, 7, 0, 0, 0]",0.6941223669052125,0.5,0.5020746887966805,0.47700394218134035,0.48921832884097033,0.5269382391590013
"[0, 4, 1, 0, 6, 52, 4, 0, 8, 2, 2, 0, 1, 4, 0, 0, 8, 2, 1, 0, 5, 0, 0, 0, 4, 2, 0, 0, 7, 0, 0, 0, 7, 0, 0, 0, 7, 0, 0, 0, 7, 0, 0, 0, 7, 0, 0, 0]",0.7047666263580322,0.5,0.5174013921113689,0.4395532194480946,0.4753108348134991,0.5900131406044679
"[7, 0, 0, 0, 6, 12, 1, 0, 4, 52, 0, 0, 7, 0, 0, 0, 7, 0, 0, 0, 7, 0, 0, 0, 7, 0, 0, 0, 4, 443, 0, 0, 7, 0, 0, 0, 7, 0, 0, 0, 7, 0, 0, 0, 7, 0, 0, 0]",0.6935915470123291,0.5,0.4940079893475366,0.48751642575558474,0.49074074074074076,0.5006570302233903
"[7, 0, 0, 0, 3, 0, 0, 0, 3, 0, 0, 0, 0, 5, 0, 0, 7, 0, 0, 0, 0, 16, 1, 0, 4, 83, 0, 0, 7, 0, 0, 0, 7, 0, 0, 0, 7, 0, 0, 0, 7, 0, 0, 0, 7, 0, 0, 0]",0.6935179138183594,0.5,0.5033783783783784,0.4894875164257556,0.49633577614923385,0.5170827858081471
"[8, 0, 2, 0, 3, 0, 0, 0, 7, 0, 0, 0, 0, 21, 0, 0, 0, 22, 1, 0, 5, 0, 0, 0, 7, 0, 0, 0, 7, 0, 0, 0, 4, 151, 0, 0, 1, 4, 0, 0, 7, 0, 0, 0, 7, 0, 0, 0]",0.6955480813980103,0.5,0.4980891719745223,0.5137976346911958,0.5058214747736093,0.48226018396846254
"[1, 4, 0, 0, 4, 242, 0, 0, 7, 0, 0, 0, 7, 0, 0, 0, 7, 0, 0, 0, 7, 0, 0, 0, 7, 0, 0, 0, 4, 324, 0, 0, 7, 0, 0, 0, 7, 0, 0, 0, 1, 4, 0, 0, 7, 0, 0, 0]",0.6935489320755005,0.5,0.5015713387806411,0.5243101182654402,0.512688724702859,0.47897503285151116
"[0, 20, 1, 0, 0, 23, 1, 0, 2, 0, 0, 0, 6, 36, 4, 0, 2, 1, 0, 0, 7, 0, 0, 0, 7, 0, 0, 0, 3, 0, 0, 0, 7, 0, 0, 0, 0, 27, 0, 0, 0, 18, 0, 0, 2, 0, 0, 0]",0.6931565356254578,0.5,0.5011169024571854,0.44218134034165574,0.4698080279232112,0.5597897503285151
"[3, 0, 0, 0, 2, 0, 0, 0, 7, 0, 0, 0, 2, 1, 0, 0, 3, 0, 0, 0, 8, 3, 2, 0, 4, 507, 0, 0, 7, 0, 0, 0, 7, 0, 0, 0, 7, 0, 0, 0, 7, 0, 0, 0, 7, 0, 0, 0]",0.6939876174926758,0.5,0.5079146593255334,0.48488830486202367,0.4961344537815126,0.5302233902759527
"[2, 1, 0, 0, 0, 26, 1, 0, 7, 0, 0, 0, 1, 4, 0, 0, 4, 266, 0, 0, 7, 0, 0, 0, 4, 250, 0, 0, 7, 0, 0, 0, 7, 0, 0, 0, 7, 0, 0, 0, 7, 0, 0, 0, 1, 4, 0, 0]",0.6936464953422546,0.5,0.4941580756013746,0.4724047306176084,0.48303661404098086,0.5164257555847569
"[2, 0, 0, 0, 8, 1, 1, 0, 1, 4, 0, 0, 3, 0, 0, 0, 7, 0, 0, 0, 6, 12, 4, 0, 7, 0, 0, 0, 3, 0, 0, 0, 3, 0, 0, 0, 8, 2, 2, 0, 1, 4, 0, 0, 3, 0, 0, 0]",0.7077284002304077,0.5,0.5223562810503903,0.4835742444152431,0.5022176731490958,0.5578186596583443
"[1, 4, 0, 0, 6, 24, 3, 0, 7, 0, 0, 0, 7, 0, 0, 0, 7, 0, 0, 0, 3, 0, 0, 0, 1, 4, 0, 0, 8, 3, 2, 0, 7, 0, 0, 0, 3, 0, 0, 0, 3, 0, 0, 0, 0, 30, 0, 0]",0.696557593345642,0.5,0.504835589941973,0.514454664914586,0.5095997396680768,0.49540078843626806
"[2, 0, 0, 0, 7, 0, 0, 0, 2, 0, 0, 0, 6, 44, 4, 0, 4, 318, 0, 0, 7, 0, 0, 0, 7, 0, 0, 0, 7, 0, 0, 0, 1, 4, 0, 0, 7, 0, 0, 0, 7, 0, 0, 0, 7, 0, 0, 0]",0.6955173349380493,0.5,0.4965337954939341,0.3764783180026281,0.4282511210762332,0.6182654402102497
"[3, 0, 0, 0, 8, 1, 2, 0, 8, 1, 1, 0, 2, 0, 0, 0, 1, 4, 0, 0, 7, 0, 0, 0, 3, 0, 0, 0, 6, 40, 4, 0, 8, 3, 2, 0, 7, 0, 0, 0, 0, 15, 1, 0, 7, 0, 0, 0]",0.6930151104927063,0.5,0.48278985507246375,0.35019710906701706,0.40594059405940597,0.6248357424441524
"[2, 0, 0, 0, 0, 24, 0, 0, 4, 9, 0, 0, 7, 0, 0, 0, 1, 4, 0, 0, 7, 0, 0, 0, 7, 0, 0, 0, 7, 0, 0, 0, 7, 0, 0, 0, 7, 0, 0, 0, 7, 0, 0, 0, 7, 0, 0, 0]",0.69624835729599,0.5,0.49591078066914496,0.43823915900131405,0.4652947331705616,0.5545335085413929
"[0, 6, 0, 0, 0, 13, 1, 0, 2, 1, 0, 0, 8, 1, 2, 0, 4, 351, 0, 0, 1, 4, 0, 0, 4, 92, 0, 0, 7, 0, 0, 0, 7, 0, 0, 0, 7, 0, 0, 0, 7, 0, 0, 0, 1, 4, 0, 0]",0.693646833896637,0.5,0.49783549783549785,0.5289093298291722,0.5129021981522778,0.4664914586070959
"[1, 4, 0, 0, 3, 0, 0, 0, 3, 0, 0, 0, 7, 0, 0, 0, 4, 185, 0, 0, 7, 0, 0, 0, 7, 0, 0, 0, 7, 0, 0, 0, 4, 368, 0, 0, 4, 320, 0, 0, 4, 317, 0, 0, 7, 0, 0, 0]",0.6933007907867431,0.5,0.5259541984732824,0.45269382391590013,0.4865819209039548,0.5919842312746386
"[6, 44, 4, 0, 0, 19, 1, 0, 3, 0, 0, 0, 4, 344, 0, 0, 4, 393, 0, 0, 7, 0, 0, 0, 7, 0, 0, 0, 7, 0, 0, 0, 7, 0, 0, 0, 7, 0, 0, 0, 7, 0, 0, 0, 1, 4, 0, 0]",0.6934077668190003,0.5,0.49629130141604855,0.4835742444152431,0.4898502495840266,0.5091984231274639
"[6, 21, 1, 0, 8, 1, 1, 0, 0, 7, 1, 0, 8, 3, 2, 0, 7, 0, 0, 0, 8, 1, 2, 0, 1, 4, 0, 0, 5, 0, 0, 0, 4, 324, 0, 0, 7, 0, 0, 0, 7, 0, 0, 0, 7, 0, 0, 0]",0.6931852245330811,0.5,0.5116448326055313,0.461892247043364,0.48549723756906077,0.5591327201051248
"[4, 83, 0, 0, 7, 0, 0, 0, 7, 0, 0, 0, 7, 0, 0, 0, 7, 0, 0, 0, 1, 4, 0, 0, 7, 0, 0, 0, 7, 0, 0, 0, 7, 0, 0, 0, 4, 23, 0, 0, 1, 4, 0, 0, 7, 0, 0, 0]",0.6942343997955323,0.5,0.5047297297297297,0.4908015768725361,0.49766822118587606,0.5183968462549278
"[1, 4, 0, 0, 1, 4, 0, 0, 8, 1, 2, 0, 3, 0, 0, 0, 3, 0, 0, 0, 7, 0, 0, 0, 3, 0, 0, 0, 4, 339, 0, 0, 7, 0, 0, 0, 7, 0, 0, 0, 7, 0, 0, 0, 7, 0, 0, 0]",0.6971732449531555,0.5,0.5009633911368016,0.5124835742444153,0.5066580058460539,0.4894875164257556
"[0, 5, 0, 0, 1, 5, 0, 0, 7, 0, 0, 0, 6, 6, 1, 0, 7, 0, 0, 0, 7, 0, 0, 0, 7, 0, 0, 0, 2, 1, 0, 0, 5, 0, 0, 0, 4, 320, 0, 0, 7, 0, 0, 0, 7, 0, 0, 0]",0.6928802585601807,0.5,0.5031055900621118,0.5321944809461235,0.5172413793103449,0.4743758212877792
"[7, 0, 0, 0, 1, 4, 0, 0, 2, 0, 0, 0, 6, 16, 4, 0, 0, 10, 1, 0, 1, 10, 0, 0, 0, 26, 0, 0, 7, 0, 0, 0, 3, 0, 0, 0, 4, 238, 0, 0, 7, 0, 0, 0, 7, 0, 0, 0]",0.6932060718536377,0.5,0.5109356014580801,0.5525624178712221,0.5309343434343434,0.47109067017082784
"[7, 0, 0, 0, 1, 4, 0, 0, 3, 0, 0, 0, 3, 0, 0, 0, 0, 4, 1, 0, 8, 3, 1, 0, 8, 1, 1, 0, 2, 0, 0, 0, 0, 12, 1, 0, 1, 12, 0, 0, 1, 4, 0, 0, 8, 3, 1, 0]",0.6982436013221741,0.5,0.5045678144764582,0.47174770039421815,0.48760611205432935,0.5367936925098554
"[8, 0, 1, 0, 7, 0, 0, 0, 0, 19, 0, 0, 4, 74, 0, 0, 7, 0, 0, 0, 4, 200, 0, 0, 7, 0, 0, 0, 4, 351, 0, 0, 7, 0, 0, 0, 1, 4, 0, 0, 7, 0, 0, 0, 4, 101, 0, 0]",0.69330313205719,0.5,0.49583600256245997,0.5085413929040736,0.5021083360363282,0.48291721419185285
"[2, 0, 0, 0, 4, 444, 0, 0, 7, 0, 0, 0, 7, 0, 0, 0, 7, 0, 0, 0, 7, 0, 0, 0, 7, 0, 0, 0, 7, 0, 0, 0, 7, 0, 0, 0, 7, 0, 0, 0, 7, 0, 0, 0, 7, 0, 0, 0]",0.6940702152252197,0.5,0.5096700796359499,0.5886990801576872,0.5463414634146342,0.4336399474375821
"[2, 0, 0, 0, 7, 0, 0, 0, 3, 0, 0, 0, 4, 115, 0, 0, 7, 0, 0, 0, 7, 0, 0, 0, 7, 0, 0, 0, 7, 0, 0, 0, 7, 0, 0, 0, 7, 0, 0, 0, 7, 0, 0, 0, 7, 0, 0, 0]",0.6938645958900451,0.5,0.5018925056775171,0.435611038107753,0.4664087231797397,0.5676741130091985
"[5, 0, 0, 0, 4, 473, 0, 0, 7, 0, 0, 0, 7, 0, 0, 0, 4, 435, 0, 0, 7, 0, 0, 0, 7, 0, 0, 0, 7, 0, 0, 0, 7, 0, 0, 0, 7, 0, 0, 0, 7, 0, 0, 0, 7, 0, 0, 0]",0.6933841586112977,0.5,0.4942683749157114,0.4816031537450723,0.48785357737104823,0.507227332457293
"[4, 463, 0, 0, 7, 0, 0, 0, 7, 0, 0, 0, 7, 0, 0, 0, 7, 0, 0, 0, 7, 0, 0, 0, 7, 0, 0, 0, 7, 0, 0, 0, 7, 0, 0, 0, 7, 0, 0, 0, 7, 0, 0, 0, 7, 0, 0, 0]",0.6939361476898194,0.5,0.5116588940706196,0.5045992115637319,0.5081045319219318,0.5183968462549278
"[7, 0, 0, 0, 2, 0, 0, 0, 7, 0, 0, 0, 8, 1, 2, 0, 6, 54, 2, 0, 1, 54, 0, 0, 7, 0, 0, 0, 3, 0, 0, 0, 7, 0, 0, 0, 7, 0, 0, 0, 7, 0, 0, 0, 5, 0, 0, 0]",0.7105846524238586,0.5,0.4937376400791035,0.4921156373193167,0.4929253043764396,0.49540078843626806
"[6, 20, 4, 0, 2, 1, 0, 0, 7, 0, 0, 0, 0, 8, 0, 0, 2, 0, 0, 0, 3, 0, 0, 0, 2, 1, 0, 0, 8, 3, 1, 0, 1, 4, 0, 0, 7, 0, 0, 0, 2, 0, 0, 0, 4, 157, 0, 0]",0.6939671945571899,0.5,0.4907178217821782,0.5210249671484888,0.5054174633524537,0.4592641261498029
"[8, 0, 1, 0, 0, 22, 1, 0, 8, 2, 1, 0, 3, 0, 0, 0, 1, 4, 0, 0, 4, 197, 0, 0, 4, 257, 0, 0, 1, 4, 0, 0, 7, 0, 0, 0, 7, 0, 0, 0, 7, 0, 0, 0, 7, 0, 0, 0]",0.6933940029144288,0.5,0.5098039215686274,0.4099868593955322,0.45447924253459576,0.6057818659658344
"[7, 0, 0, 0, 2, 0, 0, 0, 6, 40, 4, 0, 7, 0, 0, 0, 3, 0, 0, 0, 0, 12, 1, 0, 4, 318, 0, 0, 4, 377, 0, 0, 1, 4, 0, 0, 4, 4, 0, 0, 7, 0, 0, 0, 7, 0, 0, 0]",0.6995343255996704,0.5,0.48291571753986334,0.4178712220762155,0.4480450862979922,0.5525624178712221
"[8, 0, 1, 0, 8, 1, 2, 0, 6, 16, 1, 0, 1, 16, 0, 0, 7, 0, 0, 0, 3, 0, 0, 0, 4, 401, 0, 0, 7, 0, 0, 0, 1, 4, 0, 0, 7, 0, 0, 0, 7, 0, 0, 0, 4, 84, 0, 0]",0.6945555758476257,0.5,0.5086455331412104,0.46386333771353483,0.4852233676975945,0.5519053876478318
"[1, 4, 0, 0, 4, 77, 0, 0, 7, 0, 0, 0, 4, 385, 0, 0, 4, 106, 0, 0, 7, 0, 0, 0, 7, 0, 0, 0, 1, 4, 0, 0, 4, 218, 0, 0, 7, 0, 0, 0, 7, 0, 0, 0, 7, 0, 0, 0]",0.6928903603553772,0.5,0.48736842105263156,0.6084099868593955,0.5412039742840444,0.3600525624178712
"[7, 0, 0, 0, 3, 0, 0, 0, 7, 0, 0, 0, 4, 51, 0, 0, 7, 0, 0, 0, 1, 4, 0, 0, 7, 0, 0, 0, 7, 0, 0, 0, 7, 0, 0, 0, 7, 0, 0, 0, 7, 0, 0, 0, 7, 0, 0, 0]",0.6961221647262573,0.5,0.5103626943005182,0.5177398160315374,0.5140247879973907,0.5032851511169514
"[8, 0, 1, 0, 4, 12, 0, 0, 7, 0, 0, 0, 7, 0, 0, 0, 7, 0, 0, 0, 7, 0, 0, 0, 7, 0, 0, 0, 7, 0, 0, 0, 4, 171, 0, 0, 7, 0, 0, 0, 7, 0, 0, 0, 7, 0, 0, 0]",0.693677487373352,0.5,0.4988627748294162,0.4323258869908016,0.4632171770503344,0.5657030223390276
"[7, 0, 0, 0, 3, 0, 0, 0, 7, 0, 0, 0, 3, 0, 0, 0, 3, 0, 0, 0, 7, 0, 0, 0, 3, 0, 0, 0, 7, 0, 0, 0, 7, 0, 0, 0, 7, 0, 0, 0, 2, 0, 0, 0, 0, 27, 1, 0]",0.6929214382171631,0.5,0.49628359062321326,0.5703022339027596,0.5307245490675634,0.4211563731931669
"[3, 0, 0, 0, 0, 28, 0, 0, 0, 22, 0, 0, 7, 0, 0, 0, 8, 2, 1, 0, 6, 20, 2, 0, 8, 1, 1, 0, 0, 30, 1, 0, 7, 0, 0, 0, 8, 2, 1, 0, 7, 0, 0, 0, 4, 21, 0, 0]",0.694811065196991,0.5,0.4948311509303928,0.47174770039421815,0.48301379078372014,0.5183968462549278
"[2, 1, 0, 0, 2, 0, 0, 0, 0, 10, 0, 0, 3, 0, 0, 0, 8, 3, 1, 0, 8, 1, 2, 0, 7, 0, 0, 0, 2, 0, 0, 0, 7, 0, 0, 0, 6, 20, 4, 0, 2, 0, 0, 0, 8, 1, 2, 0]",0.6930960512161255,0.5,0.5030211480362538,0.4375821287779238,0.4680252986647927,0.5676741130091985
"[3, 0, 0, 0, 8, 1, 1, 0, 5, 0, 0, 0, 7, 0, 0, 0, 8, 1, 1, 0, 1, 4, 0, 0, 7, 0, 0, 0, 7, 0, 0, 0, 4, 69, 0, 0, 7, 0, 0, 0, 7, 0, 0, 0, 7, 0, 0, 0]",0.6972386741638184,0.5,0.468,0.4612352168199737,0.46459298477829253,0.4756898817345598
"[1, 4, 0, 0, 7, 0, 0, 0, 3, 0, 0, 0, 2, 1, 0, 0, 4, 28, 0, 0, 4, 73, 0, 0, 7, 0, 0, 0, 7, 0, 0, 0, 7, 0, 0, 0, 4, 48, 0, 0, 7, 0, 0, 0, 1, 4, 0, 0]",0.6937961268424988,0.5,0.4986130374479889,0.4724047306176084,0.4851551956815115,0.5249671484888305
"[6, 44, 4, 0, 1, 44, 0, 0, 0, 10, 0, 0, 7, 0, 0, 0, 7, 0, 0, 0, 4, 373, 0, 0, 7, 0, 0, 0, 7, 0, 0, 0, 7, 0, 0, 0, 7, 0, 0, 0, 7, 0, 0, 0, 1, 4, 0, 0]",0.6942772889137268,0.5,0.5084125822970007,0.45663600525624176,0.4811353409484251,0.5584756898817346
"[5, 0, 0, 0, 4, 270, 0, 0, 7, 0, 0, 0, 4, 404, 0, 0, 1, 4, 0, 0, 7, 0, 0, 0, 1, 4, 0, 0, 7, 0, 0, 0, 7, 0, 0, 0, 4, 342, 0, 0, 7, 0, 0, 0, 7, 0, 0, 0]",0.6934634780883789,0.5,0.49444032616753153,0.43823915900131405,0.46464646464646464,0.5519053876478318
"[6, 22, 2, 0, 0, 27, 1, 0, 4, 283, 0, 0, 7, 0, 0, 0, 7, 0, 0, 0, 7, 0, 0, 0, 7, 0, 0, 0, 1, 4, 0, 0, 7, 0, 0, 0, 7, 0, 0, 0, 7, 0, 0, 0, 7, 0, 0, 0]",0.6957156229019165,0.5,0.5015128593040847,0.435611038107753,0.46624472573839665,0.5670170827858082
"[4, 268, 0, 0, 7, 0, 0, 0, 7, 0, 0, 0, 4, 476, 0, 0, 7, 0, 0, 0, 7, 0, 0, 0, 7, 0, 0, 0, 1, 4, 0, 0, 4, 363, 0, 0, 7, 0, 0, 0, 7, 0, 0, 0, 4, 204, 0, 0]",0.6933413481712342,0.5,0.4934445768772348,0.5440210249671484,0.5175,0.44152431011826543
"[7, 0, 0, 0, 0, 30, 0, 0, 5, 0, 0, 0, 7, 0, 0, 0, 8, 2, 1, 0, 7, 0, 0, 0, 1, 4, 0, 0, 4, 30, 0, 0, 7, 0, 0, 0, 7, 0, 0, 0, 7, 0, 0, 0, 7, 0, 0, 0]",0.6945905256271362,0.5,0.5148173673328739,0.4908015768725361,0.5025227043390514,0.5374507227332457
"[0, 15, 1, 0, 7, 0, 0, 0, 0, 15, 0, 0, 6, 6, 2, 0, 0, 8, 0, 0, 2, 0, 0, 0, 8, 1, 2, 0, 7, 0, 0, 0, 7, 0, 0, 0, 1, 4, 0, 0, 2, 1, 0, 0, 0, 10, 1, 0]",0.6930899238586425,0.5,0.509534706331045,0.43889618922470436,0.47158489234027534,0.5775295663600526
"[4, 287, 0, 0, 7, 0, 0, 0, 7, 0, 0, 0, 7, 0, 0, 0, 7, 0, 0, 0, 4, 410, 0, 0, 7, 0, 0, 0, 7, 0, 0, 0, 7, 0, 0, 0, 4, 476, 0, 0, 7, 0, 0, 0, 7, 0, 0, 0]",0.6933087849617005,0.5,0.4871039056742815,0.4342969776609724,0.4591872177839528,0.5427069645203679
"[5, 0, 0, 0, 4, 326, 0, 0, 7, 0, 0, 0, 7, 0, 0, 0, 7, 0, 0, 0, 4, 224, 0, 0, 7, 0, 0, 0, 7, 0, 0, 0, 1, 4, 0, 0, 7, 0, 0, 0, 7, 0, 0, 0, 7, 0, 0, 0]",0.6939715504646301,0.5,0.5,0.4868593955321945,0.4933422103861518,0.5131406044678055
"[0, 29, 1, 0, 3, 0, 0, 0, 6, 16, 4, 0, 7, 0, 0, 0, 1, 4, 0, 0, 4, 511, 0, 0, 7, 0, 0, 0, 7, 0, 0, 0, 7, 0, 0, 0, 4, 302, 0, 0, 7, 0, 0, 0, 7, 0, 0, 0]",0.6934339690208435,0.5,0.513015873015873,0.5308804204993429,0.5217952857604133,0.49605781865965837
"[6, 16, 4, 0, 3, 0, 0, 0, 2, 1, 0, 0, 7, 0, 0, 0, 1, 4, 0, 0, 7, 0, 0, 0, 7, 0, 0, 0, 7, 0, 0, 0, 1, 4, 0, 0, 7, 0, 0, 0, 8, 3, 2, 0, 8, 1, 1, 0]",0.7043074417114258,0.5,0.5187239944521498,0.4914586070959264,0.50472334682861,0.5440210249671484
"[7, 0, 0, 0, 6, 14, 2, 0, 0, 26, 1, 0, 8, 3, 1, 0, 3, 0, 0, 0, 0, 22, 1, 0, 2, 0, 0, 0, 7, 0, 0, 0, 3, 0, 0, 0, 7, 0, 0, 0, 2, 0, 0, 0, 8, 2, 2, 0]",0.6931394243240356,0.5,0.5036945812807881,0.5374507227332457,0.5200254291163382,0.4704336399474376
"[7, 0, 0, 0, 1, 4, 0, 0, 2, 0, 0, 0, 1, 4, 0, 0, 8, 3, 2, 0, 3, 0, 0, 0, 2, 0, 0, 0, 6, 58, 2, 0, 4, 347, 0, 0, 7, 0, 0, 0, 7, 0, 0, 0, 7, 0, 0, 0]",0.6931233835220337,0.5,0.5043889264010804,0.4908015768725361,0.4975024975024975,0.5177398160315374
"[7, 0, 0, 0, 2, 1, 0, 0, 1, 4, 0, 0, 7, 0, 0, 0, 0, 21, 0, 0, 4, 129, 0, 0, 7, 0, 0, 0, 7, 0, 0, 0, 7, 0, 0, 0, 7, 0, 0, 0, 7, 0, 0, 0, 7, 0, 0, 0]",0.6934757375717163,0.5,0.4944794952681388,0.411957950065703,0.44946236559139785,0.5788436268068331
"[5, 0, 0, 0, 4, 444, 0, 0, 7, 0, 0, 0, 7, 0, 0, 0, 7, 0, 0, 0, 7, 0, 0, 0, 7, 0, 0, 0, 7, 0, 0, 0, 7, 0, 0, 0, 1, 4, 0, 0, 1, 4, 0, 0, 7, 0, 0, 0]",0.6975110864639282,0.5,0.49667994687915007,0.4914586070959264,0.4940554821664465,0.5019710906701709
"[7, 0, 0, 0, 0, 11, 1, 0, 2, 1, 0, 0, 1, 4, 0, 0, 7, 0, 0, 0, 1, 4, 0, 0, 3, 0, 0, 0, 3, 0, 0, 0, 2, 0, 0, 0, 7, 0, 0, 0, 2, 0, 0, 0, 3, 0, 0, 0]",0.7033845758438111,0.5,0.4986684420772304,0.4921156373193167,0.49537037037037035,0.5052562417871223
"[7, 0, 0, 0, 6, 61, 1, 0, 3, 0, 0, 0, 4, 478, 0, 0, 7, 0, 0, 0, 7, 0, 0, 0, 7, 0, 0, 0, 7, 0, 0, 0, 7, 0, 0, 0, 7, 0, 0, 0, 7, 0, 0, 0, 4, 27, 0, 0]",0.6940767836570739,0.5,0.5129958960328317,0.492772667542707,0.5026809651474531,0.5321944809461235
"[6, 8, 4, 0, 4, 381, 0, 0, 1, 4, 0, 0, 1, 4, 0, 0, 7, 0, 0, 0, 7, 0, 0, 0, 7, 0, 0, 0, 7, 0, 0, 0, 7, 0, 0, 0, 7, 0, 0, 0, 7, 0, 0, 0, 7, 0, 0, 0]",0.6956645154953003,0.5,0.5250158328055732,0.5446780551905388,0.5346662366978394,0.507227332457293
"[7, 0, 0, 0, 6, 16, 4, 0, 7, 0, 0, 0, 3, 0, 0, 0, 1, 4, 0, 0, 7, 0, 0, 0, 7, 0, 0, 0, 8, 1, 1, 0, 7, 0, 0, 0, 1, 4, 0, 0, 7, 0, 0, 0, 4, 26, 0, 0]",0.6972040438652038,0.5,0.49840865690642905,0.514454664914586,0.5063045586808923,0.48226018396846254
"[2, 1, 0, 0, 8, 1, 2, 0, 1, 4, 0, 0, 4, 191, 0, 0, 4, 371, 0, 0, 7, 0, 0, 0, 4, 384, 0, 0, 7, 0, 0, 0, 7, 0, 0, 0, 7, 0, 0, 0, 1, 4, 0, 0, 7, 0, 0, 0]",0.6934728240966797,0.5,0.47135217723453016,0.40538764783180026,0.43588837866478275,0.545335085413929
"[4, 25, 0, 0, 7, 0, 0, 0, 7, 0, 0, 0, 7, 0, 0, 0, 1, 4, 0, 0, 7, 0, 0, 0, 7, 0, 0, 0, 1, 4, 0, 0, 7, 0, 0, 0, 4, 234, 0, 0, 7, 0, 0, 0, 7, 0, 0, 0]",0.6941272282600403,0.5,0.5034439574201628,0.5282522996057819,0.5155498557229882,0.47897503285151116
"[8, 0, 1, 0, 7, 0, 0, 0, 0, 5, 1, 0, 0, 6, 1, 0, 3, 0, 0, 0, 8, 1, 2, 0, 6, 48, 4, 0, 7, 0, 0, 0, 0, 16, 0, 0, 2, 0, 0, 0, 2, 1, 0, 0, 2, 1, 0, 0]",0.6931108498573303,0.5,0.5173945225758697,0.4592641261498029,0.48659937347720156,0.5716162943495401
"[1, 4, 0, 0, 7, 0, 0, 0, 8, 2, 1, 0, 8, 2, 1, 0, 0, 29, 1, 0, 5, 0, 0, 0, 4, 258, 0, 0, 7, 0, 0, 0, 7, 0, 0, 0, 7, 0, 0, 0, 1, 4, 0, 0, 7, 0, 0, 0]",0.6979031014442444,0.5,0.4947447447447447,0.43298291721419185,0.46180798878766643,0.5578186596583443
"[7, 0, 0, 0, 5, 0, 0, 0, 4, 30, 0, 0, 7, 0, 0, 0, 7, 0, 0, 0, 7, 0, 0, 0, 7, 0, 0, 0, 7, 0, 0, 0, 7, 0, 0, 0, 4, 2, 0, 0, 4, 242, 0, 0, 7, 0, 0, 0]",0.6950431251525879,0.5,0.5061274509803921,0.5427069645203679,0.5237793278376665,0.4704336399474376
"[3, 0, 0, 0, 4, 156, 0, 0, 7, 0, 0, 0, 7, 0, 0, 0, 7, 0, 0, 0, 7, 0, 0, 0, 4, 187, 0, 0, 7, 0, 0, 0, 7, 0, 0, 0, 7, 0, 0, 0, 7, 0, 0, 0, 7, 0, 0, 0]",0.6933617377281189,0.5,0.5008923259964307,0.5532194480946123,0.5257571027162036,0.4487516425755585
"[1, 4, 0, 0, 1, 4, 0, 0, 1, 4, 0, 0, 5, 0, 0, 0, 7, 0, 0, 0, 3, 0, 0, 0, 7, 0, 0, 0, 8, 2, 2, 0, 3, 0, 0, 0, 7, 0, 0, 0, 7, 0, 0, 0, 4, 68, 0, 0]",0.6966199350357055,0.5,0.49282920469361147,0.4967148488830486,0.49476439790575916,0.4888304862023653
"[0, 21, 1, 0, 7, 0, 0, 0, 2, 1, 0, 0, 2, 0, 0, 0, 1, 4, 0, 0, 3, 0, 0, 0, 7, 0, 0, 0, 4, 327, 0, 0, 7, 0, 0, 0, 7, 0, 0, 0, 7, 0, 0, 0, 7, 0, 0, 0]",0.6964831185340882,0.5,0.49681933842239184,0.5131406044678055,0.5048480930833872,0.4802890932982917
"[5, 0, 0, 0, 4, 207, 0, 0, 7, 0, 0, 0, 7, 0, 0, 0, 4, 159, 0, 0, 7, 0, 0, 0, 7, 0, 0, 0, 7, 0, 0, 0, 1, 4, 0, 0, 7, 0, 0, 0, 7, 0, 0, 0, 7, 0, 0, 0]",0.6937416815757751,0.5,0.502442996742671,0.40538764783180026,0.44872727272727275,0.5985545335085414
"[6, 17, 1, 0, 4, 17, 0, 0, 7, 0, 0, 0, 4, 21, 0, 0, 7, 0, 0, 0, 4, 13, 0, 0, 7, 0, 0, 0, 7, 0, 0, 0, 7, 0, 0, 0, 4, 68, 0, 0, 4, 69, 0, 0, 7, 0, 0, 0]",0.6935077548027039,0.5,0.49087078651685395,0.4592641261498029,0.4745417515274949,0.5236530880420499
"[0, 28, 1, 0, 7, 0, 0, 0, 8, 1, 2, 0, 7, 0, 0, 0, 4, 443, 0, 0, 7, 0, 0, 0, 7, 0, 0, 0, 7, 0, 0, 0, 7, 0, 0, 0, 7, 0, 0, 0, 1, 4, 0, 0, 1, 4, 0, 0]",0.6958485269546508,0.5,0.49178470254957507,0.5703022339027596,0.5281411621539398,0.41064388961892245
"[0, 30, 1, 0, 8, 1, 1, 0, 2, 0, 0, 0, 0, 31, 0, 0, 5, 0, 0, 0, 7, 0, 0, 0, 7, 0, 0, 0, 7, 0, 0, 0, 4, 357, 0, 0, 7, 0, 0, 0, 7, 0, 0, 0, 1, 4, 0, 0]",0.6940209650993348,0.5,0.5056947608200456,0.4375821287779238,0.4691792884818598,0.5722733245729303
"[3, 0, 0, 0, 7, 0, 0, 0, 7, 0, 0, 0, 0, 21, 0, 0, 3, 0, 0, 0, 2, 1, 0, 0, 8, 2, 1, 0, 8, 3, 2, 0, 0, 21, 1, 0, 4, 503, 0, 0, 7, 0, 0, 0, 7, 0, 0, 0]",0.6932685875892639,0.5,0.5113636363636364,0.41392904073587383,0.45751633986928103,0.6044678055190539
"[1, 4, 0, 0, 8, 1, 2, 0, 4, 56, 0, 0, 7, 0, 0, 0, 7, 0, 0, 0, 7, 0, 0, 0, 7, 0, 0, 0, 7, 0, 0, 0, 7, 0, 0, 0, 7, 0, 0, 0, 7, 0, 0, 0, 4, 176, 0, 0]",0.694069242477417,0.5,0.5038071065989848,0.5216819973718791,0.5125887669464171,0.48620236530880423
"[8, 0, 2, 0, 8, 1, 2, 0, 6, 6, 3, 0, 7, 0, 0, 0, 4, 62, 0, 0, 7, 0, 0, 0, 7, 0, 0, 0, 7, 0, 0, 0, 4, 398, 0, 0, 4, 42, 0, 0, 7, 0, 0, 0, 7, 0, 0, 0]",0.6938066601753234,0.5,0.5,0.5374507227332457,0.5180493983533883,0.46254927726675427
"[1, 4, 0, 0, 6, 12, 4, 0, 7, 0, 0, 0, 0, 11, 1, 0, 1, 11, 0, 0, 7, 0, 0, 0, 1, 4, 0, 0, 8, 1, 1, 0, 8, 3, 1, 0, 7, 0, 0, 0, 2, 1, 0, 0, 1, 4, 0, 0]",0.699441249370575,0.5,0.5052115266707541,0.5413929040735874,0.5226768157310498,0.46977660972404733
"[0, 4, 1, 0, 0, 5, 1, 0, 0, 16, 0, 0, 3, 0, 0, 0, 0, 18, 1, 0, 7, 0, 0, 0, 0, 11, 1, 0, 0, 30, 0, 0, 7, 0, 0, 0, 3, 0, 0, 0, 7, 0, 0, 0, 7, 0, 0, 0]",0.6932210683822632,0.5,0.48426150121065376,0.39421813403416556,0.43462513582035495,0.5801576872536137
"[7, 0, 0, 0, 1, 4, 0, 0, 3, 0, 0, 0, 1, 4, 0, 0, 6, 56, 4, 0, 7, 0, 0, 0, 0, 26, 0, 0, 4, 257, 0, 0, 7, 0, 0, 0, 7, 0, 0, 0, 7, 0, 0, 0, 7, 0, 0, 0]",0.6929663419723511,0.5,0.5025188916876574,0.5243101182654402,0.5131832797427652,0.480946123521682
"[2, 1, 0, 0, 7, 0, 0, 0, 3, 0, 0, 0, 7, 0, 0, 0, 1, 4, 0, 0, 6, 56, 4, 0, 4, 12, 0, 0, 7, 0, 0, 0, 7, 0, 0, 0, 7, 0, 0, 0, 7, 0, 0, 0, 7, 0, 0, 0]",0.6946304035186768,0.5,0.4867310012062726,0.5302233902759527,0.5075471698113208,0.4408672798948752
"[4, 172, 0, 0, 7, 0, 0, 0, 7, 0, 0, 0, 4, 181, 0, 0, 7, 0, 0, 0, 4, 404, 0, 0, 7, 0, 0, 0, 7, 0, 0, 0, 7, 0, 0, 0, 7, 0, 0, 0, 7, 0, 0, 0, 7, 0, 0, 0]",0.6932277870178223,0.5,0.5053686471009305,0.46386333771353483,0.4837273038711888,0.5459921156373193
"[6, 40, 1, 0, 7, 0, 0, 0, 7, 0, 0, 0, 2, 0, 0, 0, 0, 4, 0, 0, 4, 324, 0, 0, 7, 0, 0, 0, 1, 4, 0, 0, 7, 0, 0, 0, 1, 4, 0, 0, 7, 0, 0, 0, 7, 0, 0, 0]",0.6939963531494141,0.5,0.489010989010989,0.5847568988173456,0.5326152004787552,0.38896189224704336
"[2, 0, 0, 0, 7, 0, 0, 0, 8, 1, 2, 0, 7, 0, 0, 0, 6, 36, 4, 0, 7, 0, 0, 0, 2, 1, 0, 0, 4, 183, 0, 0, 7, 0, 0, 0, 7, 0, 0, 0, 7, 0, 0, 0, 7, 0, 0, 0]",0.6934369683265686,0.5,0.5058915946582875,0.4231274638633377,0.46082289803220033,0.5867279894875165
"[8, 0, 1, 0, 7, 0, 0, 0, 3, 0, 0, 0, 7, 0, 0, 0, 7, 0, 0, 0, 8, 3, 1, 0, 1, 4, 0, 0, 1, 4, 0, 0, 0, 5, 1, 0, 6, 44, 4, 0, 5, 0, 0, 0, 7, 0, 0, 0]",0.6932164239883423,0.5,0.4946775203506575,0.519053876478318,0.5065726194293043,0.46977660972404733
"[8, 0, 2, 0, 6, 60, 3, 0, 8, 1, 2, 0, 3, 0, 0, 0, 1, 4, 0, 0, 2, 1, 0, 0, 7, 0, 0, 0, 0, 26, 1, 0, 3, 0, 0, 0, 7, 0, 0, 0, 7, 0, 0, 0, 1, 4, 0, 0]",0.7000479173660278,0.5,0.5026845637583892,0.4921156373193167,0.49734395750332006,0.5131406044678055
"[8, 0, 2, 0, 7, 0, 0, 0, 3, 0, 0, 0, 7, 0, 0, 0, 3, 0, 0, 0, 4, 97, 0, 0, 7, 0, 0, 0, 7, 0, 0, 0, 7, 0, 0, 0, 7, 0, 0, 0, 1, 4, 0, 0, 7, 0, 0, 0]",0.6956978821754456,0.5,0.4948905109489051,0.4454664914586071,0.46887966804979253,0.545335085413929
"[6, 40, 4, 0, 8, 1, 2, 0, 7, 0, 0, 0, 0, 21, 0, 0, 3, 0, 0, 0, 0, 6, 1, 0, 2, 1, 0, 0, 2, 0, 0, 0, 7, 0, 0, 0, 2, 1, 0, 0, 4, 105, 0, 0, 7, 0, 0, 0]",0.6934208679199219,0.5,0.49785714285714283,0.4579500657030223,0.47707049965776865,0.538107752956636
"[8, 0, 1, 0, 6, 16, 4, 0, 3, 0, 0, 0, 0, 4, 1, 0, 3, 0, 0, 0, 8, 1, 2, 0, 3, 0, 0, 0, 7, 0, 0, 0, 7, 0, 0, 0, 7, 0, 0, 0, 0, 5, 0, 0, 8, 3, 1, 0]",0.6931391906738281,0.5,0.4906275468622657,0.3955321944809461,0.4379774463441251,0.5893561103810775
"[0, 8, 0, 0, 8, 1, 2, 0, 0, 14, 0, 0, 6, 28, 4, 0, 7, 0, 0, 0, 8, 1, 1, 0, 7, 0, 0, 0, 2, 0, 0, 0, 7, 0, 0, 0, 7, 0, 0, 0, 1, 4, 0, 0, 7, 0, 0, 0]",0.6932399177551269,0.5,0.49033977348434377,0.4835742444152431,0.486933509758518,0.4973718791064389
"[8, 0, 1, 0, 3, 0, 0, 0, 2, 0, 0, 0, 4, 462, 0, 0, 7, 0, 0, 0, 7, 0, 0, 0, 7, 0, 0, 0, 7, 0, 0, 0, 1, 4, 0, 0, 1, 4, 0, 0, 7, 0, 0, 0, 7, 0, 0, 0]",0.6960722160339355,0.5,0.4908976773383553,0.5137976346911958,0.5020866773675763,0.4671484888304862
"[4, 248, 0, 0, 1, 4, 0, 0, 1, 4, 0, 0, 7, 0, 0, 0, 7, 0, 0, 0, 7, 0, 0, 0, 1, 4, 0, 0, 7, 0, 0, 0, 7, 0, 0, 0, 1, 4, 0, 0, 7, 0, 0, 0, 7, 0, 0, 0]",0.6950528001785279,0.5,0.5357653791130186,0.4921156373193167,0.513013698630137,0.573587385019711
"[7, 0, 0, 0, 3, 0, 0, 0, 8, 2, 2, 0, 8, 2, 1, 0, 7, 0, 0, 0, 2, 0, 0, 0, 7, 0, 0, 0, 2, 1, 0, 0, 8, 1, 2, 0, 8, 1, 2, 0, 1, 4, 0, 0, 7, 0, 0, 0]",0.7035518789291382,0.5,0.502283105022831,0.36136662286465177,0.4203286205578907,0.6419185282522996
"[3, 0, 0, 0, 7, 0, 0, 0, 0, 21, 0, 0, 8, 3, 2, 0, 0, 6, 0, 0, 2, 1, 0, 0, 7, 0, 0, 0, 0, 6, 0, 0, 1, 6, 0, 0, 3, 0, 0, 0, 4, 331, 0, 0, 7, 0, 0, 0]",0.6933300924301148,0.5,0.49630624580255206,0.4855453350854139,0.4908668216539356,0.507227332457293
"[4, 326, 0, 0, 7, 0, 0, 0, 7, 0, 0, 0, 7, 0, 0, 0, 7, 0, 0, 0, 7, 0, 0, 0, 7, 0, 0, 0, 7, 0, 0, 0, 7, 0, 0, 0, 7, 0, 0, 0, 7, 0, 0, 0, 7, 0, 0, 0]",0.6933918571472169,0.5,0.4920844327176781,0.49014454664914586,0.4911125740618828,0.4940867279894875
"[1, 4, 0, 0, 2, 1, 0, 0, 3, 0, 0, 0, 4, 462, 0, 0, 7, 0, 0, 0, 7, 0, 0, 0, 7, 0, 0, 0, 7, 0, 0, 0, 7, 0, 0, 0, 7, 0, 0, 0, 1, 4, 0, 0, 7, 0, 0, 0]",0.6944793796539307,0.5,0.5017445917655269,0.4724047306176084,0.48663282571912014,0.5308804204993429
"[8, 0, 2, 0, 7, 0, 0, 0, 3, 0, 0, 0, 7, 0, 0, 0, 4, 65, 0, 0, 7, 0, 0, 0, 7, 0, 0, 0, 7, 0, 0, 0, 7, 0, 0, 0, 7, 0, 0, 0, 7, 0, 0, 0, 7, 0, 0, 0]",0.6945364952087403,0.5,0.5019736842105263,0.5013140604467805,0.5016436554898094,0.5026281208935611
"[0, 23, 0, 0, 8, 1, 2, 0, 1, 4, 0, 0, 0, 9, 1, 0, 4, 365, 0, 0, 7, 0, 0, 0, 7, 0, 0, 0, 7, 0, 0, 0, 7, 0, 0, 0, 1, 4, 0, 0, 4, 131, 0, 0, 7, 0, 0, 0]",0.6933074617385864,0.5,0.48744113029827313,0.4080157687253614,0.44420600858369097,0.5709592641261498
"[6, 56, 4, 0, 8, 1, 2, 0, 7, 0, 0, 0, 0, 13, 0, 0, 3, 0, 0, 0, 7, 0, 0, 0, 8, 3, 2, 0, 4, 240, 0, 0, 7, 0, 0, 0, 7, 0, 0, 0, 7, 0, 0, 0, 1, 4, 0, 0]",0.6943168139457703,0.5,0.5012210012210012,0.5394218134034166,0.519620253164557,0.4632063074901445
"[8, 0, 2, 0, 6, 14, 2, 0, 8, 2, 1, 0, 2, 1, 0, 0, 4, 216, 0, 0, 7, 0, 0, 0, 7, 0, 0, 0, 7, 0, 0, 0, 1, 4, 0, 0, 4, 436, 0, 0, 7, 0, 0, 0, 7, 0, 0, 0]",0.6934318971633912,0.5,0.5048715677590788,0.3745072273324573,0.43002640513013957,0.6327201051248358
"[0, 17, 0, 0, 6, 16, 2, 0, 0, 26, 0, 0, 7, 0, 0, 0, 4, 248, 0, 0, 7, 0, 0, 0, 7, 0, 0, 0, 7, 0, 0, 0, 7, 0, 0, 0, 7, 0, 0, 0, 7, 0, 0, 0, 1, 4, 0, 0]",0.6938702368736267,0.5,0.5142478462557986,0.5098554533508541,0.512042230287034,0.5183968462549278
"[3, 0, 0, 0, 7, 0, 0, 0, 8, 1, 2, 0, 7, 0, 0, 0, 4, 55, 0, 0, 7, 0, 0, 0, 7, 0, 0, 0, 7, 0, 0, 0, 7, 0, 0, 0, 1, 4, 0, 0, 7, 0, 0, 0, 7, 0, 0, 0]",0.6960884833335876,0.5,0.5081743869209809,0.49014454664914586,0.49899665551839467,0.5256241787122208
"[3, 0, 0, 0, 6, 24, 4, 0, 3, 0, 0, 0, 2, 0, 0, 0, 2, 0, 0, 0, 2, 0, 0, 0, 7, 0, 0, 0, 4, 275, 0, 0, 7, 0, 0, 0, 1, 4, 0, 0, 1, 4, 0, 0, 1, 4, 0, 0]",0.6958725833892823,0.5,0.4971870604781997,0.4645203679369251,0.48029891304347827,0.5302233902759527
"[3, 0, 0, 0, 6, 56, 4, 0, 1, 56, 0, 0, 1, 4, 0, 0, 7, 0, 0, 0, 7, 0, 0, 0, 2, 1, 0, 0, 2, 0, 0, 0, 7, 0, 0, 0, 2, 1, 0, 0, 0, 5, 0, 0, 5, 0, 0, 0]",0.6931783032417297,0.5,0.49233490566037735,0.5486202365308804,0.5189558732131759,0.4342969776609724
"[4, 256, 0, 0, 7, 0, 0, 0, 7, 0, 0, 0, 7, 0, 0, 0, 7, 0, 0, 0, 7, 0, 0, 0, 7, 0, 0, 0, 4, 274, 0, 0, 7, 0, 0, 0, 7, 0, 0, 0, 7, 0, 0, 0, 7, 0, 0, 0]",0.6931823825836182,0.5,0.4944581280788177,0.5275952693823915,0.5104895104895105,0.46057818659658345
"[3, 0, 0, 0, 2, 1, 0, 0, 4, 68, 0, 0, 7, 0, 0, 0, 7, 0, 0, 0, 7, 0, 0, 0, 1, 4, 0, 0, 4, 161, 0, 0, 7, 0, 0, 0, 7, 0, 0, 0, 7, 0, 0, 0, 7, 0, 0, 0]",0.6935246562957764,0.5,0.5,0.45137976346911957,0.4744475138121547,0.5486202365308804
"[3, 0, 0, 0, 2, 1, 0, 0, 0, 12, 0, 0, 1, 12, 0, 0, 0, 26, 1, 0, 0, 30, 0, 0, 7, 0, 0, 0, 3, 0, 0, 0, 5, 0, 0, 0, 4, 45, 0, 0, 7, 0, 0, 0, 7, 0, 0, 0]",0.6935440397262573,0.5,0.5057057057057057,0.5532194480946123,0.5283966112331346,0.4592641261498029
"[6, 54, 3, 0, 7, 0, 0, 0, 7, 0, 0, 0, 7, 0, 0, 0, 0, 31, 0, 0, 1, 31, 0, 0, 0, 7, 1, 0, 7, 0, 0, 0, 3, 0, 0, 0, 7, 0, 0, 0, 3, 0, 0, 0, 4, 447, 0, 0]",0.6931459474563598,0.5,0.4984848484848485,0.4323258869908016,0.4630541871921182,0.5650459921156373
"[0, 17, 0, 0, 8, 1, 2, 0, 1, 4, 0, 0, 7, 0, 0, 0, 7, 0, 0, 0, 7, 0, 0, 0, 8, 1, 2, 0, 4, 469, 0, 0, 4, 378, 0, 0, 7, 0, 0, 0, 7, 0, 0, 0, 7, 0, 0, 0]",0.6932893466949462,0.5,0.5016797312430011,0.5886990801576872,0.5417170495767836,0.4152431011826544
"[5, 0, 0, 0, 4, 297, 0, 0, 4, 16, 0, 0, 7, 0, 0, 0, 7, 0, 0, 0, 4, 386, 0, 0, 7, 0, 0, 0, 7, 0, 0, 0, 7, 0, 0, 0, 7, 0, 0, 0, 4, 437, 0, 0, 7, 0, 0, 0]",0.6933902025222778,0.5,0.4923887587822014,0.5525624178712221,0.5207430340557275,0.43035479632063073
"[4, 456, 0, 0, 7, 0, 0, 0, 7, 0, 0, 0, 7, 0, 0, 0, 7, 0, 0, 0, 7, 0, 0, 0, 7, 0, 0, 0, 7, 0, 0, 0, 7, 0, 0, 0, 7, 0, 0, 0, 7, 0, 0, 0, 7, 0, 0, 0]",0.6935581922531128,0.5,0.5037187288708587,0.4894875164257556,0.49650116627790736,0.5177398160315374
"[8, 0, 1, 0, 3, 0, 0, 0, 3, 0, 0, 0, 1, 4, 0, 0, 0, 22, 0, 0, 8, 3, 2, 0, 6, 45, 3, 0, 7, 0, 0, 0, 3, 0, 0, 0, 4, 156, 0, 0, 7, 0, 0, 0, 7, 0, 0, 0]",0.69292649269104,0.5,0.49681020733652315,0.40932982917214195,0.4488472622478386,0.5854139290407359
"[1, 4, 0, 0, 4, 318, 0, 0, 7, 0, 0, 0, 7, 0, 0, 0, 4, 144, 0, 0, 7, 0, 0, 0, 7, 0, 0, 0, 1, 4, 0, 0, 7, 0, 0, 0, 7, 0, 0, 0, 4, 383, 0, 0, 7, 0, 0, 0]",0.6931556224822998,0.5,0.505003335557038,0.4973718791064389,0.5011585567692817,0.5124835742444153
"[0, 24, 1, 0, 7, 0, 0, 0, 2, 1, 0, 0, 2, 1, 0, 0, 8, 2, 1, 0, 2, 1, 0, 0, 1, 4, 0, 0, 3, 0, 0, 0, 7, 0, 0, 0, 6, 8, 4, 0, 7, 0, 0, 0, 5, 0, 0, 0]",0.6933994889259338,0.5,0.49845009299442034,0.5282522996057819,0.5129186602870813,0.46846254927726677
"[5, 0, 0, 0, 4, 508, 0, 0, 7, 0, 0, 0, 7, 0, 0, 0, 7, 0, 0, 0, 7, 0, 0, 0, 7, 0, 0, 0, 7, 0, 0, 0, 7, 0, 0, 0, 7, 0, 0, 0, 7, 0, 0, 0, 7, 0, 0, 0]",0.6930678415298462,0.5,0.49330514446793516,0.45992115637319314,0.47602856171370284,0.5275952693823915
"[3, 0, 0, 0, 1, 4, 0, 0, 0, 19, 0, 0, 6, 28, 4, 0, 2, 0, 0, 0, 8, 3, 1, 0, 7, 0, 0, 0, 0, 23, 1, 0, 3, 0, 0, 0, 7, 0, 0, 0, 2, 0, 0, 0, 7, 0, 0, 0]",0.6932495832443237,0.5,0.5039727582292849,0.5834428383705651,0.5408038976857491,0.42575558475689884
"[1, 4, 0, 0, 7, 0, 0, 0, 0, 5, 1, 0, 4, 29, 0, 0, 7, 0, 0, 0, 7, 0, 0, 0, 7, 0, 0, 0, 7, 0, 0, 0, 7, 0, 0, 0, 7, 0, 0, 0, 7, 0, 0, 0, 7, 0, 0, 0]",0.694497926235199,0.5,0.5015556938394524,0.5295663600525624,0.515180568871844,0.47371879106438897
"[7, 0, 0, 0, 2, 1, 0, 0, 7, 0, 0, 0, 6, 6, 1, 0, 2, 1, 0, 0, 3, 0, 0, 0, 4, 133, 0, 0, 7, 0, 0, 0, 7, 0, 0, 0, 1, 4, 0, 0, 7, 0, 0, 0, 7, 0, 0, 0]",0.6954396152496338,0.5,0.4872813990461049,0.40275952693823913,0.44100719424460433,0.576215505913272
"[4, 226, 0, 0, 4, 195, 0, 0, 7, 0, 0, 0, 1, 4, 0, 0, 4, 506, 0, 0, 7, 0, 0, 0, 1, 4, 0, 0, 1, 4, 0, 0, 7, 0, 0, 0, 7, 0, 0, 0, 1, 4, 0, 0, 7, 0, 0, 0]",0.6933078241348266,0.5,0.4927261227071474,0.511826544021025,0.5020947470190139,0.4730617608409987
"[1, 4, 0, 0, 6, 32, 4, 0, 0, 24, 1, 0, 3, 0, 0, 0, 7, 0, 0, 0, 7, 0, 0, 0, 8, 3, 2, 0, 1, 4, 0, 0, 7, 0, 0, 0, 0, 5, 1, 0, 7, 0, 0, 0, 4, 177, 0, 0]",0.6933469033241272,0.5,0.5068990559186638,0.45860709592641263,0.48154536046912727,0.5538764783180026
"[0, 26, 0, 0, 1, 26, 0, 0, 1, 4, 0, 0, 4, 155, 0, 0, 7, 0, 0, 0, 7, 0, 0, 0, 7, 0, 0, 0, 7, 0, 0, 0, 1, 4, 0, 0, 7, 0, 0, 0, 1, 4, 0, 0, 7, 0, 0, 0]",0.6952278447151184,0.5,0.4928774928774929,0.5683311432325887,0.5279218797680806,0.4152431011826544
"[3, 0, 0, 0, 6, 4, 4, 0, 4, 74, 0, 0, 7, 0, 0, 0, 7, 0, 0, 0, 7, 0, 0, 0, 7, 0, 0, 0, 7, 0, 0, 0, 4, 150, 0, 0, 7, 0, 0, 0, 7, 0, 0, 0, 1, 4, 0, 0]",0.6934566473960877,0.5,0.5046197583511016,0.4664914586070959,0.48480710139979516,0.5420499342969777
"[1, 4, 0, 0, 0, 24, 0, 0, 5, 0, 0, 0, 7, 0, 0, 0, 7, 0, 0, 0, 7, 0, 0, 0, 7, 0, 0, 0, 8, 2, 2, 0, 7, 0, 0, 0, 4, 317, 0, 0, 7, 0, 0, 0, 1, 4, 0, 0]",0.6967506122589111,0.5,0.509829619921363,0.5111695137976346,0.510498687664042,0.5085413929040736
"[1, 4, 0, 0, 1, 4, 0, 0, 1, 4, 0, 0, 7, 0, 0, 0, 1, 4, 0, 0, 7, 0, 0, 0, 7, 0, 0, 0, 8, 3, 1, 0, 1, 4, 0, 0, 0, 9, 1, 0, 4, 500, 0, 0, 7, 0, 0, 0]",0.6929836583137512,0.5,0.5034530386740331,0.47897503285151116,0.4909090909090909,0.5275952693823915
"[7, 0, 0, 0, 0, 7, 0, 0, 1, 7, 0, 0, 4, 302, 0, 0, 7, 0, 0, 0, 7, 0, 0, 0, 7, 0, 0, 0, 1, 4, 0, 0, 7, 0, 0, 0, 7, 0, 0, 0, 7, 0, 0, 0, 4, 329, 0, 0]",0.6937160849571228,0.5,0.5013210039630119,0.49868593955321944,0.5,0.5039421813403416
"[3, 0, 0, 0, 3, 0, 0, 0, 7, 0, 0, 0, 1, 4, 0, 0, 3, 0, 0, 0, 1, 4, 0, 0, 1, 4, 0, 0, 7, 0, 0, 0, 4, 264, 0, 0, 7, 0, 0, 0, 7, 0, 0, 0, 7, 0, 0, 0]",0.6948353624343873,0.5,0.49298737727910236,0.461892247043364,0.4769335142469471,0.5249671484888305
"[3, 0, 0, 0, 2, 1, 0, 0, 7, 0, 0, 0, 6, 24, 4, 0, 1, 24, 0, 0, 1, 4, 0, 0, 1, 4, 0, 0, 3, 0, 0, 0, 8, 2, 1, 0, 4, 422, 0, 0, 7, 0, 0, 0, 4, 400, 0, 0]",0.6930660367012024,0.5,0.5022920759659463,0.5039421813403416,0.5031157756641522,0.5006570302233903
"[3, 0, 0, 0, 8, 1, 1, 0, 1, 4, 0, 0, 8, 1, 2, 0, 2, 1, 0, 0, 6, 48, 4, 0, 0, 18, 1, 0, 3, 0, 0, 0, 3, 0, 0, 0, 7, 0, 0, 0, 1, 4, 0, 0, 1, 4, 0, 0]",0.7020319294929505,0.5,0.4887839433293979,0.5440210249671484,0.5149253731343284,0.43101182654402104
"[6, 16, 4, 0, 8, 1, 1, 0, 7, 0, 0, 0, 3, 0, 0, 0, 0, 27, 0, 0, 7, 0, 0, 0, 0, 25, 0, 0, 5, 0, 0, 0, 7, 0, 0, 0, 4, 418, 0, 0, 1, 4, 0, 0, 1, 4, 0, 0]",0.696304976940155,0.5,0.5099866844207723,0.5032851511169514,0.5066137566137566,0.5164257555847569
"[0, 7, 0, 0, 3, 0, 0, 0, 3, 0, 0, 0, 0, 11, 0, 0, 7, 0, 0, 0, 8, 1, 2, 0, 3, 0, 0, 0, 1, 4, 0, 0, 4, 276, 0, 0, 7, 0, 0, 0, 7, 0, 0, 0, 7, 0, 0, 0]",0.6944811344146729,0.5,0.48430141287284145,0.40538764783180026,0.4413447782546495,0.5683311432325887
"[7, 0, 0, 0, 2, 1, 0, 0, 4, 381, 0, 0, 7, 0, 0, 0, 7, 0, 0, 0, 7, 0, 0, 0, 7, 0, 0, 0, 4, 221, 0, 0, 7, 0, 0, 0, 1, 4, 0, 0, 7, 0, 0, 0, 4, 482, 0, 0]",0.6931025815010071,0.5,0.5175612988734261,0.5131406044678055,0.5153414714615638,0.5216819973718791
"[0, 15, 0, 0, 3, 0, 0, 0, 0, 27, 1, 0, 4, 64, 0, 0, 7, 0, 0, 0, 7, 0, 0, 0, 7, 0, 0, 0, 1, 4, 0, 0, 7, 0, 0, 0, 7, 0, 0, 0, 7, 0, 0, 0, 7, 0, 0, 0]",0.6954540395736695,0.5,0.5066828675577156,0.5479632063074902,0.5265151515151515,0.4664914586070959
"[6, 40, 4, 0, 8, 1, 1, 0, 1, 4, 0, 0, 4, 2, 0, 0, 7, 0, 0, 0, 7, 0, 0, 0, 1, 4, 0, 0, 7, 0, 0, 0, 7, 0, 0, 0, 7, 0, 0, 0, 7, 0, 0, 0, 7, 0, 0, 0]",0.709975118637085,0.5,0.5014068655036579,0.5854139290407359,0.5401636859654441,0.4178712220762155
"[0, 10, 0, 0, 2, 1, 0, 0, 3, 0, 0, 0, 4, 407, 0, 0, 7, 0, 0, 0, 7, 0, 0, 0, 7, 0, 0, 0, 7, 0, 0, 0, 7, 0, 0, 0, 7, 0, 0, 0, 7, 0, 0, 0, 7, 0, 0, 0]",0.6932245111465454,0.5,0.4895503483217226,0.5078843626806833,0.4985488552079974,0.4704336399474376
"[5, 0, 0, 0, 4, 306, 0, 0, 7, 0, 0, 0, 7, 0, 0, 0, 7, 0, 0, 0, 4, 165, 0, 0, 7, 0, 0, 0, 7, 0, 0, 0, 7, 0, 0, 0, 7, 0, 0, 0, 7, 0, 0, 0, 4, 433, 0, 0]",0.6933295559883118,0.5,0.4820987654320988,0.5131406044678055,0.49713558243157224,0.4487516425755585
"[6, 4, 3, 0, 4, 336, 0, 0, 7, 0, 0, 0, 4, 94, 0, 0, 7, 0, 0, 0, 7, 0, 0, 0, 7, 0, 0, 0, 1, 4, 0, 0, 7, 0, 0, 0, 7, 0, 0, 0, 7, 0, 0, 0, 7, 0, 0, 0]",0.6932810807228088,0.5,0.4974402730375427,0.38304862023653086,0.4328136599851522,0.6130091984231275
"[4, 392, 0, 0, 7, 0, 0, 0, 7, 0, 0, 0, 4, 507, 0, 0, 7, 0, 0, 0, 7, 0, 0, 0, 7, 0, 0, 0, 7, 0, 0, 0, 7, 0, 0, 0, 7, 0, 0, 0, 7, 0, 0, 0, 7, 0, 0, 0]",0.6933157444000244,0.5,0.5048939641109299,0.4067017082785808,0.450509461426492,0.6011826544021025
"[1, 4, 0, 0, 4, 464, 0, 0, 4, 263, 0, 0, 7, 0, 0, 0, 7, 0, 0, 0, 7, 0, 0, 0, 7, 0, 0, 0, 1, 4, 0, 0, 7, 0, 0, 0, 1, 4, 0, 0, 7, 0, 0, 0, 1, 4, 0, 0]",0.6941103506088256,0.5,0.5061488673139158,0.5137976346911958,0.5099445712422562,0.49868593955321944
"[0, 4, 1, 0, 7, 0, 0, 0, 8, 1, 2, 0, 6, 56, 4, 0, 8, 3, 2, 0, 7, 0, 0, 0, 8, 1, 2, 0, 2, 1, 0, 0, 7, 0, 0, 0, 8, 2, 1, 0, 8, 1, 2, 0, 5, 0, 0, 0]",0.693439450263977,0.5,0.4911111111111111,0.435611038107753,0.4616991643454039,0.5486202365308804
"[4, 426, 0, 0, 7, 0, 0, 0, 7, 0, 0, 0, 7, 0, 0, 0, 7, 0, 0, 0, 7, 0, 0, 0, 7, 0, 0, 0, 4, 500, 0, 0, 7, 0, 0, 0, 7, 0, 0, 0, 7, 0, 0, 0, 1, 4, 0, 0]",0.6934766650199891,0.5,0.5052631578947369,0.5045992115637319,0.504930966469428,0.5059132720105125
"[7, 0, 0, 0, 3, 0, 0, 0, 1, 4, 0, 0, 1, 4, 0, 0, 3, 0, 0, 0, 0, 28, 0, 0, 1, 28, 0, 0, 4, 242, 0, 0, 7, 0, 0, 0, 7, 0, 0, 0, 1, 4, 0, 0, 7, 0, 0, 0]",0.6958047175407409,0.5,0.5070164734594265,0.5459921156373193,0.5257829800695982,0.469119579500657
"[2, 1, 0, 0, 8, 1, 2, 0, 3, 0, 0, 0, 8, 2, 2, 0, 8, 1, 1, 0, 8, 2, 1, 0, 2, 1, 0, 0, 7, 0, 0, 0, 8, 2, 2, 0, 0, 15, 0, 0, 6, 13, 1, 0, 7, 0, 0, 0]",0.6933350872993469,0.5,0.48770816812053924,0.4040735873850197,0.4419690980955803,0.5755584756898817
"[1, 4, 0, 0, 4, 316, 0, 0, 7, 0, 0, 0, 7, 0, 0, 0, 1, 4, 0, 0, 4, 508, 0, 0, 7, 0, 0, 0, 7, 0, 0, 0, 1, 4, 0, 0, 1, 4, 0, 0, 1, 4, 0, 0, 1, 4, 0, 0]",0.6933602690696716,0.5,0.5053291536050156,0.5295663600525624,0.5171639396855952,0.4816031537450723
"[0, 13, 0, 0, 6, 48, 4, 0, 0, 20, 1, 0, 5, 0, 0, 0, 4, 28, 0, 0, 7, 0, 0, 0, 7, 0, 0, 0, 7, 0, 0, 0, 4, 194, 0, 0, 7, 0, 0, 0, 7, 0, 0, 0, 4, 304, 0, 0]",0.693300256729126,0.5,0.5054824561403509,0.6057818659658344,0.5511057979677226,0.4073587385019711
"[4, 365, 0, 0, 7, 0, 0, 0, 7, 0, 0, 0, 1, 4, 0, 0, 7, 0, 0, 0, 7, 0, 0, 0, 7, 0, 0, 0, 7, 0, 0, 0, 7, 0, 0, 0, 7, 0, 0, 0, 7, 0, 0, 0, 7, 0, 0, 0]",0.694034960269928,0.5,0.49597238204833144,0.5663600525624178,0.5288343558282208,0.4244415243101183
"[0, 25, 0, 0, 3, 0, 0, 0, 1, 4, 0, 0, 7, 0, 0, 0, 0, 27, 1, 0, 7, 0, 0, 0, 6, 52, 4, 0, 7, 0, 0, 0, 7, 0, 0, 0, 4, 482, 0, 0, 7, 0, 0, 0, 7, 0, 0, 0]",0.69354900598526,0.5,0.5119453924914675,0.492772667542707,0.5021760964178105,0.5302233902759527
"[5, 0, 0, 0, 4, 472, 0, 0, 7, 0, 0, 0, 7, 0, 0, 0, 7, 0, 0, 0, 7, 0, 0, 0, 7, 0, 0, 0, 7, 0, 0, 0, 7, 0, 0, 0, 7, 0, 0, 0, 7, 0, 0, 0, 1, 4, 0, 0]",0.6977719950675965,0.5,0.49473684210526314,0.5558475689881734,0.5235148514851485,0.4323258869908016
"[6, 32, 4, 0, 7, 0, 0, 0, 7, 0, 0, 0, 7, 0, 0, 0, 7, 0, 0, 0, 7, 0, 0, 0, 3, 0, 0, 0, 7, 0, 0, 0, 3, 0, 0, 0, 7, 0, 0, 0, 0, 20, 0, 0, 0, 21, 1, 0]",0.6931689524650574,0.5,0.5058317986494782,0.5413929040735874,0.5230085687083466,0.47109067017082784
"[6, 16, 4, 0, 4, 403, 0, 0, 7, 0, 0, 0, 7, 0, 0, 0, 7, 0, 0, 0, 7, 0, 0, 0, 4, 393, 0, 0, 1, 4, 0, 0, 7, 0, 0, 0, 7, 0, 0, 0, 7, 0, 0, 0, 7, 0, 0, 0]",0.6936004281044006,0.5,0.5002832861189802,0.5801576872536137,0.5372680255552176,0.4204993429697766
"[7, 0, 0, 0, 7, 0, 0, 0, 2, 0, 0, 0, 6, 48, 2, 0, 5, 0, 0, 0, 4, 215, 0, 0, 4, 125, 0, 0, 7, 0, 0, 0, 4, 385, 0, 0, 7, 0, 0, 0, 7, 0, 0, 0, 7, 0, 0, 0]",0.693143105506897,0.5,0.5069501226492232,0.4073587385019711,0.4517304189435337,0.6038107752956636
"[7, 0, 0, 0, 4, 307, 0, 0, 1, 4, 0, 0, 1, 4, 0, 0, 7, 0, 0, 0, 7, 0, 0, 0, 7, 0, 0, 0, 7, 0, 0, 0, 7, 0, 0, 0, 7, 0, 0, 0, 7, 0, 0, 0, 7, 0, 0, 0]",0.6960360074043274,0.5,0.514637904468413,0.43889618922470436,0.47375886524822697,0.5860709592641261
"[0, 31, 0, 0, 6, 24, 4, 0, 5, 0, 0, 0, 4, 115, 0, 0, 7, 0, 0, 0, 7, 0, 0, 0, 7, 0, 0, 0, 7, 0, 0, 0, 7, 0, 0, 0, 7, 0, 0, 0, 7, 0, 0, 0, 7, 0, 0, 0]",0.6935703825950622,0.5,0.4918032786885246,0.41392904073587383,0.44951837317160187,0.5722733245729303
"[6, 48, 4, 0, 7, 0, 0, 0, 0, 25, 1, 0, 8, 1, 1, 0, 5, 0, 0, 0, 7, 0, 0, 0, 7, 0, 0, 0, 1, 4, 0, 0, 7, 0, 0, 0, 7, 0, 0, 0, 8, 2, 2, 0, 3, 0, 0, 0]",0.700180242061615,0.5,0.4915364583333333,0.49605781865965837,0.49378678875081755,0.4868593955321945
"[5, 0, 0, 0, 7, 0, 0, 0, 4, 311, 0, 0, 7, 0, 0, 0, 7, 0, 0, 0, 7, 0, 0, 0, 7, 0, 0, 0, 1, 4, 0, 0, 7, 0, 0, 0, 7, 0, 0, 0, 1, 4, 0, 0, 7, 0, 0, 0]",0.696298177242279,0.5,0.4982078853046595,0.45663600525624176,0.47651696948920125,0.5400788436268068
"[0, 27, 1, 0, 4, 131, 0, 0, 7, 0, 0, 0, 7, 0, 0, 0, 7, 0, 0, 0, 7, 0, 0, 0, 7, 0, 0, 0, 4, 265, 0, 0, 7, 0, 0, 0, 7, 0, 0, 0, 7, 0, 0, 0, 7, 0, 0, 0]",0.6932830095291138,0.5,0.49877949552481693,0.40275952693823913,0.445656125045438,0.59526938239159
"[6, 4, 4, 0, 0, 6, 1, 0, 8, 2, 2, 0, 2, 0, 0, 0, 7, 0, 0, 0, 1, 4, 0, 0, 7, 0, 0, 0, 7, 0, 0, 0, 8, 2, 1, 0, 1, 4, 0, 0, 7, 0, 0, 0, 5, 0, 0, 0]",0.6965218019485474,0.5,0.49169435215946844,0.48620236530880423,0.48893293690122236,0.4973718791064389
"[2, 0, 0, 0, 2, 1, 0, 0, 6, 56, 4, 0, 1, 56, 0, 0, 2, 0, 0, 0, 7, 0, 0, 0, 7, 0, 0, 0, 1, 4, 0, 0, 3, 0, 0, 0, 4, 243, 0, 0, 4, 193, 0, 0, 7, 0, 0, 0]",0.6943939256668091,0.5,0.4935515873015873,0.6537450722733246,0.562464669304692,0.3291721419185282
"[7, 0, 0, 0, 6, 48, 1, 0, 7, 0, 0, 0, 1, 4, 0, 0, 2, 1, 0, 0, 7, 0, 0, 0, 8, 2, 1, 0, 7, 0, 0, 0, 2, 0, 0, 0, 0, 13, 0, 0, 3, 0, 0, 0, 1, 4, 0, 0]",0.7030231118202209,0.5,0.4860010565240359,0.6044678055190539,0.5387994143484627,0.3607095926412615
"[4, 447, 0, 0, 7, 0, 0, 0, 7, 0, 0, 0, 7, 0, 0, 0, 1, 4, 0, 0, 7, 0, 0, 0, 7, 0, 0, 0, 7, 0, 0, 0, 7, 0, 0, 0, 7, 0, 0, 0, 7, 0, 0, 0, 7, 0, 0, 0]",0.6935719895362854,0.5,0.4901587301587302,0.507227332457293,0.4985469809493058,0.4724047306176084
"[2, 1, 0, 0, 3, 0, 0, 0, 0, 23, 1, 0, 1, 23, 0, 0, 7, 0, 0, 0, 8, 2, 1, 0, 5, 0, 0, 0, 7, 0, 0, 0, 7, 0, 0, 0, 7, 0, 0, 0, 7, 0, 0, 0, 7, 0, 0, 0]",0.7069699907302857,0.5,0.4969574036511156,0.48291721419185285,0.489836721092969,0.5111695137976346
"[4, 501, 0, 0, 4, 424, 0, 0, 7, 0, 0, 0, 7, 0, 0, 0, 4, 381, 0, 0, 4, 148, 0, 0, 7, 0, 0, 0, 7, 0, 0, 0, 7, 0, 0, 0, 7, 0, 0, 0, 1, 4, 0, 0, 7, 0, 0, 0]",0.6929775524139404,0.5,0.4996114996114996,0.42247043363994746,0.45781416874332503,0.5768725361366623
"[5, 0, 0, 0, 4, 174, 0, 0, 7, 0, 0, 0, 4, 367, 0, 0, 7, 0, 0, 0, 7, 0, 0, 0, 7, 0, 0, 0, 7, 0, 0, 0, 7, 0, 0, 0, 7, 0, 0, 0, 7, 0, 0, 0, 1, 4, 0, 0]",0.6935584282875061,0.5,0.5161971830985915,0.4816031537450723,0.4983004758667573,0.5486202365308804
"[2, 1, 0, 0, 0, 17, 1, 0, 8, 1, 2, 0, 6, 12, 4, 0, 8, 3, 2, 0, 7, 0, 0, 0, 2, 0, 0, 0, 8, 3, 2, 0, 2, 1, 0, 0, 3, 0, 0, 0, 7, 0, 0, 0, 2, 0, 0, 0]",0.6932079577445984,0.5,0.5137751303052867,0.4533508541392904,0.4816753926701571,0.5709592641261498
"[1, 4, 0, 0, 8, 1, 1, 0, 7, 0, 0, 0, 6, 20, 4, 0, 7, 0, 0, 0, 7, 0, 0, 0, 1, 4, 0, 0, 4, 223, 0, 0, 7, 0, 0, 0, 4, 452, 0, 0, 7, 0, 0, 0, 7, 0, 0, 0]",0.6934330892562867,0.5,0.5065292096219931,0.48423127463863336,0.49512932482364796,0.5282522996057819
"[3, 0, 0, 0, 4, 339, 0, 0, 7, 0, 0, 0, 7, 0, 0, 0, 1, 4, 0, 0, 7, 0, 0, 0, 7, 0, 0, 0, 1, 4, 0, 0, 7, 0, 0, 0, 7, 0, 0, 0, 1, 4, 0, 0, 7, 0, 0, 0]",0.6965473461151123,0.5,0.5154798761609907,0.4375821287779238,0.47334754797441364,0.5886990801576872
"[7, 0, 0, 0, 0, 24, 0, 0, 6, 5, 1, 0, 1, 5, 0, 0, 8, 2, 1, 0, 7, 0, 0, 0, 0, 24, 1, 0, 4, 74, 0, 0, 1, 4, 0, 0, 7, 0, 0, 0, 7, 0, 0, 0, 7, 0, 0, 0]",0.6955776405334473,0.5,0.48176718092566617,0.45137976346911957,0.466078697421981,0.514454664914586
"[6, 32, 4, 0, 7, 0, 0, 0, 2, 0, 0, 0, 7, 0, 0, 0, 1, 4, 0, 0, 7, 0, 0, 0, 8, 1, 1, 0, 0, 28, 1, 0, 3, 0, 0, 0, 2, 0, 0, 0, 7, 0, 0, 0, 5, 0, 0, 0]",0.694596700668335,0.5,0.5133689839572193,0.44152431011826543,0.4747439067467326,0.5814717477003942
"[8, 0, 1, 0, 8, 1, 1, 0, 7, 0, 0, 0, 4, 477, 0, 0, 7, 0, 0, 0, 7, 0, 0, 0, 4, 93, 0, 0, 7, 0, 0, 0, 1, 4, 0, 0, 4, 449, 0, 0, 1, 4, 0, 0, 7, 0, 0, 0]",0.6932663655281067,0.5,0.5039630118890357,0.5013140604467805,0.502635046113307,0.5065703022339028
"[2, 0, 0, 0, 2, 0, 0, 0, 7, 0, 0, 0, 3, 0, 0, 0, 3, 0, 0, 0, 3, 0, 0, 0, 0, 29, 0, 0, 2, 0, 0, 0, 1, 4, 0, 0, 7, 0, 0, 0, 2, 1, 0, 0, 6, 12, 4, 0]",0.694317102432251,0.5,0.49297495418448384,0.5302233902759527,0.5109211775878443,0.45466491458607095
"[1, 4, 0, 0, 4, 213, 0, 0, 1, 4, 0, 0, 7, 0, 0, 0, 7, 0, 0, 0, 4, 290, 0, 0, 7, 0, 0, 0, 1, 4, 0, 0, 7, 0, 0, 0, 7, 0, 0, 0, 4, 156, 0, 0, 7, 0, 0, 0]",0.6936933445930481,0.5,0.4979020979020979,0.46780551905387646,0.4823848238482385,0.5282522996057819
"[3, 0, 0, 0, 7, 0, 0, 0, 3, 0, 0, 0, 7, 0, 0, 0, 8, 1, 1, 0, 4, 309, 0, 0, 7, 0, 0, 0, 7, 0, 0, 0, 7, 0, 0, 0, 7, 0, 0, 0, 1, 4, 0, 0, 7, 0, 0, 0]",0.6959098196029663,0.5,0.49768058316766073,0.49342969776609724,0.49554602441438467,0.5019710906701709
"[8, 0, 2, 0, 8, 1, 1, 0, 7, 0, 0, 0, 7, 0, 0, 0, 3, 0, 0, 0, 1, 4, 0, 0, 1, 4, 0, 0, 4, 164, 0, 0, 7, 0, 0, 0, 7, 0, 0, 0, 7, 0, 0, 0, 4, 45, 0, 0]",0.6945126032829285,0.5,0.49964862965565704,0.4671484888304862,0.4828522920203735,0.5321944809461235
"[7, 0, 0, 0, 1, 4, 0, 0, 4, 409, 0, 0, 7, 0, 0, 0, 7, 0, 0, 0, 7, 0, 0, 0, 7, 0, 0, 0, 7, 0, 0, 0, 7, 0, 0, 0, 7, 0, 0, 0, 7, 0, 0, 0, 7, 0, 0, 0]",0.694349262714386,0.5,0.5248525695029486,0.40932982917214195,0.4599483204134367,0.6294349540078844
"[2, 1, 0, 0, 7, 0, 0, 0, 1, 4, 0, 0, 2, 0, 0, 0, 7, 0, 0, 0, 4, 433, 0, 0, 7, 0, 0, 0, 7, 0, 0, 0, 7, 0, 0, 0, 7, 0, 0, 0, 7, 0, 0, 0, 7, 0, 0, 0]",0.6939408469200135,0.5,0.4948948948948949,0.5413929040735874,0.5171007216818324,0.44743758212877793
"[8, 0, 1, 0, 0, 10, 0, 0, 7, 0, 0, 0, 2, 1, 0, 0, 8, 1, 1, 0, 1, 4, 0, 0, 3, 0, 0, 0, 7, 0, 0, 0, 5, 0, 0, 0, 4, 475, 0, 0, 7, 0, 0, 0, 4, 67, 0, 0]",0.6939351415634155,0.5,0.49503722084367247,0.5243101182654402,0.5092533503509892,0.4651773981603154
"[6, 16, 4, 0, 1, 16, 0, 0, 4, 59, 0, 0, 7, 0, 0, 0, 4, 52, 0, 0, 7, 0, 0, 0, 7, 0, 0, 0, 7, 0, 0, 0, 7, 0, 0, 0, 7, 0, 0, 0, 7, 0, 0, 0, 7, 0, 0, 0]",0.6943295955657959,0.5,0.5022321428571429,0.5913272010512484,0.5431502715751357,0.41392904073587383
"[6, 20, 4, 0, 7, 0, 0, 0, 4, 434, 0, 0, 7, 0, 0, 0, 7, 0, 0, 0, 7, 0, 0, 0, 7, 0, 0, 0, 7, 0, 0, 0, 7, 0, 0, 0, 7, 0, 0, 0, 7, 0, 0, 0, 1, 4, 0, 0]",0.696428050994873,0.5,0.49611011370436864,0.5446780551905388,0.5192608831819605,0.4467805519053876
"[7, 0, 0, 0, 5, 0, 0, 0, 4, 472, 0, 0, 1, 4, 0, 0, 7, 0, 0, 0, 7, 0, 0, 0, 7, 0, 0, 0, 7, 0, 0, 0, 7, 0, 0, 0, 7, 0, 0, 0, 7, 0, 0, 0, 7, 0, 0, 0]",0.6940448164939881,0.5,0.4945308002302821,0.5643889618922471,0.527155569193004,0.4231274638633377
"[3, 0, 0, 0, 0, 15, 0, 0, 6, 21, 3, 0, 4, 63, 0, 0, 7, 0, 0, 0, 7, 0, 0, 0, 7, 0, 0, 0, 7, 0, 0, 0, 1, 4, 0, 0, 1, 4, 0, 0, 7, 0, 0, 0, 7, 0, 0, 0]",0.6970419812202454,0.5,0.5085281111813014,0.5289093298291722,0.5185185185185185,0.4888304862023653
"[4, 283, 0, 0, 7, 0, 0, 0, 7, 0, 0, 0, 4, 501, 0, 0, 7, 0, 0, 0, 7, 0, 0, 0, 7, 0, 0, 0, 4, 422, 0, 0, 7, 0, 0, 0, 7, 0, 0, 0, 7, 0, 0, 0, 7, 0, 0, 0]",0.6932558512687683,0.5,0.5091463414634146,0.43889618922470436,0.47141848976711365,0.5768725361366623
"[1, 4, 0, 0, 1, 4, 0, 0, 7, 0, 0, 0, 7, 0, 0, 0, 2, 0, 0, 0, 7, 0, 0, 0, 0, 10, 0, 0, 1, 10, 0, 0, 7, 0, 0, 0, 7, 0, 0, 0, 8, 3, 1, 0, 0, 24, 0, 0]",0.6932400941848755,0.5,0.5050441361916772,0.526281208935611,0.5154440154440154,0.48423127463863336
"[6, 8, 4, 0, 4, 302, 0, 0, 7, 0, 0, 0, 7, 0, 0, 0, 7, 0, 0, 0, 4, 333, 0, 0, 1, 4, 0, 0, 4, 393, 0, 0, 7, 0, 0, 0, 7, 0, 0, 0, 7, 0, 0, 0, 7, 0, 0, 0]",0.693187415599823,0.5,0.48297213622291024,0.5124835742444153,0.49729040484539366,0.45137976346911957
"[1, 4, 0, 0, 5, 0, 0, 0, 7, 0, 0, 0, 8, 2, 2, 0, 1, 4, 0, 0, 7, 0, 0, 0, 3, 0, 0, 0, 7, 0, 0, 0, 4, 71, 0, 0, 7, 0, 0, 0, 4, 481, 0, 0, 7, 0, 0, 0]",0.6941827464103699,0.5,0.49034749034749037,0.5006570302233903,0.49544863459037713,0.47963206307490147
"[1, 4, 0, 0, 7, 0, 0, 0, 3, 0, 0, 0, 7, 0, 0, 0, 3, 0, 0, 0, 0, 18, 0, 0, 4, 425, 0, 0, 7, 0, 0, 0, 7, 0, 0, 0, 7, 0, 0, 0, 4, 341, 0, 0, 7, 0, 0, 0]",0.6930222129821777,0.5,0.5151280062063616,0.43626806833114323,0.4724297403059409,0.5893561103810775
"[0, 9, 1, 0, 3, 0, 0, 0, 4, 250, 0, 0, 7, 0, 0, 0, 7, 0, 0, 0, 7, 0, 0, 0, 7, 0, 0, 0, 7, 0, 0, 0, 7, 0, 0, 0, 7, 0, 0, 0, 7, 0, 0, 0, 7, 0, 0, 0]",0.6931843709945679,0.5,0.5064516129032258,0.5157687253613666,0.5110677083333334,0.4973718791064389
"[7, 0, 0, 0, 6, 32, 4, 0, 2, 0, 0, 0, 2, 1, 0, 0, 7, 0, 0, 0, 4, 432, 0, 0, 1, 4, 0, 0, 4, 368, 0, 0, 4, 420, 0, 0, 7, 0, 0, 0, 7, 0, 0, 0, 7, 0, 0, 0]",0.6930494213104248,0.5,0.5074050225370251,0.5177398160315374,0.5125203252032521,0.4973718791064389
"[8, 0, 1, 0, 3, 0, 0, 0, 2, 0, 0, 0, 6, 56, 4, 0, 8, 3, 1, 0, 5, 0, 0, 0, 7, 0, 0, 0, 1, 4, 0, 0, 8, 1, 2, 0, 7, 0, 0, 0, 3, 0, 0, 0, 4, 236, 0, 0]",0.6958457636833191,0.5,0.49173553719008267,0.5473061760840998,0.5180348258706468,0.4342969776609724
"[8, 0, 1, 0, 1, 4, 0, 0, 6, 56, 4, 0, 0, 31, 1, 0, 7, 0, 0, 0, 4, 392, 0, 0, 7, 0, 0, 0, 4, 54, 0, 0, 7, 0, 0, 0, 7, 0, 0, 0, 7, 0, 0, 0, 4, 257, 0, 0]",0.6933458304405212,0.5,0.5040485829959515,0.4908015768725361,0.4973368841544607,0.5170827858081471
"[0, 10, 0, 0, 1, 10, 0, 0, 2, 0, 0, 0, 3, 0, 0, 0, 1, 4, 0, 0, 5, 0, 0, 0, 7, 0, 0, 0, 8, 1, 1, 0, 7, 0, 0, 0, 7, 0, 0, 0, 7, 0, 0, 0, 8, 2, 2, 0]",0.7052608418464661,0.5,0.5121781489213639,0.4835742444152431,0.4974653599188915,0.5394218134034166
"[4, 395, 0, 0, 7, 0, 0, 0, 7, 0, 0, 0, 7, 0, 0, 0, 7, 0, 0, 0, 7, 0, 0, 0, 7, 0, 0, 0, 7, 0, 0, 0, 7, 0, 0, 0, 7, 0, 0, 0, 7, 0, 0, 0, 7, 0, 0, 0]",0.6932804584503174,0.5,0.49561699258260283,0.48291721419185285,0.4891846921797005,0.5085413929040736
"[3, 0, 0, 0, 2, 1, 0, 0, 2, 0, 0, 0, 3, 0, 0, 0, 3, 0, 0, 0, 2, 0, 0, 0, 3, 0, 0, 0, 6, 32, 4, 0, 1, 32, 0, 0, 7, 0, 0, 0, 7, 0, 0, 0, 2, 1, 0, 0]",0.7084082555770874,0.5,0.5148305084745762,0.47897503285151116,0.49625595643294756,0.5486202365308804
"[8, 0, 2, 0, 0, 20, 1, 0, 0, 29, 1, 0, 3, 0, 0, 0, 2, 1, 0, 0, 4, 388, 0, 0, 4, 110, 0, 0, 1, 4, 0, 0, 7, 0, 0, 0, 7, 0, 0, 0, 7, 0, 0, 0, 7, 0, 0, 0]",0.6940069127082825,0.5,0.4948311509303928,0.47174770039421815,0.48301379078372014,0.5183968462549278
"[4, 108, 0, 0, 7, 0, 0, 0, 7, 0, 0, 0, 7, 0, 0, 0, 7, 0, 0, 0, 1, 4, 0, 0, 1, 4, 0, 0, 7, 0, 0, 0, 7, 0, 0, 0, 4, 63, 0, 0, 7, 0, 0, 0, 7, 0, 0, 0]",0.6938795924186707,0.5,0.49783549783549785,0.6044678055190539,0.5459940652818991,0.3902759526938239
"[7, 0, 0, 0, 0, 12, 1, 0, 7, 0, 0, 0, 0, 6, 1, 0, 7, 0, 0, 0, 6, 36, 4, 0, 7, 0, 0, 0, 3, 0, 0, 0, 1, 4, 0, 0, 3, 0, 0, 0, 0, 11, 0, 0, 7, 0, 0, 0]",0.693962037563324,0.5,0.504649721016739,0.5348226018396847,0.519298245614035,0.47503285151116953
"[7, 0, 0, 0, 7, 0, 0, 0, 2, 0, 0, 0, 3, 0, 0, 0, 2, 0, 0, 0, 4, 46, 0, 0, 7, 0, 0, 0, 7, 0, 0, 0, 7, 0, 0, 0, 4, 108, 0, 0, 4, 353, 0, 0, 7, 0, 0, 0]",0.6933578276634216,0.5,0.510899182561308,0.492772667542707,0.5016722408026756,0.5282522996057819
"[0, 19, 1, 0, 6, 46, 2, 0, 3, 0, 0, 0, 7, 0, 0, 0, 7, 0, 0, 0, 2, 1, 0, 0, 4, 402, 0, 0, 7, 0, 0, 0, 7, 0, 0, 0, 7, 0, 0, 0, 7, 0, 0, 0, 7, 0, 0, 0]",0.6932861733436585,0.5,0.5099656357388316,0.48751642575558474,0.49848841115216663,0.5315374507227333
"[6, 12, 3, 0, 7, 0, 0, 0, 7, 0, 0, 0, 4, 406, 0, 0, 7, 0, 0, 0, 4, 66, 0, 0, 7, 0, 0, 0, 7, 0, 0, 0, 7, 0, 0, 0, 7, 0, 0, 0, 7, 0, 0, 0, 7, 0, 0, 0]",0.6934608626365661,0.5,0.49959448499594483,0.40473061760841,0.4471869328493648,0.5946123521681997
"[7, 0, 0, 0, 2, 1, 0, 0, 8, 2, 2, 0, 7, 0, 0, 0, 7, 0, 0, 0, 6, 12, 4, 0, 7, 0, 0, 0, 0, 8, 1, 0, 5, 0, 0, 0, 4, 446, 0, 0, 7, 0, 0, 0, 7, 0, 0, 0]",0.6931131076812744,0.5,0.5058670143415906,0.5098554533508541,0.5078534031413613,0.5019710906701709
"[0, 25, 0, 0, 8, 1, 1, 0, 7, 0, 0, 0, 7, 0, 0, 0, 5, 0, 0, 0, 4, 473, 0, 0, 7, 0, 0, 0, 1, 4, 0, 0, 7, 0, 0, 0, 7, 0, 0, 0, 1, 4, 0, 0, 7, 0, 0, 0]",0.6949617576599121,0.5,0.5015713387806411,0.5243101182654402,0.512688724702859,0.47897503285151116
"[7, 0, 0, 0, 8, 1, 1, 0, 6, 36, 4, 0, 7, 0, 0, 0, 0, 5, 0, 0, 2, 0, 0, 0, 2, 0, 0, 0, 8, 3, 2, 0, 8, 3, 2, 0, 1, 4, 0, 0, 1, 4, 0, 0, 4, 278, 0, 0]",0.6937708830833436,0.5,0.49911920140927774,0.5584756898817346,0.5271317829457365,0.4395532194480946
"[7, 0, 0, 0, 6, 10, 1, 0, 7, 0, 0, 0, 8, 1, 2, 0, 3, 0, 0, 0, 1, 4, 0, 0, 3, 0, 0, 0, 7, 0, 0, 0, 7, 0, 0, 0, 7, 0, 0, 0, 7, 0, 0, 0, 8, 3, 2, 0]",0.705584909915924,0.5,0.49145785876993164,0.5670170827858082,0.5265405735204393,0.4132720105124836
"[3, 0, 0, 0, 6, 51, 3, 0, 4, 204, 0, 0, 7, 0, 0, 0, 7, 0, 0, 0, 7, 0, 0, 0, 7, 0, 0, 0, 7, 0, 0, 0, 4, 384, 0, 0, 7, 0, 0, 0, 7, 0, 0, 0, 7, 0, 0, 0]",0.6932826614379883,0.5,0.5119726339794755,0.5900131406044679,0.5482295482295483,0.4375821287779238
"[4, 299, 0, 0, 1, 4, 0, 0, 7, 0, 0, 0, 7, 0, 0, 0, 7, 0, 0, 0, 7, 0, 0, 0, 7, 0, 0, 0, 1, 4, 0, 0, 7, 0, 0, 0, 7, 0, 0, 0, 7, 0, 0, 0, 4, 100, 0, 0]",0.6936772012710571,0.5,0.5056518462697814,0.4408672798948752,0.47104247104247104,0.568988173455979
"[2, 0, 0, 0, 7, 0, 0, 0, 4, 24, 0, 0, 7, 0, 0, 0, 7, 0, 0, 0, 7, 0, 0, 0, 7, 0, 0, 0, 7, 0, 0, 0, 7, 0, 0, 0, 7, 0, 0, 0, 7, 0, 0, 0, 7, 0, 0, 0]",0.6955011463165284,0.5,0.49809885931558934,0.5164257555847569,0.5070967741935484,0.47963206307490147
"[6, 52, 4, 0, 3, 0, 0, 0, 7, 0, 0, 0, 2, 1, 0, 0, 7, 0, 0, 0, 8, 1, 1, 0, 8, 2, 2, 0, 3, 0, 0, 0, 7, 0, 0, 0, 0, 26, 1, 0, 7, 0, 0, 0, 1, 4, 0, 0]",0.7095047450065612,0.5,0.49649904519414384,0.5124835742444153,0.504364694471387,0.4802890932982917
"[8, 0, 1, 0, 4, 29, 0, 0, 7, 0, 0, 0, 7, 0, 0, 0, 7, 0, 0, 0, 4, 471, 0, 0, 1, 4, 0, 0, 7, 0, 0, 0, 7, 0, 0, 0, 7, 0, 0, 0, 4, 136, 0, 0, 7, 0, 0, 0]",0.6936469388008117,0.5,0.5048840048840049,0.5433639947437582,0.5234177215189874,0.4671484888304862
"[7, 0, 0, 0, 4, 315, 0, 0, 4, 200, 0, 0, 1, 4, 0, 0, 7, 0, 0, 0, 4, 505, 0, 0, 7, 0, 0, 0, 7, 0, 0, 0, 7, 0, 0, 0, 1, 4, 0, 0, 4, 303, 0, 0, 7, 0, 0, 0]",0.6931650233268738,0.5,0.49364021804966685,0.5354796320630749,0.5137094232587457,0.4507227332457293
"[2, 0, 0, 0, 6, 44, 4, 0, 4, 195, 0, 0, 7, 0, 0, 0, 7, 0, 0, 0, 7, 0, 0, 0, 7, 0, 0, 0, 7, 0, 0, 0, 7, 0, 0, 0, 7, 0, 0, 0, 1, 4, 0, 0, 7, 0, 0, 0]",0.6961078763008117,0.5,0.5009523809523809,0.3455978975032852,0.40902021772939345,0.6557161629434954
"[6, 52, 4, 0, 7, 0, 0, 0, 1, 4, 0, 0, 7, 0, 0, 0, 4, 296, 0, 0, 7, 0, 0, 0, 1, 4, 0, 0, 4, 502, 0, 0, 7, 0, 0, 0, 7, 0, 0, 0, 7, 0, 0, 0, 7, 0, 0, 0]",0.6938096904754638,0.5,0.5191780821917809,0.4980289093298292,0.5083836351441985,0.5387647831800263
"[6, 12, 3, 0, 8, 1, 1, 0, 2, 0, 0, 0, 8, 2, 2, 0, 0, 4, 1, 0, 3, 0, 0, 0, 2, 0, 0, 0, 2, 0, 0, 0, 7, 0, 0, 0, 7, 0, 0, 0, 3, 0, 0, 0, 7, 0, 0, 0]",0.6930338597297668,0.5,0.4976109215017065,0.47897503285151116,0.4881151657181118,0.5164257555847569
"[4, 319, 0, 0, 7, 0, 0, 0, 7, 0, 0, 0, 7, 0, 0, 0, 1, 4, 0, 0, 1, 4, 0, 0, 7, 0, 0, 0, 1, 4, 0, 0, 7, 0, 0, 0, 1, 4, 0, 0, 7, 0, 0, 0, 7, 0, 0, 0]",0.6947039103507996,0.5,0.48520345252774355,0.5170827858081471,0.5006361323155216,0.45137976346911957
"[7, 0, 0, 0, 0, 26, 1, 0, 4, 5, 0, 0, 7, 0, 0, 0, 4, 104, 0, 0, 7, 0, 0, 0, 7, 0, 0, 0, 4, 211, 0, 0, 1, 4, 0, 0, 1, 4, 0, 0, 7, 0, 0, 0, 7, 0, 0, 0]",0.69338552236557,0.5,0.4966139954853273,0.4336399474375821,0.4629954401964223,0.5604467805519053
"[5, 0, 0, 0, 7, 0, 0, 0, 3, 0, 0, 0, 1, 4, 0, 0, 7, 0, 0, 0, 4, 464, 0, 0, 7, 0, 0, 0, 7, 0, 0, 0, 7, 0, 0, 0, 7, 0, 0, 0, 7, 0, 0, 0, 7, 0, 0, 0]",0.6974042391777039,0.5,0.5190311418685121,0.492772667542707,0.5055611729019212,0.5433639947437582
"[8, 0, 2, 0, 7, 0, 0, 0, 3, 0, 0, 0, 2, 1, 0, 0, 0, 19, 0, 0, 7, 0, 0, 0, 2, 1, 0, 0, 1, 4, 0, 0, 2, 1, 0, 0, 3, 0, 0, 0, 3, 0, 0, 0, 2, 1, 0, 0]",0.7175333333015442,0.5,0.5124378109452736,0.47371879106438897,0.49231819733697507,0.5492772667542707
"[0, 18, 1, 0, 7, 0, 0, 0, 2, 0, 0, 0, 7, 0, 0, 0, 2, 0, 0, 0, 2, 1, 0, 0, 7, 0, 0, 0, 6, 32, 4, 0, 4, 364, 0, 0, 7, 0, 0, 0, 7, 0, 0, 0, 7, 0, 0, 0]",0.6934699964523315,0.5,0.49793956043956045,0.4763469119579501,0.48690396239086636,0.5197109067017083
"[3, 0, 0, 0, 1, 4, 0, 0, 3, 0, 0, 0, 1, 4, 0, 0, 3, 0, 0, 0, 6, 48, 4, 0, 2, 0, 0, 0, 3, 0, 0, 0, 8, 1, 2, 0, 0, 13, 1, 0, 7, 0, 0, 0, 5, 0, 0, 0]",0.6930808091163635,0.5,0.49287410926365793,0.545335085413929,0.5177791640673737,0.43889618922470436
"[6, 48, 2, 0, 5, 0, 0, 0, 4, 503, 0, 0, 7, 0, 0, 0, 7, 0, 0, 0, 7, 0, 0, 0, 7, 0, 0, 0, 7, 0, 0, 0, 7, 0, 0, 0, 7, 0, 0, 0, 7, 0, 0, 0, 1, 4, 0, 0]",0.6938743591308594,0.5,0.4942294636795655,0.4783180026281209,0.4861435726210351,0.5105124835742444
"[0, 6, 0, 0, 7, 0, 0, 0, 0, 5, 1, 0, 6, 12, 1, 0, 4, 62, 0, 0, 7, 0, 0, 0, 7, 0, 0, 0, 7, 0, 0, 0, 4, 221, 0, 0, 4, 357, 0, 0, 7, 0, 0, 0, 7, 0, 0, 0]",0.6930260801315308,0.5,0.49929278642149927,0.46386333771353483,0.48092643051771117,0.5348226018396847
"[2, 1, 0, 0, 0, 31, 0, 0, 4, 204, 0, 0, 7, 0, 0, 0, 7, 0, 0, 0, 4, 394, 0, 0, 7, 0, 0, 0, 7, 0, 0, 0, 7, 0, 0, 0, 4, 43, 0, 0, 1, 4, 0, 0, 4, 307, 0, 0]",0.6932372403144836,0.5,0.5016465422612514,0.6005256241787122,0.5466507177033493,0.40341655716162944
"[7, 0, 0, 0, 4, 277, 0, 0, 7, 0, 0, 0, 7, 0, 0, 0, 7, 0, 0, 0, 7, 0, 0, 0, 7, 0, 0, 0, 4, 94, 0, 0, 7, 0, 0, 0, 7, 0, 0, 0, 4, 453, 0, 0, 7, 0, 0, 0]",0.6934287977218628,0.5,0.50446791226645,0.4080157687253614,0.45114420632037777,0.5992115637319316
"[4, 36, 0, 0, 7, 0, 0, 0, 7, 0, 0, 0, 7, 0, 0, 0, 7, 0, 0, 0, 4, 65, 0, 0, 7, 0, 0, 0, 7, 0, 0, 0, 7, 0, 0, 0, 7, 0, 0, 0, 7, 0, 0, 0, 7, 0, 0, 0]",0.6940752577781677,0.5,0.5183795948987246,0.4540078843626807,0.4840630472854641,0.5781865965834428
"[7, 0, 0, 0, 6, 44, 4, 0, 2, 0, 0, 0, 8, 1, 2, 0, 8, 3, 2, 0, 0, 4, 1, 0, 7, 0, 0, 0, 1, 4, 0, 0, 3, 0, 0, 0, 1, 4, 0, 0, 1, 4, 0, 0, 1, 4, 0, 0]",0.7041414523124695,0.5,0.5065008479366874,0.5886990801576872,0.5445153448799757,0.4264126149802891
"[7, 0, 0, 0, 6, 42, 1, 0, 1, 42, 0, 0, 0, 13, 0, 0, 7, 0, 0, 0, 0, 9, 1, 0, 1, 9, 0, 0, 8, 1, 2, 0, 5, 0, 0, 0, 4, 463, 0, 0, 7, 0, 0, 0, 7, 0, 0, 0]",0.696821415424347,0.5,0.5003211303789339,0.511826544021025,0.5060084443000974,0.4888304862023653
"[3, 0, 0, 0, 2, 1, 0, 0, 4, 193, 0, 0, 7, 0, 0, 0, 4, 348, 0, 0, 7, 0, 0, 0, 7, 0, 0, 0, 1, 4, 0, 0, 7, 0, 0, 0, 7, 0, 0, 0, 7, 0, 0, 0, 7, 0, 0, 0]",0.6935849857330322,0.5,0.5061728395061729,0.48488830486202367,0.49530201342281877,0.5269382391590013
"[0, 11, 1, 0, 4, 6, 0, 0, 7, 0, 0, 0, 7, 0, 0, 0, 7, 0, 0, 0, 7, 0, 0, 0, 7, 0, 0, 0, 7, 0, 0, 0, 7, 0, 0, 0, 7, 0, 0, 0, 1, 4, 0, 0, 7, 0, 0, 0]",0.6993137073516845,0.5,0.5035054174633524,0.519053876478318,0.5111614364283403,0.48817345597897505
"[4, 191, 0, 0, 7, 0, 0, 0, 7, 0, 0, 0, 7, 0, 0, 0, 1, 4, 0, 0, 7, 0, 0, 0, 7, 0, 0, 0, 1, 4, 0, 0, 1, 4, 0, 0, 7, 0, 0, 0, 7, 0, 0, 0, 7, 0, 0, 0]",0.6960210752487183,0.5,0.501628664495114,0.5059132720105125,0.5037618580307491,0.4973718791064389
"[0, 20, 0, 0, 6, 16, 4, 0, 4, 369, 0, 0, 7, 0, 0, 0, 7, 0, 0, 0, 7, 0, 0, 0, 7, 0, 0, 0, 4, 86, 0, 0, 1, 4, 0, 0, 7, 0, 0, 0, 4, 231, 0, 0, 7, 0, 0, 0]",0.6933132696151734,0.5,0.5,0.47109067017082784,0.4851150202976996,0.5289093298291722
"[0, 19, 1, 0, 7, 0, 0, 0, 6, 36, 4, 0, 4, 506, 0, 0, 7, 0, 0, 0, 7, 0, 0, 0, 1, 4, 0, 0, 7, 0, 0, 0, 7, 0, 0, 0, 4, 173, 0, 0, 7, 0, 0, 0, 7, 0, 0, 0]",0.6936643266677857,0.5,0.5025575447570333,0.5164257555847569,0.509397278029812,0.4888304862023653
"[8, 0, 2, 0, 7, 0, 0, 0, 0, 21, 0, 0, 2, 0, 0, 0, 7, 0, 0, 0, 2, 0, 0, 0, 2, 1, 0, 0, 7, 0, 0, 0, 2, 0, 0, 0, 0, 22, 0, 0, 8, 2, 1, 0, 4, 401, 0, 0]",0.6931897020339965,0.5,0.5156141568355309,0.48817345597897505,0.5015187310158623,0.5413929040735874
"[4, 393, 0, 0, 7, 0, 0, 0, 7, 0, 0, 0, 7, 0, 0, 0, 7, 0, 0, 0, 7, 0, 0, 0, 7, 0, 0, 0, 7, 0, 0, 0, 7, 0, 0, 0, 7, 0, 0, 0, 4, 68, 0, 0, 1, 4, 0, 0]",0.693733606338501,0.5,0.4892227302416721,0.4921156373193167,0.4906649197510645,0.48620236530880423
"[7, 0, 0, 0, 8, 1, 2, 0, 4, 420, 0, 0, 7, 0, 0, 0, 1, 4, 0, 0, 7, 0, 0, 0, 7, 0, 0, 0, 4, 149, 0, 0, 7, 0, 0, 0, 7, 0, 0, 0, 7, 0, 0, 0, 4, 177, 0, 0]",0.6935233664512634,0.5,0.5116588940706196,0.5045992115637319,0.5081045319219318,0.5183968462549278
"[0, 22, 0, 0, 2, 0, 0, 0, 2, 0, 0, 0, 8, 3, 1, 0, 6, 36, 4, 0, 1, 36, 0, 0, 7, 0, 0, 0, 7, 0, 0, 0, 4, 309, 0, 0, 7, 0, 0, 0, 7, 0, 0, 0, 7, 0, 0, 0]",0.6959902620315552,0.5,0.49584664536741213,0.5098554533508541,0.502753482345319,0.4816031537450723
"[1, 4, 0, 0, 4, 214, 0, 0, 1, 4, 0, 0, 1, 4, 0, 0, 7, 0, 0, 0, 7, 0, 0, 0, 7, 0, 0, 0, 7, 0, 0, 0, 1, 4, 0, 0, 7, 0, 0, 0, 1, 4, 0, 0, 7, 0, 0, 0]",0.6955544352531433,0.5,0.49394518801784576,0.5091984231274639,0.5014558395341313,0.4783180026281209
"[5, 0, 0, 0, 7, 0, 0, 0, 7, 0, 0, 0, 3, 0, 0, 0, 7, 0, 0, 0, 7, 0, 0, 0, 7, 0, 0, 0, 7, 0, 0, 0, 7, 0, 0, 0, 7, 0, 0, 0, 3, 0, 0, 0, 7, 0, 0, 0]",0.6947301840782165,0.5,0.49521322889469105,0.37385019710906703,0.4260576563084987,0.6189224704336399
"[7, 0, 0, 0, 1, 4, 0, 0, 3, 0, 0, 0, 2, 0, 0, 0, 8, 3, 2, 0, 4, 413, 0, 0, 7, 0, 0, 0, 7, 0, 0, 0, 7, 0, 0, 0, 7, 0, 0, 0, 7, 0, 0, 0, 7, 0, 0, 0]",0.6952693891525269,0.5,0.506357516828721,0.4448094612352168,0.47359216509268975,0.5663600525624178
"[4, 158, 0, 0, 7, 0, 0, 0, 7, 0, 0, 0, 7, 0, 0, 0, 4, 374, 0, 0, 7, 0, 0, 0, 1, 4, 0, 0, 7, 0, 0, 0, 7, 0, 0, 0, 7, 0, 0, 0, 4, 73, 0, 0, 7, 0, 0, 0]",0.6933358454704285,0.5,0.48825503355704697,0.573587385019711,0.5274924471299094,0.3988173455978975
"[4, 338, 0, 0, 7, 0, 0, 0, 7, 0, 0, 0, 1, 4, 0, 0, 7, 0, 0, 0, 7, 0, 0, 0, 7, 0, 0, 0, 7, 0, 0, 0, 4, 147, 0, 0, 7, 0, 0, 0, 7, 0, 0, 0, 7, 0, 0, 0]",0.6941335844993591,0.5,0.509271523178808,0.5052562417871223,0.5072559366754618,0.5131406044678055
"[2, 0, 0, 0, 4, 481, 0, 0, 1, 4, 0, 0, 7, 0, 0, 0, 7, 0, 0, 0, 4, 438, 0, 0, 7, 0, 0, 0, 7, 0, 0, 0, 7, 0, 0, 0, 7, 0, 0, 0, 7, 0, 0, 0, 7, 0, 0, 0]",0.6937109470367432,0.5,0.5146561443066516,0.599868593955322,0.554004854368932,0.4342969776609724
"[0, 30, 0, 0, 0, 12, 1, 0, 8, 2, 1, 0, 1, 4, 0, 0, 6, 16, 4, 0, 1, 16, 0, 0, 1, 4, 0, 0, 7, 0, 0, 0, 2, 1, 0, 0, 4, 219, 0, 0, 4, 441, 0, 0, 7, 0, 0, 0]",0.6938543176651001,0.5,0.4922316384180791,0.4579500657030223,0.47447243022464264,0.5275952693823915
"[6, 56, 4, 0, 5, 0, 0, 0, 7, 0, 0, 0, 7, 0, 0, 0, 7, 0, 0, 0, 7, 0, 0, 0, 7, 0, 0, 0, 1, 4, 0, 0, 7, 0, 0, 0, 7, 0, 0, 0, 7, 0, 0, 0, 7, 0, 0, 0]",0.6937865829467773,0.5,0.49767750497677504,0.492772667542707,0.4952129415648729,0.5026281208935611
"[8, 0, 2, 0, 2, 1, 0, 0, 7, 0, 0, 0, 3, 0, 0, 0, 4, 413, 0, 0, 7, 0, 0, 0, 7, 0, 0, 0, 7, 0, 0, 0, 7, 0, 0, 0, 4, 119, 0, 0, 7, 0, 0, 0, 7, 0, 0, 0]",0.6940276193618774,0.5,0.5161716171617162,0.5137976346911958,0.5149818900230491,0.5183968462549278
"[7, 0, 0, 0, 1, 4, 0, 0, 2, 0, 0, 0, 7, 0, 0, 0, 1, 4, 0, 0, 2, 0, 0, 0, 1, 4, 0, 0, 4, 370, 0, 0, 7, 0, 0, 0, 1, 4, 0, 0, 7, 0, 0, 0, 7, 0, 0, 0]",0.6951709175109864,0.5,0.49511599511599513,0.5328515111695138,0.5132911392405063,0.45663600525624176
"[7, 0, 0, 0, 3, 0, 0, 0, 1, 4, 0, 0, 5, 0, 0, 0, 7, 0, 0, 0, 7, 0, 0, 0, 7, 0, 0, 0, 7, 0, 0, 0, 7, 0, 0, 0, 7, 0, 0, 0, 4, 260, 0, 0, 7, 0, 0, 0]",0.6949883389472962,0.5,0.5052854122621564,0.47109067017082784,0.4875892553553213,0.5387647831800263
"[8, 0, 2, 0, 7, 0, 0, 0, 2, 0, 0, 0, 0, 21, 0, 0, 7, 0, 0, 0, 7, 0, 0, 0, 7, 0, 0, 0, 7, 0, 0, 0, 7, 0, 0, 0, 3, 0, 0, 0, 7, 0, 0, 0, 4, 242, 0, 0]",0.693177559375763,0.5,0.5037491479209271,0.4855453350854139,0.49447975911676145,0.5216819973718791
"[6, 40, 4, 0, 7, 0, 0, 0, 2, 0, 0, 0, 7, 0, 0, 0, 0, 17, 0, 0, 1, 17, 0, 0, 4, 281, 0, 0, 4, 265, 0, 0, 7, 0, 0, 0, 7, 0, 0, 0, 7, 0, 0, 0, 7, 0, 0, 0]",0.6935275053977966,0.5,0.49914529914529915,0.5755584756898817,0.5346353371986573,0.42247043363994746
"[2, 0, 0, 0, 7, 0, 0, 0, 2, 0, 0, 0, 7, 0, 0, 0, 7, 0, 0, 0, 1, 4, 0, 0, 7, 0, 0, 0, 3, 0, 0, 0, 8, 1, 1, 0, 1, 4, 0, 0, 7, 0, 0, 0, 1, 4, 0, 0]",0.703884904384613,0.5,0.49297856614929786,0.43823915900131405,0.464,0.5492772667542707
"[8, 0, 1, 0, 8, 1, 2, 0, 1, 4, 0, 0, 0, 16, 1, 0, 2, 0, 0, 0, 7, 0, 0, 0, 7, 0, 0, 0, 7, 0, 0, 0, 4, 58, 0, 0, 7, 0, 0, 0, 1, 4, 0, 0, 7, 0, 0, 0]",0.6951200890541077,0.5,0.5074626865671642,0.469119579500657,0.48753840901331513,0.5446780551905388
"[7, 0, 0, 0, 2, 1, 0, 0, 7, 0, 0, 0, 2, 0, 0, 0, 7, 0, 0, 0, 3, 0, 0, 0, 6, 32, 4, 0, 4, 472, 0, 0, 7, 0, 0, 0, 7, 0, 0, 0, 4, 309, 0, 0, 7, 0, 0, 0]",0.6932759404182434,0.5,0.48868778280542985,0.42575558475689884,0.4550561797752809,0.5545335085413929
"[8, 0, 2, 0, 2, 0, 0, 0, 7, 0, 0, 0, 1, 4, 0, 0, 3, 0, 0, 0, 7, 0, 0, 0, 7, 0, 0, 0, 6, 17, 1, 0, 8, 3, 2, 0, 7, 0, 0, 0, 4, 480, 0, 0, 7, 0, 0, 0]",0.6934956884384156,0.5,0.4908321579689704,0.45729303547963207,0.47346938775510206,0.5256241787122208
"[3, 0, 0, 0, 2, 0, 0, 0, 1, 4, 0, 0, 7, 0, 0, 0, 2, 0, 0, 0, 1, 4, 0, 0, 0, 14, 1, 0, 0, 14, 1, 0, 6, 52, 4, 0, 0, 17, 1, 0, 7, 0, 0, 0, 7, 0, 0, 0]",0.6930955624580384,0.5,0.49485066941297634,0.6314060446780552,0.5548498845265589,0.3554533508541393
"[6, 48, 4, 0, 2, 0, 0, 0, 0, 27, 0, 0, 3, 0, 0, 0, 8, 1, 2, 0, 4, 197, 0, 0, 7, 0, 0, 0, 7, 0, 0, 0, 7, 0, 0, 0, 7, 0, 0, 0, 1, 4, 0, 0, 1, 4, 0, 0]",0.6948258304595947,0.5,0.5058411214953271,0.568988173455979,0.5355596784168213,0.44415243101182655
"[6, 4, 4, 0, 7, 0, 0, 0, 5, 0, 0, 0, 4, 56, 0, 0, 1, 4, 0, 0, 7, 0, 0, 0, 4, 237, 0, 0, 4, 304, 0, 0, 4, 126, 0, 0, 7, 0, 0, 0, 7, 0, 0, 0, 7, 0, 0, 0]",0.6929189729690551,0.5,0.49789915966386555,0.4671484888304862,0.48203389830508475,0.5289093298291722
"[0, 11, 0, 0, 5, 0, 0, 0, 7, 0, 0, 0, 7, 0, 0, 0, 7, 0, 0, 0, 3, 0, 0, 0, 7, 0, 0, 0, 4, 278, 0, 0, 7, 0, 0, 0, 7, 0, 0, 0, 7, 0, 0, 0, 7, 0, 0, 0]",0.6930914521217346,0.5,0.5,0.5446780551905388,0.5213836477987421,0.45532194480946125
"[6, 36, 4, 0, 7, 0, 0, 0, 4, 261, 0, 0, 7, 0, 0, 0, 1, 4, 0, 0, 7, 0, 0, 0, 7, 0, 0, 0, 4, 190, 0, 0, 4, 487, 0, 0, 7, 0, 0, 0, 7, 0, 0, 0, 7, 0, 0, 0]",0.6930614018440246,0.5,0.5035691109669046,0.5098554533508541,0.5066927848514529,0.4973718791064389
"[8, 0, 2, 0, 4, 464, 0, 0, 4, 51, 0, 0, 7, 0, 0, 0, 1, 4, 0, 0, 7, 0, 0, 0, 7, 0, 0, 0, 7, 0, 0, 0, 7, 0, 0, 0, 7, 0, 0, 0, 7, 0, 0, 0, 7, 0, 0, 0]",0.693780722618103,0.5,0.5100463678516228,0.4336399474375821,0.46875,0.5834428383705651
"[4, 252, 0, 0, 7, 0, 0, 0, 7, 0, 0, 0, 7, 0, 0, 0, 4, 370, 0, 0, 7, 0, 0, 0, 1, 4, 0, 0, 7, 0, 0, 0, 7, 0, 0, 0, 7, 0, 0, 0, 7, 0, 0, 0, 7, 0, 0, 0]",0.6939871454238892,0.5,0.5326514555468135,0.4448094612352168,0.4847833870390261,0.6097240473061761
"[3, 0, 0, 0, 0, 22, 0, 0, 7, 0, 0, 0, 6, 20, 4, 0, 0, 23, 0, 0, 7, 0, 0, 0, 5, 0, 0, 0, 4, 284, 0, 0, 4, 93, 0, 0, 7, 0, 0, 0, 7, 0, 0, 0, 1, 4, 0, 0]",0.69351482629776,0.5,0.5073684210526316,0.47503285151116953,0.4906684764166949,0.5387647831800263
"[6, 24, 2, 0, 8, 1, 1, 0, 1, 4, 0, 0, 5, 0, 0, 0, 7, 0, 0, 0, 7, 0, 0, 0, 7, 0, 0, 0, 3, 0, 0, 0, 4, 64, 0, 0, 7, 0, 0, 0, 7, 0, 0, 0, 4, 494, 0, 0]",0.6939658570289612,0.5,0.4890322580645161,0.4980289093298292,0.4934895833333333,0.47963206307490147
"[3, 0, 0, 0, 1, 4, 0, 0, 7, 0, 0, 0, 4, 7, 0, 0, 7, 0, 0, 0, 4, 452, 0, 0, 7, 0, 0, 0, 7, 0, 0, 0, 7, 0, 0, 0, 4, 136, 0, 0, 7, 0, 0, 0, 7, 0, 0, 0]",0.6933896279335022,0.5,0.4931592039800995,0.5210249671484888,0.5067092651757189,0.4645203679369251
"[7, 0, 0, 0, 3, 0, 0, 0, 4, 265, 0, 0, 7, 0, 0, 0, 7, 0, 0, 0, 7, 0, 0, 0, 4, 344, 0, 0, 7, 0, 0, 0, 7, 0, 0, 0, 7, 0, 0, 0, 1, 4, 0, 0, 7, 0, 0, 0]",0.6935168623924255,0.5,0.5059710873664363,0.5289093298291722,0.5171859942177963,0.4835742444152431
"[2, 1, 0, 0, 3, 0, 0, 0, 3, 0, 0, 0, 2, 1, 0, 0, 1, 4, 0, 0, 8, 3, 1, 0, 4, 219, 0, 0, 7, 0, 0, 0, 7, 0, 0, 0, 7, 0, 0, 0, 7, 0, 0, 0, 7, 0, 0, 0]",0.6951553559303284,0.5,0.5066876475216365,0.4231274638633377,0.46115288220551376,0.588042049934297
"[3, 0, 0, 0, 6, 24, 4, 0, 1, 24, 0, 0, 7, 0, 0, 0, 5, 0, 0, 0, 4, 391, 0, 0, 7, 0, 0, 0, 7, 0, 0, 0, 7, 0, 0, 0, 7, 0, 0, 0, 7, 0, 0, 0, 7, 0, 0, 0]",0.6969420289993287,0.5,0.4960686204431737,0.4559789750328515,0.4751797329681616,0.5367936925098554
"[7, 0, 0, 0, 6, 21, 3, 0, 4, 15, 0, 0, 7, 0, 0, 0, 7, 0, 0, 0, 7, 0, 0, 0, 7, 0, 0, 0, 4, 475, 0, 0, 7, 0, 0, 0, 7, 0, 0, 0, 1, 4, 0, 0, 7, 0, 0, 0]",0.6940668678283691,0.5,0.515084621044886,0.45992115637319314,0.48594238111766747,0.5670170827858082
"[0, 27, 0, 0, 4, 506, 0, 0, 7, 0, 0, 0, 7, 0, 0, 0, 7, 0, 0, 0, 7, 0, 0, 0, 7, 0, 0, 0, 7, 0, 0, 0, 1, 4, 0, 0, 7, 0, 0, 0, 4, 249, 0, 0, 1, 4, 0, 0]",0.6936630702018738,0.5,0.49857752489331436,0.46057818659658345,0.47882513661202186,0.5367936925098554
"[1, 4, 0, 0, 7, 0, 0, 0, 1, 4, 0, 0, 1, 4, 0, 0, 7, 0, 0, 0, 0, 28, 0, 0, 7, 0, 0, 0, 6, 16, 4, 0, 1, 16, 0, 0, 1, 4, 0, 0, 1, 4, 0, 0, 7, 0, 0, 0]",0.702636206150055,0.5,0.4961832061068702,0.5124835742444153,0.5042016806722689,0.47963206307490147
"[6, 24, 4, 0, 8, 1, 2, 0, 0, 6, 0, 0, 7, 0, 0, 0, 1, 4, 0, 0, 7, 0, 0, 0, 8, 2, 1, 0, 0, 19, 0, 0, 5, 0, 0, 0, 4, 384, 0, 0, 7, 0, 0, 0, 7, 0, 0, 0]",0.6934733200073242,0.5,0.4865229110512129,0.4743758212877792,0.4803725881570193,0.49934296977660975
"[3, 0, 0, 0, 0, 28, 0, 0, 0, 27, 1, 0, 4, 248, 0, 0, 7, 0, 0, 0, 7, 0, 0, 0, 7, 0, 0, 0, 7, 0, 0, 0, 1, 4, 0, 0, 7, 0, 0, 0, 7, 0, 0, 0, 7, 0, 0, 0]",0.6945486617088318,0.5,0.5053435114503817,0.43495400788436267,0.4675141242937853,0.5742444152431012
"[6, 32, 4, 0, 2, 0, 0, 0, 7, 0, 0, 0, 7, 0, 0, 0, 2, 1, 0, 0, 8, 1, 1, 0, 3, 0, 0, 0, 3, 0, 0, 0, 2, 1, 0, 0, 0, 11, 1, 0, 7, 0, 0, 0, 2, 1, 0, 0]",0.6934608769416809,0.5,0.5003872966692486,0.4244415243101183,0.45929612513330964,0.576215505913272
"[1, 4, 0, 0, 8, 1, 1, 0, 0, 17, 1, 0, 0, 10, 0, 0, 1, 10, 0, 0, 6, 24, 4, 0, 5, 0, 0, 0, 7, 0, 0, 0, 7, 0, 0, 0, 8, 1, 1, 0, 7, 0, 0, 0, 4, 323, 0, 0]",0.6931401705741882,0.5,0.491588785046729,0.5183968462549278,0.5046370322993284,0.46386333771353483
"[6, 20, 4, 0, 8, 1, 2, 0, 1, 4, 0, 0, 2, 1, 0, 0, 2, 0, 0, 0, 7, 0, 0, 0, 7, 0, 0, 0, 7, 0, 0, 0, 4, 204, 0, 0, 7, 0, 0, 0, 7, 0, 0, 0, 7, 0, 0, 0]",0.6963867211341858,0.5,0.49660284126003706,0.5282522996057819,0.5119388729703916,0.4645203679369251
"[8, 0, 2, 0, 2, 1, 0, 0, 8, 2, 1, 0, 7, 0, 0, 0, 6, 18, 3, 0, 2, 1, 0, 0, 2, 1, 0, 0, 7, 0, 0, 0, 7, 0, 0, 0, 8, 2, 1, 0, 3, 0, 0, 0, 8, 3, 2, 0]",0.6942085862159729,0.5,0.5024679170779862,0.3344283837056505,0.40157790927021697,0.668856767411301
"[7, 0, 0, 0, 3, 0, 0, 0, 6, 42, 2, 0, 7, 0, 0, 0, 0, 8, 1, 0, 4, 257, 0, 0, 7, 0, 0, 0, 7, 0, 0, 0, 4, 458, 0, 0, 7, 0, 0, 0, 7, 0, 0, 0, 4, 135, 0, 0]",0.6932618522644043,0.5,0.5006553079947575,0.5019710906701709,0.5013123359580053,0.49934296977660975
"[7, 0, 0, 0, 6, 28, 4, 0, 0, 25, 0, 0, 3, 0, 0, 0, 4, 127, 0, 0, 7, 0, 0, 0, 7, 0, 0, 0, 7, 0, 0, 0, 7, 0, 0, 0, 4, 232, 0, 0, 7, 0, 0, 0, 7, 0, 0, 0]",0.6933534121513367,0.5,0.48871085214857973,0.4408672798948752,0.4635578583765112,0.5387647831800263
"[6, 60, 4, 0, 7, 0, 0, 0, 8, 2, 1, 0, 8, 1, 2, 0, 5, 0, 0, 0, 4, 432, 0, 0, 1, 4, 0, 0, 7, 0, 0, 0, 7, 0, 0, 0, 7, 0, 0, 0, 7, 0, 0, 0, 7, 0, 0, 0]",0.6962198352813721,0.5,0.4842986741102582,0.4559789750328515,0.4697123519458545,0.514454664914586
"[7, 0, 0, 0, 8, 1, 2, 0, 4, 110, 0, 0, 7, 0, 0, 0, 7, 0, 0, 0, 4, 388, 0, 0, 1, 4, 0, 0, 7, 0, 0, 0, 1, 4, 0, 0, 7, 0, 0, 0, 7, 0, 0, 0, 7, 0, 0, 0]",0.6933374547958374,0.5,0.5017158544955388,0.4802890932982917,0.49076871433366903,0.5229960578186597
"[3, 0, 0, 0, 7, 0, 0, 0, 6, 56, 4, 0, 7, 0, 0, 0, 7, 0, 0, 0, 0, 8, 0, 0, 8, 1, 2, 0, 2, 1, 0, 0, 1, 4, 0, 0, 3, 0, 0, 0, 7, 0, 0, 0, 3, 0, 0, 0]",0.7074065923690795,0.5,0.4923733984136669,0.5302233902759527,0.5105979120531478,0.4533508541392904
"[5, 0, 0, 0, 4, 194, 0, 0, 7, 0, 0, 0, 4, 202, 0, 0, 7, 0, 0, 0, 7, 0, 0, 0, 7, 0, 0, 0, 7, 0, 0, 0, 4, 308, 0, 0, 7, 0, 0, 0, 7, 0, 0, 0, 7, 0, 0, 0]",0.6935107922554016,0.5,0.48412138320395204,0.4507227332457293,0.4668254508336169,0.5197109067017083
"[7, 0, 0, 0, 7, 0, 0, 0, 4, 66, 0, 0, 1, 4, 0, 0, 1, 4, 0, 0, 7, 0, 0, 0, 7, 0, 0, 0, 1, 4, 0, 0, 7, 0, 0, 0, 7, 0, 0, 0, 7, 0, 0, 0, 1, 4, 0, 0]",0.6956969332695008,0.5,0.4936619718309859,0.46057818659658345,0.47654656696125086,0.5275952693823915
"[1, 4, 0, 0, 2, 0, 0, 0, 6, 36, 2, 0, 0, 30, 1, 0, 3, 0, 0, 0, 7, 0, 0, 0, 2, 1, 0, 0, 8, 2, 2, 0, 4, 258, 0, 0, 7, 0, 0, 0, 7, 0, 0, 0, 7, 0, 0, 0]",0.6934136223793029,0.5,0.5099337748344371,0.5059132720105125,0.5079155672823219,0.5137976346911958
"[7, 0, 0, 0, 2, 0, 0, 0, 0, 14, 0, 0, 3, 0, 0, 0, 4, 505, 0, 0, 7, 0, 0, 0, 7, 0, 0, 0, 7, 0, 0, 0, 7, 0, 0, 0, 7, 0, 0, 0, 4, 207, 0, 0, 1, 4, 0, 0]",0.6938183164596557,0.5,0.49302607640994545,0.5341655716162943,0.5127719962157048,0.4507227332457293
"[4, 343, 0, 0, 7, 0, 0, 0, 7, 0, 0, 0, 1, 4, 0, 0, 7, 0, 0, 0, 7, 0, 0, 0, 7, 0, 0, 0, 7, 0, 0, 0, 7, 0, 0, 0, 7, 0, 0, 0, 7, 0, 0, 0, 7, 0, 0, 0]",0.6951916646957398,0.5,0.49411764705882355,0.469119579500657,0.48129423660262893,0.5197109067017083
"[3, 0, 0, 0, 1, 4, 0, 0, 1, 4, 0, 0, 2, 0, 0, 0, 6, 6, 2, 0, 8, 2, 2, 0, 2, 1, 0, 0, 0, 7, 0, 0, 7, 0, 0, 0, 0, 9, 0, 0, 5, 0, 0, 0, 7, 0, 0, 0]",0.6931138825416565,0.5,0.5,0.5604467805519053,0.5285006195786865,0.4395532194480946
"[1, 4, 0, 0, 3, 0, 0, 0, 1, 4, 0, 0, 1, 4, 0, 0, 4, 245, 0, 0, 7, 0, 0, 0, 7, 0, 0, 0, 4, 68, 0, 0, 4, 103, 0, 0, 7, 0, 0, 0, 7, 0, 0, 0, 7, 0, 0, 0]",0.6929760384559631,0.5,0.5104241552839683,0.4664914586070959,0.48746996223824235,0.5525624178712221
"[8, 0, 1, 0, 7, 0, 0, 0, 1, 4, 0, 0, 2, 0, 0, 0, 4, 431, 0, 0, 4, 47, 0, 0, 7, 0, 0, 0, 7, 0, 0, 0, 4, 217, 0, 0, 1, 4, 0, 0, 7, 0, 0, 0, 7, 0, 0, 0]",0.6933727288246154,0.5,0.49047619047619045,0.47371879106438897,0.481951871657754,0.5078843626806833
"[0, 23, 0, 0, 7, 0, 0, 0, 3, 0, 0, 0, 7, 0, 0, 0, 5, 0, 0, 0, 4, 236, 0, 0, 7, 0, 0, 0, 7, 0, 0, 0, 7, 0, 0, 0, 4, 95, 0, 0, 7, 0, 0, 0, 7, 0, 0, 0]",0.6932931637763977,0.5,0.5099502487562189,0.5387647831800263,0.5239616613418531,0.48226018396846254
"[3, 0, 0, 0, 7, 0, 0, 0, 2, 1, 0, 0, 6, 60, 4, 0, 7, 0, 0, 0, 3, 0, 0, 0, 4, 483, 0, 0, 7, 0, 0, 0, 7, 0, 0, 0, 7, 0, 0, 0, 7, 0, 0, 0, 7, 0, 0, 0]",0.6929440045356751,0.5,0.4870689655172414,0.5197109067017083,0.5028607755880483,0.45269382391590013
"[0, 22, 0, 0, 3, 0, 0, 0, 3, 0, 0, 0, 7, 0, 0, 0, 6, 36, 3, 0, 2, 1, 0, 0, 1, 4, 0, 0, 8, 1, 1, 0, 7, 0, 0, 0, 1, 4, 0, 0, 7, 0, 0, 0, 3, 0, 0, 0]",0.71309330701828,0.5,0.5026099925428784,0.442838370565046,0.47083478868319945,0.561760840998686
"[0, 28, 1, 0, 0, 21, 1, 0, 7, 0, 0, 0, 8, 1, 2, 0, 1, 4, 0, 0, 1, 4, 0, 0, 7, 0, 0, 0, 2, 1, 0, 0, 8, 3, 2, 0, 4, 125, 0, 0, 4, 208, 0, 0, 7, 0, 0, 0]",0.6935724711418152,0.5,0.494572591587517,0.47897503285151116,0.48664886515353806,0.5105124835742444
"[1, 4, 0, 0, 3, 0, 0, 0, 7, 0, 0, 0, 8, 3, 1, 0, 7, 0, 0, 0, 6, 57, 3, 0, 0, 31, 1, 0, 0, 6, 0, 0, 2, 0, 0, 0, 7, 0, 0, 0, 3, 0, 0, 0, 7, 0, 0, 0]",0.6931060028076171,0.5,0.4973718791064389,0.4973718791064389,0.4973718791064389,0.4973718791064389
"[7, 0, 0, 0, 5, 0, 0, 0, 4, 428, 0, 0, 7, 0, 0, 0, 7, 0, 0, 0, 7, 0, 0, 0, 7, 0, 0, 0, 7, 0, 0, 0, 7, 0, 0, 0, 1, 4, 0, 0, 7, 0, 0, 0, 7, 0, 0, 0]",0.695722234249115,0.5,0.49589603283173733,0.4763469119579501,0.4859249329758713,0.5157687253613666
"[4, 170, 0, 0, 7, 0, 0, 0, 7, 0, 0, 0, 7, 0, 0, 0, 7, 0, 0, 0, 1, 4, 0, 0, 7, 0, 0, 0, 7, 0, 0, 0, 4, 385, 0, 0, 7, 0, 0, 0, 7, 0, 0, 0, 7, 0, 0, 0]",0.6933003878593444,0.5,0.49684089603676046,0.5683311432325887,0.530186944529574,0.4244415243101183
"[1, 4, 0, 0, 6, 20, 1, 0, 7, 0, 0, 0, 1, 4, 0, 0, 0, 7, 0, 0, 3, 0, 0, 0, 1, 4, 0, 0, 0, 28, 1, 0, 2, 1, 0, 0, 7, 0, 0, 0, 7, 0, 0, 0, 4, 287, 0, 0]",0.6933295226097107,0.5,0.49878345498783455,0.4040735873850197,0.44646098003629764,0.5939553219448095
"[3, 0, 0, 0, 1, 4, 0, 0, 2, 1, 0, 0, 3, 0, 0, 0, 1, 4, 0, 0, 0, 31, 1, 0, 3, 0, 0, 0, 3, 0, 0, 0, 7, 0, 0, 0, 3, 0, 0, 0, 7, 0, 0, 0, 3, 0, 0, 0]",0.6946414279937744,0.5,0.4899103139013453,0.5742444152431012,0.5287356321839081,0.4021024967148489
"[0, 28, 0, 0, 4, 234, 0, 0, 7, 0, 0, 0, 7, 0, 0, 0, 7, 0, 0, 0, 7, 0, 0, 0, 7, 0, 0, 0, 7, 0, 0, 0, 7, 0, 0, 0, 7, 0, 0, 0, 7, 0, 0, 0, 7, 0, 0, 0]",0.6931408047676086,0.5,0.48535564853556484,0.45729303547963207,0.4709066305818674,0.5151116951379764
"[7, 0, 0, 0, 7, 0, 0, 0, 3, 0, 0, 0, 1, 4, 0, 0, 5, 0, 0, 0, 4, 93, 0, 0, 7, 0, 0, 0, 7, 0, 0, 0, 7, 0, 0, 0, 7, 0, 0, 0, 7, 0, 0, 0, 7, 0, 0, 0]",0.6959121084213257,0.5,0.5096217650962177,0.5045992115637319,0.5070980521624299,0.514454664914586
"[4, 83, 0, 0, 7, 0, 0, 0, 7, 0, 0, 0, 7, 0, 0, 0, 7, 0, 0, 0, 7, 0, 0, 0, 7, 0, 0, 0, 1, 4, 0, 0, 7, 0, 0, 0, 1, 4, 0, 0, 7, 0, 0, 0, 7, 0, 0, 0]",0.6939097929000855,0.5,0.4824619457313038,0.47897503285151116,0.4807121661721068,0.48620236530880423
"[7, 0, 0, 0, 1, 4, 0, 0, 0, 17, 1, 0, 8, 1, 1, 0, 7, 0, 0, 0, 2, 1, 0, 0, 3, 0, 0, 0, 4, 250, 0, 0, 7, 0, 0, 0, 1, 4, 0, 0, 7, 0, 0, 0, 7, 0, 0, 0]",0.6959039068222046,0.5,0.5062735257214555,0.5302233902759527,0.517971758664955,0.48291721419185285
"[8, 0, 1, 0, 3, 0, 0, 0, 2, 0, 0, 0, 7, 0, 0, 0, 8, 2, 1, 0, 4, 314, 0, 0, 7, 0, 0, 0, 7, 0, 0, 0, 7, 0, 0, 0, 7, 0, 0, 0, 7, 0, 0, 0, 7, 0, 0, 0]",0.6948236942291259,0.5,0.5007225433526011,0.45532194480946125,0.4769442532690984,0.5459921156373193
"[1, 4, 0, 0, 6, 28, 4, 0, 7, 0, 0, 0, 1, 4, 0, 0, 1, 4, 0, 0, 7, 0, 0, 0, 0, 10, 1, 0, 3, 0, 0, 0, 7, 0, 0, 0, 2, 0, 0, 0, 0, 13, 1, 0, 2, 0, 0, 0]",0.6926792478561401,0.5,0.5003013863773358,0.545335085413929,0.5218484753222257,0.45532194480946125
"[7, 0, 0, 0, 4, 384, 0, 0, 7, 0, 0, 0, 1, 4, 0, 0, 7, 0, 0, 0, 4, 209, 0, 0, 7, 0, 0, 0, 1, 4, 0, 0, 7, 0, 0, 0, 4, 169, 0, 0, 1, 4, 0, 0, 7, 0, 0, 0]",0.6930134105682373,0.5,0.512781954887218,0.4480946123521682,0.4782608695652174,0.5742444152431012
"[6, 24, 4, 0, 1, 24, 0, 0, 2, 0, 0, 0, 1, 4, 0, 0, 7, 0, 0, 0, 7, 0, 0, 0, 7, 0, 0, 0, 0, 20, 0, 0, 7, 0, 0, 0, 3, 0, 0, 0, 1, 4, 0, 0, 7, 0, 0, 0]",0.7080950689315796,0.5,0.5061643835616438,0.4855453350854139,0.4956405097250168,0.526281208935611
"[7, 0, 0, 0, 8, 1, 2, 0, 6, 32, 4, 0, 2, 0, 0, 0, 4, 67, 0, 0, 1, 4, 0, 0, 7, 0, 0, 0, 7, 0, 0, 0, 7, 0, 0, 0, 7, 0, 0, 0, 7, 0, 0, 0, 1, 4, 0, 0]",0.6958925199508667,0.5,0.48044692737430167,0.5085413929040736,0.4940951165017555,0.450065703022339
"[6, 20, 4, 0, 4, 433, 0, 0, 7, 0, 0, 0, 1, 4, 0, 0, 7, 0, 0, 0, 7, 0, 0, 0, 7, 0, 0, 0, 7, 0, 0, 0, 7, 0, 0, 0, 7, 0, 0, 0, 7, 0, 0, 0, 7, 0, 0, 0]",0.696774377822876,0.5,0.517217146872804,0.4835742444152431,0.499830220713073,0.5486202365308804
"[0, 8, 0, 0, 6, 40, 4, 0, 7, 0, 0, 0, 7, 0, 0, 0, 7, 0, 0, 0, 0, 13, 0, 0, 7, 0, 0, 0, 1, 4, 0, 0, 2, 0, 0, 0, 3, 0, 0, 0, 4, 409, 0, 0, 7, 0, 0, 0]",0.6971560335159301,0.5,0.49356223175965663,0.5289093298291722,0.5106248017760863,0.45729303547963207
"[3, 0, 0, 0, 5, 0, 0, 0, 4, 37, 0, 0, 7, 0, 0, 0, 7, 0, 0, 0, 7, 0, 0, 0, 7, 0, 0, 0, 1, 4, 0, 0, 7, 0, 0, 0, 7, 0, 0, 0, 7, 0, 0, 0, 7, 0, 0, 0]",0.6971694898605346,0.5,0.4954128440366973,0.4967148488830486,0.49606299212598426,0.4940867279894875
"[1, 4, 0, 0, 8, 1, 1, 0, 0, 31, 1, 0, 7, 0, 0, 0, 3, 0, 0, 0, 7, 0, 0, 0, 3, 0, 0, 0, 6, 6, 3, 0, 7, 0, 0, 0, 7, 0, 0, 0, 7, 0, 0, 0, 7, 0, 0, 0]",0.694355685710907,0.5,0.4917163684559311,0.48751642575558474,0.4896073903002309,0.49605781865965837
"[2, 0, 0, 0, 6, 48, 4, 0, 2, 0, 0, 0, 2, 0, 0, 0, 1, 4, 0, 0, 3, 0, 0, 0, 3, 0, 0, 0, 7, 0, 0, 0, 3, 0, 0, 0, 3, 0, 0, 0, 0, 31, 1, 0, 7, 0, 0, 0]",0.7002663731575012,0.5,0.5026212319790302,0.5039421813403416,0.5032808398950132,0.5013140604467805
"[7, 0, 0, 0, 8, 1, 2, 0, 1, 4, 0, 0, 1, 4, 0, 0, 4, 7, 0, 0, 1, 4, 0, 0, 7, 0, 0, 0, 7, 0, 0, 0, 1, 4, 0, 0, 7, 0, 0, 0, 7, 0, 0, 0, 4, 154, 0, 0]",0.6935888981819153,0.5,0.5132743362831859,0.533508541392904,0.5231958762886598,0.4940867279894875
"[7, 0, 0, 0, 8, 1, 2, 0, 4, 173, 0, 0, 7, 0, 0, 0, 7, 0, 0, 0, 7, 0, 0, 0, 7, 0, 0, 0, 1, 4, 0, 0, 7, 0, 0, 0, 7, 0, 0, 0, 7, 0, 0, 0, 7, 0, 0, 0]",0.6947590398788452,0.5,0.4877564526803441,0.48423127463863336,0.4859874711506759,0.4914586070959264
"[4, 507, 0, 0, 7, 0, 0, 0, 7, 0, 0, 0, 7, 0, 0, 0, 7, 0, 0, 0, 7, 0, 0, 0, 7, 0, 0, 0, 7, 0, 0, 0, 1, 4, 0, 0, 7, 0, 0, 0, 7, 0, 0, 0, 7, 0, 0, 0]",0.6943792295455933,0.5,0.5042372881355932,0.5473061760840998,0.5248897290485193,0.461892247043364
"[7, 0, 0, 0, 3, 0, 0, 0, 3, 0, 0, 0, 3, 0, 0, 0, 7, 0, 0, 0, 8, 2, 1, 0, 8, 1, 1, 0, 6, 36, 4, 0, 7, 0, 0, 0, 7, 0, 0, 0, 1, 4, 0, 0, 5, 0, 0, 0]",0.7121607804298401,0.5,0.5061262959472196,0.3528252299605782,0.41579558652729387,0.6557161629434954
"[7, 0, 0, 0, 7, 0, 0, 0, 7, 0, 0, 0, 3, 0, 0, 0, 2, 0, 0, 0, 4, 416, 0, 0, 1, 4, 0, 0, 7, 0, 0, 0, 4, 26, 0, 0, 4, 421, 0, 0, 7, 0, 0, 0, 7, 0, 0, 0]",0.6934731364250183,0.5,0.522017614091273,0.4283837056504599,0.47058823529411764,0.6077529566360053
"[0, 6, 1, 0, 0, 14, 1, 0, 0, 23, 1, 0, 2, 0, 0, 0, 2, 1, 0, 0, 1, 4, 0, 0, 1, 4, 0, 0, 3, 0, 0, 0, 2, 0, 0, 0, 8, 1, 1, 0, 6, 12, 3, 0, 8, 1, 1, 0]",0.6932390379905701,0.5,0.49238045191802415,0.6156373193166885,0.5471532846715328,0.36530880420499345
"[6, 4, 4, 0, 0, 26, 1, 0, 5, 0, 0, 0, 7, 0, 0, 0, 7, 0, 0, 0, 1, 4, 0, 0, 4, 376, 0, 0, 7, 0, 0, 0, 1, 4, 0, 0, 7, 0, 0, 0, 4, 293, 0, 0, 7, 0, 0, 0]",0.6934188652038574,0.5,0.49760765550239233,0.4099868593955322,0.4495677233429395,0.5860709592641261
"[6, 60, 4, 0, 7, 0, 0, 0, 4, 358, 0, 0, 7, 0, 0, 0, 7, 0, 0, 0, 7, 0, 0, 0, 7, 0, 0, 0, 1, 4, 0, 0, 7, 0, 0, 0, 7, 0, 0, 0, 7, 0, 0, 0, 7, 0, 0, 0]",0.6977163052558899,0.5,0.4895027624309392,0.5821287779237845,0.531812725090036,0.392904073587385
"[3, 0, 0, 0, 7, 0, 0, 0, 1, 4, 0, 0, 2, 1, 0, 0, 1, 4, 0, 0, 4, 231, 0, 0, 7, 0, 0, 0, 7, 0, 0, 0, 7, 0, 0, 0, 4, 105, 0, 0, 7, 0, 0, 0, 4, 388, 0, 0]",0.6933195424079895,0.5,0.5003971405877681,0.41392904073587383,0.45307443365695793,0.5867279894875165
"[1, 4, 0, 0, 1, 4, 0, 0, 7, 0, 0, 0, 6, 28, 4, 0, 7, 0, 0, 0, 7, 0, 0, 0, 7, 0, 0, 0, 7, 0, 0, 0, 3, 0, 0, 0, 7, 0, 0, 0, 4, 7, 0, 0, 7, 0, 0, 0]",0.6966347670555115,0.5,0.5121951219512195,0.44152431011826543,0.47424135497529996,0.5795006570302234
"[0, 11, 1, 0, 7, 0, 0, 0, 3, 0, 0, 0, 1, 4, 0, 0, 6, 48, 4, 0, 0, 12, 0, 0, 4, 474, 0, 0, 4, 440, 0, 0, 7, 0, 0, 0, 7, 0, 0, 0, 7, 0, 0, 0, 7, 0, 0, 0]",0.6928267765045166,0.5,0.49872773536895676,0.5151116951379764,0.5067873303167421,0.48226018396846254
"[7, 0, 0, 0, 6, 30, 3, 0, 3, 0, 0, 0, 8, 2, 1, 0, 8, 3, 2, 0, 8, 1, 1, 0, 3, 0, 0, 0, 7, 0, 0, 0, 0, 10, 0, 0, 2, 0, 0, 0, 7, 0, 0, 0, 1, 4, 0, 0]",0.7064297270774841,0.5,0.5141318977119784,0.5019710906701709,0.5079787234042553,0.5256241787122208
"[6, 46, 2, 0, 7, 0, 0, 0, 8, 2, 2, 0, 7, 0, 0, 0, 4, 431, 0, 0, 7, 0, 0, 0, 7, 0, 0, 0, 7, 0, 0, 0, 7, 0, 0, 0, 7, 0, 0, 0, 7, 0, 0, 0, 7, 0, 0, 0]",0.693458571434021,0.5,0.47802197802197804,0.40013140604467806,0.4356223175965665,0.5630749014454665
"[7, 0, 0, 0, 1, 4, 0, 0, 2, 1, 0, 0, 0, 5, 0, 0, 0, 28, 0, 0, 5, 0, 0, 0, 4, 135, 0, 0, 7, 0, 0, 0, 1, 4, 0, 0, 7, 0, 0, 0, 7, 0, 0, 0, 7, 0, 0, 0]",0.6954232859611511,0.5,0.49805699481865284,0.5052562417871223,0.5016307893020222,0.4908015768725361
"[6, 36, 1, 0, 4, 345, 0, 0, 7, 0, 0, 0, 7, 0, 0, 0, 7, 0, 0, 0, 7, 0, 0, 0, 4, 107, 0, 0, 4, 18, 0, 0, 7, 0, 0, 0, 7, 0, 0, 0, 4, 304, 0, 0, 7, 0, 0, 0]",0.6934036421775818,0.5,0.5066202090592334,0.4776609724047306,0.4917145755833615,0.5348226018396847
"[3, 0, 0, 0, 1, 4, 0, 0, 6, 48, 4, 0, 7, 0, 0, 0, 3, 0, 0, 0, 7, 0, 0, 0, 1, 4, 0, 0, 0, 20, 0, 0, 4, 225, 0, 0, 7, 0, 0, 0, 7, 0, 0, 0, 7, 0, 0, 0]",0.693746747970581,0.5,0.5097529258777633,0.5151116951379764,0.5124183006535947,0.5045992115637319
"[7, 0, 0, 0, 3, 0, 0, 0, 0, 10, 0, 0, 0, 12, 0, 0, 0, 14, 1, 0, 4, 201, 0, 0, 7, 0, 0, 0, 7, 0, 0, 0, 7, 0, 0, 0, 7, 0, 0, 0, 7, 0, 0, 0, 7, 0, 0, 0]",0.6932761311531067,0.5,0.50265604249668,0.4973718791064389,0.5,0.5078843626806833
"[1, 4, 0, 0, 7, 0, 0, 0, 4, 311, 0, 0, 4, 3, 0, 0, 7, 0, 0, 0, 7, 0, 0, 0, 7, 0, 0, 0, 7, 0, 0, 0, 7, 0, 0, 0, 7, 0, 0, 0, 7, 0, 0, 0, 7, 0, 0, 0]",0.7008787989616394,0.5,0.48586456278763973,0.4855453350854139,0.48570489648373316,0.48620236530880423
"[4, 117, 0, 0, 7, 0, 0, 0, 7, 0, 0, 0, 7, 0, 0, 0, 7, 0, 0, 0, 7, 0, 0, 0, 7, 0, 0, 0, 4, 59, 0, 0, 7, 0, 0, 0, 7, 0, 0, 0, 7, 0, 0, 0, 7, 0, 0, 0]",0.6935842299461364,0.5,0.5146166574738004,0.6130091984231275,0.5595202398800599,0.42181340341655715
"[7, 0, 0, 0, 6, 32, 4, 0, 7, 0, 0, 0, 8, 2, 2, 0, 8, 3, 2, 0, 4, 217, 0, 0, 7, 0, 0, 0, 7, 0, 0, 0, 7, 0, 0, 0, 7, 0, 0, 0, 4, 490, 0, 0, 4, 61, 0, 0]",0.6933390736579895,0.5,0.5093039283252929,0.4855453350854139,0.49714093508240836,0.5321944809461235
"[7, 0, 0, 0, 7, 0, 0, 0, 8, 1, 1, 0, 7, 0, 0, 0, 4, 156, 0, 0, 7, 0, 0, 0, 7, 0, 0, 0, 7, 0, 0, 0, 7, 0, 0, 0, 7, 0, 0, 0, 7, 0, 0, 0, 7, 0, 0, 0]",0.6948135828971863,0.5,0.4990700557966522,0.5289093298291722,0.5135566188197768,0.469119579500657
"[7, 0, 0, 0, 0, 13, 0, 0, 7, 0, 0, 0, 1, 4, 0, 0, 0, 9, 0, 0, 8, 2, 2, 0, 4, 287, 0, 0, 7, 0, 0, 0, 7, 0, 0, 0, 7, 0, 0, 0, 4, 364, 0, 0, 7, 0, 0, 0]",0.6928857970237732,0.5,0.4921402660217654,0.5348226018396847,0.5125944584382871,0.4480946123521682
"[2, 1, 0, 0, 4, 46, 0, 0, 4, 331, 0, 0, 1, 4, 0, 0, 7, 0, 0, 0, 4, 306, 0, 0, 7, 0, 0, 0, 7, 0, 0, 0, 7, 0, 0, 0, 7, 0, 0, 0, 7, 0, 0, 0, 1, 4, 0, 0]",0.6932804489135742,0.5,0.5014084507042254,0.46780551905387646,0.4840244731475187,0.5348226018396847
"[0, 29, 0, 0, 1, 29, 0, 0, 2, 0, 0, 0, 4, 190, 0, 0, 7, 0, 0, 0, 7, 0, 0, 0, 7, 0, 0, 0, 7, 0, 0, 0, 7, 0, 0, 0, 1, 4, 0, 0, 4, 284, 0, 0, 7, 0, 0, 0]",0.6938597297668457,0.5,0.5056390977443609,0.5302233902759527,0.517639512508018,0.4816031537450723
"[0, 5, 1, 0, 4, 20, 0, 0, 7, 0, 0, 0, 1, 4, 0, 0, 1, 4, 0, 0, 7, 0, 0, 0, 7, 0, 0, 0, 7, 0, 0, 0, 7, 0, 0, 0, 7, 0, 0, 0, 4, 456, 0, 0, 7, 0, 0, 0]",0.6939514613151551,0.5,0.48873873873873874,0.42772667542706966,0.4562018220042046,0.5525624178712221
"[2, 1, 0, 0, 2, 1, 0, 0, 1, 4, 0, 0, 8, 2, 2, 0, 7, 0, 0, 0, 4, 344, 0, 0, 7, 0, 0, 0, 7, 0, 0, 0, 7, 0, 0, 0, 7, 0, 0, 0, 7, 0, 0, 0, 1, 4, 0, 0]",0.6956489682197571,0.5,0.5016350555918901,0.5039421813403416,0.5027859718125205,0.49934296977660975
"[2, 0, 0, 0, 3, 0, 0, 0, 3, 0, 0, 0, 2, 0, 0, 0, 2, 1, 0, 0, 7, 0, 0, 0, 8, 3, 1, 0, 7, 0, 0, 0, 0, 6, 1, 0, 4, 1, 0, 0, 7, 0, 0, 0, 7, 0, 0, 0]",0.7153515243530273,0.5,0.5078003120124805,0.42772667542706966,0.4643366619115549,0.5854139290407359
"[4, 424, 0, 0, 7, 0, 0, 0, 7, 0, 0, 0, 7, 0, 0, 0, 7, 0, 0, 0, 7, 0, 0, 0, 7, 0, 0, 0, 4, 394, 0, 0, 7, 0, 0, 0, 7, 0, 0, 0, 7, 0, 0, 0, 7, 0, 0, 0]",0.6935544395446778,0.5,0.5025477707006369,0.5183968462549278,0.5103492884864166,0.4868593955321945
"[3, 0, 0, 0, 6, 45, 1, 0, 8, 2, 2, 0, 7, 0, 0, 0, 0, 10, 1, 0, 1, 10, 0, 0, 0, 23, 1, 0, 7, 0, 0, 0, 7, 0, 0, 0, 1, 4, 0, 0, 2, 1, 0, 0, 3, 0, 0, 0]",0.7208383059501648,0.5,0.49933862433862436,0.49605781865965837,0.4976928147659855,0.5026281208935611
"[4, 204, 0, 0, 1, 4, 0, 0, 7, 0, 0, 0, 7, 0, 0, 0, 7, 0, 0, 0, 7, 0, 0, 0, 7, 0, 0, 0, 7, 0, 0, 0, 1, 4, 0, 0, 1, 4, 0, 0, 7, 0, 0, 0, 7, 0, 0, 0]",0.6954870700836182,0.5,0.4777503090234858,0.5078843626806833,0.4923566878980892,0.4448094612352168
"[8, 0, 1, 0, 0, 31, 1, 0, 7, 0, 0, 0, 3, 0, 0, 0, 0, 23, 1, 0, 7, 0, 0, 0, 8, 3, 2, 0, 2, 1, 0, 0, 0, 26, 0, 0, 4, 434, 0, 0, 7, 0, 0, 0, 7, 0, 0, 0]",0.6932989096641541,0.5,0.47897897897897895,0.4191852825229961,0.4470918009810792,0.5440210249671484
"[1, 4, 0, 0, 1, 4, 0, 0, 1, 4, 0, 0, 7, 0, 0, 0, 7, 0, 0, 0, 2, 0, 0, 0, 8, 1, 2, 0, 3, 0, 0, 0, 7, 0, 0, 0, 0, 8, 1, 0, 0, 30, 1, 0, 2, 1, 0, 0]",0.6935494065284729,0.5,0.5099882491186839,0.5703022339027596,0.5384615384615384,0.4520367936925099
"[3, 0, 0, 0, 2, 1, 0, 0, 3, 0, 0, 0, 7, 0, 0, 0, 6, 12, 3, 0, 4, 8, 0, 0, 7, 0, 0, 0, 7, 0, 0, 0, 4, 477, 0, 0, 4, 400, 0, 0, 7, 0, 0, 0, 4, 284, 0, 0]",0.693006136417389,0.5,0.48676880222841223,0.4592641261498029,0.4726166328600406,0.5157687253613666
"[0, 21, 1, 0, 2, 1, 0, 0, 8, 1, 1, 0, 6, 24, 4, 0, 2, 0, 0, 0, 8, 1, 1, 0, 2, 1, 0, 0, 3, 0, 0, 0, 7, 0, 0, 0, 1, 4, 0, 0, 2, 0, 0, 0, 1, 4, 0, 0]",0.7130727124214172,0.5,0.4959677419354839,0.4040735873850197,0.44532947139753803,0.5893561103810775
"[7, 0, 0, 0, 3, 0, 0, 0, 2, 1, 0, 0, 7, 0, 0, 0, 8, 3, 2, 0, 5, 0, 0, 0, 7, 0, 0, 0, 7, 0, 0, 0, 7, 0, 0, 0, 7, 0, 0, 0, 4, 177, 0, 0, 4, 146, 0, 0]",0.6933877468109131,0.5,0.47692307692307695,0.42772667542706966,0.4509871839279529,0.5308804204993429
"[8, 0, 2, 0, 6, 42, 3, 0, 1, 42, 0, 0, 3, 0, 0, 0, 0, 23, 1, 0, 2, 0, 0, 0, 8, 1, 2, 0, 7, 0, 0, 0, 0, 4, 1, 0, 8, 2, 2, 0, 8, 3, 2, 0, 7, 0, 0, 0]",0.6986383962631225,0.5,0.4919667590027701,0.5834428383705651,0.5338142470694319,0.39750328515111694
"[6, 15, 1, 0, 5, 0, 0, 0, 7, 0, 0, 0, 7, 0, 0, 0, 7, 0, 0, 0, 8, 2, 2, 0, 3, 0, 0, 0, 3, 0, 0, 0, 7, 0, 0, 0, 8, 2, 2, 0, 3, 0, 0, 0, 7, 0, 0, 0]",0.6946057462692261,0.5,0.5037037037037037,0.4914586070959264,0.49750581975390756,0.5157687253613666
"[2, 0, 0, 0, 7, 0, 0, 0, 7, 0, 0, 0, 0, 5, 1, 0, 7, 0, 0, 0, 6, 28, 4, 0, 3, 0, 0, 0, 8, 2, 2, 0, 7, 0, 0, 0, 7, 0, 0, 0, 2, 0, 0, 0, 1, 4, 0, 0]",0.7066806697845459,0.5,0.5208070617906684,0.5427069645203679,0.5315315315315315,0.5006570302233903
"[6, 44, 4, 0, 7, 0, 0, 0, 7, 0, 0, 0, 8, 1, 2, 0, 0, 20, 1, 0, 7, 0, 0, 0, 8, 1, 1, 0, 7, 0, 0, 0, 8, 2, 2, 0, 0, 29, 1, 0, 4, 83, 0, 0, 7, 0, 0, 0]",0.6935854148864746,0.5,0.49705449189985274,0.44349540078843624,0.46875,0.5512483574244416
"[0, 4, 0, 0, 8, 1, 1, 0, 4, 179, 0, 0, 7, 0, 0, 0, 7, 0, 0, 0, 7, 0, 0, 0, 7, 0, 0, 0, 7, 0, 0, 0, 7, 0, 0, 0, 4, 357, 0, 0, 1, 4, 0, 0, 7, 0, 0, 0]",0.693337562084198,0.5,0.49047619047619045,0.47371879106438897,0.481951871657754,0.5078843626806833
"[0, 7, 1, 0, 0, 11, 1, 0, 6, 34, 1, 0, 4, 154, 0, 0, 7, 0, 0, 0, 7, 0, 0, 0, 7, 0, 0, 0, 7, 0, 0, 0, 1, 4, 0, 0, 1, 4, 0, 0, 7, 0, 0, 0, 1, 4, 0, 0]",0.6951090121269226,0.5,0.5,0.5532194480946123,0.5252651278852152,0.4467805519053876
"[2, 1, 0, 0, 0, 4, 0, 0, 2, 0, 0, 0, 2, 0, 0, 0, 2, 1, 0, 0, 7, 0, 0, 0, 7, 0, 0, 0, 0, 20, 1, 0, 4, 268, 0, 0, 7, 0, 0, 0, 7, 0, 0, 0, 7, 0, 0, 0]",0.6930768013000488,0.5,0.4928571428571429,0.49868593955321944,0.495754408883083,0.4868593955321945
"[1, 4, 0, 0, 6, 60, 4, 0, 3, 0, 0, 0, 3, 0, 0, 0, 4, 361, 0, 0, 7, 0, 0, 0, 7, 0, 0, 0, 7, 0, 0, 0, 7, 0, 0, 0, 7, 0, 0, 0, 7, 0, 0, 0, 7, 0, 0, 0]",0.6932048320770263,0.5,0.5040927694406548,0.4855453350854139,0.49464524765729584,0.5223390275952694
"[7, 0, 0, 0, 7, 0, 0, 0, 4, 508, 0, 0, 7, 0, 0, 0, 7, 0, 0, 0, 7, 0, 0, 0, 7, 0, 0, 0, 7, 0, 0, 0, 7, 0, 0, 0, 7, 0, 0, 0, 7, 0, 0, 0, 7, 0, 0, 0]",0.6964104700088501,0.5,0.5080500894454383,0.3731931668856767,0.4303030303030303,0.6386333771353482
"[2, 0, 0, 0, 0, 29, 1, 0, 0, 7, 0, 0, 2, 1, 0, 0, 8, 2, 2, 0, 6, 54, 3, 0, 3, 0, 0, 0, 5, 0, 0, 0, 7, 0, 0, 0, 4, 176, 0, 0, 7, 0, 0, 0, 7, 0, 0, 0]",0.6934378623962403,0.5,0.49626467449306294,0.6110381077529566,0.5477031802120141,0.3797634691195795
"[1, 4, 0, 0, 1, 4, 0, 0, 6, 44, 4, 0, 7, 0, 0, 0, 3, 0, 0, 0, 2, 0, 0, 0, 0, 11, 1, 0, 2, 0, 0, 0, 4, 500, 0, 0, 7, 0, 0, 0, 7, 0, 0, 0, 7, 0, 0, 0]",0.6932597494125367,0.5,0.5122422680412371,0.5223390275952694,0.5172413793103449,0.5026281208935611
"[8, 0, 1, 0, 3, 0, 0, 0, 3, 0, 0, 0, 7, 0, 0, 0, 2, 0, 0, 0, 4, 455, 0, 0, 7, 0, 0, 0, 7, 0, 0, 0, 4, 253, 0, 0, 7, 0, 0, 0, 7, 0, 0, 0, 1, 4, 0, 0]",0.6938143825531006,0.5,0.49423076923076925,0.5065703022339028,0.500324464633355,0.4816031537450723
"[7, 0, 0, 0, 0, 12, 1, 0, 3, 0, 0, 0, 4, 479, 0, 0, 1, 4, 0, 0, 7, 0, 0, 0, 7, 0, 0, 0, 7, 0, 0, 0, 4, 418, 0, 0, 7, 0, 0, 0, 7, 0, 0, 0, 1, 4, 0, 0]",0.693555269241333,0.5,0.48666186012977647,0.44349540078843624,0.4640770024063252,0.5321944809461235
"[2, 0, 0, 0, 8, 1, 2, 0, 6, 10, 1, 0, 7, 0, 0, 0, 0, 19, 1, 0, 3, 0, 0, 0, 0, 18, 1, 0, 4, 13, 0, 0, 7, 0, 0, 0, 1, 4, 0, 0, 7, 0, 0, 0, 7, 0, 0, 0]",0.6987713837623596,0.5,0.5148378191856453,0.49014454664914586,0.5021878155503198,0.538107752956636
"[2, 0, 0, 0, 7, 0, 0, 0, 1, 4, 0, 0, 6, 40, 4, 0, 7, 0, 0, 0, 3, 0, 0, 0, 7, 0, 0, 0, 7, 0, 0, 0, 3, 0, 0, 0, 4, 506, 0, 0, 7, 0, 0, 0, 1, 4, 0, 0]",0.6964836645126343,0.5,0.5003371544167229,0.48751642575558474,0.49384359400998334,0.5131406044678055
"[4, 438, 0, 0, 7, 0, 0, 0, 7, 0, 0, 0, 1, 4, 0, 0, 1, 4, 0, 0, 7, 0, 0, 0, 7, 0, 0, 0, 7, 0, 0, 0, 7, 0, 0, 0, 7, 0, 0, 0, 7, 0, 0, 0, 7, 0, 0, 0]",0.69541921377182,0.5,0.5070250458155162,0.545335085413929,0.5254827477049699,0.46977660972404733
"[6, 4, 4, 0, 0, 15, 1, 0, 5, 0, 0, 0, 4, 145, 0, 0, 4, 57, 0, 0, 7, 0, 0, 0, 7, 0, 0, 0, 4, 47, 0, 0, 7, 0, 0, 0, 7, 0, 0, 0, 7, 0, 0, 0, 7, 0, 0, 0]",0.6935511755943299,0.5,0.5017543859649123,0.46977660972404733,0.4852392263318629,0.533508541392904
"[1, 4, 0, 0, 2, 1, 0, 0, 8, 2, 1, 0, 8, 2, 1, 0, 7, 0, 0, 0, 2, 0, 0, 0, 4, 119, 0, 0, 7, 0, 0, 0, 7, 0, 0, 0, 7, 0, 0, 0, 7, 0, 0, 0, 7, 0, 0, 0]",0.6968000841140747,0.5,0.4898813677599442,0.4612352168199737,0.4751269035532995,0.5197109067017083
"[0, 10, 1, 0, 8, 1, 2, 0, 7, 0, 0, 0, 0, 4, 0, 0, 1, 4, 0, 0, 0, 19, 1, 0, 7, 0, 0, 0, 7, 0, 0, 0, 1, 4, 0, 0, 1, 4, 0, 0, 1, 4, 0, 0, 1, 4, 0, 0]",0.7092142915725708,0.5,0.5020120724346077,0.6557161629434954,0.5686609686609687,0.3495400788436268
"[7, 0, 0, 0, 1, 4, 0, 0, 2, 1, 0, 0, 7, 0, 0, 0, 2, 0, 0, 0, 2, 1, 0, 0, 4, 254, 0, 0, 1, 4, 0, 0, 7, 0, 0, 0, 7, 0, 0, 0, 7, 0, 0, 0, 7, 0, 0, 0]",0.6940731167793274,0.5,0.49490142760027195,0.4783180026281209,0.4864684263280989,0.511826544021025
"[7, 0, 0, 0, 7, 0, 0, 0, 8, 2, 2, 0, 7, 0, 0, 0, 2, 0, 0, 0, 7, 0, 0, 0, 2, 0, 0, 0, 3, 0, 0, 0, 3, 0, 0, 0, 4, 87, 0, 0, 1, 4, 0, 0, 7, 0, 0, 0]",0.6970428967475891,0.5,0.5077380952380952,0.5604467805519053,0.532792004996877,0.45663600525624176
"[6, 6, 3, 0, 3, 0, 0, 0, 7, 0, 0, 0, 4, 421, 0, 0, 4, 247, 0, 0, 7, 0, 0, 0, 7, 0, 0, 0, 4, 180, 0, 0, 7, 0, 0, 0, 7, 0, 0, 0, 7, 0, 0, 0, 7, 0, 0, 0]",0.69313152551651,0.5,0.49658703071672355,0.573587385019711,0.5323170731707317,0.4185282522996058
"[4, 331, 0, 0, 7, 0, 0, 0, 7, 0, 0, 0, 7, 0, 0, 0, 7, 0, 0, 0, 7, 0, 0, 0, 7, 0, 0, 0, 4, 117, 0, 0, 7, 0, 0, 0, 7, 0, 0, 0, 1, 4, 0, 0, 7, 0, 0, 0]",0.6941405200958252,0.5,0.48133848133848134,0.4914586070959264,0.48634590377113135,0.4704336399474376
"[3, 0, 0, 0, 3, 0, 0, 0, 6, 26, 1, 0, 7, 0, 0, 0, 7, 0, 0, 0, 8, 2, 2, 0, 4, 399, 0, 0, 4, 92, 0, 0, 4, 349, 0, 0, 7, 0, 0, 0, 7, 0, 0, 0, 7, 0, 0, 0]",0.6933385634422302,0.5,0.5056852184320766,0.5551905387647832,0.5292828061384278,0.45729303547963207
"[0, 13, 0, 0, 3, 0, 0, 0, 7, 0, 0, 0, 8, 2, 2, 0, 0, 28, 1, 0, 3, 0, 0, 0, 3, 0, 0, 0, 2, 0, 0, 0, 1, 4, 0, 0, 2, 1, 0, 0, 1, 4, 0, 0, 7, 0, 0, 0]",0.7037093830108643,0.5,0.503585657370518,0.4152431011826544,0.45516744688512784,0.5906701708278581
"[8, 0, 1, 0, 4, 403, 0, 0, 7, 0, 0, 0, 7, 0, 0, 0, 7, 0, 0, 0, 7, 0, 0, 0, 7, 0, 0, 0, 7, 0, 0, 0, 7, 0, 0, 0, 4, 33, 0, 0, 7, 0, 0, 0, 7, 0, 0, 0]",0.6939281463623047,0.5,0.49747899159663866,0.5834428383705651,0.5370426368309646,0.41064388961892245
"[7, 0, 0, 0, 3, 0, 0, 0, 0, 30, 1, 0, 2, 0, 0, 0, 8, 3, 2, 0, 0, 22, 1, 0, 0, 28, 1, 0, 6, 4, 4, 0, 1, 4, 0, 0, 7, 0, 0, 0, 7, 0, 0, 0, 7, 0, 0, 0]",0.6936708068847657,0.5,0.506371191135734,0.6005256241787122,0.549443943492636,0.41458607095926414
"[8, 0, 1, 0, 1, 4, 0, 0, 1, 4, 0, 0, 8, 1, 2, 0, 4, 188, 0, 0, 7, 0, 0, 0, 1, 4, 0, 0, 7, 0, 0, 0, 7, 0, 0, 0, 7, 0, 0, 0, 7, 0, 0, 0, 7, 0, 0, 0]",0.6949681282043457,0.5,0.49504950495049505,0.5584756898817346,0.5248533497993207,0.43035479632063073
"[4, 152, 0, 0, 7, 0, 0, 0, 7, 0, 0, 0, 7, 0, 0, 0, 7, 0, 0, 0, 7, 0, 0, 0, 7, 0, 0, 0, 7, 0, 0, 0, 7, 0, 0, 0, 7, 0, 0, 0, 4, 361, 0, 0, 7, 0, 0, 0]",0.6931308221817016,0.5,0.4989788972089857,0.4816031537450723,0.49013707790036776,0.5164257555847569
"[7, 0, 0, 0, 6, 52, 2, 0, 7, 0, 0, 0, 2, 0, 0, 0, 2, 0, 0, 0, 1, 4, 0, 0, 4, 203, 0, 0, 4, 125, 0, 0, 4, 490, 0, 0, 7, 0, 0, 0, 4, 17, 0, 0, 7, 0, 0, 0]",0.6944551372528076,0.5,0.5123087159015303,0.5059132720105125,0.509090909090909,0.5183968462549278
"[1, 4, 0, 0, 4, 302, 0, 0, 4, 333, 0, 0, 4, 488, 0, 0, 7, 0, 0, 0, 1, 4, 0, 0, 7, 0, 0, 0, 7, 0, 0, 0, 7, 0, 0, 0, 7, 0, 0, 0, 7, 0, 0, 0, 7, 0, 0, 0]",0.6933297276496887,0.5,0.5061425061425061,0.5413929040735874,0.5231746031746032,0.47174770039421815
"[2, 0, 0, 0, 1, 4, 0, 0, 1, 4, 0, 0, 3, 0, 0, 0, 1, 4, 0, 0, 3, 0, 0, 0, 5, 0, 0, 0, 4, 383, 0, 0, 7, 0, 0, 0, 1, 4, 0, 0, 1, 4, 0, 0, 4, 474, 0, 0]",0.6935206413269043,0.5,0.4983127109111361,0.5821287779237845,0.536969696969697,0.41392904073587383
"[1, 4, 0, 0, 0, 21, 1, 0, 8, 1, 2, 0, 8, 1, 1, 0, 2, 0, 0, 0, 4, 436, 0, 0, 1, 4, 0, 0, 7, 0, 0, 0, 7, 0, 0, 0, 7, 0, 0, 0, 7, 0, 0, 0, 7, 0, 0, 0]",0.6941467094421386,0.5,0.5042016806722689,0.4730617608409987,0.488135593220339,0.5348226018396847
"[1, 4, 0, 0, 2, 0, 0, 0, 1, 4, 0, 0, 2, 0, 0, 0, 2, 0, 0, 0, 6, 60, 4, 0, 7, 0, 0, 0, 7, 0, 0, 0, 3, 0, 0, 0, 7, 0, 0, 0, 2, 0, 0, 0, 7, 0, 0, 0]",0.6943318605422973,0.5,0.503957783641161,0.5019710906701709,0.5029624753127058,0.5059132720105125
"[8, 0, 2, 0, 7, 0, 0, 0, 7, 0, 0, 0, 6, 52, 4, 0, 4, 419, 0, 0, 7, 0, 0, 0, 4, 235, 0, 0, 7, 0, 0, 0, 7, 0, 0, 0, 7, 0, 0, 0, 7, 0, 0, 0, 7, 0, 0, 0]",0.6932204914093018,0.5,0.5,0.4894875164257556,0.4946879150066401,0.5105124835742444
"[6, 48, 4, 0, 8, 1, 2, 0, 8, 2, 2, 0, 0, 25, 0, 0, 7, 0, 0, 0, 0, 22, 0, 0, 4, 268, 0, 0, 7, 0, 0, 0, 7, 0, 0, 0, 7, 0, 0, 0, 7, 0, 0, 0, 7, 0, 0, 0]",0.693110637664795,0.5,0.492627345844504,0.48291721419185285,0.4877239548772396,0.5026281208935611
"[6, 44, 4, 0, 0, 23, 1, 0, 7, 0, 0, 0, 7, 0, 0, 0, 7, 0, 0, 0, 1, 4, 0, 0, 3, 0, 0, 0, 7, 0, 0, 0, 7, 0, 0, 0, 2, 1, 0, 0, 7, 0, 0, 0, 7, 0, 0, 0]",0.7243179559707642,0.5,0.5119812974868498,0.5755584756898817,0.5419115372718837,0.45137976346911957
"[2, 1, 0, 0, 7, 0, 0, 0, 2, 0, 0, 0, 4, 132, 0, 0, 7, 0, 0, 0, 7, 0, 0, 0, 7, 0, 0, 0, 4, 162, 0, 0, 7, 0, 0, 0, 7, 0, 0, 0, 7, 0, 0, 0, 1, 4, 0, 0]",0.6936183214187622,0.5,0.5069306930693069,0.5045992115637319,0.5057622653934805,0.5091984231274639
"[4, 240, 0, 0, 4, 271, 0, 0, 7, 0, 0, 0, 4, 12, 0, 0, 7, 0, 0, 0, 4, 17, 0, 0, 7, 0, 0, 0, 7, 0, 0, 0, 7, 0, 0, 0, 7, 0, 0, 0, 7, 0, 0, 0, 7, 0, 0, 0]",0.6945113706588745,0.5,0.5014697236919459,0.5604467805519053,0.5293205088426931,0.442838370565046
"[7, 0, 0, 0, 2, 0, 0, 0, 6, 35, 1, 0, 3, 0, 0, 0, 7, 0, 0, 0, 7, 0, 0, 0, 8, 1, 1, 0, 7, 0, 0, 0, 3, 0, 0, 0, 3, 0, 0, 0, 7, 0, 0, 0, 7, 0, 0, 0]",0.6944612312316895,0.5,0.5020970641102457,0.5505913272010512,0.5252272015042306,0.4540078843626807
"[3, 0, 0, 0, 4, 339, 0, 0, 7, 0, 0, 0, 1, 4, 0, 0, 7, 0, 0, 0, 7, 0, 0, 0, 7, 0, 0, 0, 7, 0, 0, 0, 7, 0, 0, 0, 7, 0, 0, 0, 7, 0, 0, 0, 7, 0, 0, 0]",0.6956716084480286,0.5,0.4881889763779528,0.4480946123521682,0.4672833162041795,0.5302233902759527
"[7, 0, 0, 0, 6, 32, 4, 0, 7, 0, 0, 0, 8, 2, 2, 0, 4, 430, 0, 0, 7, 0, 0, 0, 7, 0, 0, 0, 7, 0, 0, 0, 4, 108, 0, 0, 4, 76, 0, 0, 7, 0, 0, 0, 7, 0, 0, 0]",0.6933179140090943,0.5,0.48936170212765956,0.4533508541392904,0.47066848567530695,0.5269382391590013
"[4, 98, 0, 0, 7, 0, 0, 0, 7, 0, 0, 0, 7, 0, 0, 0, 1, 4, 0, 0, 7, 0, 0, 0, 7, 0, 0, 0, 7, 0, 0, 0, 7, 0, 0, 0, 7, 0, 0, 0, 7, 0, 0, 0, 7, 0, 0, 0]",0.6952832317352295,0.5,0.49658002735978113,0.47700394218134035,0.4865951742627346,0.5164257555847569
"[0, 4, 1, 0, 8, 1, 2, 0, 0, 27, 0, 0, 4, 352, 0, 0, 4, 420, 0, 0, 7, 0, 0, 0, 7, 0, 0, 0, 1, 4, 0, 0, 1, 4, 0, 0, 7, 0, 0, 0, 7, 0, 0, 0, 1, 4, 0, 0]",0.6930702424049378,0.5,0.5069885641677255,0.5243101182654402,0.5155038759689923,0.49014454664914586
"[7, 0, 0, 0, 8, 1, 1, 0, 1, 4, 0, 0, 4, 467, 0, 0, 7, 0, 0, 0, 1, 4, 0, 0, 7, 0, 0, 0, 7, 0, 0, 0, 1, 4, 0, 0, 4, 417, 0, 0, 4, 309, 0, 0, 4, 309, 0, 0]",0.6931954717636108,0.5,0.511768661735037,0.5,0.5058158856763044,0.5229960578186597
"[0, 16, 0, 0, 7, 0, 0, 0, 2, 1, 0, 0, 7, 0, 0, 0, 3, 0, 0, 0, 4, 50, 0, 0, 7, 0, 0, 0, 1, 4, 0, 0, 7, 0, 0, 0, 7, 0, 0, 0, 7, 0, 0, 0, 7, 0, 0, 0]",0.6945826983451844,0.5,0.501233045622688,0.5341655716162943,0.517175572519084,0.46846254927726677
"[1, 4, 0, 0, 2, 1, 0, 0, 7, 0, 0, 0, 1, 4, 0, 0, 0, 14, 1, 0, 3, 0, 0, 0, 8, 1, 2, 0, 4, 56, 0, 0, 7, 0, 0, 0, 4, 334, 0, 0, 1, 4, 0, 0, 7, 0, 0, 0]",0.6935256481170654,0.5,0.49966055668703324,0.4835742444152431,0.4914858096828047,0.5157687253613666
"[7, 0, 0, 0, 0, 10, 0, 0, 2, 0, 0, 0, 2, 1, 0, 0, 6, 4, 2, 0, 4, 84, 0, 0, 7, 0, 0, 0, 7, 0, 0, 0, 7, 0, 0, 0, 7, 0, 0, 0, 7, 0, 0, 0, 7, 0, 0, 0]",0.6939067888259888,0.5,0.4960346070656092,0.4520367936925099,0.4730147817119285,0.5407358738501971
"[8, 0, 2, 0, 0, 27, 0, 0, 4, 47, 0, 0, 7, 0, 0, 0, 7, 0, 0, 0, 7, 0, 0, 0, 1, 4, 0, 0, 7, 0, 0, 0, 7, 0, 0, 0, 7, 0, 0, 0, 7, 0, 0, 0, 7, 0, 0, 0]",0.6950346541404724,0.5,0.4957678355501814,0.5387647831800263,0.5163727959697733,0.4520367936925099
"[7, 0, 0, 0, 8, 1, 2, 0, 4, 261, 0, 0, 7, 0, 0, 0, 7, 0, 0, 0, 1, 4, 0, 0, 1, 4, 0, 0, 7, 0, 0, 0, 4, 510, 0, 0, 7, 0, 0, 0, 1, 4, 0, 0, 1, 4, 0, 0]",0.6935407710075379,0.5,0.5052827843380981,0.5341655716162943,0.5193229000319387,0.47700394218134035
"[3, 0, 0, 0, 4, 18, 0, 0, 4, 26, 0, 0, 7, 0, 0, 0, 1, 4, 0, 0, 7, 0, 0, 0, 7, 0, 0, 0, 7, 0, 0, 0, 7, 0, 0, 0, 4, 176, 0, 0, 4, 420, 0, 0, 7, 0, 0, 0]",0.6934482073783874,0.5,0.49622166246851385,0.5177398160315374,0.5067524115755627,0.4743758212877792
"[7, 0, 0, 0, 8, 1, 1, 0, 4, 110, 0, 0, 7, 0, 0, 0, 4, 318, 0, 0, 7, 0, 0, 0, 4, 123, 0, 0, 7, 0, 0, 0, 7, 0, 0, 0, 7, 0, 0, 0, 7, 0, 0, 0, 1, 4, 0, 0]",0.6934321856498719,0.5,0.48827667057444313,0.5473061760840998,0.5161090458488228,0.4264126149802891
"[4, 296, 0, 0, 7, 0, 0, 0, 1, 4, 0, 0, 7, 0, 0, 0, 7, 0, 0, 0, 7, 0, 0, 0, 7, 0, 0, 0, 7, 0, 0, 0, 7, 0, 0, 0, 7, 0, 0, 0, 7, 0, 0, 0, 7, 0, 0, 0]",0.6934973526000977,0.5,0.4982554082344731,0.469119579500657,0.483248730964467,0.5275952693823915
"[8, 0, 1, 0, 3, 0, 0, 0, 0, 4, 1, 0, 6, 60, 4, 0, 2, 1, 0, 0, 4, 274, 0, 0, 7, 0, 0, 0, 7, 0, 0, 0, 7, 0, 0, 0, 7, 0, 0, 0, 7, 0, 0, 0, 7, 0, 0, 0]",0.6933255577087403,0.5,0.4953596287703016,0.5611038107752957,0.5261860751694393,0.4283837056504599
"[1, 4, 0, 0, 7, 0, 0, 0, 3, 0, 0, 0, 7, 0, 0, 0, 8, 1, 1, 0, 1, 4, 0, 0, 4, 432, 0, 0, 7, 0, 0, 0, 4, 20, 0, 0, 7, 0, 0, 0, 7, 0, 0, 0, 7, 0, 0, 0]",0.6946335816383362,0.5,0.5058746736292428,0.5091984231274639,0.5075311067452521,0.5026281208935611
"[1, 4, 0, 0, 7, 0, 0, 0, 8, 2, 1, 0, 6, 20, 2, 0, 0, 10, 1, 0, 7, 0, 0, 0, 8, 1, 1, 0, 4, 408, 0, 0, 7, 0, 0, 0, 7, 0, 0, 0, 1, 4, 0, 0, 7, 0, 0, 0]",0.6953682661056518,0.5,0.4914933837429111,0.5124835742444153,0.5017690575747829,0.46977660972404733
"[3, 0, 0, 0, 0, 21, 0, 0, 6, 44, 4, 0, 7, 0, 0, 0, 8, 3, 2, 0, 8, 1, 2, 0, 8, 1, 2, 0, 7, 0, 0, 0, 3, 0, 0, 0, 1, 4, 0, 0, 7, 0, 0, 0, 7, 0, 0, 0]",0.703631398677826,0.5,0.5015060240963856,0.4375821287779238,0.4673684210526316,0.5650459921156373
"[1, 4, 0, 0, 0, 14, 0, 0, 2, 1, 0, 0, 2, 1, 0, 0, 0, 29, 0, 0, 3, 0, 0, 0, 0, 30, 1, 0, 4, 90, 0, 0, 7, 0, 0, 0, 7, 0, 0, 0, 7, 0, 0, 0, 7, 0, 0, 0]",0.6933722472190857,0.5,0.49110320284697506,0.4533508541392904,0.47147249743764946,0.5302233902759527
"[6, 48, 4, 0, 7, 0, 0, 0, 4, 70, 0, 0, 7, 0, 0, 0, 7, 0, 0, 0, 7, 0, 0, 0, 7, 0, 0, 0, 7, 0, 0, 0, 7, 0, 0, 0, 1, 4, 0, 0, 7, 0, 0, 0, 7, 0, 0, 0]",0.696027557849884,0.5,0.5217391304347826,0.480946123521682,0.5005128205128205,0.5591327201051248
"[3, 0, 0, 0, 2, 0, 0, 0, 1, 4, 0, 0, 3, 0, 0, 0, 3, 0, 0, 0, 3, 0, 0, 0, 0, 28, 1, 0, 1, 28, 0, 0, 0, 16, 1, 0, 7, 0, 0, 0, 8, 1, 1, 0, 1, 4, 0, 0]",0.7051323866844177,0.5,0.4996628455832771,0.4868593955321945,0.49317803660565723,0.5124835742444153
"[7, 0, 0, 0, 0, 9, 0, 0, 6, 28, 2, 0, 2, 1, 0, 0, 8, 3, 2, 0, 2, 1, 0, 0, 7, 0, 0, 0, 1, 4, 0, 0, 7, 0, 0, 0, 1, 4, 0, 0, 8, 2, 1, 0, 3, 0, 0, 0]",0.7058507895469666,0.5,0.48313090418353577,0.4704336399474376,0.4766977363515313,0.4967148488830486
"[7, 0, 0, 0, 3, 0, 0, 0, 2, 1, 0, 0, 7, 0, 0, 0, 4, 304, 0, 0, 7, 0, 0, 0, 7, 0, 0, 0, 7, 0, 0, 0, 1, 4, 0, 0, 7, 0, 0, 0, 7, 0, 0, 0, 7, 0, 0, 0]",0.6955165290832519,0.5,0.4947916666666667,0.49934296977660975,0.4970568999345978,0.49014454664914586
"[1, 4, 0, 0, 1, 4, 0, 0, 6, 44, 4, 0, 3, 0, 0, 0, 0, 21, 0, 0, 1, 21, 0, 0, 7, 0, 0, 0, 0, 7, 0, 0, 7, 0, 0, 0, 8, 1, 1, 0, 4, 356, 0, 0, 7, 0, 0, 0]",0.6932958698272705,0.5,0.5060858424087123,0.519053876478318,0.5124878365228673,0.49342969776609724
"[8, 0, 1, 0, 2, 0, 0, 0, 3, 0, 0, 0, 6, 63, 1, 0, 0, 9, 1, 0, 3, 0, 0, 0, 4, 447, 0, 0, 4, 313, 0, 0, 1, 4, 0, 0, 7, 0, 0, 0, 7, 0, 0, 0, 7, 0, 0, 0]",0.6937469744682312,0.5,0.4898152534343913,0.6793692509855453,0.5692265345444536,0.2923784494086728
"[1, 4, 0, 0, 4, 114, 0, 0, 7, 0, 0, 0, 7, 0, 0, 0, 7, 0, 0, 0, 7, 0, 0, 0, 7, 0, 0, 0, 7, 0, 0, 0, 7, 0, 0, 0, 4, 108, 0, 0, 7, 0, 0, 0, 7, 0, 0, 0]",0.6942881202697754,0.5,0.496028880866426,0.45137976346911957,0.4726522187822497,0.5413929040735874
"[8, 0, 2, 0, 4, 188, 0, 0, 7, 0, 0, 0, 4, 262, 0, 0, 7, 0, 0, 0, 7, 0, 0, 0, 4, 500, 0, 0, 7, 0, 0, 0, 7, 0, 0, 0, 4, 335, 0, 0, 1, 4, 0, 0, 7, 0, 0, 0]",0.6931118083000183,0.5,0.5170546832701678,0.6274638633377135,0.5669338082517067,0.41392904073587383
"[1, 4, 0, 0, 4, 211, 0, 0, 1, 4, 0, 0, 1, 4, 0, 0, 7, 0, 0, 0, 7, 0, 0, 0, 4, 156, 0, 0, 7, 0, 0, 0, 7, 0, 0, 0, 7, 0, 0, 0, 7, 0, 0, 0, 7, 0, 0, 0]",0.6933898758888245,0.5,0.49818621523579204,0.5413929040735874,0.5188916876574308,0.45466491458607095
"[7, 0, 0, 0, 7, 0, 0, 0, 7, 0, 0, 0, 3, 0, 0, 0, 3, 0, 0, 0, 7, 0, 0, 0, 0, 23, 1, 0, 6, 56, 4, 0, 1, 56, 0, 0, 0, 20, 1, 0, 7, 0, 0, 0, 5, 0, 0, 0]",0.6945972752571106,0.5,0.489853044086774,0.45992115637319314,0.47441545238902066,0.5210249671484888
"[5, 0, 0, 0, 7, 0, 0, 0, 1, 4, 0, 0, 1, 4, 0, 0, 4, 463, 0, 0, 7, 0, 0, 0, 7, 0, 0, 0, 7, 0, 0, 0, 7, 0, 0, 0, 7, 0, 0, 0, 7, 0, 0, 0, 7, 0, 0, 0]",0.6983053278923035,0.5,0.4993412384716733,0.4980289093298292,0.4986842105263158,0.5006570302233903
"[0, 10, 1, 0, 8, 1, 1, 0, 7, 0, 0, 0, 8, 3, 2, 0, 1, 4, 0, 0, 6, 24, 4, 0, 1, 24, 0, 0, 2, 1, 0, 0, 3, 0, 0, 0, 3, 0, 0, 0, 7, 0, 0, 0, 7, 0, 0, 0]",0.6932335686683655,0.5,0.4996668887408394,0.492772667542707,0.4961958319550116,0.5065703022339028
"[8, 0, 1, 0, 4, 180, 0, 0, 4, 360, 0, 0, 7, 0, 0, 0, 7, 0, 0, 0, 1, 4, 0, 0, 7, 0, 0, 0, 7, 0, 0, 0, 7, 0, 0, 0, 7, 0, 0, 0, 7, 0, 0, 0, 7, 0, 0, 0]",0.6935941839218139,0.5,0.5025787965616045,0.576215505913272,0.536883991429446,0.4296977660972405
"[3, 0, 0, 0, 3, 0, 0, 0, 2, 1, 0, 0, 3, 0, 0, 0, 0, 6, 0, 0, 8, 2, 2, 0, 0, 12, 1, 0, 0, 8, 0, 0, 7, 0, 0, 0, 3, 0, 0, 0, 5, 0, 0, 0, 4, 339, 0, 0]",0.6932392096519471,0.5,0.5082555635319455,0.4651773981603154,0.48576329331046314,0.5499342969776609
"[7, 0, 0, 0, 7, 0, 0, 0, 3, 0, 0, 0, 4, 500, 0, 0, 7, 0, 0, 0, 7, 0, 0, 0, 1, 4, 0, 0, 7, 0, 0, 0, 7, 0, 0, 0, 7, 0, 0, 0, 7, 0, 0, 0, 7, 0, 0, 0]",0.6962301778793335,0.5,0.511054958938724,0.5315374507227333,0.5210950080515298,0.4914586070959264
"[0, 28, 1, 0, 3, 0, 0, 0, 7, 0, 0, 0, 6, 12, 4, 0, 4, 418, 0, 0, 7, 0, 0, 0, 7, 0, 0, 0, 7, 0, 0, 0, 7, 0, 0, 0, 7, 0, 0, 0, 7, 0, 0, 0, 7, 0, 0, 0]",0.693060176372528,0.5,0.5022566086395873,0.511826544021025,0.506996420436056,0.492772667542707
"[8, 0, 1, 0, 3, 0, 0, 0, 1, 4, 0, 0, 3, 0, 0, 0, 1, 4, 0, 0, 7, 0, 0, 0, 8, 2, 1, 0, 4, 266, 0, 0, 7, 0, 0, 0, 7, 0, 0, 0, 7, 0, 0, 0, 7, 0, 0, 0]",0.6952162456512451,0.5,0.5057553956834533,0.461892247043364,0.48282967032967034,0.5486202365308804
"[5, 0, 0, 0, 7, 0, 0, 0, 7, 0, 0, 0, 7, 0, 0, 0, 1, 4, 0, 0, 3, 0, 0, 0, 7, 0, 0, 0, 7, 0, 0, 0, 8, 2, 1, 0, 3, 0, 0, 0, 8, 2, 1, 0, 7, 0, 0, 0]",0.7203704953193665,0.5,0.4944262295081967,0.49540078843626806,0.4949130292090581,0.49342969776609724
"[7, 0, 0, 0, 6, 16, 2, 0, 3, 0, 0, 0, 7, 0, 0, 0, 7, 0, 0, 0, 1, 4, 0, 0, 3, 0, 0, 0, 7, 0, 0, 0, 7, 0, 0, 0, 4, 139, 0, 0, 7, 0, 0, 0, 7, 0, 0, 0]",0.6962146592140198,0.5,0.49028840494408477,0.5473061760840998,0.5172306737038187,0.43101182654402104
"[7, 0, 0, 0, 3, 0, 0, 0, 2, 0, 0, 0, 3, 0, 0, 0, 4, 67, 0, 0, 7, 0, 0, 0, 7, 0, 0, 0, 7, 0, 0, 0, 7, 0, 0, 0, 7, 0, 0, 0, 7, 0, 0, 0, 7, 0, 0, 0]",0.6942009210586548,0.5,0.5036208031599737,0.5026281208935611,0.5031239723775074,0.5045992115637319
"[5, 0, 0, 0, 7, 0, 0, 0, 4, 282, 0, 0, 7, 0, 0, 0, 7, 0, 0, 0, 1, 4, 0, 0, 7, 0, 0, 0, 7, 0, 0, 0, 7, 0, 0, 0, 7, 0, 0, 0, 7, 0, 0, 0, 7, 0, 0, 0]",0.6949405550956727,0.5,0.4997067448680352,0.5597897503285151,0.5280446234893089,0.4395532194480946
"[4, 80, 0, 0, 7, 0, 0, 0, 7, 0, 0, 0, 7, 0, 0, 0, 7, 0, 0, 0, 7, 0, 0, 0, 7, 0, 0, 0, 7, 0, 0, 0, 7, 0, 0, 0, 7, 0, 0, 0, 1, 4, 0, 0, 7, 0, 0, 0]",0.6933904242515564,0.5,0.5042808219178082,0.38699080157687255,0.4379182156133829,0.6195795006570303
"[6, 48, 4, 0, 0, 14, 0, 0, 8, 2, 2, 0, 7, 0, 0, 0, 7, 0, 0, 0, 1, 4, 0, 0, 8, 3, 1, 0, 7, 0, 0, 0, 1, 4, 0, 0, 7, 0, 0, 0, 2, 1, 0, 0, 8, 3, 2, 0]",0.7116049337387085,0.5,0.5074839629365645,0.46780551905387646,0.48683760683760685,0.5459921156373193
"[0, 5, 0, 0, 1, 5, 0, 0, 6, 43, 1, 0, 0, 9, 1, 0, 4, 221, 0, 0, 7, 0, 0, 0, 7, 0, 0, 0, 7, 0, 0, 0, 7, 0, 0, 0, 7, 0, 0, 0, 7, 0, 0, 0, 4, 217, 0, 0]",0.6933293509483337,0.5,0.5087473757872638,0.4776609724047306,0.49271433412402577,0.5387647831800263
"[6, 40, 4, 0, 3, 0, 0, 0, 7, 0, 0, 0, 2, 1, 0, 0, 2, 0, 0, 0, 7, 0, 0, 0, 7, 0, 0, 0, 7, 0, 0, 0, 8, 2, 1, 0, 2, 0, 0, 0, 8, 1, 1, 0, 2, 0, 0, 0]",0.6943327784538269,0.5,0.49517241379310345,0.47174770039421815,0.4831763122476447,0.519053876478318
"[4, 150, 0, 0, 7, 0, 0, 0, 7, 0, 0, 0, 7, 0, 0, 0, 7, 0, 0, 0, 7, 0, 0, 0, 7, 0, 0, 0, 4, 450, 0, 0, 7, 0, 0, 0, 7, 0, 0, 0, 7, 0, 0, 0, 7, 0, 0, 0]",0.693265347480774,0.5,0.491869918699187,0.39750328515111694,0.43968023255813954,0.5893561103810775
"[2, 0, 0, 0, 1, 4, 0, 0, 8, 2, 1, 0, 0, 4, 1, 0, 3, 0, 0, 0, 3, 0, 0, 0, 8, 3, 1, 0, 5, 0, 0, 0, 4, 326, 0, 0, 7, 0, 0, 0, 7, 0, 0, 0, 4, 119, 0, 0]",0.6934319925308228,0.5,0.5119277885235332,0.5216819973718791,0.5167588675561341,0.5026281208935611
"[3, 0, 0, 0, 3, 0, 0, 0, 7, 0, 0, 0, 3, 0, 0, 0, 8, 2, 2, 0, 1, 4, 0, 0, 6, 19, 1, 0, 3, 0, 0, 0, 4, 158, 0, 0, 7, 0, 0, 0, 7, 0, 0, 0, 7, 0, 0, 0]",0.6933323979377747,0.5,0.5127830533235939,0.4612352168199737,0.48564510549982703,0.561760840998686
"[0, 25, 1, 0, 0, 22, 0, 0, 2, 0, 0, 0, 0, 25, 1, 0, 3, 0, 0, 0, 6, 28, 4, 0, 4, 138, 0, 0, 7, 0, 0, 0, 1, 4, 0, 0, 7, 0, 0, 0, 7, 0, 0, 0, 7, 0, 0, 0]",0.6958090496063233,0.5,0.5047887323943662,0.5886990801576872,0.5435244161358811,0.42247043363994746
"[3, 0, 0, 0, 0, 21, 0, 0, 7, 0, 0, 0, 3, 0, 0, 0, 4, 478, 0, 0, 4, 465, 0, 0, 4, 19, 0, 0, 7, 0, 0, 0, 7, 0, 0, 0, 4, 39, 0, 0, 7, 0, 0, 0, 7, 0, 0, 0]",0.6937926578521728,0.5,0.5023442732752846,0.492772667542707,0.4975124378109453,0.511826544021025
"[3, 0, 0, 0, 7, 0, 0, 0, 0, 30, 1, 0, 4, 333, 0, 0, 7, 0, 0, 0, 7, 0, 0, 0, 7, 0, 0, 0, 7, 0, 0, 0, 7, 0, 0, 0, 4, 312, 0, 0, 7, 0, 0, 0, 1, 4, 0, 0]",0.6933387398719788,0.5,0.48560885608856086,0.4323258869908016,0.45742092457420924,0.5420499342969777
"[4, 259, 0, 0, 7, 0, 0, 0, 1, 4, 0, 0, 7, 0, 0, 0, 7, 0, 0, 0, 7, 0, 0, 0, 7, 0, 0, 0, 7, 0, 0, 0, 7, 0, 0, 0, 7, 0, 0, 0, 7, 0, 0, 0, 7, 0, 0, 0]",0.6944235515594482,0.5,0.5061936936936937,0.5906701708278581,0.5451788963007883,0.42378449408672797
"[3, 0, 0, 0, 0, 25, 0, 0, 3, 0, 0, 0, 4, 176, 0, 0, 7, 0, 0, 0, 7, 0, 0, 0, 7, 0, 0, 0, 7, 0, 0, 0, 7, 0, 0, 0, 7, 0, 0, 0, 7, 0, 0, 0, 4, 446, 0, 0]",0.6932156586647034,0.5,0.48484848484848486,0.4940867279894875,0.4894240156199154,0.47503285151116953
"[3, 0, 0, 0, 8, 1, 1, 0, 7, 0, 0, 0, 8, 2, 2, 0, 7, 0, 0, 0, 6, 28, 4, 0, 0, 6, 0, 0, 7, 0, 0, 0, 1, 4, 0, 0, 7, 0, 0, 0, 5, 0, 0, 0, 4, 45, 0, 0]",0.6966323447227478,0.5,0.4889018691588785,0.5499342969776609,0.5176252319109462,0.42509855453350853
"[1, 4, 0, 0, 2, 0, 0, 0, 2, 0, 0, 0, 7, 0, 0, 0, 2, 1, 0, 0, 0, 19, 1, 0, 2, 0, 0, 0, 7, 0, 0, 0, 0, 18, 0, 0, 4, 388, 0, 0, 7, 0, 0, 0, 7, 0, 0, 0]",0.6932164573669434,0.5,0.4976,0.40867279894875164,0.44877344877344877,0.5873850197109067
"[7, 0, 0, 0, 0, 23, 1, 0, 1, 23, 0, 0, 6, 51, 3, 0, 1, 51, 0, 0, 3, 0, 0, 0, 1, 4, 0, 0, 1, 4, 0, 0, 7, 0, 0, 0, 8, 2, 1, 0, 8, 3, 1, 0, 7, 0, 0, 0]",0.7083528399467468,0.5,0.5119255381035486,0.5781865965834428,0.543042270904042,0.4487516425755585
"[4, 470, 0, 0, 7, 0, 0, 0, 7, 0, 0, 0, 7, 0, 0, 0, 7, 0, 0, 0, 4, 18, 0, 0, 4, 326, 0, 0, 7, 0, 0, 0, 7, 0, 0, 0, 1, 4, 0, 0, 7, 0, 0, 0, 4, 114, 0, 0]",0.6931236433982849,0.5,0.509915014164306,0.4730617608409987,0.49079754601226994,0.545335085413929
"[6, 40, 4, 0, 7, 0, 0, 0, 0, 13, 1, 0, 0, 24, 0, 0, 3, 0, 0, 0, 0, 20, 1, 0, 7, 0, 0, 0, 3, 0, 0, 0, 3, 0, 0, 0, 0, 27, 1, 0, 4, 504, 0, 0, 7, 0, 0, 0]",0.6931103324890137,0.5,0.504227517294389,0.43101182654402104,0.46475380800566773,0.576215505913272
"[4, 481, 0, 0, 4, 388, 0, 0, 7, 0, 0, 0, 7, 0, 0, 0, 1, 4, 0, 0, 4, 397, 0, 0, 7, 0, 0, 0, 4, 61, 0, 0, 7, 0, 0, 0, 7, 0, 0, 0, 7, 0, 0, 0, 7, 0, 0, 0]",0.6934581804275513,0.5,0.48573573573573575,0.42509855453350853,0.4533987386124737,0.5499342969776609
"[0, 31, 0, 0, 2, 0, 0, 0, 1, 4, 0, 0, 1, 4, 0, 0, 3, 0, 0, 0, 4, 378, 0, 0, 7, 0, 0, 0, 7, 0, 0, 0, 7, 0, 0, 0, 7, 0, 0, 0, 7, 0, 0, 0, 7, 0, 0, 0]",0.6977904057502746,0.5,0.48371104815864024,0.4487516425755585,0.4655760054533061,0.5210249671484888
"[0, 28, 1, 0, 1, 28, 0, 0, 7, 0, 0, 0, 6, 40, 4, 0, 7, 0, 0, 0, 8, 1, 2, 0, 2, 1, 0, 0, 2, 1, 0, 0, 0, 20, 0, 0, 7, 0, 0, 0, 1, 4, 0, 0, 1, 4, 0, 0]",0.70700532913208,0.5,0.49855699855699853,0.4540078843626807,0.4752407152682256,0.5433639947437582
"[3, 0, 0, 0, 8, 1, 2, 0, 0, 5, 0, 0, 7, 0, 0, 0, 4, 94, 0, 0, 7, 0, 0, 0, 7, 0, 0, 0, 4, 478, 0, 0, 7, 0, 0, 0, 7, 0, 0, 0, 7, 0, 0, 0, 4, 332, 0, 0]",0.6931500315666199,0.5,0.49622166246851385,0.5177398160315374,0.5067524115755627,0.4743758212877792
"[5, 0, 0, 0, 4, 258, 0, 0, 7, 0, 0, 0, 7, 0, 0, 0, 7, 0, 0, 0, 7, 0, 0, 0, 7, 0, 0, 0, 7, 0, 0, 0, 1, 4, 0, 0, 4, 125, 0, 0, 7, 0, 0, 0, 4, 243, 0, 0]",0.693407633304596,0.5,0.5,0.5361366622864652,0.517438173747622,0.46386333771353483
"[4, 64, 0, 0, 7, 0, 0, 0, 7, 0, 0, 0, 7, 0, 0, 0, 7, 0, 0, 0, 7, 0, 0, 0, 7, 0, 0, 0, 4, 131, 0, 0, 7, 0, 0, 0, 7, 0, 0, 0, 7, 0, 0, 0, 4, 223, 0, 0]",0.6930713939666748,0.5,0.5014212620807277,0.5795006570302234,0.5376409631209997,0.42378449408672797
"[2, 1, 0, 0, 1, 4, 0, 0, 7, 0, 0, 0, 3, 0, 0, 0, 7, 0, 0, 0, 2, 0, 0, 0, 4, 52, 0, 0, 4, 249, 0, 0, 7, 0, 0, 0, 7, 0, 0, 0, 7, 0, 0, 0, 7, 0, 0, 0]",0.6939365196228028,0.5,0.5107142857142857,0.5637319316688568,0.5359150530918176,0.45992115637319314
"[1, 4, 0, 0, 6, 20, 4, 0, 4, 136, 0, 0, 7, 0, 0, 0, 7, 0, 0, 0, 7, 0, 0, 0, 7, 0, 0, 0, 7, 0, 0, 0, 7, 0, 0, 0, 7, 0, 0, 0, 7, 0, 0, 0, 7, 0, 0, 0]",0.6930281662940979,0.5,0.49292586304470853,0.5722733245729303,0.5296442687747036,0.41130091984231276
"[3, 0, 0, 0, 8, 1, 2, 0, 4, 48, 0, 0, 7, 0, 0, 0, 1, 4, 0, 0, 7, 0, 0, 0, 7, 0, 0, 0, 7, 0, 0, 0, 7, 0, 0, 0, 7, 0, 0, 0, 7, 0, 0, 0, 1, 4, 0, 0]",0.6950618553161622,0.5,0.49245147375988496,0.450065703022339,0.4703055269481634,0.5361366622864652
"[3, 0, 0, 0, 4, 442, 0, 0, 1, 4, 0, 0, 7, 0, 0, 0, 7, 0, 0, 0, 7, 0, 0, 0, 7, 0, 0, 0, 7, 0, 0, 0, 7, 0, 0, 0, 7, 0, 0, 0, 7, 0, 0, 0, 7, 0, 0, 0]",0.6957939028739929,0.5,0.49115801483171706,0.5657030223390276,0.5258015267175572,0.41392904073587383
"[6, 24, 2, 0, 4, 450, 0, 0, 7, 0, 0, 0, 7, 0, 0, 0, 7, 0, 0, 0, 7, 0, 0, 0, 7, 0, 0, 0, 7, 0, 0, 0, 7, 0, 0, 0, 1, 4, 0, 0, 7, 0, 0, 0, 7, 0, 0, 0]",0.6963930678367615,0.5,0.4985549132947977,0.4533508541392904,0.4748795595320027,0.5440210249671484
"[6, 60, 4, 0, 1, 60, 0, 0, 0, 24, 1, 0, 4, 29, 0, 0, 4, 47, 0, 0, 7, 0, 0, 0, 7, 0, 0, 0, 1, 4, 0, 0, 4, 69, 0, 0, 4, 134, 0, 0, 4, 454, 0, 0, 7, 0, 0, 0]",0.6933178448677063,0.5,0.503052503052503,0.5413929040735874,0.5215189873417722,0.4651773981603154
"[3, 0, 0, 0, 8, 1, 2, 0, 4, 365, 0, 0, 7, 0, 0, 0, 1, 4, 0, 0, 7, 0, 0, 0, 1, 4, 0, 0, 1, 4, 0, 0, 7, 0, 0, 0, 7, 0, 0, 0, 7, 0, 0, 0, 7, 0, 0, 0]",0.6949648022651672,0.5,0.4754810676598386,0.5032851511169514,0.4889881902330035,0.4448094612352168
"[4, 194, 0, 0, 7, 0, 0, 0, 7, 0, 0, 0, 7, 0, 0, 0, 1, 4, 0, 0, 7, 0, 0, 0, 1, 4, 0, 0, 7, 0, 0, 0, 7, 0, 0, 0, 7, 0, 0, 0, 7, 0, 0, 0, 7, 0, 0, 0]",0.695319254398346,0.5,0.5,0.5348226018396847,0.5168253968253969,0.4651773981603154
"[7, 0, 0, 0, 6, 24, 2, 0, 7, 0, 0, 0, 1, 4, 0, 0, 7, 0, 0, 0, 0, 6, 0, 0, 4, 85, 0, 0, 7, 0, 0, 0, 1, 4, 0, 0, 1, 4, 0, 0, 7, 0, 0, 0, 1, 4, 0, 0]",0.6959791207313537,0.5,0.49250936329588013,0.5183968462549278,0.5051216389244558,0.46583442838370565
"[8, 0, 1, 0, 3, 0, 0, 0, 7, 0, 0, 0, 4, 122, 0, 0, 4, 371, 0, 0, 7, 0, 0, 0, 7, 0, 0, 0, 7, 0, 0, 0, 7, 0, 0, 0, 4, 403, 0, 0, 7, 0, 0, 0, 7, 0, 0, 0]",0.6930125880241395,0.5,0.494026284348865,0.5433639947437582,0.5175219023779725,0.44349540078843624
"[4, 156, 0, 0, 7, 0, 0, 0, 7, 0, 0, 0, 7, 0, 0, 0, 7, 0, 0, 0, 4, 37, 0, 0, 7, 0, 0, 0, 1, 4, 0, 0, 7, 0, 0, 0, 7, 0, 0, 0, 7, 0, 0, 0, 1, 4, 0, 0]",0.6934958982467652,0.5,0.49739921976592977,0.5026281208935611,0.5,0.4921156373193167
"[7, 0, 0, 0, 0, 26, 0, 0, 8, 2, 1, 0, 7, 0, 0, 0, 8, 2, 2, 0, 8, 1, 2, 0, 7, 0, 0, 0, 6, 40, 4, 0, 7, 0, 0, 0, 2, 1, 0, 0, 7, 0, 0, 0, 2, 0, 0, 0]",0.693561897277832,0.5,0.5010128291694801,0.48751642575558474,0.49417249417249415,0.514454664914586
"[8, 0, 1, 0, 6, 4, 4, 0, 7, 0, 0, 0, 4, 245, 0, 0, 7, 0, 0, 0, 4, 156, 0, 0, 7, 0, 0, 0, 4, 276, 0, 0, 7, 0, 0, 0, 1, 4, 0, 0, 7, 0, 0, 0, 1, 4, 0, 0]",0.6930874943733215,0.5,0.4904246461282265,0.38699080157687255,0.43261109070877707,0.5978975032851511
"[7, 0, 0, 0, 3, 0, 0, 0, 0, 7, 1, 0, 1, 7, 0, 0, 0, 16, 0, 0, 7, 0, 0, 0, 7, 0, 0, 0, 3, 0, 0, 0, 8, 3, 2, 0, 6, 56, 4, 0, 3, 0, 0, 0, 8, 1, 2, 0]",0.6932660984992981,0.5,0.5028391167192429,0.5236530880420499,0.513035082072739,0.48226018396846254
"[7, 0, 0, 0, 8, 1, 2, 0, 2, 0, 0, 0, 7, 0, 0, 0, 8, 1, 2, 0, 4, 114, 0, 0, 7, 0, 0, 0, 4, 149, 0, 0, 7, 0, 0, 0, 7, 0, 0, 0, 7, 0, 0, 0, 7, 0, 0, 0]",0.6936031627655029,0.5,0.506926952141058,0.5289093298291722,0.5176848874598071,0.4855453350854139
"[6, 15, 3, 0, 7, 0, 0, 0, 1, 4, 0, 0, 7, 0, 0, 0, 1, 4, 0, 0, 4, 166, 0, 0, 7, 0, 0, 0, 7, 0, 0, 0, 7, 0, 0, 0, 4, 189, 0, 0, 4, 4, 0, 0, 7, 0, 0, 0]",0.6994928407669068,0.5,0.5167112299465241,0.5078843626806833,0.512259774685222,0.5249671484888305
"[8, 0, 2, 0, 0, 10, 1, 0, 0, 26, 1, 0, 4, 441, 0, 0, 7, 0, 0, 0, 7, 0, 0, 0, 7, 0, 0, 0, 7, 0, 0, 0, 7, 0, 0, 0, 7, 0, 0, 0, 7, 0, 0, 0, 1, 4, 0, 0]",0.6946098279953002,0.5,0.4952681388012618,0.4126149802890933,0.45017921146953405,0.5795006570302234
"[4, 243, 0, 0, 7, 0, 0, 0, 7, 0, 0, 0, 7, 0, 0, 0, 7, 0, 0, 0, 7, 0, 0, 0, 1, 4, 0, 0, 7, 0, 0, 0, 7, 0, 0, 0, 4, 308, 0, 0, 7, 0, 0, 0, 7, 0, 0, 0]",0.6938078546524048,0.5,0.5099415204678363,0.5729303547963206,0.5396039603960396,0.44940867279894875
"[4, 82, 0, 0, 7, 0, 0, 0, 7, 0, 0, 0, 7, 0, 0, 0, 7, 0, 0, 0, 7, 0, 0, 0, 4, 384, 0, 0, 4, 60, 0, 0, 7, 0, 0, 0, 7, 0, 0, 0, 7, 0, 0, 0, 7, 0, 0, 0]",0.6933316540718079,0.5,0.4943342776203966,0.45860709592641263,0.4758009543285617,0.5308804204993429
"[6, 60, 1, 0, 8, 1, 2, 0, 4, 237, 0, 0, 1, 4, 0, 0, 7, 0, 0, 0, 7, 0, 0, 0, 7, 0, 0, 0, 1, 4, 0, 0, 7, 0, 0, 0, 1, 4, 0, 0, 7, 0, 0, 0, 7, 0, 0, 0]",0.6973896837234497,0.5,0.4961038961038961,0.5019710906701709,0.4990202482037884,0.49014454664914586
"[2, 0, 0, 0, 6, 44, 4, 0, 4, 217, 0, 0, 7, 0, 0, 0, 7, 0, 0, 0, 7, 0, 0, 0, 7, 0, 0, 0, 7, 0, 0, 0, 4, 468, 0, 0, 7, 0, 0, 0, 7, 0, 0, 0, 7, 0, 0, 0]",0.6931390929222107,0.5,0.5024458420684835,0.4724047306176084,0.48696241110734845,0.5321944809461235
"[0, 14, 0, 0, 8, 1, 1, 0, 2, 0, 0, 0, 1, 4, 0, 0, 0, 14, 0, 0, 7, 0, 0, 0, 8, 2, 2, 0, 8, 1, 2, 0, 4, 274, 0, 0, 7, 0, 0, 0, 7, 0, 0, 0, 1, 4, 0, 0]",0.6936009216308594,0.5,0.4966577540106952,0.48817345597897505,0.4923790589794566,0.5052562417871223
"[1, 4, 0, 0, 2, 0, 0, 0, 6, 32, 4, 0, 8, 1, 2, 0, 8, 3, 2, 0, 3, 0, 0, 0, 7, 0, 0, 0, 0, 17, 1, 0, 7, 0, 0, 0, 5, 0, 0, 0, 7, 0, 0, 0, 7, 0, 0, 0]",0.6932387495040894,0.5,0.49092009685230026,0.5328515111695138,0.5110270951480781,0.44743758212877793
"[2, 0, 0, 0, 3, 0, 0, 0, 2, 1, 0, 0, 0, 27, 1, 0, 4, 346, 0, 0, 4, 302, 0, 0, 7, 0, 0, 0, 1, 4, 0, 0, 1, 4, 0, 0, 7, 0, 0, 0, 1, 4, 0, 0, 7, 0, 0, 0]",0.6933291697502136,0.5,0.5084033613445378,0.47700394218134035,0.4922033898305085,0.5387647831800263
"[3, 0, 0, 0, 4, 43, 0, 0, 7, 0, 0, 0, 7, 0, 0, 0, 7, 0, 0, 0, 7, 0, 0, 0, 7, 0, 0, 0, 7, 0, 0, 0, 7, 0, 0, 0, 7, 0, 0, 0, 7, 0, 0, 0, 7, 0, 0, 0]",0.6950114512443543,0.5,0.4900662251655629,0.5348226018396847,0.5114671693371033,0.44349540078843624
"[1, 4, 0, 0, 4, 257, 0, 0, 7, 0, 0, 0, 7, 0, 0, 0, 7, 0, 0, 0, 7, 0, 0, 0, 7, 0, 0, 0, 7, 0, 0, 0, 1, 4, 0, 0, 7, 0, 0, 0, 7, 0, 0, 0, 7, 0, 0, 0]",0.6951396107673645,0.5,0.5005931198102017,0.5545335085413929,0.5261845386533666,0.4467805519053876
"[1, 4, 0, 0, 7, 0, 0, 0, 7, 0, 0, 0, 0, 4, 0, 0, 7, 0, 0, 0, 6, 15, 3, 0, 5, 0, 0, 0, 4, 471, 0, 0, 7, 0, 0, 0, 7, 0, 0, 0, 7, 0, 0, 0, 7, 0, 0, 0]",0.6934866666793823,0.5,0.504266873545384,0.42706964520367935,0.4624688722874422,0.5801576872536137
"[0, 4, 1, 0, 5, 0, 0, 0, 4, 282, 0, 0, 7, 0, 0, 0, 7, 0, 0, 0, 7, 0, 0, 0, 1, 4, 0, 0, 7, 0, 0, 0, 1, 4, 0, 0, 7, 0, 0, 0, 7, 0, 0, 0, 7, 0, 0, 0]",0.695744297504425,0.5,0.5036303630363036,0.5013140604467805,0.5024695423114917,0.5059132720105125
"[6, 12, 4, 0, 1, 12, 0, 0, 7, 0, 0, 0, 1, 4, 0, 0, 4, 47, 0, 0, 7, 0, 0, 0, 7, 0, 0, 0, 7, 0, 0, 0, 7, 0, 0, 0, 7, 0, 0, 0, 7, 0, 0, 0, 7, 0, 0, 0]",0.6980577874183654,0.5,0.49870801033591733,0.507227332457293,0.5029315960912052,0.49014454664914586
"[7, 0, 0, 0, 1, 4, 0, 0, 8, 1, 1, 0, 8, 1, 1, 0, 6, 15, 3, 0, 7, 0, 0, 0, 8, 1, 2, 0, 1, 4, 0, 0, 7, 0, 0, 0, 2, 1, 0, 0, 7, 0, 0, 0, 7, 0, 0, 0]",0.7033554291725159,0.5,0.49872122762148335,0.5124835742444153,0.5055087491898899,0.48488830486202367
"[6, 52, 4, 0, 0, 26, 0, 0, 4, 210, 0, 0, 7, 0, 0, 0, 7, 0, 0, 0, 7, 0, 0, 0, 7, 0, 0, 0, 7, 0, 0, 0, 7, 0, 0, 0, 7, 0, 0, 0, 7, 0, 0, 0, 4, 485, 0, 0]",0.6932494950294494,0.5,0.5138974675725757,0.5466491458607096,0.5297675899395097,0.48291721419185285
"[7, 0, 0, 0, 2, 1, 0, 0, 8, 2, 1, 0, 7, 0, 0, 0, 6, 12, 4, 0, 4, 411, 0, 0, 7, 0, 0, 0, 4, 496, 0, 0, 7, 0, 0, 0, 7, 0, 0, 0, 4, 31, 0, 0, 7, 0, 0, 0]",0.6943550133705139,0.5,0.49140401146131807,0.4507227332457293,0.4701850582590816,0.533508541392904
"[8, 0, 2, 0, 7, 0, 0, 0, 7, 0, 0, 0, 0, 11, 1, 0, 6, 44, 4, 0, 0, 23, 1, 0, 1, 23, 0, 0, 7, 0, 0, 0, 5, 0, 0, 0, 4, 170, 0, 0, 7, 0, 0, 0, 7, 0, 0, 0]",0.6943929886817932,0.5,0.5039637599093998,0.5847568988173456,0.5413625304136253,0.4244415243101183
"[8, 0, 2, 0, 7, 0, 0, 0, 7, 0, 0, 0, 6, 33, 3, 0, 3, 0, 0, 0, 7, 0, 0, 0, 2, 0, 0, 0, 7, 0, 0, 0, 7, 0, 0, 0, 7, 0, 0, 0, 1, 4, 0, 0, 5, 0, 0, 0]",0.7029914784431458,0.5,0.49768365320979485,0.4940867279894875,0.4958786679854929,0.5013140604467805
"[0, 10, 0, 0, 7, 0, 0, 0, 1, 4, 0, 0, 2, 1, 0, 0, 8, 2, 1, 0, 2, 1, 0, 0, 6, 40, 2, 0, 7, 0, 0, 0, 7, 0, 0, 0, 0, 5, 0, 0, 0, 18, 1, 0, 4, 324, 0, 0]",0.6931035399436951,0.5,0.5014819205690575,0.5558475689881734,0.527267061389841,0.44743758212877793
"[6, 15, 3, 0, 2, 0, 0, 0, 7, 0, 0, 0, 7, 0, 0, 0, 1, 4, 0, 0, 7, 0, 0, 0, 7, 0, 0, 0, 8, 1, 1, 0, 3, 0, 0, 0, 3, 0, 0, 0, 4, 172, 0, 0, 7, 0, 0, 0]",0.697371962070465,0.5,0.5002842524161455,0.5781865965834428,0.5364218226150563,0.42247043363994746
"[7, 0, 0, 0, 6, 4, 4, 0, 0, 9, 0, 0, 2, 1, 0, 0, 7, 0, 0, 0, 2, 0, 0, 0, 7, 0, 0, 0, 4, 382, 0, 0, 7, 0, 0, 0, 7, 0, 0, 0, 7, 0, 0, 0, 7, 0, 0, 0]",0.6935022711753845,0.5,0.49437537004144466,0.5486202365308804,0.5200872002491436,0.43889618922470436
"[8, 0, 2, 0, 5, 0, 0, 0, 4, 174, 0, 0, 7, 0, 0, 0, 4, 284, 0, 0, 7, 0, 0, 0, 4, 69, 0, 0, 7, 0, 0, 0, 7, 0, 0, 0, 7, 0, 0, 0, 7, 0, 0, 0, 7, 0, 0, 0]",0.6937161421775818,0.5,0.5139146567717996,0.3639947437582129,0.42615384615384616,0.6557161629434954
"[5, 0, 0, 0, 4, 135, 0, 0, 1, 4, 0, 0, 7, 0, 0, 0, 7, 0, 0, 0, 7, 0, 0, 0, 7, 0, 0, 0, 4, 221, 0, 0, 7, 0, 0, 0, 7, 0, 0, 0, 7, 0, 0, 0, 7, 0, 0, 0]",0.6944634056091309,0.5,0.4948224852071006,0.4395532194480946,0.46555323590814196,0.5512483574244416
"[6, 44, 4, 0, 7, 0, 0, 0, 5, 0, 0, 0, 7, 0, 0, 0, 7, 0, 0, 0, 3, 0, 0, 0, 7, 0, 0, 0, 7, 0, 0, 0, 7, 0, 0, 0, 7, 0, 0, 0, 7, 0, 0, 0, 8, 3, 1, 0]",0.6947034907341003,0.5,0.5082482325216026,0.42509855453350853,0.4629695885509839,0.5886990801576872
"[8, 0, 2, 0, 3, 0, 0, 0, 8, 2, 1, 0, 3, 0, 0, 0, 4, 447, 0, 0, 7, 0, 0, 0, 7, 0, 0, 0, 7, 0, 0, 0, 4, 452, 0, 0, 7, 0, 0, 0, 7, 0, 0, 0, 4, 426, 0, 0]",0.6932604432106018,0.5,0.5130662020905923,0.38699080157687255,0.4411985018726592,0.6327201051248358
"[7, 0, 0, 0, 8, 1, 2, 0, 0, 23, 1, 0, 6, 48, 4, 0, 8, 1, 2, 0, 1, 4, 0, 0, 7, 0, 0, 0, 0, 12, 0, 0, 8, 1, 2, 0, 8, 3, 2, 0, 3, 0, 0, 0, 5, 0, 0, 0]",0.693166835308075,0.5,0.4946159368269921,0.45269382391590013,0.4727272727272727,0.5374507227332457
"[1, 4, 0, 0, 7, 0, 0, 0, 7, 0, 0, 0, 7, 0, 0, 0, 2, 0, 0, 0, 7, 0, 0, 0, 7, 0, 0, 0, 7, 0, 0, 0, 1, 4, 0, 0, 4, 77, 0, 0, 7, 0, 0, 0, 4, 347, 0, 0]",0.6936442708969116,0.5,0.4847870182555781,0.47109067017082784,0.47784071976007997,0.49934296977660975
"[3, 0, 0, 0, 8, 1, 1, 0, 6, 16, 4, 0, 3, 0, 0, 0, 4, 115, 0, 0, 7, 0, 0, 0, 7, 0, 0, 0, 7, 0, 0, 0, 7, 0, 0, 0, 1, 4, 0, 0, 7, 0, 0, 0, 7, 0, 0, 0]",0.6960880780220031,0.5,0.4982678983833718,0.5670170827858082,0.5304240934234788,0.4290407358738502
"[2, 1, 0, 0, 6, 16, 4, 0, 8, 1, 1, 0, 0, 18, 0, 0, 3, 0, 0, 0, 7, 0, 0, 0, 2, 0, 0, 0, 8, 2, 1, 0, 0, 28, 1, 0, 1, 28, 0, 0, 7, 0, 0, 0, 3, 0, 0, 0]",0.7037918424606323,0.5,0.4849056603773585,0.5065703022339028,0.4955012853470437,0.461892247043364
"[4, 56, 0, 0, 7, 0, 0, 0, 4, 175, 0, 0, 1, 4, 0, 0, 7, 0, 0, 0, 1, 4, 0, 0, 7, 0, 0, 0, 7, 0, 0, 0, 7, 0, 0, 0, 7, 0, 0, 0, 7, 0, 0, 0, 7, 0, 0, 0]",0.6936175417900086,0.5,0.5128654970760234,0.576215505913272,0.5426980198019802,0.45269382391590013
"[7, 0, 0, 0, 1, 4, 0, 0, 4, 270, 0, 0, 7, 0, 0, 0, 7, 0, 0, 0, 7, 0, 0, 0, 7, 0, 0, 0, 7, 0, 0, 0, 1, 4, 0, 0, 7, 0, 0, 0, 7, 0, 0, 0, 4, 96, 0, 0]",0.6936456799507141,0.5,0.49304482225656876,0.4191852825229961,0.453125,0.568988173455979
"[1, 4, 0, 0, 4, 454, 0, 0, 7, 0, 0, 0, 7, 0, 0, 0, 7, 0, 0, 0, 7, 0, 0, 0, 7, 0, 0, 0, 7, 0, 0, 0, 7, 0, 0, 0, 7, 0, 0, 0, 7, 0, 0, 0, 7, 0, 0, 0]",0.6945870971679687,0.5,0.49209361163820364,0.5111695137976346,0.5014502094747019,0.4724047306176084
"[2, 0, 0, 0, 3, 0, 0, 0, 8, 2, 1, 0, 1, 4, 0, 0, 6, 60, 4, 0, 7, 0, 0, 0, 8, 3, 1, 0, 3, 0, 0, 0, 7, 0, 0, 0, 8, 2, 2, 0, 3, 0, 0, 0, 0, 8, 1, 0]",0.6940169763565064,0.5,0.5010033444816053,0.4921156373193167,0.4965197215777262,0.5098554533508541
"[2, 0, 0, 0, 4, 502, 0, 0, 7, 0, 0, 0, 7, 0, 0, 0, 7, 0, 0, 0, 7, 0, 0, 0, 4, 222, 0, 0, 1, 4, 0, 0, 7, 0, 0, 0, 7, 0, 0, 0, 7, 0, 0, 0, 7, 0, 0, 0]",0.6935032033920288,0.5,0.4975186104218362,0.5269382391590013,0.5118059987236758,0.46780551905387646
"[4, 2, 0, 0, 7, 0, 0, 0, 7, 0, 0, 0, 7, 0, 0, 0, 7, 0, 0, 0, 7, 0, 0, 0, 7, 0, 0, 0, 7, 0, 0, 0, 7, 0, 0, 0, 7, 0, 0, 0, 7, 0, 0, 0, 7, 0, 0, 0]",0.7024800181388855,0.5,0.5009848982271832,0.5013140604467805,0.5011494252873563,0.5006570302233903
"[1, 4, 0, 0, 0, 12, 0, 0, 7, 0, 0, 0, 7, 0, 0, 0, 1, 4, 0, 0, 5, 0, 0, 0, 7, 0, 0, 0, 7, 0, 0, 0, 1, 4, 0, 0, 7, 0, 0, 0, 3, 0, 0, 0, 7, 0, 0, 0]",0.717930793762207,0.5,0.495364238410596,0.4914586070959264,0.49340369393139843,0.49934296977660975
"[4, 158, 0, 0, 7, 0, 0, 0, 7, 0, 0, 0, 7, 0, 0, 0, 7, 0, 0, 0, 7, 0, 0, 0, 4, 453, 0, 0, 4, 37, 0, 0, 7, 0, 0, 0, 7, 0, 0, 0, 7, 0, 0, 0, 7, 0, 0, 0]",0.6933192348480225,0.5,0.5030978934324659,0.533508541392904,0.5178571428571429,0.4730617608409987
"[2, 0, 0, 0, 3, 0, 0, 0, 2, 0, 0, 0, 2, 0, 0, 0, 6, 44, 4, 0, 0, 26, 0, 0, 7, 0, 0, 0, 8, 1, 1, 0, 7, 0, 0, 0, 5, 0, 0, 0, 7, 0, 0, 0, 1, 4, 0, 0]",0.7003404951095581,0.5,0.48921832884097033,0.47700394218134035,0.48303393213572854,0.5019710906701709
"[7, 0, 0, 0, 1, 4, 0, 0, 7, 0, 0, 0, 5, 0, 0, 0, 7, 0, 0, 0, 8, 1, 1, 0, 7, 0, 0, 0, 7, 0, 0, 0, 7, 0, 0, 0, 7, 0, 0, 0, 7, 0, 0, 0, 3, 0, 0, 0]",0.7042441368103027,0.5,0.511558538404176,0.4507227332457293,0.4792176039119804,0.5696452036793692
"[5, 0, 0, 0, 7, 0, 0, 0, 4, 207, 0, 0, 7, 0, 0, 0, 7, 0, 0, 0, 7, 0, 0, 0, 1, 4, 0, 0, 1, 4, 0, 0, 7, 0, 0, 0, 7, 0, 0, 0, 7, 0, 0, 0, 7, 0, 0, 0]",0.6971060729026795,0.5,0.5020673360897815,0.5584756898817346,0.5287713841368584,0.44612352168199737
"[7, 0, 0, 0, 3, 0, 0, 0, 6, 10, 2, 0, 0, 26, 1, 0, 7, 0, 0, 0, 7, 0, 0, 0, 0, 6, 0, 0, 3, 0, 0, 0, 1, 4, 0, 0, 7, 0, 0, 0, 5, 0, 0, 0, 7, 0, 0, 0]",0.7009863972663879,0.5,0.48638132295719844,0.492772667542707,0.489556135770235,0.47963206307490147
"[3, 0, 0, 0, 7, 0, 0, 0, 7, 0, 0, 0, 3, 0, 0, 0, 6, 56, 1, 0, 1, 56, 0, 0, 4, 44, 0, 0, 4, 487, 0, 0, 7, 0, 0, 0, 7, 0, 0, 0, 7, 0, 0, 0, 7, 0, 0, 0]",0.6937441754341126,0.5,0.5017825311942959,0.36990801576872534,0.4258698940998487,0.6327201051248358
"[8, 0, 2, 0, 8, 1, 2, 0, 3, 0, 0, 0, 7, 0, 0, 0, 8, 3, 1, 0, 4, 392, 0, 0, 7, 0, 0, 0, 7, 0, 0, 0, 4, 391, 0, 0, 7, 0, 0, 0, 7, 0, 0, 0, 7, 0, 0, 0]",0.6934087896347045,0.5,0.5037037037037037,0.5361366622864652,0.5194143857415658,0.47174770039421815
"[7, 0, 0, 0, 0, 7, 0, 0, 3, 0, 0, 0, 6, 30, 3, 0, 7, 0, 0, 0, 0, 4, 0, 0, 7, 0, 0, 0, 5, 0, 0, 0, 7, 0, 0, 0, 7, 0, 0, 0, 7, 0, 0, 0, 7, 0, 0, 0]",0.6932303524017334,0.5,0.49557522123893805,0.44152431011826543,0.4669909659485754,0.5505913272010512
"[6, 32, 4, 0, 3, 0, 0, 0, 3, 0, 0, 0, 0, 31, 1, 0, 7, 0, 0, 0, 8, 2, 1, 0, 8, 3, 1, 0, 2, 0, 0, 0, 4, 337, 0, 0, 7, 0, 0, 0, 4, 237, 0, 0, 7, 0, 0, 0]",0.693290023803711,0.5,0.48573240329740014,0.5032851511169514,0.49435301710229107,0.4671484888304862
"[2, 1, 0, 0, 7, 0, 0, 0, 2, 0, 0, 0, 2, 1, 0, 0, 0, 31, 1, 0, 8, 1, 2, 0, 0, 10, 0, 0, 1, 10, 0, 0, 2, 1, 0, 0, 3, 0, 0, 0, 8, 3, 2, 0, 0, 14, 1, 0]",0.6945294857025146,0.5,0.4954572986069049,0.5374507227332457,0.5156003781909865,0.45269382391590013
"[0, 16, 1, 0, 2, 1, 0, 0, 6, 40, 4, 0, 0, 19, 1, 0, 8, 1, 1, 0, 7, 0, 0, 0, 0, 31, 0, 0, 7, 0, 0, 0, 7, 0, 0, 0, 4, 35, 0, 0, 7, 0, 0, 0, 4, 76, 0, 0]",0.6932900357246399,0.5,0.4858374384236453,0.5183968462549278,0.501589319771138,0.45137976346911957
"[7, 0, 0, 0, 0, 17, 1, 0, 1, 17, 0, 0, 6, 26, 2, 0, 7, 0, 0, 0, 7, 0, 0, 0, 0, 23, 0, 0, 3, 0, 0, 0, 7, 0, 0, 0, 8, 1, 1, 0, 5, 0, 0, 0, 4, 188, 0, 0]",0.6934464502334595,0.5,0.49682875264270615,0.4632063074901445,0.47942876572594356,0.5308804204993429
"[3, 0, 0, 0, 2, 1, 0, 0, 4, 412, 0, 0, 7, 0, 0, 0, 7, 0, 0, 0, 1, 4, 0, 0, 4, 459, 0, 0, 7, 0, 0, 0, 7, 0, 0, 0, 7, 0, 0, 0, 7, 0, 0, 0, 7, 0, 0, 0]",0.6932515716552734,0.5,0.5042511445389143,0.5065703022339028,0.5054080629301868,0.5019710906701709
"[8, 0, 1, 0, 1, 4, 0, 0, 2, 1, 0, 0, 2, 0, 0, 0, 3, 0, 0, 0, 8, 1, 1, 0, 0, 21, 1, 0, 7, 0, 0, 0, 6, 48, 4, 0, 2, 1, 0, 0, 4, 467, 0, 0, 4, 475, 0, 0]",0.6930224132537842,0.5,0.5195046439628483,0.5512483574244416,0.5349059611093402,0.49014454664914586
"[7, 0, 0, 0, 6, 4, 2, 0, 4, 124, 0, 0, 7, 0, 0, 0, 7, 0, 0, 0, 7, 0, 0, 0, 7, 0, 0, 0, 7, 0, 0, 0, 1, 4, 0, 0, 7, 0, 0, 0, 7, 0, 0, 0, 7, 0, 0, 0]",0.6957228565216065,0.5,0.5045454545454545,0.5834428383705651,0.5411334552102377,0.42706964520367935
"[4, 153, 0, 0, 4, 203, 0, 0, 4, 299, 0, 0, 7, 0, 0, 0, 7, 0, 0, 0, 1, 4, 0, 0, 7, 0, 0, 0, 7, 0, 0, 0, 7, 0, 0, 0, 1, 4, 0, 0, 1, 4, 0, 0, 7, 0, 0, 0]",0.6933824920654297,0.5,0.5055230669265757,0.5111695137976346,0.5083306109114668,0.5
"[4, 63, 0, 0, 7, 0, 0, 0, 7, 0, 0, 0, 7, 0, 0, 0, 7, 0, 0, 0, 1, 4, 0, 0, 1, 4, 0, 0, 1, 4, 0, 0, 1, 4, 0, 0, 1, 4, 0, 0, 7, 0, 0, 0, 7, 0, 0, 0]",0.6969025135040283,0.5,0.4987452948557089,0.5223390275952694,0.5102695763799743,0.47503285151116953
"[2, 0, 0, 0, 1, 4, 0, 0, 1, 4, 0, 0, 7, 0, 0, 0, 3, 0, 0, 0, 2, 0, 0, 0, 4, 230, 0, 0, 1, 4, 0, 0, 7, 0, 0, 0, 1, 4, 0, 0, 7, 0, 0, 0, 7, 0, 0, 0]",0.6960437273979188,0.5,0.5131761442441054,0.48620236530880423,0.4993252361673414,0.5387647831800263
"[1, 4, 0, 0, 7, 0, 0, 0, 2, 0, 0, 0, 7, 0, 0, 0, 0, 15, 1, 0, 1, 15, 0, 0, 4, 252, 0, 0, 7, 0, 0, 0, 7, 0, 0, 0, 7, 0, 0, 0, 7, 0, 0, 0, 7, 0, 0, 0]",0.6956227517127991,0.5,0.5022307202039515,0.5177398160315374,0.5098673568424458,0.4868593955321945
"[8, 0, 1, 0, 2, 1, 0, 0, 0, 30, 0, 0, 1, 30, 0, 0, 2, 0, 0, 0, 3, 0, 0, 0, 6, 60, 4, 0, 2, 1, 0, 0, 0, 27, 1, 0, 0, 6, 1, 0, 4, 72, 0, 0, 7, 0, 0, 0]",0.6935149312019349,0.5,0.5068942875902823,0.507227332457293,0.5070607553366174,0.5065703022339028
"[2, 0, 0, 0, 3, 0, 0, 0, 4, 287, 0, 0, 7, 0, 0, 0, 4, 398, 0, 0, 7, 0, 0, 0, 7, 0, 0, 0, 7, 0, 0, 0, 4, 256, 0, 0, 7, 0, 0, 0, 7, 0, 0, 0, 7, 0, 0, 0]",0.6933305907249451,0.5,0.4958628841607565,0.5512483574244416,0.522090852520224,0.4395532194480946
"[6, 56, 4, 0, 2, 1, 0, 0, 0, 30, 1, 0, 7, 0, 0, 0, 4, 282, 0, 0, 1, 4, 0, 0, 7, 0, 0, 0, 4, 453, 0, 0, 7, 0, 0, 0, 4, 200, 0, 0, 7, 0, 0, 0, 1, 4, 0, 0]",0.6934760642051697,0.5,0.5086661642803316,0.44349540078843624,0.47385047385047385,0.5716162943495401
"[3, 0, 0, 0, 2, 0, 0, 0, 6, 36, 2, 0, 8, 1, 1, 0, 2, 0, 0, 0, 0, 21, 0, 0, 7, 0, 0, 0, 5, 0, 0, 0, 7, 0, 0, 0, 7, 0, 0, 0, 7, 0, 0, 0, 7, 0, 0, 0]",0.6935550785064697,0.5,0.48659626320064986,0.3935611038107753,0.43516164184525974,0.5847568988173456
"[7, 0, 0, 0, 0, 8, 0, 0, 0, 28, 0, 0, 6, 40, 4, 0, 7, 0, 0, 0, 4, 339, 0, 0, 7, 0, 0, 0, 7, 0, 0, 0, 7, 0, 0, 0, 7, 0, 0, 0, 7, 0, 0, 0, 7, 0, 0, 0]",0.6932866859436035,0.5,0.501861504095309,0.442838370565046,0.47050610820244326,0.5604467805519053
"[0, 28, 1, 0, 4, 363, 0, 0, 4, 225, 0, 0, 4, 79, 0, 0, 4, 183, 0, 0, 7, 0, 0, 0, 4, 20, 0, 0, 7, 0, 0, 0, 1, 4, 0, 0, 1, 4, 0, 0, 4, 46, 0, 0, 4, 231, 0, 0]",0.6933305382728576,0.5,0.5010989010989011,0.5992115637319316,0.5457809694793537,0.40341655716162944
"[7, 0, 0, 0, 1, 4, 0, 0, 4, 96, 0, 0, 7, 0, 0, 0, 7, 0, 0, 0, 7, 0, 0, 0, 7, 0, 0, 0, 7, 0, 0, 0, 7, 0, 0, 0, 7, 0, 0, 0, 1, 4, 0, 0, 4, 266, 0, 0]",0.6932545733451844,0.5,0.48596112311015116,0.44349540078843624,0.46375815870834763,0.5308804204993429
"[3, 0, 0, 0, 7, 0, 0, 0, 4, 268, 0, 0, 7, 0, 0, 0, 7, 0, 0, 0, 7, 0, 0, 0, 7, 0, 0, 0, 7, 0, 0, 0, 7, 0, 0, 0, 4, 303, 0, 0, 7, 0, 0, 0, 7, 0, 0, 0]",0.6935550117492676,0.5,0.48442677269715045,0.4802890932982917,0.48234905971626524,0.4888304862023653
"[7, 0, 0, 0, 6, 52, 4, 0, 8, 2, 1, 0, 3, 0, 0, 0, 3, 0, 0, 0, 0, 16, 1, 0, 7, 0, 0, 0, 1, 4, 0, 0, 4, 454, 0, 0, 4, 396, 0, 0, 7, 0, 0, 0, 7, 0, 0, 0]",0.6942014837265015,0.5,0.5074931880108992,0.4894875164257556,0.4983277591973244,0.5249671484888305
"[3, 0, 0, 0, 7, 0, 0, 0, 3, 0, 0, 0, 3, 0, 0, 0, 8, 2, 2, 0, 3, 0, 0, 0, 7, 0, 0, 0, 0, 10, 1, 0, 7, 0, 0, 0, 4, 19, 0, 0, 4, 311, 0, 0, 1, 4, 0, 0]",0.6935878014564514,0.5,0.5168869309838473,0.46254927726675427,0.4882108183079057,0.5676741130091985
"[1, 4, 0, 0, 0, 30, 0, 0, 4, 143, 0, 0, 7, 0, 0, 0, 7, 0, 0, 0, 7, 0, 0, 0, 7, 0, 0, 0, 1, 4, 0, 0, 7, 0, 0, 0, 7, 0, 0, 0, 7, 0, 0, 0, 1, 4, 0, 0]",0.6961274337768555,0.5,0.4935849056603774,0.4296977660972405,0.4594309799789252,0.5591327201051248
"[2, 0, 0, 0, 8, 1, 1, 0, 3, 0, 0, 0, 0, 23, 1, 0, 3, 0, 0, 0, 4, 388, 0, 0, 7, 0, 0, 0, 1, 4, 0, 0, 7, 0, 0, 0, 7, 0, 0, 0, 7, 0, 0, 0, 7, 0, 0, 0]",0.6954565715789794,0.5,0.5132867132867133,0.48226018396846254,0.497289972899729,0.5427069645203679
"[0, 20, 0, 0, 0, 29, 1, 0, 0, 16, 0, 0, 4, 420, 0, 0, 4, 74, 0, 0, 7, 0, 0, 0, 7, 0, 0, 0, 7, 0, 0, 0, 7, 0, 0, 0, 7, 0, 0, 0, 7, 0, 0, 0, 1, 4, 0, 0]",0.6938291001319885,0.5,0.5047961630695443,0.5532194480946123,0.5278996865203762,0.45729303547963207
"[0, 16, 1, 0, 3, 0, 0, 0, 4, 230, 0, 0, 7, 0, 0, 0, 7, 0, 0, 0, 7, 0, 0, 0, 7, 0, 0, 0, 4, 107, 0, 0, 1, 4, 0, 0, 1, 4, 0, 0, 7, 0, 0, 0, 7, 0, 0, 0]",0.6942527270317078,0.5,0.5187388459250446,0.5729303547963206,0.5444895410552607,0.46846254927726677
"[3, 0, 0, 0, 6, 22, 2, 0, 2, 0, 0, 0, 0, 11, 1, 0, 2, 0, 0, 0, 3, 0, 0, 0, 1, 4, 0, 0, 7, 0, 0, 0, 3, 0, 0, 0, 0, 15, 0, 0, 7, 0, 0, 0, 3, 0, 0, 0]",0.6941552329063415,0.5,0.5059366754617414,0.5039421813403416,0.5049374588545096,0.5078843626806833
"[6, 36, 2, 0, 1, 36, 0, 0, 1, 4, 0, 0, 1, 4, 0, 0, 8, 3, 1, 0, 3, 0, 0, 0, 1, 4, 0, 0, 7, 0, 0, 0, 4, 464, 0, 0, 7, 0, 0, 0, 7, 0, 0, 0, 4, 331, 0, 0]",0.6937559986114502,0.5,0.4890173410404624,0.5558475689881734,0.5202952029520295,0.4191852825229961
"[4, 304, 0, 0, 7, 0, 0, 0, 7, 0, 0, 0, 7, 0, 0, 0, 1, 4, 0, 0, 7, 0, 0, 0, 7, 0, 0, 0, 7, 0, 0, 0, 7, 0, 0, 0, 1, 4, 0, 0, 7, 0, 0, 0, 7, 0, 0, 0]",0.6959343600273132,0.5,0.5095238095238095,0.4921156373193167,0.5006684491978609,0.526281208935611
"[3, 0, 0, 0, 8, 1, 1, 0, 3, 0, 0, 0, 3, 0, 0, 0, 1, 4, 0, 0, 6, 16, 4, 0, 3, 0, 0, 0, 7, 0, 0, 0, 5, 0, 0, 0, 4, 210, 0, 0, 7, 0, 0, 0, 7, 0, 0, 0]",0.6931510972976684,0.5,0.5037237643872715,0.4888304862023653,0.49616538846282093,0.5183968462549278
"[7, 0, 0, 0, 6, 50, 2, 0, 7, 0, 0, 0, 3, 0, 0, 0, 7, 0, 0, 0, 2, 0, 0, 0, 7, 0, 0, 0, 3, 0, 0, 0, 7, 0, 0, 0, 4, 125, 0, 0, 7, 0, 0, 0, 7, 0, 0, 0]",0.6934591817855835,0.5,0.5022653721682848,0.5098554533508541,0.5060319530485817,0.4947437582128778
"[5, 0, 0, 0, 4, 296, 0, 0, 7, 0, 0, 0, 4, 15, 0, 0, 7, 0, 0, 0, 7, 0, 0, 0, 7, 0, 0, 0, 7, 0, 0, 0, 7, 0, 0, 0, 7, 0, 0, 0, 7, 0, 0, 0, 1, 4, 0, 0]",0.6953207135200501,0.5,0.5029691211401425,0.5565045992115637,0.5283842794759825,0.450065703022339
"[4, 49, 0, 0, 7, 0, 0, 0, 7, 0, 0, 0, 1, 4, 0, 0, 7, 0, 0, 0, 7, 0, 0, 0, 1, 4, 0, 0, 7, 0, 0, 0, 7, 0, 0, 0, 7, 0, 0, 0, 7, 0, 0, 0, 7, 0, 0, 0]",0.6949801778793335,0.5,0.49657747355320475,0.5243101182654402,0.5100671140939598,0.46846254927726677
"[6, 33, 3, 0, 3, 0, 0, 0, 4, 450, 0, 0, 7, 0, 0, 0, 1, 4, 0, 0, 4, 7, 0, 0, 7, 0, 0, 0, 7, 0, 0, 0, 7, 0, 0, 0, 7, 0, 0, 0, 4, 165, 0, 0, 7, 0, 0, 0]",0.6932974863052368,0.5,0.5116079105760963,0.3909329829172142,0.44320297951582865,0.6268068331143233
"[7, 0, 0, 0, 8, 1, 2, 0, 6, 20, 4, 0, 0, 21, 1, 0, 2, 1, 0, 0, 7, 0, 0, 0, 0, 18, 1, 0, 4, 56, 0, 0, 7, 0, 0, 0, 7, 0, 0, 0, 7, 0, 0, 0, 7, 0, 0, 0]",0.6935534977912903,0.5,0.49765625,0.4185282522996058,0.45467523197715914,0.5775295663600526
"[2, 1, 0, 0, 3, 0, 0, 0, 4, 291, 0, 0, 7, 0, 0, 0, 1, 4, 0, 0, 7, 0, 0, 0, 7, 0, 0, 0, 7, 0, 0, 0, 7, 0, 0, 0, 7, 0, 0, 0, 7, 0, 0, 0, 7, 0, 0, 0]",0.6953436994552612,0.5,0.5194805194805194,0.4204993429697766,0.4647785039941903,0.6110381077529566
"[7, 0, 0, 0, 3, 0, 0, 0, 8, 2, 1, 0, 3, 0, 0, 0, 4, 42, 0, 0, 4, 167, 0, 0, 1, 4, 0, 0, 7, 0, 0, 0, 4, 29, 0, 0, 7, 0, 0, 0, 7, 0, 0, 0, 7, 0, 0, 0]",0.6941522240638733,0.5,0.5039123630672926,0.4231274638633377,0.46,0.5834428383705651
"[8, 0, 2, 0, 6, 52, 4, 0, 8, 2, 2, 0, 3, 0, 0, 0, 3, 0, 0, 0, 7, 0, 0, 0, 7, 0, 0, 0, 0, 20, 0, 0, 1, 20, 0, 0, 1, 4, 0, 0, 1, 4, 0, 0, 4, 32, 0, 0]",0.6956245827674866,0.5,0.498314606741573,0.5827858081471747,0.5372501514233797,0.4132720105124836
"[6, 32, 4, 0, 2, 0, 0, 0, 7, 0, 0, 0, 0, 16, 0, 0, 2, 1, 0, 0, 8, 1, 1, 0, 4, 475, 0, 0, 7, 0, 0, 0, 7, 0, 0, 0, 7, 0, 0, 0, 7, 0, 0, 0, 7, 0, 0, 0]",0.6934836149215698,0.5,0.5121517486662714,0.5676741130091985,0.5384855095045186,0.4592641261498029
"[2, 0, 0, 0, 8, 1, 1, 0, 7, 0, 0, 0, 7, 0, 0, 0, 0, 9, 1, 0, 7, 0, 0, 0, 4, 130, 0, 0, 7, 0, 0, 0, 7, 0, 0, 0, 7, 0, 0, 0, 4, 211, 0, 0, 7, 0, 0, 0]",0.6932147717475892,0.5,0.49055453991468617,0.5289093298291722,0.5090104331331015,0.4507227332457293
"[3, 0, 0, 0, 5, 0, 0, 0, 7, 0, 0, 0, 7, 0, 0, 0, 7, 0, 0, 0, 7, 0, 0, 0, 7, 0, 0, 0, 7, 0, 0, 0, 7, 0, 0, 0, 8, 3, 1, 0, 3, 0, 0, 0, 8, 1, 1, 0]",0.6956621503829956,0.5,0.4983922829581994,0.4073587385019711,0.4483007953723789,0.5900131406044679
"[0, 7, 1, 0, 7, 0, 0, 0, 0, 18, 1, 0, 1, 18, 0, 0, 0, 19, 0, 0, 8, 3, 2, 0, 8, 1, 1, 0, 7, 0, 0, 0, 3, 0, 0, 0, 8, 2, 1, 0, 7, 0, 0, 0, 8, 1, 1, 0]",0.6853110909461975,0.5,0.5119780971937029,0.4914586070959264,0.5015085484411667,0.5315374507227333
"[3, 0, 0, 0, 6, 56, 4, 0, 0, 6, 0, 0, 4, 361, 0, 0, 7, 0, 0, 0, 7, 0, 0, 0, 7, 0, 0, 0, 7, 0, 0, 0, 1, 4, 0, 0, 7, 0, 0, 0, 7, 0, 0, 0, 7, 0, 0, 0]",0.6955681800842285,0.5,0.5058309037900874,0.4559789750328515,0.479612992398065,0.5545335085413929
"[0, 30, 0, 0, 7, 0, 0, 0, 2, 1, 0, 0, 1, 4, 0, 0, 0, 17, 0, 0, 2, 0, 0, 0, 4, 45, 0, 0, 1, 4, 0, 0, 7, 0, 0, 0, 4, 501, 0, 0, 7, 0, 0, 0, 7, 0, 0, 0]",0.693414011001587,0.5,0.500864553314121,0.5709592641261498,0.5336198956094566,0.43101182654402104
"[7, 0, 0, 0, 6, 12, 3, 0, 8, 1, 1, 0, 2, 1, 0, 0, 7, 0, 0, 0, 2, 0, 0, 0, 7, 0, 0, 0, 1, 4, 0, 0, 7, 0, 0, 0, 2, 0, 0, 0, 1, 4, 0, 0, 7, 0, 0, 0]",0.7049071717262269,0.5,0.5016857720836143,0.4888304862023653,0.4951747088186356,0.514454664914586
"[2, 0, 0, 0, 8, 1, 1, 0, 6, 4, 4, 0, 2, 0, 0, 0, 3, 0, 0, 0, 2, 1, 0, 0, 1, 4, 0, 0, 8, 2, 2, 0, 4, 426, 0, 0, 7, 0, 0, 0, 1, 4, 0, 0, 7, 0, 0, 0]",0.6959275770187378,0.5,0.4978540772532189,0.533508541392904,0.5150650174437044,0.461892247043364
"[0, 12, 0, 0, 6, 26, 1, 0, 1, 26, 0, 0, 0, 11, 1, 0, 1, 11, 0, 0, 3, 0, 0, 0, 3, 0, 0, 0, 0, 25, 1, 0, 2, 1, 0, 0, 7, 0, 0, 0, 1, 4, 0, 0, 8, 3, 1, 0]",0.7053963327407837,0.5,0.49817073170731707,0.5367936925098554,0.5167615433270082,0.4592641261498029
"[7, 0, 0, 0, 8, 1, 2, 0, 7, 0, 0, 0, 6, 40, 2, 0, 3, 0, 0, 0, 3, 0, 0, 0, 7, 0, 0, 0, 8, 1, 2, 0, 8, 2, 1, 0, 8, 2, 1, 0, 8, 2, 1, 0, 7, 0, 0, 0]",0.6947053003311158,0.5,0.49142431021625654,0.43298291721419185,0.4603562696472232,0.5519053876478318
"[7, 0, 0, 0, 0, 9, 0, 0, 4, 91, 0, 0, 7, 0, 0, 0, 7, 0, 0, 0, 7, 0, 0, 0, 4, 255, 0, 0, 7, 0, 0, 0, 7, 0, 0, 0, 7, 0, 0, 0, 7, 0, 0, 0, 7, 0, 0, 0]",0.6933786368370056,0.5,0.49277456647398843,0.4480946123521682,0.46937370956641433,0.5387647831800263
"[3, 0, 0, 0, 7, 0, 0, 0, 3, 0, 0, 0, 3, 0, 0, 0, 1, 4, 0, 0, 6, 60, 4, 0, 7, 0, 0, 0, 1, 4, 0, 0, 0, 16, 1, 0, 3, 0, 0, 0, 0, 17, 0, 0, 5, 0, 0, 0]",0.693089804649353,0.5,0.4996776273372018,0.5091984231274639,0.5043931012040351,0.49014454664914586
"[0, 24, 1, 0, 1, 24, 0, 0, 3, 0, 0, 0, 0, 7, 1, 0, 1, 7, 0, 0, 2, 0, 0, 0, 7, 0, 0, 0, 1, 4, 0, 0, 4, 206, 0, 0, 7, 0, 0, 0, 7, 0, 0, 0, 1, 4, 0, 0]",0.6961095666885376,0.5,0.4965277777777778,0.46977660972404733,0.48278190411883865,0.5236530880420499
"[7, 0, 0, 0, 8, 1, 1, 0, 6, 28, 4, 0, 7, 0, 0, 0, 1, 4, 0, 0, 1, 4, 0, 0, 3, 0, 0, 0, 0, 19, 1, 0, 7, 0, 0, 0, 7, 0, 0, 0, 2, 1, 0, 0, 3, 0, 0, 0]",0.6958732342720032,0.5,0.4948717948717949,0.507227332457293,0.5009733939000649,0.48226018396846254
"[8, 0, 1, 0, 2, 0, 0, 0, 4, 184, 0, 0, 7, 0, 0, 0, 1, 4, 0, 0, 7, 0, 0, 0, 7, 0, 0, 0, 7, 0, 0, 0, 1, 4, 0, 0, 4, 311, 0, 0, 1, 4, 0, 0, 7, 0, 0, 0]",0.6941531801223755,0.5,0.5080971659919028,0.4947437582128778,0.5013315579227696,0.5210249671484888
"[0, 12, 0, 0, 3, 0, 0, 0, 0, 19, 0, 0, 1, 19, 0, 0, 4, 124, 0, 0, 7, 0, 0, 0, 4, 93, 0, 0, 7, 0, 0, 0, 7, 0, 0, 0, 7, 0, 0, 0, 7, 0, 0, 0, 7, 0, 0, 0]",0.6941579699516296,0.5,0.5122615803814714,0.6176084099868594,0.5600238308013107,0.411957950065703
"[3, 0, 0, 0, 3, 0, 0, 0, 4, 240, 0, 0, 7, 0, 0, 0, 7, 0, 0, 0, 7, 0, 0, 0, 7, 0, 0, 0, 7, 0, 0, 0, 7, 0, 0, 0, 7, 0, 0, 0, 4, 345, 0, 0, 7, 0, 0, 0]",0.6932407522201538,0.5,0.5087265675500969,0.5170827858081471,0.5128706419029,0.5006570302233903
"[0, 12, 1, 0, 7, 0, 0, 0, 0, 22, 1, 0, 7, 0, 0, 0, 7, 0, 0, 0, 6, 27, 3, 0, 8, 3, 1, 0, 0, 30, 0, 0, 2, 0, 0, 0, 1, 4, 0, 0, 8, 1, 2, 0, 3, 0, 0, 0]",0.7076679611206055,0.5,0.49429657794676807,0.683311432325887,0.573634859349145,0.3009198423127464
"[6, 27, 3, 0, 0, 28, 1, 0, 3, 0, 0, 0, 7, 0, 0, 0, 2, 1, 0, 0, 0, 5, 0, 0, 1, 5, 0, 0, 3, 0, 0, 0, 1, 4, 0, 0, 3, 0, 0, 0, 1, 4, 0, 0, 5, 0, 0, 0]",0.7048978376388549,0.5,0.5129958960328317,0.492772667542707,0.5026809651474531,0.5321944809461235
"[6, 8, 4, 0, 7, 0, 0, 0, 8, 1, 1, 0, 7, 0, 0, 0, 7, 0, 0, 0, 0, 22, 1, 0, 2, 0, 0, 0, 4, 115, 0, 0, 7, 0, 0, 0, 1, 4, 0, 0, 1, 4, 0, 0, 7, 0, 0, 0]",0.697246835231781,0.5,0.5063039150630392,0.5013140604467805,0.5037966325519974,0.5111695137976346
"[1, 4, 0, 0, 8, 1, 2, 0, 7, 0, 0, 0, 8, 2, 2, 0, 7, 0, 0, 0, 3, 0, 0, 0, 0, 20, 1, 0, 5, 0, 0, 0, 7, 0, 0, 0, 4, 465, 0, 0, 7, 0, 0, 0, 7, 0, 0, 0]",0.6928699493408204,0.5,0.49392423159399573,0.4540078843626807,0.47312564190345774,0.5348226018396847
"[3, 0, 0, 0, 0, 24, 0, 0, 8, 2, 2, 0, 1, 4, 0, 0, 3, 0, 0, 0, 3, 0, 0, 0, 3, 0, 0, 0, 1, 4, 0, 0, 0, 23, 0, 0, 0, 29, 0, 0, 8, 1, 1, 0, 7, 0, 0, 0]",0.6930575895309449,0.5,0.4937070938215103,0.5670170827858082,0.5278287461773701,0.4185282522996058
"[4, 30, 0, 0, 7, 0, 0, 0, 7, 0, 0, 0, 7, 0, 0, 0, 7, 0, 0, 0, 7, 0, 0, 0, 7, 0, 0, 0, 7, 0, 0, 0, 4, 46, 0, 0, 7, 0, 0, 0, 7, 0, 0, 0, 4, 385, 0, 0]",0.6936646175384521,0.5,0.5046113306982872,0.5032851511169514,0.5039473684210526,0.5059132720105125
"[3, 0, 0, 0, 6, 4, 4, 0, 0, 19, 0, 0, 8, 3, 2, 0, 7, 0, 0, 0, 3, 0, 0, 0, 5, 0, 0, 0, 7, 0, 0, 0, 7, 0, 0, 0, 7, 0, 0, 0, 4, 430, 0, 0, 7, 0, 0, 0]",0.693247377872467,0.5,0.48792884371029227,0.5045992115637319,0.49612403100775193,0.4704336399474376
"[6, 20, 4, 0, 0, 16, 1, 0, 7, 0, 0, 0, 0, 29, 1, 0, 7, 0, 0, 0, 8, 3, 2, 0, 7, 0, 0, 0, 7, 0, 0, 0, 4, 463, 0, 0, 7, 0, 0, 0, 7, 0, 0, 0, 7, 0, 0, 0]",0.6933064985275269,0.5,0.49736842105263157,0.4967148488830486,0.4970414201183432,0.4980289093298292
"[7, 0, 0, 0, 7, 0, 0, 0, 1, 4, 0, 0, 7, 0, 0, 0, 7, 0, 0, 0, 2, 0, 0, 0, 4, 104, 0, 0, 1, 4, 0, 0, 7, 0, 0, 0, 7, 0, 0, 0, 7, 0, 0, 0, 4, 76, 0, 0]",0.6939744138717652,0.5,0.5164556962025316,0.4021024967148489,0.4521610639083857,0.6235216819973719
"[0, 7, 0, 0, 6, 4, 4, 0, 7, 0, 0, 0, 7, 0, 0, 0, 1, 4, 0, 0, 3, 0, 0, 0, 0, 6, 1, 0, 4, 457, 0, 0, 4, 385, 0, 0, 7, 0, 0, 0, 7, 0, 0, 0, 1, 4, 0, 0]",0.6935835886001587,0.5,0.49437412095639943,0.461892247043364,0.47758152173913043,0.5275952693823915
"[8, 0, 1, 0, 0, 30, 1, 0, 7, 0, 0, 0, 3, 0, 0, 0, 0, 27, 1, 0, 7, 0, 0, 0, 7, 0, 0, 0, 8, 2, 2, 0, 8, 3, 2, 0, 0, 8, 0, 0, 6, 56, 4, 0, 8, 3, 1, 0]",0.6932064867019654,0.5,0.4929225645295587,0.38896189224704336,0.43481454278369447,0.599868593955322
"[4, 443, 0, 0, 7, 0, 0, 0, 1, 4, 0, 0, 7, 0, 0, 0, 7, 0, 0, 0, 7, 0, 0, 0, 7, 0, 0, 0, 4, 229, 0, 0, 7, 0, 0, 0, 1, 4, 0, 0, 7, 0, 0, 0, 7, 0, 0, 0]",0.6933356690406799,0.5,0.4926866820631255,0.4204993429697766,0.45373980857851826,0.5670170827858082
"[1, 4, 0, 0, 2, 0, 0, 0, 7, 0, 0, 0, 3, 0, 0, 0, 1, 4, 0, 0, 2, 0, 0, 0, 7, 0, 0, 0, 4, 106, 0, 0, 4, 407, 0, 0, 7, 0, 0, 0, 7, 0, 0, 0, 7, 0, 0, 0]",0.6938986515998841,0.5,0.4900142653352354,0.45137976346911957,0.46990424076607384,0.5302233902759527
"[2, 0, 0, 0, 3, 0, 0, 0, 2, 1, 0, 0, 3, 0, 0, 0, 2, 0, 0, 0, 0, 22, 0, 0, 4, 343, 0, 0, 7, 0, 0, 0, 7, 0, 0, 0, 7, 0, 0, 0, 1, 4, 0, 0, 1, 4, 0, 0]",0.6965446639060974,0.5,0.4968112244897959,0.511826544021025,0.5042071197411003,0.4816031537450723
"[1, 4, 0, 0, 7, 0, 0, 0, 8, 2, 2, 0, 2, 0, 0, 0, 3, 0, 0, 0, 4, 18, 0, 0, 4, 202, 0, 0, 7, 0, 0, 0, 7, 0, 0, 0, 7, 0, 0, 0, 7, 0, 0, 0, 7, 0, 0, 0]",0.6939577054977417,0.5,0.4953789279112754,0.5282522996057819,0.5112877583465819,0.461892247043364
"[2, 0, 0, 0, 1, 4, 0, 0, 1, 4, 0, 0, 8, 1, 1, 0, 7, 0, 0, 0, 1, 4, 0, 0, 7, 0, 0, 0, 6, 40, 4, 0, 2, 0, 0, 0, 7, 0, 0, 0, 3, 0, 0, 0, 3, 0, 0, 0]",0.6944741606712341,0.5,0.4976958525345622,0.42575558475689884,0.45892351274787535,0.5703022339027596
"[0, 24, 0, 0, 7, 0, 0, 0, 8, 2, 2, 0, 3, 0, 0, 0, 1, 4, 0, 0, 6, 40, 4, 0, 1, 40, 0, 0, 2, 0, 0, 0, 0, 6, 0, 0, 8, 2, 1, 0, 3, 0, 0, 0, 2, 1, 0, 0]",0.6933025074005127,0.5,0.5112582781456954,0.507227332457293,0.5092348284960422,0.5151116951379764
"[1, 4, 0, 0, 6, 12, 4, 0, 8, 2, 2, 0, 8, 2, 1, 0, 1, 4, 0, 0, 3, 0, 0, 0, 2, 0, 0, 0, 3, 0, 0, 0, 2, 1, 0, 0, 1, 4, 0, 0, 2, 0, 0, 0, 2, 1, 0, 0]",0.7064288330078125,0.5,0.49050203527815467,0.47503285151116953,0.4826435246995995,0.5065703022339028
"[8, 0, 1, 0, 7, 0, 0, 0, 7, 0, 0, 0, 8, 1, 2, 0, 8, 3, 1, 0, 4, 438, 0, 0, 1, 4, 0, 0, 7, 0, 0, 0, 7, 0, 0, 0, 7, 0, 0, 0, 1, 4, 0, 0, 7, 0, 0, 0]",0.694868860244751,0.5,0.5009030704394943,0.5466491458607096,0.5227772541627396,0.45532194480946125
"[6, 28, 1, 0, 0, 13, 0, 0, 7, 0, 0, 0, 0, 7, 0, 0, 3, 0, 0, 0, 2, 0, 0, 0, 0, 16, 0, 0, 3, 0, 0, 0, 7, 0, 0, 0, 7, 0, 0, 0, 7, 0, 0, 0, 7, 0, 0, 0]",0.6930924940109253,0.5,0.4861294583883752,0.4835742444152431,0.48484848484848486,0.4888304862023653
"[2, 0, 0, 0, 7, 0, 0, 0, 1, 4, 0, 0, 0, 16, 0, 0, 1, 16, 0, 0, 0, 4, 1, 0, 7, 0, 0, 0, 8, 3, 2, 0, 7, 0, 0, 0, 5, 0, 0, 0, 7, 0, 0, 0, 7, 0, 0, 0]",0.6931853604316711,0.5,0.48712288447387786,0.43495400788436267,0.4595626518569941,0.5420499342969777
"[8, 0, 1, 0, 2, 1, 0, 0, 7, 0, 0, 0, 0, 22, 0, 0, 7, 0, 0, 0, 0, 6, 0, 0, 8, 2, 2, 0, 3, 0, 0, 0, 8, 1, 1, 0, 6, 56, 4, 0, 2, 1, 0, 0, 7, 0, 0, 0]",0.6934814023971557,0.5,0.505973715651135,0.5565045992115637,0.5300375469336671,0.45663600525624176
"[6, 24, 4, 0, 3, 0, 0, 0, 7, 0, 0, 0, 7, 0, 0, 0, 5, 0, 0, 0, 4, 112, 0, 0, 7, 0, 0, 0, 7, 0, 0, 0, 7, 0, 0, 0, 7, 0, 0, 0, 7, 0, 0, 0, 7, 0, 0, 0]",0.6937589907646179,0.5,0.48938992042440316,0.48488830486202367,0.4871287128712871,0.4940867279894875
"[7, 0, 0, 0, 6, 36, 4, 0, 7, 0, 0, 0, 7, 0, 0, 0, 7, 0, 0, 0, 3, 0, 0, 0, 0, 9, 1, 0, 2, 0, 0, 0, 0, 15, 0, 0, 7, 0, 0, 0, 2, 0, 0, 0, 1, 4, 0, 0]",0.7047192811965942,0.5,0.49807877041306436,0.6813403416557161,0.5754716981132075,0.31340341655716164
"[4, 277, 0, 0, 7, 0, 0, 0, 4, 206, 0, 0, 7, 0, 0, 0, 7, 0, 0, 0, 7, 0, 0, 0, 4, 386, 0, 0, 7, 0, 0, 0, 7, 0, 0, 0, 4, 92, 0, 0, 7, 0, 0, 0, 7, 0, 0, 0]",0.693125729560852,0.5,0.5011320754716981,0.43626806833114323,0.46645591851071305,0.5657030223390276
"[1, 4, 0, 0, 8, 1, 2, 0, 2, 0, 0, 0, 7, 0, 0, 0, 6, 12, 1, 0, 8, 3, 1, 0, 8, 2, 1, 0, 2, 0, 0, 0, 7, 0, 0, 0, 3, 0, 0, 0, 1, 4, 0, 0, 2, 1, 0, 0]",0.70393887758255,0.5,0.5093209054593875,0.5026281208935611,0.5059523809523809,0.5157687253613666
"[7, 0, 0, 0, 2, 0, 0, 0, 7, 0, 0, 0, 7, 0, 0, 0, 0, 30, 1, 0, 3, 0, 0, 0, 1, 4, 0, 0, 3, 0, 0, 0, 7, 0, 0, 0, 3, 0, 0, 0, 5, 0, 0, 0, 7, 0, 0, 0]",0.7039893198013306,0.5,0.509375,0.5354796320630749,0.5221012171684818,0.48423127463863336
"[3, 0, 0, 0, 8, 1, 2, 0, 3, 0, 0, 0, 3, 0, 0, 0, 0, 30, 0, 0, 6, 6, 1, 0, 2, 0, 0, 0, 7, 0, 0, 0, 5, 0, 0, 0, 4, 437, 0, 0, 7, 0, 0, 0, 4, 506, 0, 0]",0.6932110643386841,0.5,0.5018754688672168,0.4395532194480946,0.46865148861646233,0.5637319316688568
"[6, 12, 4, 0, 3, 0, 0, 0, 7, 0, 0, 0, 7, 0, 0, 0, 7, 0, 0, 0, 7, 0, 0, 0, 1, 4, 0, 0, 7, 0, 0, 0, 1, 4, 0, 0, 1, 4, 0, 0, 2, 0, 0, 0, 8, 3, 2, 0]",0.7076486730575562,0.5,0.526001705029838,0.40538764783180026,0.45788497217068647,0.6346911957950065
"[7, 0, 0, 0, 3, 0, 0, 0, 8, 2, 2, 0, 3, 0, 0, 0, 3, 0, 0, 0, 6, 46, 1, 0, 2, 0, 0, 0, 8, 1, 2, 0, 1, 4, 0, 0, 0, 19, 1, 0, 7, 0, 0, 0, 0, 19, 1, 0]",0.6932415628433227,0.5,0.5074285714285715,0.5834428383705651,0.5427872860635696,0.4336399474375821
"[8, 0, 1, 0, 8, 1, 1, 0, 8, 2, 1, 0, 7, 0, 0, 0, 6, 12, 3, 0, 1, 12, 0, 0, 4, 492, 0, 0, 7, 0, 0, 0, 7, 0, 0, 0, 7, 0, 0, 0, 7, 0, 0, 0, 7, 0, 0, 0]",0.6966336131095886,0.5,0.4839371155160629,0.4651773981603154,0.4743718592964824,0.5039421813403416
"[4, 305, 0, 0, 1, 4, 0, 0, 7, 0, 0, 0, 1, 4, 0, 0, 7, 0, 0, 0, 7, 0, 0, 0, 7, 0, 0, 0, 7, 0, 0, 0, 7, 0, 0, 0, 4, 69, 0, 0, 1, 4, 0, 0, 7, 0, 0, 0]",0.6938618731498718,0.5,0.49869451697127937,0.5019710906701709,0.5003274394237066,0.49540078843626806
"[3, 0, 0, 0, 3, 0, 0, 0, 7, 0, 0, 0, 1, 4, 0, 0, 1, 4, 0, 0, 6, 36, 4, 0, 4, 98, 0, 0, 7, 0, 0, 0, 1, 4, 0, 0, 1, 4, 0, 0, 7, 0, 0, 0, 7, 0, 0, 0]",0.6957039666175843,0.5,0.5117773019271948,0.47109067017082784,0.49059185768046526,0.5505913272010512
"[1, 4, 0, 0, 0, 22, 1, 0, 8, 1, 2, 0, 4, 366, 0, 0, 7, 0, 0, 0, 7, 0, 0, 0, 7, 0, 0, 0, 7, 0, 0, 0, 1, 4, 0, 0, 7, 0, 0, 0, 7, 0, 0, 0, 7, 0, 0, 0]",0.6953811383247376,0.5,0.4934810951760104,0.4973718791064389,0.4954188481675393,0.4894875164257556
"[6, 39, 3, 0, 2, 1, 0, 0, 0, 24, 1, 0, 4, 7, 0, 0, 7, 0, 0, 0, 7, 0, 0, 0, 7, 0, 0, 0, 7, 0, 0, 0, 7, 0, 0, 0, 7, 0, 0, 0, 4, 334, 0, 0, 4, 166, 0, 0]",0.6935046410560608,0.5,0.49663526244952894,0.48488830486202367,0.49069148936170215,0.5085413929040736
"[3, 0, 0, 0, 8, 1, 1, 0, 1, 4, 0, 0, 2, 1, 0, 0, 4, 179, 0, 0, 1, 4, 0, 0, 7, 0, 0, 0, 7, 0, 0, 0, 7, 0, 0, 0, 7, 0, 0, 0, 7, 0, 0, 0, 7, 0, 0, 0]",0.6954875731468201,0.5,0.4829700272479564,0.46583442838370565,0.474247491638796,0.5013140604467805
"[8, 0, 1, 0, 2, 1, 0, 0, 2, 0, 0, 0, 2, 0, 0, 0, 7, 0, 0, 0, 1, 4, 0, 0, 8, 1, 2, 0, 3, 0, 0, 0, 1, 4, 0, 0, 3, 0, 0, 0, 1, 4, 0, 0, 7, 0, 0, 0]",0.702440218925476,0.5,0.5036065573770492,0.5045992115637319,0.5041023957991467,0.5026281208935611
"[4, 426, 0, 0, 7, 0, 0, 0, 7, 0, 0, 0, 7, 0, 0, 0, 7, 0, 0, 0, 7, 0, 0, 0, 7, 0, 0, 0, 4, 188, 0, 0, 7, 0, 0, 0, 7, 0, 0, 0, 7, 0, 0, 0, 1, 4, 0, 0]",0.6936707282066346,0.5,0.5009357454772302,0.5275952693823915,0.51392,0.4743758212877792
"[2, 0, 0, 0, 8, 1, 1, 0, 2, 0, 0, 0, 1, 4, 0, 0, 5, 0, 0, 0, 4, 365, 0, 0, 7, 0, 0, 0, 4, 74, 0, 0, 7, 0, 0, 0, 4, 346, 0, 0, 7, 0, 0, 0, 7, 0, 0, 0]",0.6930680131912231,0.5,0.5061538461538462,0.4323258869908016,0.4663359319631467,0.5781865965834428
"[6, 48, 4, 0, 2, 0, 0, 0, 4, 157, 0, 0, 7, 0, 0, 0, 1, 4, 0, 0, 7, 0, 0, 0, 7, 0, 0, 0, 7, 0, 0, 0, 7, 0, 0, 0, 4, 4, 0, 0, 1, 4, 0, 0, 7, 0, 0, 0]",0.698508369922638,0.5,0.5044014084507042,0.3764783180026281,0.43115124153498874,0.6300919842312747
"[7, 0, 0, 0, 0, 26, 0, 0, 7, 0, 0, 0, 2, 0, 0, 0, 6, 32, 4, 0, 4, 155, 0, 0, 7, 0, 0, 0, 7, 0, 0, 0, 7, 0, 0, 0, 7, 0, 0, 0, 7, 0, 0, 0, 7, 0, 0, 0]",0.6930517339706421,0.5,0.4962630792227205,0.43626806833114323,0.4643356643356643,0.557161629434954
"[8, 0, 1, 0, 1, 4, 0, 0, 7, 0, 0, 0, 2, 0, 0, 0, 0, 10, 0, 0, 8, 2, 1, 0, 7, 0, 0, 0, 0, 15, 0, 0, 3, 0, 0, 0, 1, 4, 0, 0, 7, 0, 0, 0, 7, 0, 0, 0]",0.7007044696807861,0.5,0.4944346807264206,0.5545335085413929,0.5227624651594921,0.43298291721419185
"[6, 40, 4, 0, 7, 0, 0, 0, 5, 0, 0, 0, 4, 401, 0, 0, 7, 0, 0, 0, 1, 4, 0, 0, 7, 0, 0, 0, 7, 0, 0, 0, 7, 0, 0, 0, 7, 0, 0, 0, 7, 0, 0, 0, 1, 4, 0, 0]",0.6980128979682922,0.5,0.4979020979020979,0.46780551905387646,0.4823848238482385,0.5282522996057819
"[4, 336, 0, 0, 1, 4, 0, 0, 7, 0, 0, 0, 7, 0, 0, 0, 7, 0, 0, 0, 7, 0, 0, 0, 7, 0, 0, 0, 7, 0, 0, 0, 7, 0, 0, 0, 1, 4, 0, 0, 7, 0, 0, 0, 7, 0, 0, 0]",0.696766128540039,0.5,0.5035143769968051,0.5177398160315374,0.5105280207321024,0.4894875164257556
"[8, 0, 1, 0, 5, 0, 0, 0, 7, 0, 0, 0, 7, 0, 0, 0, 7, 0, 0, 0, 7, 0, 0, 0, 3, 0, 0, 0, 8, 1, 1, 0, 7, 0, 0, 0, 7, 0, 0, 0, 7, 0, 0, 0, 4, 200, 0, 0]",0.6953184080123901,0.5,0.5067423704755145,0.469119579500657,0.4872057318321392,0.5433639947437582
"[8, 0, 1, 0, 3, 0, 0, 0, 8, 2, 1, 0, 8, 3, 2, 0, 3, 0, 0, 0, 8, 1, 2, 0, 2, 1, 0, 0, 4, 112, 0, 0, 7, 0, 0, 0, 7, 0, 0, 0, 7, 0, 0, 0, 1, 4, 0, 0]",0.6954877352714539,0.5,0.5019108280254777,0.5177398160315374,0.5097024579560155,0.48620236530880423
"[0, 27, 0, 0, 4, 179, 0, 0, 7, 0, 0, 0, 1, 4, 0, 0, 7, 0, 0, 0, 7, 0, 0, 0, 7, 0, 0, 0, 7, 0, 0, 0, 4, 460, 0, 0, 7, 0, 0, 0, 7, 0, 0, 0, 7, 0, 0, 0]",0.6933129787445068,0.5,0.5046403712296984,0.5716162943495401,0.5360443622920518,0.43889618922470436
"[0, 21, 1, 0, 2, 0, 0, 0, 7, 0, 0, 0, 7, 0, 0, 0, 2, 0, 0, 0, 2, 0, 0, 0, 7, 0, 0, 0, 7, 0, 0, 0, 0, 17, 1, 0, 0, 13, 0, 0, 2, 0, 0, 0, 1, 4, 0, 0]",0.6968990635871887,0.5,0.4935400516795866,0.5019710906701709,0.4977198697068404,0.48488830486202367
"[7, 0, 0, 0, 3, 0, 0, 0, 7, 0, 0, 0, 6, 44, 4, 0, 8, 2, 2, 0, 1, 4, 0, 0, 5, 0, 0, 0, 7, 0, 0, 0, 3, 0, 0, 0, 7, 0, 0, 0, 3, 0, 0, 0, 7, 0, 0, 0]",0.7183784437179566,0.5,0.4889705882352941,0.4369250985545335,0.4614850798056905,0.5433639947437582
"[7, 0, 0, 0, 0, 23, 1, 0, 7, 0, 0, 0, 5, 0, 0, 0, 7, 0, 0, 0, 7, 0, 0, 0, 1, 4, 0, 0, 7, 0, 0, 0, 4, 144, 0, 0, 4, 78, 0, 0, 7, 0, 0, 0, 7, 0, 0, 0]",0.6939183259010315,0.5,0.5064220183486239,0.5440210249671484,0.5245486221095977,0.46977660972404733
"[3, 0, 0, 0, 1, 4, 0, 0, 4, 206, 0, 0, 7, 0, 0, 0, 4, 174, 0, 0, 1, 4, 0, 0, 7, 0, 0, 0, 7, 0, 0, 0, 7, 0, 0, 0, 1, 4, 0, 0, 7, 0, 0, 0, 7, 0, 0, 0]",0.6937325525283814,0.5,0.5145907473309609,0.47503285151116953,0.49402118209771095,0.5519053876478318
"[0, 5, 1, 0, 8, 1, 1, 0, 2, 1, 0, 0, 2, 1, 0, 0, 8, 3, 1, 0, 3, 0, 0, 0, 8, 2, 2, 0, 4, 482, 0, 0, 7, 0, 0, 0, 7, 0, 0, 0, 1, 4, 0, 0, 7, 0, 0, 0]",0.6954250240325928,0.5,0.4960677555958863,0.5387647831800263,0.5165354330708661,0.45269382391590013
"[6, 28, 4, 0, 1, 28, 0, 0, 7, 0, 0, 0, 2, 0, 0, 0, 2, 0, 0, 0, 4, 191, 0, 0, 1, 4, 0, 0, 7, 0, 0, 0, 4, 134, 0, 0, 1, 4, 0, 0, 7, 0, 0, 0, 7, 0, 0, 0]",0.6940130925178528,0.5,0.49621472814865797,0.47371879106438897,0.48470588235294115,0.519053876478318
"[3, 0, 0, 0, 1, 4, 0, 0, 7, 0, 0, 0, 1, 4, 0, 0, 8, 1, 1, 0, 8, 1, 2, 0, 0, 15, 1, 0, 5, 0, 0, 0, 7, 0, 0, 0, 1, 4, 0, 0, 7, 0, 0, 0, 7, 0, 0, 0]",0.713141450881958,0.5,0.5185909980430529,0.5223390275952694,0.5204582651391162,0.5151116951379764
"[2, 0, 0, 0, 6, 36, 3, 0, 7, 0, 0, 0, 7, 0, 0, 0, 8, 3, 2, 0, 1, 4, 0, 0, 7, 0, 0, 0, 1, 4, 0, 0, 7, 0, 0, 0, 8, 3, 1, 0, 0, 17, 1, 0, 4, 163, 0, 0]",0.6942866516113281,0.5,0.4993788819875776,0.5282522996057819,0.5134099616858238,0.4704336399474376
"[7, 0, 0, 0, 1, 4, 0, 0, 7, 0, 0, 0, 8, 1, 2, 0, 3, 0, 0, 0, 2, 1, 0, 0, 1, 4, 0, 0, 6, 32, 4, 0, 3, 0, 0, 0, 7, 0, 0, 0, 1, 4, 0, 0, 7, 0, 0, 0]",0.7060271215438843,0.5,0.51357733175915,0.5716162943495401,0.5410447761194029,0.45860709592641263
"[6, 39, 3, 0, 0, 29, 1, 0, 1, 29, 0, 0, 8, 3, 1, 0, 4, 113, 0, 0, 4, 97, 0, 0, 7, 0, 0, 0, 7, 0, 0, 0, 7, 0, 0, 0, 7, 0, 0, 0, 7, 0, 0, 0, 1, 4, 0, 0]",0.6939554262161255,0.5,0.5092067988668555,0.4724047306176084,0.49011588275391954,0.5446780551905388
"[6, 32, 4, 0, 4, 13, 0, 0, 7, 0, 0, 0, 1, 4, 0, 0, 1, 4, 0, 0, 7, 0, 0, 0, 7, 0, 0, 0, 7, 0, 0, 0, 7, 0, 0, 0, 7, 0, 0, 0, 7, 0, 0, 0, 7, 0, 0, 0]",0.6971641302108764,0.5,0.47948511665325827,0.3915900131406045,0.4311030741410488,0.5749014454664915
"[7, 0, 0, 0, 3, 0, 0, 0, 3, 0, 0, 0, 8, 2, 1, 0, 2, 1, 0, 0, 0, 20, 0, 0, 2, 1, 0, 0, 3, 0, 0, 0, 6, 8, 4, 0, 0, 23, 1, 0, 3, 0, 0, 0, 3, 0, 0, 0]",0.6933334851264954,0.5,0.5143014301430143,0.614323258869908,0.5598802395209581,0.41984231274638634
"[1, 4, 0, 0, 7, 0, 0, 0, 2, 1, 0, 0, 7, 0, 0, 0, 4, 84, 0, 0, 7, 0, 0, 0, 7, 0, 0, 0, 7, 0, 0, 0, 7, 0, 0, 0, 1, 4, 0, 0, 7, 0, 0, 0, 7, 0, 0, 0]",0.6963981032371521,0.5,0.4973958333333333,0.5019710906701709,0.499672988881622,0.492772667542707
"[3, 0, 0, 0, 0, 5, 1, 0, 1, 5, 0, 0, 5, 0, 0, 0, 7, 0, 0, 0, 1, 4, 0, 0, 1, 4, 0, 0, 7, 0, 0, 0, 1, 4, 0, 0, 4, 200, 0, 0, 1, 4, 0, 0, 7, 0, 0, 0]",0.6967939019203186,0.5,0.5134965473948525,0.5374507227332457,0.5252006420545746,0.4908015768725361
"[2, 0, 0, 0, 3, 0, 0, 0, 7, 0, 0, 0, 8, 1, 2, 0, 3, 0, 0, 0, 8, 1, 2, 0, 0, 7, 1, 0, 0, 4, 1, 0, 1, 4, 0, 0, 3, 0, 0, 0, 6, 20, 4, 0, 5, 0, 0, 0]",0.693962595462799,0.5,0.4816053511705686,0.5676741130091985,0.5211097708082026,0.38896189224704336
"[6, 4, 4, 0, 1, 4, 0, 0, 7, 0, 0, 0, 7, 0, 0, 0, 2, 0, 0, 0, 0, 6, 1, 0, 7, 0, 0, 0, 0, 26, 1, 0, 3, 0, 0, 0, 8, 3, 1, 0, 8, 1, 1, 0, 4, 305, 0, 0]",0.6932624578475952,0.5,0.49909145972138097,0.5413929040735874,0.519382288055468,0.45663600525624176
"[7, 0, 0, 0, 0, 15, 1, 0, 0, 9, 1, 0, 1, 9, 0, 0, 2, 1, 0, 0, 6, 16, 4, 0, 8, 2, 2, 0, 3, 0, 0, 0, 8, 3, 1, 0, 3, 0, 0, 0, 0, 30, 1, 0, 1, 30, 0, 0]",0.704216628074646,0.5,0.5030193236714976,0.5473061760840998,0.5242290748898678,0.4592641261498029
"[8, 0, 1, 0, 7, 0, 0, 0, 0, 20, 1, 0, 1, 20, 0, 0, 1, 4, 0, 0, 0, 14, 0, 0, 7, 0, 0, 0, 2, 1, 0, 0, 0, 22, 0, 0, 4, 507, 0, 0, 7, 0, 0, 0, 7, 0, 0, 0]",0.6931335520744324,0.5,0.4806991988346686,0.4336399474375821,0.45595854922279794,0.5315374507227333
"[8, 0, 2, 0, 6, 14, 2, 0, 1, 14, 0, 0, 7, 0, 0, 0, 0, 8, 0, 0, 8, 3, 2, 0, 4, 7, 0, 0, 7, 0, 0, 0, 7, 0, 0, 0, 7, 0, 0, 0, 7, 0, 0, 0, 7, 0, 0, 0]",0.6952763867378234,0.5,0.496551724137931,0.4730617608409987,0.4845222072678331,0.5203679369250985
"[4, 387, 0, 0, 7, 0, 0, 0, 7, 0, 0, 0, 7, 0, 0, 0, 7, 0, 0, 0, 7, 0, 0, 0, 1, 4, 0, 0, 7, 0, 0, 0, 7, 0, 0, 0, 7, 0, 0, 0, 7, 0, 0, 0, 7, 0, 0, 0]",0.6940182685852051,0.5,0.5090252707581228,0.4632063074901445,0.4850361197110423,0.5532194480946123
"[7, 0, 0, 0, 1, 4, 0, 0, 7, 0, 0, 0, 5, 0, 0, 0, 4, 487, 0, 0, 7, 0, 0, 0, 7, 0, 0, 0, 4, 182, 0, 0, 7, 0, 0, 0, 7, 0, 0, 0, 7, 0, 0, 0, 4, 176, 0, 0]",0.6934096622467041,0.5,0.5166548547129696,0.47897503285151116,0.4971019434026594,0.5519053876478318
"[4, 165, 0, 0, 4, 269, 0, 0, 7, 0, 0, 0, 4, 282, 0, 0, 7, 0, 0, 0, 7, 0, 0, 0, 7, 0, 0, 0, 7, 0, 0, 0, 7, 0, 0, 0, 7, 0, 0, 0, 1, 4, 0, 0, 7, 0, 0, 0]",0.6934437847137451,0.5,0.5161502966381015,0.514454664914586,0.5153010858835143,0.5177398160315374
"[4, 263, 0, 0, 1, 4, 0, 0, 4, 31, 0, 0, 7, 0, 0, 0, 4, 49, 0, 0, 7, 0, 0, 0, 7, 0, 0, 0, 7, 0, 0, 0, 7, 0, 0, 0, 7, 0, 0, 0, 7, 0, 0, 0, 7, 0, 0, 0]",0.6933005332946778,0.5,0.5043579314352121,0.5703022339027596,0.5353068146777675,0.4395532194480946
"[8, 0, 1, 0, 1, 4, 0, 0, 4, 74, 0, 0, 7, 0, 0, 0, 7, 0, 0, 0, 7, 0, 0, 0, 7, 0, 0, 0, 7, 0, 0, 0, 4, 351, 0, 0, 1, 4, 0, 0, 7, 0, 0, 0, 7, 0, 0, 0]",0.6939941120147705,0.5,0.48851644941030414,0.5170827858081471,0.5023938716884775,0.45860709592641263
"[7, 0, 0, 0, 7, 0, 0, 0, 1, 4, 0, 0, 4, 187, 0, 0, 7, 0, 0, 0, 4, 239, 0, 0, 4, 508, 0, 0, 7, 0, 0, 0, 7, 0, 0, 0, 1, 4, 0, 0, 7, 0, 0, 0, 7, 0, 0, 0]",0.693244469165802,0.5,0.4975124378109453,0.5256241787122208,0.5111821086261981,0.469119579500657
"[2, 0, 0, 0, 1, 4, 0, 0, 7, 0, 0, 0, 8, 1, 2, 0, 8, 1, 2, 0, 1, 4, 0, 0, 7, 0, 0, 0, 8, 2, 1, 0, 8, 3, 2, 0, 3, 0, 0, 0, 5, 0, 0, 0, 4, 500, 0, 0]",0.694073646068573,0.5,0.5111695137976346,0.5111695137976346,0.5111695137976346,0.5111695137976346
"[6, 56, 4, 0, 2, 0, 0, 0, 8, 2, 1, 0, 2, 1, 0, 0, 5, 0, 0, 0, 7, 0, 0, 0, 7, 0, 0, 0, 7, 0, 0, 0, 7, 0, 0, 0, 7, 0, 0, 0, 7, 0, 0, 0, 3, 0, 0, 0]",0.6935949635505676,0.5,0.4922870556673374,0.48226018396846254,0.4872220378360438,0.5026281208935611
"[6, 36, 4, 0, 8, 1, 1, 0, 2, 1, 0, 0, 1, 4, 0, 0, 3, 0, 0, 0, 3, 0, 0, 0, 3, 0, 0, 0, 0, 17, 1, 0, 0, 11, 0, 0, 5, 0, 0, 0, 4, 213, 0, 0, 4, 405, 0, 0]",0.6932086968421936,0.5,0.47880794701986756,0.47503285151116953,0.47691292875989444,0.48291721419185285
"[4, 64, 0, 0, 1, 4, 0, 0, 7, 0, 0, 0, 7, 0, 0, 0, 7, 0, 0, 0, 1, 4, 0, 0, 7, 0, 0, 0, 7, 0, 0, 0, 4, 459, 0, 0, 1, 4, 0, 0, 7, 0, 0, 0, 7, 0, 0, 0]",0.693683454990387,0.5,0.4996525364836692,0.4724047306176084,0.4856467409658899,0.5269382391590013
"[7, 0, 0, 0, 4, 66, 0, 0, 7, 0, 0, 0, 7, 0, 0, 0, 7, 0, 0, 0, 1, 4, 0, 0, 7, 0, 0, 0, 7, 0, 0, 0, 7, 0, 0, 0, 1, 4, 0, 0, 7, 0, 0, 0, 7, 0, 0, 0]",0.6963700485229493,0.5,0.5050432276657061,0.46057818659658345,0.481786941580756,0.5486202365308804
"[8, 0, 2, 0, 6, 8, 4, 0, 7, 0, 0, 0, 2, 1, 0, 0, 8, 1, 1, 0, 7, 0, 0, 0, 7, 0, 0, 0, 7, 0, 0, 0, 8, 3, 1, 0, 7, 0, 0, 0, 3, 0, 0, 0, 4, 106, 0, 0]",0.693882167339325,0.5,0.5041165294490184,0.5229960578186597,0.5133827797484682,0.4855453350854139
"[4, 356, 0, 0, 4, 329, 0, 0, 7, 0, 0, 0, 7, 0, 0, 0, 1, 4, 0, 0, 7, 0, 0, 0, 7, 0, 0, 0, 7, 0, 0, 0, 1, 4, 0, 0, 4, 197, 0, 0, 1, 4, 0, 0, 7, 0, 0, 0]",0.6934500980377197,0.5,0.5009848982271832,0.5013140604467805,0.5011494252873563,0.5006570302233903
"[6, 40, 4, 0, 1, 40, 0, 0, 7, 0, 0, 0, 2, 1, 0, 0, 1, 4, 0, 0, 0, 12, 1, 0, 2, 0, 0, 0, 7, 0, 0, 0, 4, 243, 0, 0, 7, 0, 0, 0, 7, 0, 0, 0, 4, 128, 0, 0]",0.6935260915756225,0.5,0.5037593984962406,0.5722733245729303,0.5358351276530299,0.43626806833114323
"[7, 0, 0, 0, 8, 1, 1, 0, 2, 1, 0, 0, 8, 3, 2, 0, 7, 0, 0, 0, 8, 2, 2, 0, 0, 29, 0, 0, 7, 0, 0, 0, 7, 0, 0, 0, 0, 8, 1, 0, 4, 24, 0, 0, 7, 0, 0, 0]",0.6942979645729065,0.5,0.4984375,0.628777923784494,0.5560720511330621,0.36727989487516427
"[4, 507, 0, 0, 7, 0, 0, 0, 7, 0, 0, 0, 7, 0, 0, 0, 7, 0, 0, 0, 4, 78, 0, 0, 7, 0, 0, 0, 7, 0, 0, 0, 4, 410, 0, 0, 7, 0, 0, 0, 7, 0, 0, 0, 4, 94, 0, 0]",0.692807719707489,0.5,0.5090252707581228,0.37056504599211565,0.42889733840304184,0.6425755584756899
"[8, 0, 1, 0, 6, 36, 4, 0, 8, 1, 1, 0, 4, 7, 0, 0, 7, 0, 0, 0, 7, 0, 0, 0, 7, 0, 0, 0, 7, 0, 0, 0, 1, 4, 0, 0, 7, 0, 0, 0, 7, 0, 0, 0, 7, 0, 0, 0]",0.6983077383041382,0.5,0.49821882951653945,0.6432325886990802,0.5615141955835962,0.35216819973718794
"[7, 0, 0, 0, 0, 9, 0, 0, 2, 1, 0, 0, 5, 0, 0, 0, 4, 364, 0, 0, 7, 0, 0, 0, 7, 0, 0, 0, 7, 0, 0, 0, 7, 0, 0, 0, 7, 0, 0, 0, 7, 0, 0, 0, 7, 0, 0, 0]",0.6930380249023438,0.5,0.5136929460580912,0.4067017082785808,0.453978731206454,0.6149802890932983
"[2, 0, 0, 0, 3, 0, 0, 0, 8, 1, 1, 0, 1, 4, 0, 0, 6, 4, 4, 0, 1, 4, 0, 0, 7, 0, 0, 0, 1, 4, 0, 0, 8, 1, 2, 0, 2, 0, 0, 0, 3, 0, 0, 0, 0, 29, 1, 0]",0.6945130324363709,0.5,0.5102533172496985,0.5558475689881734,0.5320754716981132,0.4664914586070959
"[7, 0, 0, 0, 3, 0, 0, 0, 3, 0, 0, 0, 7, 0, 0, 0, 0, 23, 0, 0, 6, 34, 2, 0, 2, 1, 0, 0, 7, 0, 0, 0, 0, 7, 0, 0, 4, 438, 0, 0, 7, 0, 0, 0, 7, 0, 0, 0]",0.6932656836509704,0.5,0.5037037037037037,0.5361366622864652,0.5194143857415658,0.47174770039421815
"[3, 0, 0, 0, 2, 0, 0, 0, 0, 25, 0, 0, 4, 466, 0, 0, 7, 0, 0, 0, 7, 0, 0, 0, 7, 0, 0, 0, 4, 217, 0, 0, 7, 0, 0, 0, 7, 0, 0, 0, 7, 0, 0, 0, 7, 0, 0, 0]",0.6931209135055542,0.5,0.5092783505154639,0.4868593955321945,0.4978165938864629,0.5308804204993429
"[1, 4, 0, 0, 3, 0, 0, 0, 8, 1, 2, 0, 8, 3, 1, 0, 2, 0, 0, 0, 4, 205, 0, 0, 1, 4, 0, 0, 7, 0, 0, 0, 1, 4, 0, 0, 7, 0, 0, 0, 7, 0, 0, 0, 7, 0, 0, 0]",0.696564347743988,0.5,0.5009428032683847,0.5236530880420499,0.5120462576292965,0.4783180026281209
"[3, 0, 0, 0, 3, 0, 0, 0, 4, 41, 0, 0, 7, 0, 0, 0, 7, 0, 0, 0, 7, 0, 0, 0, 7, 0, 0, 0, 4, 153, 0, 0, 7, 0, 0, 0, 7, 0, 0, 0, 7, 0, 0, 0, 7, 0, 0, 0]",0.6933183336257934,0.5,0.5018982536066818,0.4342969776609724,0.46565692145121523,0.568988173455979
"[6, 36, 4, 0, 4, 154, 0, 0, 1, 4, 0, 0, 7, 0, 0, 0, 4, 480, 0, 0, 1, 4, 0, 0, 7, 0, 0, 0, 7, 0, 0, 0, 7, 0, 0, 0, 4, 226, 0, 0, 7, 0, 0, 0, 7, 0, 0, 0]",0.6933453321456909,0.5,0.49554896142433236,0.5486202365308804,0.5207358902400998,0.44152431011826543
"[3, 0, 0, 0, 8, 1, 2, 0, 5, 0, 0, 0, 4, 71, 0, 0, 7, 0, 0, 0, 1, 4, 0, 0, 7, 0, 0, 0, 7, 0, 0, 0, 4, 273, 0, 0, 7, 0, 0, 0, 7, 0, 0, 0, 7, 0, 0, 0]",0.6937024831771851,0.5,0.5116453794139745,0.44743758212877793,0.4773922187171398,0.5729303547963206
"[6, 54, 1, 0, 2, 0, 0, 0, 0, 25, 0, 0, 7, 0, 0, 0, 4, 38, 0, 0, 7, 0, 0, 0, 7, 0, 0, 0, 7, 0, 0, 0, 1, 4, 0, 0, 7, 0, 0, 0, 7, 0, 0, 0, 4, 202, 0, 0]",0.6942270874977112,0.5,0.4921968787515006,0.5387647831800263,0.5144291091593476,0.44415243101182655
"[2, 1, 0, 0, 6, 25, 1, 0, 7, 0, 0, 0, 2, 0, 0, 0, 1, 4, 0, 0, 3, 0, 0, 0, 4, 330, 0, 0, 4, 223, 0, 0, 7, 0, 0, 0, 1, 4, 0, 0, 1, 4, 0, 0, 1, 4, 0, 0]",0.6935885548591614,0.5,0.49369266055045874,0.5657030223390276,0.5272504592774035,0.41984231274638634
"[5, 0, 0, 0, 7, 0, 0, 0, 7, 0, 0, 0, 7, 0, 0, 0, 7, 0, 0, 0, 7, 0, 0, 0, 7, 0, 0, 0, 7, 0, 0, 0, 7, 0, 0, 0, 1, 4, 0, 0, 7, 0, 0, 0, 7, 0, 0, 0]",0.6977171540260315,0.5,0.5056403450564034,0.5006570302233903,0.5031363486299109,0.5105124835742444
"[1, 4, 0, 0, 8, 1, 1, 0, 2, 1, 0, 0, 2, 0, 0, 0, 2, 0, 0, 0, 8, 1, 2, 0, 0, 8, 1, 0, 3, 0, 0, 0, 7, 0, 0, 0, 3, 0, 0, 0, 6, 32, 4, 0, 3, 0, 0, 0]",0.6934824609756469,0.5,0.49966009517335147,0.48291721419185285,0.49114600735048447,0.5164257555847569
"[5, 0, 0, 0, 7, 0, 0, 0, 4, 61, 0, 0, 7, 0, 0, 0, 7, 0, 0, 0, 7, 0, 0, 0, 7, 0, 0, 0, 7, 0, 0, 0, 7, 0, 0, 0, 7, 0, 0, 0, 1, 4, 0, 0, 7, 0, 0, 0]",0.6956403112411499,0.5,0.49926470588235294,0.44612352168199737,0.4712005551700208,0.5525624178712221
"[4, 383, 0, 0, 4, 461, 0, 0, 7, 0, 0, 0, 7, 0, 0, 0, 7, 0, 0, 0, 7, 0, 0, 0, 7, 0, 0, 0, 7, 0, 0, 0, 7, 0, 0, 0, 7, 0, 0, 0, 7, 0, 0, 0, 7, 0, 0, 0]",0.6940930819511414,0.5,0.4984984984984985,0.545335085413929,0.5208660181989332,0.45137976346911957
"[7, 0, 0, 0, 7, 0, 0, 0, 4, 481, 0, 0, 4, 114, 0, 0, 7, 0, 0, 0, 7, 0, 0, 0, 7, 0, 0, 0, 7, 0, 0, 0, 7, 0, 0, 0, 4, 294, 0, 0, 7, 0, 0, 0, 7, 0, 0, 0]",0.6933115959167481,0.5,0.49641833810888253,0.45532194480946125,0.47498286497601094,0.538107752956636
"[7, 0, 0, 0, 7, 0, 0, 0, 2, 0, 0, 0, 4, 322, 0, 0, 7, 0, 0, 0, 7, 0, 0, 0, 7, 0, 0, 0, 7, 0, 0, 0, 1, 4, 0, 0, 7, 0, 0, 0, 7, 0, 0, 0, 1, 4, 0, 0]",0.6968166327476502,0.5,0.5145700071073206,0.4756898817345598,0.49436667804711504,0.5512483574244416
"[7, 0, 0, 0, 3, 0, 0, 0, 0, 31, 1, 0, 1, 31, 0, 0, 7, 0, 0, 0, 0, 18, 0, 0, 1, 18, 0, 0, 0, 18, 1, 0, 0, 21, 1, 0, 2, 0, 0, 0, 7, 0, 0, 0, 0, 26, 0, 0]",0.693080461025238,0.5,0.49864864864864866,0.48488830486202367,0.491672218520986,0.5124835742444153
"[7, 0, 0, 0, 3, 0, 0, 0, 2, 1, 0, 0, 6, 12, 4, 0, 3, 0, 0, 0, 4, 433, 0, 0, 7, 0, 0, 0, 1, 4, 0, 0, 7, 0, 0, 0, 7, 0, 0, 0, 4, 141, 0, 0, 7, 0, 0, 0]",0.6940537166595458,0.5,0.4952137843012125,0.5098554533508541,0.5024279702168987,0.4802890932982917
"[0, 27, 1, 0, 7, 0, 0, 0, 4, 156, 0, 0, 7, 0, 0, 0, 7, 0, 0, 0, 4, 244, 0, 0, 1, 4, 0, 0, 7, 0, 0, 0, 7, 0, 0, 0, 1, 4, 0, 0, 1, 4, 0, 0, 7, 0, 0, 0]",0.6935481023788452,0.5,0.49265536723163844,0.5729303547963206,0.5297691373025516,0.4099868593955322
"[7, 0, 0, 0, 2, 1, 0, 0, 4, 201, 0, 0, 7, 0, 0, 0, 7, 0, 0, 0, 7, 0, 0, 0, 7, 0, 0, 0, 1, 4, 0, 0, 7, 0, 0, 0, 7, 0, 0, 0, 7, 0, 0, 0, 7, 0, 0, 0]",0.6934863090515136,0.5,0.5122126436781609,0.46846254927726677,0.48936170212765956,0.5538764783180026
"[1, 4, 0, 0, 6, 19, 1, 0, 3, 0, 0, 0, 4, 9, 0, 0, 7, 0, 0, 0, 7, 0, 0, 0, 1, 4, 0, 0, 7, 0, 0, 0, 4, 68, 0, 0, 7, 0, 0, 0, 7, 0, 0, 0, 4, 390, 0, 0]",0.6931450939178467,0.5,0.4967287367891293,0.6484888304862023,0.5625534340267883,0.34296977660972405
"[7, 0, 0, 0, 8, 1, 2, 0, 2, 0, 0, 0, 3, 0, 0, 0, 6, 18, 3, 0, 7, 0, 0, 0, 3, 0, 0, 0, 2, 0, 0, 0, 4, 147, 0, 0, 7, 0, 0, 0, 1, 4, 0, 0, 7, 0, 0, 0]",0.6969064807891846,0.5,0.49672813801308746,0.5486202365308804,0.5213862004370903,0.44415243101182655
"[2, 0, 0, 0, 3, 0, 0, 0, 4, 266, 0, 0, 7, 0, 0, 0, 4, 322, 0, 0, 7, 0, 0, 0, 7, 0, 0, 0, 7, 0, 0, 0, 7, 0, 0, 0, 7, 0, 0, 0, 7, 0, 0, 0, 7, 0, 0, 0]",0.6932202672958374,0.5,0.49,0.4185282522996058,0.4514528703047484,0.5643889618922471
"[7, 0, 0, 0, 2, 1, 0, 0, 8, 2, 2, 0, 7, 0, 0, 0, 2, 0, 0, 0, 4, 504, 0, 0, 7, 0, 0, 0, 1, 4, 0, 0, 7, 0, 0, 0, 7, 0, 0, 0, 7, 0, 0, 0, 7, 0, 0, 0]",0.6953160905838013,0.5,0.5046931407942238,0.4592641261498029,0.4809081527347781,0.5492772667542707
"[6, 30, 1, 0, 2, 0, 0, 0, 7, 0, 0, 0, 5, 0, 0, 0, 7, 0, 0, 0, 1, 4, 0, 0, 7, 0, 0, 0, 7, 0, 0, 0, 8, 1, 1, 0, 7, 0, 0, 0, 7, 0, 0, 0, 1, 4, 0, 0]",0.713410313129425,0.5,0.47478143913920645,0.46386333771353483,0.46925888999667664,0.4868593955321945
"[7, 0, 0, 0, 3, 0, 0, 0, 7, 0, 0, 0, 3, 0, 0, 0, 7, 0, 0, 0, 0, 16, 1, 0, 0, 24, 1, 0, 5, 0, 0, 0, 7, 0, 0, 0, 4, 336, 0, 0, 7, 0, 0, 0, 7, 0, 0, 0]",0.693261251449585,0.5,0.4990202482037884,0.5019710906701709,0.5004913200131018,0.49605781865965837
"[4, 196, 0, 0, 7, 0, 0, 0, 1, 4, 0, 0, 7, 0, 0, 0, 7, 0, 0, 0, 7, 0, 0, 0, 7, 0, 0, 0, 7, 0, 0, 0, 7, 0, 0, 0, 7, 0, 0, 0, 7, 0, 0, 0, 4, 259, 0, 0]",0.6938457798957824,0.5,0.49615156897572527,0.5505913272010512,0.5219557770165058,0.4408672798948752
"[7, 0, 0, 0, 0, 8, 1, 0, 3, 0, 0, 0, 1, 4, 0, 0, 1, 4, 0, 0, 0, 8, 1, 0, 7, 0, 0, 0, 2, 0, 0, 0, 0, 12, 0, 0, 1, 12, 0, 0, 2, 0, 0, 0, 6, 32, 4, 0]",0.6935686421394348,0.5,0.49796195652173914,0.4816031537450723,0.48964595858383436,0.514454664914586
"[2, 0, 0, 0, 1, 4, 0, 0, 4, 496, 0, 0, 7, 0, 0, 0, 4, 59, 0, 0, 4, 353, 0, 0, 7, 0, 0, 0, 7, 0, 0, 0, 7, 0, 0, 0, 7, 0, 0, 0, 7, 0, 0, 0, 7, 0, 0, 0]",0.6931850218772888,0.5,0.4979811574697174,0.48620236530880423,0.4920212765957447,0.5098554533508541
"[7, 0, 0, 0, 8, 1, 1, 0, 1, 4, 0, 0, 6, 20, 2, 0, 4, 441, 0, 0, 4, 301, 0, 0, 7, 0, 0, 0, 7, 0, 0, 0, 7, 0, 0, 0, 7, 0, 0, 0, 7, 0, 0, 0, 7, 0, 0, 0]",0.6933156013488769,0.5,0.5048934945308002,0.576215505913272,0.5382019024240564,0.43495400788436267
"[2, 1, 0, 0, 8, 1, 2, 0, 0, 12, 0, 0, 4, 486, 0, 0, 7, 0, 0, 0, 7, 0, 0, 0, 7, 0, 0, 0, 4, 4, 0, 0, 7, 0, 0, 0, 7, 0, 0, 0, 7, 0, 0, 0, 7, 0, 0, 0]",0.6979952025413513,0.5,0.49766822118587606,0.4908015768725361,0.4942110486271915,0.5045992115637319
"[7, 0, 0, 0, 3, 0, 0, 0, 7, 0, 0, 0, 3, 0, 0, 0, 3, 0, 0, 0, 1, 4, 0, 0, 7, 0, 0, 0, 0, 8, 1, 0, 1, 8, 0, 0, 7, 0, 0, 0, 7, 0, 0, 0, 2, 1, 0, 0]",0.7083515405654908,0.5,0.5040148239654108,0.5361366622864652,0.5195797516714422,0.4724047306176084
"[6, 48, 4, 0, 4, 104, 0, 0, 1, 4, 0, 0, 7, 0, 0, 0, 7, 0, 0, 0, 4, 26, 0, 0, 7, 0, 0, 0, 7, 0, 0, 0, 7, 0, 0, 0, 7, 0, 0, 0, 7, 0, 0, 0, 7, 0, 0, 0]",0.6948383617401123,0.5,0.5019455252918288,0.5085413929040736,0.5052219321148825,0.49540078843626806
"[4, 22, 0, 0, 7, 0, 0, 0, 7, 0, 0, 0, 4, 316, 0, 0, 4, 20, 0, 0, 7, 0, 0, 0, 7, 0, 0, 0, 7, 0, 0, 0, 7, 0, 0, 0, 7, 0, 0, 0, 4, 202, 0, 0, 7, 0, 0, 0]",0.6932789897918701,0.5,0.48220064724919093,0.4894875164257556,0.4858167590479296,0.4743758212877792
"[0, 16, 1, 0, 8, 1, 1, 0, 7, 0, 0, 0, 6, 16, 4, 0, 7, 0, 0, 0, 8, 1, 1, 0, 0, 4, 1, 0, 5, 0, 0, 0, 4, 84, 0, 0, 7, 0, 0, 0, 1, 4, 0, 0, 7, 0, 0, 0]",0.6935563373565674,0.5,0.49530369442705074,0.5197109067017083,0.5072138505931388,0.4704336399474376
"[3, 0, 0, 0, 7, 0, 0, 0, 3, 0, 0, 0, 4, 265, 0, 0, 7, 0, 0, 0, 7, 0, 0, 0, 7, 0, 0, 0, 7, 0, 0, 0, 7, 0, 0, 0, 7, 0, 0, 0, 7, 0, 0, 0, 7, 0, 0, 0]",0.6945322918891906,0.5,0.5042432814710043,0.46846254927726677,0.48569482288828336,0.5394218134034166
"[1, 4, 0, 0, 1, 4, 0, 0, 7, 0, 0, 0, 4, 86, 0, 0, 7, 0, 0, 0, 1, 4, 0, 0, 7, 0, 0, 0, 7, 0, 0, 0, 7, 0, 0, 0, 7, 0, 0, 0, 7, 0, 0, 0, 7, 0, 0, 0]",0.6953581023216248,0.5,0.4919402985074627,0.5413929040735874,0.5154832655614638,0.4408672798948752
"[4, 321, 0, 0, 7, 0, 0, 0, 7, 0, 0, 0, 1, 4, 0, 0, 7, 0, 0, 0, 4, 402, 0, 0, 7, 0, 0, 0, 7, 0, 0, 0, 7, 0, 0, 0, 7, 0, 0, 0, 7, 0, 0, 0, 7, 0, 0, 0]",0.6935392785072326,0.5,0.49084967320261436,0.49342969776609724,0.4921363040629096,0.48817345597897505
"[8, 0, 2, 0, 4, 498, 0, 0, 7, 0, 0, 0, 1, 4, 0, 0, 7, 0, 0, 0, 7, 0, 0, 0, 7, 0, 0, 0, 4, 432, 0, 0, 1, 4, 0, 0, 7, 0, 0, 0, 1, 4, 0, 0, 7, 0, 0, 0]",0.6933332586288452,0.5,0.5073855243722304,0.45137976346911957,0.47774687065368565,0.561760840998686
"[7, 0, 0, 0, 1, 4, 0, 0, 4, 91, 0, 0, 7, 0, 0, 0, 7, 0, 0, 0, 7, 0, 0, 0, 7, 0, 0, 0, 7, 0, 0, 0, 7, 0, 0, 0, 4, 280, 0, 0, 7, 0, 0, 0, 7, 0, 0, 0]",0.6939987874031067,0.5,0.5059523809523809,0.5026281208935611,0.5042847725774555,0.5091984231274639
"[7, 0, 0, 0, 1, 4, 0, 0, 0, 4, 0, 0, 2, 1, 0, 0, 5, 0, 0, 0, 7, 0, 0, 0, 8, 2, 1, 0, 1, 4, 0, 0, 1, 4, 0, 0, 4, 139, 0, 0, 1, 4, 0, 0, 7, 0, 0, 0]",0.6957865762710571,0.5,0.49019607843137253,0.5091984231274639,0.499516596841766,0.4704336399474376
"[3, 0, 0, 0, 7, 0, 0, 0, 8, 2, 1, 0, 0, 31, 0, 0, 7, 0, 0, 0, 8, 3, 1, 0, 3, 0, 0, 0, 1, 4, 0, 0, 7, 0, 0, 0, 8, 2, 2, 0, 4, 269, 0, 0, 7, 0, 0, 0]",0.6955189847946167,0.5,0.5096774193548387,0.5709592641261498,0.5385807251317013,0.4507227332457293
"[1, 4, 0, 0, 0, 20, 1, 0, 3, 0, 0, 0, 7, 0, 0, 0, 0, 15, 1, 0, 4, 345, 0, 0, 7, 0, 0, 0, 7, 0, 0, 0, 7, 0, 0, 0, 7, 0, 0, 0, 7, 0, 0, 0, 7, 0, 0, 0]",0.6935256695747376,0.5,0.496513249651325,0.46780551905387646,0.4817320703653586,0.5256241787122208
"[8, 0, 2, 0, 8, 1, 1, 0, 3, 0, 0, 0, 7, 0, 0, 0, 0, 16, 1, 0, 4, 284, 0, 0, 7, 0, 0, 0, 7, 0, 0, 0, 7, 0, 0, 0, 7, 0, 0, 0, 7, 0, 0, 0, 4, 248, 0, 0]",0.6933889126777649,0.5,0.501906941266209,0.4323258869908016,0.4645252382633251,0.5709592641261498
"[7, 0, 0, 0, 6, 36, 4, 0, 7, 0, 0, 0, 1, 4, 0, 0, 0, 7, 0, 0, 0, 10, 1, 0, 8, 2, 2, 0, 1, 4, 0, 0, 7, 0, 0, 0, 7, 0, 0, 0, 1, 4, 0, 0, 2, 1, 0, 0]",0.7043010115623474,0.5,0.515987460815047,0.5407358738501971,0.5280718639717678,0.492772667542707
"[0, 7, 1, 0, 8, 1, 1, 0, 6, 28, 4, 0, 7, 0, 0, 0, 2, 0, 0, 0, 7, 0, 0, 0, 4, 428, 0, 0, 7, 0, 0, 0, 7, 0, 0, 0, 7, 0, 0, 0, 7, 0, 0, 0, 7, 0, 0, 0]",0.6930952048301697,0.5,0.5065096094234346,0.5367936925098554,0.5212121212121212,0.47700394218134035
"[3, 0, 0, 0, 7, 0, 0, 0, 8, 1, 2, 0, 3, 0, 0, 0, 7, 0, 0, 0, 1, 4, 0, 0, 7, 0, 0, 0, 1, 4, 0, 0, 8, 2, 1, 0, 6, 37, 1, 0, 4, 104, 0, 0, 7, 0, 0, 0]",0.6936436724662781,0.5,0.5010073875083949,0.49014454664914586,0.49551643972102294,0.511826544021025
"[5, 0, 0, 0, 7, 0, 0, 0, 7, 0, 0, 0, 7, 0, 0, 0, 7, 0, 0, 0, 7, 0, 0, 0, 7, 0, 0, 0, 1, 4, 0, 0, 7, 0, 0, 0, 8, 2, 2, 0, 7, 0, 0, 0, 7, 0, 0, 0]",0.7138908648490906,0.5,0.47300944669365724,0.46057818659658345,0.466711051930759,0.4868593955321945
"[3, 0, 0, 0, 3, 0, 0, 0, 3, 0, 0, 0, 6, 4, 4, 0, 4, 278, 0, 0, 7, 0, 0, 0, 7, 0, 0, 0, 7, 0, 0, 0, 7, 0, 0, 0, 7, 0, 0, 0, 7, 0, 0, 0, 7, 0, 0, 0]",0.6935536551475525,0.5,0.5035410764872521,0.4671484888304862,0.48466257668711654,0.5394218134034166
"[7, 0, 0, 0, 0, 28, 0, 0, 1, 28, 0, 0, 1, 4, 0, 0, 6, 54, 2, 0, 7, 0, 0, 0, 7, 0, 0, 0, 4, 401, 0, 0, 4, 285, 0, 0, 4, 221, 0, 0, 7, 0, 0, 0, 1, 4, 0, 0]",0.6932734751701355,0.5,0.4985405720957385,0.5611038107752957,0.5279752704791345,0.435611038107753
"[4, 54, 0, 0, 7, 0, 0, 0, 4, 284, 0, 0, 1, 4, 0, 0, 7, 0, 0, 0, 7, 0, 0, 0, 7, 0, 0, 0, 7, 0, 0, 0, 7, 0, 0, 0, 7, 0, 0, 0, 1, 4, 0, 0, 7, 0, 0, 0]",0.6939423489570617,0.5,0.5051483949121744,0.5479632063074902,0.5256854711629373,0.4632063074901445
"[7, 0, 0, 0, 3, 0, 0, 0, 1, 4, 0, 0, 7, 0, 0, 0, 8, 3, 2, 0, 2, 1, 0, 0, 0, 22, 0, 0, 6, 44, 4, 0, 4, 102, 0, 0, 7, 0, 0, 0, 1, 4, 0, 0, 7, 0, 0, 0]",0.6960169196128845,0.5,0.48769318832283914,0.5597897503285151,0.5212603242581829,0.411957950065703
"[2, 0, 0, 0, 3, 0, 0, 0, 4, 330, 0, 0, 7, 0, 0, 0, 7, 0, 0, 0, 7, 0, 0, 0, 4, 414, 0, 0, 7, 0, 0, 0, 1, 4, 0, 0, 4, 51, 0, 0, 7, 0, 0, 0, 4, 6, 0, 0]",0.6969361090660096,0.5,0.4956722446624351,0.5643889618922471,0.5278033794162826,0.42575558475689884
"[0, 4, 0, 0, 1, 4, 0, 0, 3, 0, 0, 0, 3, 0, 0, 0, 6, 8, 4, 0, 8, 2, 2, 0, 3, 0, 0, 0, 8, 2, 2, 0, 0, 15, 0, 0, 7, 0, 0, 0, 0, 12, 0, 0, 8, 2, 2, 0]",0.6932076930999755,0.5,0.5040650406504065,0.5703022339027596,0.5351418002466092,0.43889618922470436
"[3, 0, 0, 0, 3, 0, 0, 0, 1, 4, 0, 0, 6, 4, 4, 0, 2, 1, 0, 0, 0, 14, 1, 0, 7, 0, 0, 0, 7, 0, 0, 0, 0, 24, 1, 0, 8, 2, 2, 0, 0, 28, 1, 0, 0, 28, 0, 0]",0.6934267687797546,0.5,0.509397278029812,0.5164257555847569,0.5128874388254486,0.5026281208935611
"[4, 59, 0, 0, 7, 0, 0, 0, 7, 0, 0, 0, 1, 4, 0, 0, 4, 362, 0, 0, 7, 0, 0, 0, 7, 0, 0, 0, 7, 0, 0, 0, 7, 0, 0, 0, 1, 4, 0, 0, 4, 196, 0, 0, 7, 0, 0, 0]",0.6933306169509887,0.5,0.5022980958634274,0.5026281208935611,0.5024630541871922,0.5019710906701709
"[7, 0, 0, 0, 1, 4, 0, 0, 8, 2, 2, 0, 8, 3, 1, 0, 0, 25, 1, 0, 1, 25, 0, 0, 7, 0, 0, 0, 2, 0, 0, 0, 8, 3, 1, 0, 4, 38, 0, 0, 1, 4, 0, 0, 7, 0, 0, 0]",0.6969492745399475,0.5,0.4940159574468085,0.48817345597897505,0.4910773298083278,0.5
"[7, 0, 0, 0, 1, 4, 0, 0, 7, 0, 0, 0, 4, 159, 0, 0, 4, 472, 0, 0, 7, 0, 0, 0, 7, 0, 0, 0, 7, 0, 0, 0, 7, 0, 0, 0, 1, 4, 0, 0, 7, 0, 0, 0, 7, 0, 0, 0]",0.693934645652771,0.5,0.49876695437731194,0.5315374507227333,0.5146310432569975,0.46583442838370565
"[8, 0, 2, 0, 3, 0, 0, 0, 2, 1, 0, 0, 2, 1, 0, 0, 2, 1, 0, 0, 0, 31, 1, 0, 2, 0, 0, 0, 8, 3, 2, 0, 3, 0, 0, 0, 6, 16, 4, 0, 7, 0, 0, 0, 2, 0, 0, 0]",0.693782651424408,0.5,0.5096602265156562,0.5026281208935611,0.5061197485941118,0.5164257555847569
"[0, 6, 1, 0, 7, 0, 0, 0, 4, 292, 0, 0, 7, 0, 0, 0, 4, 188, 0, 0, 7, 0, 0, 0, 7, 0, 0, 0, 1, 4, 0, 0, 1, 4, 0, 0, 7, 0, 0, 0, 4, 389, 0, 0, 7, 0, 0, 0]",0.6934108209609985,0.5,0.4864516129032258,0.49540078843626806,0.4908854166666667,0.47700394218134035
"[4, 288, 0, 0, 7, 0, 0, 0, 7, 0, 0, 0, 7, 0, 0, 0, 1, 4, 0, 0, 1, 4, 0, 0, 7, 0, 0, 0, 7, 0, 0, 0, 7, 0, 0, 0, 7, 0, 0, 0, 7, 0, 0, 0, 4, 313, 0, 0]",0.6934938788414001,0.5,0.49625085207907293,0.4783180026281209,0.48711943793911006,0.514454664914586
"[4, 399, 0, 0, 7, 0, 0, 0, 4, 443, 0, 0, 1, 4, 0, 0, 7, 0, 0, 0, 4, 357, 0, 0, 7, 0, 0, 0, 7, 0, 0, 0, 7, 0, 0, 0, 4, 254, 0, 0, 1, 4, 0, 0, 7, 0, 0, 0]",0.6936513614654541,0.5,0.5044479330193616,0.633377135348226,0.56160792309933,0.37779237844940866
"[4, 460, 0, 0, 7, 0, 0, 0, 7, 0, 0, 0, 7, 0, 0, 0, 7, 0, 0, 0, 4, 321, 0, 0, 4, 247, 0, 0, 7, 0, 0, 0, 7, 0, 0, 0, 1, 4, 0, 0, 7, 0, 0, 0, 1, 4, 0, 0]",0.6933900904655457,0.5,0.5042918454935622,0.4632063074901445,0.4828767123287671,0.5446780551905388
"[1, 4, 0, 0, 7, 0, 0, 0, 0, 8, 0, 0, 1, 8, 0, 0, 6, 39, 1, 0, 8, 1, 1, 0, 4, 410, 0, 0, 1, 4, 0, 0, 1, 4, 0, 0, 7, 0, 0, 0, 7, 0, 0, 0, 7, 0, 0, 0]",0.6953592801094055,0.5,0.4956030150753769,0.5183968462549278,0.5067437379576107,0.4724047306176084
"[1, 4, 0, 0, 6, 44, 4, 0, 7, 0, 0, 0, 1, 4, 0, 0, 7, 0, 0, 0, 7, 0, 0, 0, 1, 4, 0, 0, 1, 4, 0, 0, 2, 1, 0, 0, 3, 0, 0, 0, 5, 0, 0, 0, 7, 0, 0, 0]",0.7113316249847412,0.5,0.5028868360277137,0.5722733245729303,0.535341118623233,0.4342969776609724
"[6, 12, 4, 0, 1, 12, 0, 0, 7, 0, 0, 0, 4, 475, 0, 0, 7, 0, 0, 0, 7, 0, 0, 0, 1, 4, 0, 0, 7, 0, 0, 0, 7, 0, 0, 0, 7, 0, 0, 0, 7, 0, 0, 0, 4, 474, 0, 0]",0.6936006617546081,0.5,0.496783416726233,0.45663600525624176,0.47586442998972955,0.5374507227332457
"[4, 392, 0, 0, 7, 0, 0, 0, 7, 0, 0, 0, 4, 12, 0, 0, 7, 0, 0, 0, 7, 0, 0, 0, 4, 405, 0, 0, 7, 0, 0, 0, 7, 0, 0, 0, 7, 0, 0, 0, 1, 4, 0, 0, 7, 0, 0, 0]",0.6936336779594421,0.5,0.5011202389843167,0.4408672798948752,0.46906675987416985,0.5611038107752957
"[7, 0, 0, 0, 6, 28, 2, 0, 3, 0, 0, 0, 4, 421, 0, 0, 7, 0, 0, 0, 7, 0, 0, 0, 7, 0, 0, 0, 7, 0, 0, 0, 1, 4, 0, 0, 4, 284, 0, 0, 1, 4, 0, 0, 7, 0, 0, 0]",0.6931477379798889,0.5,0.491025641025641,0.5032851511169514,0.4970798182998053,0.4783180026281209
"[7, 0, 0, 0, 6, 48, 4, 0, 4, 123, 0, 0, 7, 0, 0, 0, 7, 0, 0, 0, 7, 0, 0, 0, 7, 0, 0, 0, 4, 479, 0, 0, 7, 0, 0, 0, 7, 0, 0, 0, 7, 0, 0, 0, 4, 500, 0, 0]",0.693230242729187,0.5,0.5046473482777474,0.6064388961892248,0.5508803342285885,0.40473061760841
"[6, 60, 2, 0, 7, 0, 0, 0, 8, 2, 2, 0, 7, 0, 0, 0, 4, 131, 0, 0, 7, 0, 0, 0, 7, 0, 0, 0, 7, 0, 0, 0, 7, 0, 0, 0, 4, 381, 0, 0, 7, 0, 0, 0, 7, 0, 0, 0]",0.6931625819206237,0.5,0.4976190476190476,0.5492772667542707,0.5221736414740787,0.4454664914586071
"[4, 100, 0, 0, 4, 342, 0, 0, 1, 4, 0, 0, 4, 220, 0, 0, 7, 0, 0, 0, 7, 0, 0, 0, 7, 0, 0, 0, 7, 0, 0, 0, 4, 149, 0, 0, 4, 325, 0, 0, 7, 0, 0, 0, 7, 0, 0, 0]",0.6932574462890625,0.5,0.5075136612021858,0.48817345597897505,0.49765572672471536,0.526281208935611
"[0, 8, 0, 0, 6, 24, 4, 0, 8, 2, 2, 0, 7, 0, 0, 0, 0, 23, 1, 0, 4, 41, 0, 0, 7, 0, 0, 0, 7, 0, 0, 0, 4, 287, 0, 0, 7, 0, 0, 0, 4, 350, 0, 0, 7, 0, 0, 0]",0.6932835268974304,0.5,0.5034889962426194,0.6162943495400789,0.5542097488921713,0.39224704336399474
"[7, 0, 0, 0, 3, 0, 0, 0, 4, 166, 0, 0, 7, 0, 0, 0, 4, 364, 0, 0, 7, 0, 0, 0, 4, 62, 0, 0, 7, 0, 0, 0, 4, 314, 0, 0, 7, 0, 0, 0, 7, 0, 0, 0, 7, 0, 0, 0]",0.6932432413101196,0.5,0.4974120082815735,0.6314060446780552,0.5564562825709323,0.3620236530880421
"[8, 0, 1, 0, 0, 10, 0, 0, 1, 10, 0, 0, 8, 2, 2, 0, 6, 9, 3, 0, 7, 0, 0, 0, 7, 0, 0, 0, 4, 339, 0, 0, 7, 0, 0, 0, 7, 0, 0, 0, 7, 0, 0, 0, 7, 0, 0, 0]",0.6933553695678711,0.5,0.5041095890410959,0.4835742444152431,0.4936284372904091,0.5243101182654402
"[4, 87, 0, 0, 7, 0, 0, 0, 7, 0, 0, 0, 7, 0, 0, 0, 4, 477, 0, 0, 7, 0, 0, 0, 7, 0, 0, 0, 7, 0, 0, 0, 7, 0, 0, 0, 7, 0, 0, 0, 7, 0, 0, 0, 7, 0, 0, 0]",0.693134560585022,0.5,0.4952240999265246,0.442838370565046,0.46756850502948316,0.5486202365308804
"[4, 502, 0, 0, 4, 486, 0, 0, 7, 0, 0, 0, 7, 0, 0, 0, 1, 4, 0, 0, 4, 369, 0, 0, 7, 0, 0, 0, 7, 0, 0, 0, 7, 0, 0, 0, 7, 0, 0, 0, 7, 0, 0, 0, 7, 0, 0, 0]",0.6932810997962952,0.5,0.4925876010781671,0.4802890932982917,0.4863606121091151,0.5052562417871223
"[3, 0, 0, 0, 7, 0, 0, 0, 2, 1, 0, 0, 7, 0, 0, 0, 0, 15, 0, 0, 3, 0, 0, 0, 5, 0, 0, 0, 4, 297, 0, 0, 7, 0, 0, 0, 7, 0, 0, 0, 7, 0, 0, 0, 7, 0, 0, 0]",0.6931037163734436,0.5,0.4847001223990208,0.5203679369250985,0.5019011406844106,0.4467805519053876
"[0, 15, 0, 0, 6, 20, 4, 0, 7, 0, 0, 0, 2, 0, 0, 0, 7, 0, 0, 0, 2, 1, 0, 0, 3, 0, 0, 0, 0, 30, 0, 0, 7, 0, 0, 0, 3, 0, 0, 0, 2, 0, 0, 0, 0, 5, 1, 0]",0.6931740236282349,0.5,0.504688361831219,0.6011826544021025,0.5487256371814093,0.4099868593955322
"[0, 11, 0, 0, 7, 0, 0, 0, 6, 40, 4, 0, 7, 0, 0, 0, 0, 27, 0, 0, 2, 1, 0, 0, 7, 0, 0, 0, 0, 4, 0, 0, 4, 399, 0, 0, 7, 0, 0, 0, 7, 0, 0, 0, 4, 474, 0, 0]",0.693404893875122,0.5,0.49787835926449786,0.46254927726675427,0.47956403269754766,0.533508541392904
"[0, 27, 1, 0, 3, 0, 0, 0, 3, 0, 0, 0, 6, 44, 4, 0, 8, 1, 2, 0, 7, 0, 0, 0, 7, 0, 0, 0, 2, 1, 0, 0, 8, 1, 2, 0, 7, 0, 0, 0, 4, 159, 0, 0, 7, 0, 0, 0]",0.6935074925422668,0.5,0.48592999313658203,0.4651773981603154,0.47532729103726085,0.5078843626806833
"[1, 4, 0, 0, 8, 1, 1, 0, 7, 0, 0, 0, 6, 44, 4, 0, 3, 0, 0, 0, 7, 0, 0, 0, 7, 0, 0, 0, 7, 0, 0, 0, 2, 1, 0, 0, 1, 4, 0, 0, 8, 2, 1, 0, 8, 2, 2, 0]",0.7082678866386414,0.5,0.492087415222306,0.4290407358738502,0.4584064584064584,0.557161629434954
"[7, 0, 0, 0, 2, 0, 0, 0, 6, 40, 4, 0, 4, 482, 0, 0, 7, 0, 0, 0, 7, 0, 0, 0, 7, 0, 0, 0, 7, 0, 0, 0, 7, 0, 0, 0, 4, 484, 0, 0, 7, 0, 0, 0, 7, 0, 0, 0]",0.6931228065490722,0.5,0.5132275132275133,0.573587385019711,0.5417313062364257,0.4559789750328515
"[3, 0, 0, 0, 3, 0, 0, 0, 0, 22, 1, 0, 2, 0, 0, 0, 0, 30, 0, 0, 2, 0, 0, 0, 2, 0, 0, 0, 7, 0, 0, 0, 8, 2, 1, 0, 1, 4, 0, 0, 7, 0, 0, 0, 5, 0, 0, 0]",0.7023694825172424,0.5,0.5084317032040472,0.3961892247043364,0.44534711964549484,0.6169513797634691
"[5, 0, 0, 0, 7, 0, 0, 0, 3, 0, 0, 0, 7, 0, 0, 0, 4, 185, 0, 0, 7, 0, 0, 0, 7, 0, 0, 0, 7, 0, 0, 0, 7, 0, 0, 0, 7, 0, 0, 0, 7, 0, 0, 0, 7, 0, 0, 0]",0.6952112221717834,0.5,0.5040599625234229,0.5302233902759527,0.5168107588856868,0.4783180026281209
"[7, 0, 0, 0, 8, 1, 2, 0, 0, 27, 1, 0, 6, 16, 4, 0, 0, 17, 1, 0, 4, 200, 0, 0, 1, 4, 0, 0, 7, 0, 0, 0, 4, 163, 0, 0, 7, 0, 0, 0, 4, 151, 0, 0, 7, 0, 0, 0]",0.6931640982627869,0.5,0.5095081967213114,0.5105124835742444,0.5100098457499179,0.5085413929040736
"[1, 4, 0, 0, 2, 1, 0, 0, 2, 1, 0, 0, 8, 2, 1, 0, 0, 25, 0, 0, 1, 25, 0, 0, 1, 4, 0, 0, 7, 0, 0, 0, 2, 1, 0, 0, 6, 4, 4, 0, 4, 359, 0, 0, 7, 0, 0, 0]",0.693531584739685,0.5,0.5171767645221736,0.5440210249671484,0.5302593659942363,0.4921156373193167
"[8, 0, 2, 0, 1, 4, 0, 0, 3, 0, 0, 0, 7, 0, 0, 0, 2, 1, 0, 0, 7, 0, 0, 0, 8, 1, 2, 0, 4, 509, 0, 0, 1, 4, 0, 0, 1, 4, 0, 0, 7, 0, 0, 0, 7, 0, 0, 0]",0.6962052273750305,0.5,0.4884640738299275,0.4868593955321945,0.4876604146100691,0.49014454664914586
"[4, 395, 0, 0, 7, 0, 0, 0, 4, 375, 0, 0, 4, 509, 0, 0, 4, 455, 0, 0, 7, 0, 0, 0, 7, 0, 0, 0, 7, 0, 0, 0, 7, 0, 0, 0, 7, 0, 0, 0, 7, 0, 0, 0, 7, 0, 0, 0]",0.693406856060028,0.5,0.5014144271570015,0.46583442838370565,0.4829700272479564,0.5367936925098554
"[2, 1, 0, 0, 4, 58, 0, 0, 7, 0, 0, 0, 4, 343, 0, 0, 7, 0, 0, 0, 7, 0, 0, 0, 7, 0, 0, 0, 7, 0, 0, 0, 7, 0, 0, 0, 7, 0, 0, 0, 1, 4, 0, 0, 7, 0, 0, 0]",0.6936561918258667,0.5,0.4936619718309859,0.46057818659658345,0.47654656696125086,0.5275952693823915
"[8, 0, 2, 0, 5, 0, 0, 0, 7, 0, 0, 0, 8, 1, 1, 0, 1, 4, 0, 0, 7, 0, 0, 0, 7, 0, 0, 0, 1, 4, 0, 0, 8, 2, 2, 0, 7, 0, 0, 0, 3, 0, 0, 0, 1, 4, 0, 0]",0.7122079658508301,0.5,0.4861952861952862,0.4743758212877792,0.48021283671433324,0.49868593955321944
"[2, 0, 0, 0, 1, 4, 0, 0, 1, 4, 0, 0, 1, 4, 0, 0, 8, 3, 1, 0, 7, 0, 0, 0, 2, 0, 0, 0, 3, 0, 0, 0, 6, 4, 4, 0, 7, 0, 0, 0, 0, 16, 1, 0, 7, 0, 0, 0]",0.693303701877594,0.5,0.5076310550763106,0.5026281208935611,0.5051172003961704,0.5124835742444153
"[1, 4, 0, 0, 4, 201, 0, 0, 7, 0, 0, 0, 1, 4, 0, 0, 7, 0, 0, 0, 7, 0, 0, 0, 1, 4, 0, 0, 7, 0, 0, 0, 1, 4, 0, 0, 7, 0, 0, 0, 4, 180, 0, 0, 7, 0, 0, 0]",0.6944072914123535,0.5,0.5079365079365079,0.5256241787122208,0.5166289958023894,0.4908015768725361
"[7, 0, 0, 0, 2, 0, 0, 0, 2, 0, 0, 0, 5, 0, 0, 0, 7, 0, 0, 0, 7, 0, 0, 0, 7, 0, 0, 0, 3, 0, 0, 0, 7, 0, 0, 0, 7, 0, 0, 0, 7, 0, 0, 0, 8, 2, 1, 0]",0.6953593921661377,0.5,0.4923413566739606,0.5913272010512484,0.5373134328358209,0.3902759526938239
"[3, 0, 0, 0, 2, 0, 0, 0, 5, 0, 0, 0, 4, 266, 0, 0, 7, 0, 0, 0, 7, 0, 0, 0, 7, 0, 0, 0, 7, 0, 0, 0, 7, 0, 0, 0, 7, 0, 0, 0, 7, 0, 0, 0, 7, 0, 0, 0]",0.6940663647651673,0.5,0.49211788896504455,0.47174770039421815,0.4817175444481718,0.5131406044678055
"[1, 4, 0, 0, 2, 1, 0, 0, 1, 4, 0, 0, 8, 1, 1, 0, 8, 1, 2, 0, 1, 4, 0, 0, 0, 18, 1, 0, 8, 2, 1, 0, 7, 0, 0, 0, 2, 0, 0, 0, 7, 0, 0, 0, 3, 0, 0, 0]",0.6942330813407898,0.5,0.5146471371504661,0.5078843626806833,0.5112433862433863,0.5210249671484888
"[7, 0, 0, 0, 4, 245, 0, 0, 7, 0, 0, 0, 7, 0, 0, 0, 4, 134, 0, 0, 7, 0, 0, 0, 7, 0, 0, 0, 7, 0, 0, 0, 7, 0, 0, 0, 7, 0, 0, 0, 1, 4, 0, 0, 7, 0, 0, 0]",0.6939671206474304,0.5,0.48442677269715045,0.4802890932982917,0.48234905971626524,0.4888304862023653
"[1, 4, 0, 0, 7, 0, 0, 0, 8, 2, 2, 0, 0, 27, 0, 0, 4, 133, 0, 0, 7, 0, 0, 0, 7, 0, 0, 0, 1, 4, 0, 0, 7, 0, 0, 0, 7, 0, 0, 0, 4, 409, 0, 0, 7, 0, 0, 0]",0.6934662461280823,0.5,0.49454545454545457,0.5361366622864652,0.5145018915510718,0.4520367936925099
"[1, 4, 0, 0, 1, 4, 0, 0, 4, 472, 0, 0, 7, 0, 0, 0, 7, 0, 0, 0, 7, 0, 0, 0, 1, 4, 0, 0, 7, 0, 0, 0, 7, 0, 0, 0, 4, 79, 0, 0, 7, 0, 0, 0, 7, 0, 0, 0]",0.6940074491500855,0.5,0.48855989232839836,0.47700394218134035,0.48271276595744683,0.5006570302233903
"[7, 0, 0, 0, 3, 0, 0, 0, 1, 4, 0, 0, 8, 1, 2, 0, 7, 0, 0, 0, 2, 1, 0, 0, 3, 0, 0, 0, 2, 1, 0, 0, 0, 25, 1, 0, 3, 0, 0, 0, 8, 1, 2, 0, 4, 305, 0, 0]",0.6932543325424194,0.5,0.5039706780696396,0.5420499342969777,0.5223171889838556,0.4664914586070959
"[3, 0, 0, 0, 0, 9, 1, 0, 0, 29, 1, 0, 7, 0, 0, 0, 7, 0, 0, 0, 6, 44, 4, 0, 4, 14, 0, 0, 7, 0, 0, 0, 7, 0, 0, 0, 4, 274, 0, 0, 7, 0, 0, 0, 7, 0, 0, 0]",0.6933148574829101,0.5,0.49235880398671095,0.4868593955321945,0.489593657086224,0.4980289093298292
"[1, 4, 0, 0, 2, 1, 0, 0, 7, 0, 0, 0, 3, 0, 0, 0, 7, 0, 0, 0, 8, 2, 1, 0, 1, 4, 0, 0, 3, 0, 0, 0, 5, 0, 0, 0, 4, 77, 0, 0, 7, 0, 0, 0, 7, 0, 0, 0]",0.6963411235809326,0.5,0.49255952380952384,0.43495400788436267,0.4619678995115143,0.5519053876478318
"[8, 0, 2, 0, 6, 48, 4, 0, 2, 1, 0, 0, 0, 5, 0, 0, 4, 268, 0, 0, 7, 0, 0, 0, 7, 0, 0, 0, 7, 0, 0, 0, 7, 0, 0, 0, 4, 443, 0, 0, 7, 0, 0, 0, 7, 0, 0, 0]",0.6931492686271667,0.5,0.4917684545937334,0.6084099868593955,0.543906020558003,0.3712220762155059
"[7, 0, 0, 0, 7, 0, 0, 0, 6, 32, 4, 0, 8, 2, 1, 0, 7, 0, 0, 0, 7, 0, 0, 0, 1, 4, 0, 0, 7, 0, 0, 0, 2, 0, 0, 0, 4, 131, 0, 0, 7, 0, 0, 0, 4, 377, 0, 0]",0.6942109346389771,0.5,0.48473748473748474,0.5216819973718791,0.5025316455696203,0.4454664914586071
"[1, 4, 0, 0, 6, 52, 4, 0, 3, 0, 0, 0, 2, 1, 0, 0, 8, 1, 1, 0, 1, 4, 0, 0, 0, 7, 1, 0, 7, 0, 0, 0, 4, 47, 0, 0, 7, 0, 0, 0, 7, 0, 0, 0, 7, 0, 0, 0]",0.6931835508346558,0.5,0.49612864800476475,0.5473061760840998,0.5204623555139019,0.44415243101182655
"[6, 60, 4, 0, 0, 21, 1, 0, 7, 0, 0, 0, 2, 1, 0, 0, 7, 0, 0, 0, 7, 0, 0, 0, 0, 29, 1, 0, 1, 29, 0, 0, 4, 28, 0, 0, 7, 0, 0, 0, 7, 0, 0, 0, 7, 0, 0, 0]",0.6966673374176026,0.5,0.4979108635097493,0.46977660972404733,0.4834347532116295,0.526281208935611
"[7, 0, 0, 0, 7, 0, 0, 0, 6, 54, 2, 0, 1, 54, 0, 0, 1, 4, 0, 0, 1, 4, 0, 0, 3, 0, 0, 0, 2, 0, 0, 0, 1, 4, 0, 0, 2, 1, 0, 0, 1, 4, 0, 0, 3, 0, 0, 0]",0.7097511959075927,0.5,0.49513776337115073,0.4014454664914586,0.44339622641509435,0.5906701708278581
"[4, 472, 0, 0, 7, 0, 0, 0, 4, 180, 0, 0, 7, 0, 0, 0, 7, 0, 0, 0, 7, 0, 0, 0, 7, 0, 0, 0, 7, 0, 0, 0, 7, 0, 0, 0, 1, 4, 0, 0, 1, 4, 0, 0, 7, 0, 0, 0]",0.6937687849998474,0.5,0.4869753979739508,0.44218134034165574,0.4634986225895317,0.5341655716162943
"[7, 0, 0, 0, 2, 0, 0, 0, 8, 2, 1, 0, 7, 0, 0, 0, 2, 1, 0, 0, 3, 0, 0, 0, 1, 4, 0, 0, 7, 0, 0, 0, 7, 0, 0, 0, 7, 0, 0, 0, 4, 93, 0, 0, 4, 53, 0, 0]",0.6942610025405884,0.5,0.526354862657758,0.46583442838370565,0.4942488672011154,0.580814717477004
"[2, 1, 0, 0, 1, 4, 0, 0, 0, 19, 0, 0, 3, 0, 0, 0, 6, 28, 2, 0, 0, 8, 0, 0, 8, 3, 1, 0, 7, 0, 0, 0, 3, 0, 0, 0, 3, 0, 0, 0, 7, 0, 0, 0, 7, 0, 0, 0]",0.6930151200294494,0.5,0.48023331173039535,0.4868593955321945,0.4835236541598695,0.4730617608409987
"[2, 1, 0, 0, 4, 490, 0, 0, 4, 84, 0, 0, 7, 0, 0, 0, 7, 0, 0, 0, 7, 0, 0, 0, 7, 0, 0, 0, 7, 0, 0, 0, 7, 0, 0, 0, 1, 4, 0, 0, 7, 0, 0, 0, 4, 230, 0, 0]",0.6934623479843139,0.5,0.5062189054726368,0.5348226018396847,0.5201277955271566,0.4783180026281209
"[6, 20, 4, 0, 0, 15, 0, 0, 7, 0, 0, 0, 2, 1, 0, 0, 7, 0, 0, 0, 7, 0, 0, 0, 1, 4, 0, 0, 7, 0, 0, 0, 5, 0, 0, 0, 7, 0, 0, 0, 1, 4, 0, 0, 7, 0, 0, 0]",0.7050393700599671,0.5,0.49417098445595853,0.5013140604467805,0.4977168949771689,0.4868593955321945
"[3, 0, 0, 0, 2, 0, 0, 0, 2, 1, 0, 0, 7, 0, 0, 0, 1, 4, 0, 0, 7, 0, 0, 0, 0, 12, 0, 0, 2, 0, 0, 0, 7, 0, 0, 0, 7, 0, 0, 0, 6, 57, 3, 0, 7, 0, 0, 0]",0.6930626845359802,0.5,0.4988847583643123,0.4408672798948752,0.46808510638297873,0.557161629434954
"[2, 1, 0, 0, 2, 0, 0, 0, 0, 16, 1, 0, 6, 12, 2, 0, 2, 0, 0, 0, 7, 0, 0, 0, 1, 4, 0, 0, 7, 0, 0, 0, 7, 0, 0, 0, 2, 0, 0, 0, 3, 0, 0, 0, 4, 99, 0, 0]",0.6964401388168335,0.5,0.5064935064935064,0.5637319316688568,0.5335820895522388,0.4507227332457293
"[7, 0, 0, 0, 8, 1, 2, 0, 7, 0, 0, 0, 6, 43, 1, 0, 8, 1, 1, 0, 1, 4, 0, 0, 7, 0, 0, 0, 1, 4, 0, 0, 7, 0, 0, 0, 7, 0, 0, 0, 7, 0, 0, 0, 7, 0, 0, 0]",0.7022846722602845,0.5,0.5010893246187363,0.4533508541392904,0.47602621593652983,0.5486202365308804
"[7, 0, 0, 0, 7, 0, 0, 0, 0, 27, 0, 0, 2, 0, 0, 0, 5, 0, 0, 0, 7, 0, 0, 0, 7, 0, 0, 0, 7, 0, 0, 0, 7, 0, 0, 0, 7, 0, 0, 0, 4, 43, 0, 0, 7, 0, 0, 0]",0.6935120749473572,0.5,0.5216828478964401,0.5295663600525624,0.5255950440169547,0.514454664914586
"[7, 0, 0, 0, 4, 21, 0, 0, 7, 0, 0, 0, 7, 0, 0, 0, 7, 0, 0, 0, 7, 0, 0, 0, 7, 0, 0, 0, 7, 0, 0, 0, 7, 0, 0, 0, 1, 4, 0, 0, 7, 0, 0, 0, 7, 0, 0, 0]",0.696679151058197,0.5,0.4978593272171254,0.5348226018396847,0.5156794425087108,0.46057818659658345
"[8, 0, 2, 0, 7, 0, 0, 0, 3, 0, 0, 0, 2, 1, 0, 0, 8, 2, 1, 0, 8, 1, 1, 0, 2, 0, 0, 0, 0, 13, 0, 0, 3, 0, 0, 0, 8, 1, 2, 0, 4, 445, 0, 0, 1, 4, 0, 0]",0.694470911026001,0.5,0.48791985857395404,0.5440210249671484,0.5144454799627214,0.4290407358738502
"[7, 0, 0, 0, 0, 7, 1, 0, 1, 7, 0, 0, 3, 0, 0, 0, 0, 4, 0, 0, 8, 1, 1, 0, 8, 1, 2, 0, 4, 197, 0, 0, 7, 0, 0, 0, 7, 0, 0, 0, 7, 0, 0, 0, 4, 299, 0, 0]",0.6931796550750733,0.5,0.5027137042062415,0.4868593955321945,0.4946595460614152,0.5183968462549278
"[7, 0, 0, 0, 5, 0, 0, 0, 4, 406, 0, 0, 7, 0, 0, 0, 7, 0, 0, 0, 1, 4, 0, 0, 7, 0, 0, 0, 7, 0, 0, 0, 7, 0, 0, 0, 4, 94, 0, 0, 7, 0, 0, 0, 7, 0, 0, 0]",0.6942155289649964,0.5,0.5036179450072359,0.45729303547963207,0.4793388429752066,0.5492772667542707
"[3, 0, 0, 0, 0, 30, 0, 0, 1, 30, 0, 0, 1, 4, 0, 0, 2, 0, 0, 0, 3, 0, 0, 0, 4, 471, 0, 0, 4, 194, 0, 0, 7, 0, 0, 0, 7, 0, 0, 0, 4, 320, 0, 0, 7, 0, 0, 0]",0.6934046864509582,0.5,0.4783989834815756,0.4947437582128778,0.48643410852713176,0.46057818659658345
"[6, 40, 4, 0, 7, 0, 0, 0, 7, 0, 0, 0, 7, 0, 0, 0, 4, 466, 0, 0, 7, 0, 0, 0, 1, 4, 0, 0, 7, 0, 0, 0, 7, 0, 0, 0, 7, 0, 0, 0, 7, 0, 0, 0, 7, 0, 0, 0]",0.6961073613166809,0.5,0.5027624309392266,0.538107752956636,0.5198349730244367,0.46780551905387646
"[3, 0, 0, 0, 7, 0, 0, 0, 7, 0, 0, 0, 3, 0, 0, 0, 7, 0, 0, 0, 1, 4, 0, 0, 6, 32, 4, 0, 1, 32, 0, 0, 1, 4, 0, 0, 2, 0, 0, 0, 0, 4, 0, 0, 4, 382, 0, 0]",0.693363676071167,0.5,0.48931116389548696,0.5413929040735874,0.5140361821584529,0.43495400788436267
"[2, 0, 0, 0, 7, 0, 0, 0, 8, 2, 1, 0, 7, 0, 0, 0, 2, 1, 0, 0, 7, 0, 0, 0, 2, 0, 0, 0, 1, 4, 0, 0, 7, 0, 0, 0, 1, 4, 0, 0, 2, 1, 0, 0, 2, 0, 0, 0]",0.7017338347434997,0.5,0.5065738592420727,0.43035479632063073,0.46536412078152756,0.580814717477004
"[2, 1, 0, 0, 8, 1, 1, 0, 3, 0, 0, 0, 7, 0, 0, 0, 5, 0, 0, 0, 7, 0, 0, 0, 4, 256, 0, 0, 7, 0, 0, 0, 7, 0, 0, 0, 7, 0, 0, 0, 7, 0, 0, 0, 4, 18, 0, 0]",0.6941209816932679,0.5,0.49236363636363634,0.4448094612352168,0.46738004832585434,0.5413929040735874
"[0, 5, 0, 0, 2, 0, 0, 0, 0, 30, 1, 0, 2, 1, 0, 0, 4, 54, 0, 0, 1, 4, 0, 0, 7, 0, 0, 0, 7, 0, 0, 0, 7, 0, 0, 0, 7, 0, 0, 0, 7, 0, 0, 0, 7, 0, 0, 0]",0.6949088478088379,0.5,0.5045153521974715,0.5505913272010512,0.5265472824379516,0.4592641261498029
"[1, 4, 0, 0, 6, 4, 4, 0, 8, 1, 1, 0, 3, 0, 0, 0, 8, 1, 1, 0, 0, 14, 0, 0, 0, 21, 0, 0, 7, 0, 0, 0, 3, 0, 0, 0, 3, 0, 0, 0, 4, 108, 0, 0, 7, 0, 0, 0]",0.6931407022476196,0.5,0.5081752779594506,0.5105124835742444,0.5093411996066863,0.5059132720105125
"[8, 0, 1, 0, 2, 0, 0, 0, 0, 8, 1, 0, 7, 0, 0, 0, 8, 2, 2, 0, 7, 0, 0, 0, 3, 0, 0, 0, 2, 0, 0, 0, 7, 0, 0, 0, 3, 0, 0, 0, 7, 0, 0, 0, 5, 0, 0, 0]",0.6931228041648865,0.5,0.5072886297376094,0.45729303547963207,0.4809951624049758,0.5558475689881734
"[6, 8, 4, 0, 7, 0, 0, 0, 3, 0, 0, 0, 7, 0, 0, 0, 7, 0, 0, 0, 0, 29, 1, 0, 7, 0, 0, 0, 7, 0, 0, 0, 2, 0, 0, 0, 3, 0, 0, 0, 2, 1, 0, 0, 7, 0, 0, 0]",0.6936076378822327,0.5,0.513677811550152,0.5551905387647832,0.5336280391537733,0.4743758212877792
"[7, 0, 0, 0, 3, 0, 0, 0, 2, 1, 0, 0, 1, 4, 0, 0, 3, 0, 0, 0, 8, 2, 2, 0, 2, 0, 0, 0, 4, 3, 0, 0, 7, 0, 0, 0, 1, 4, 0, 0, 7, 0, 0, 0, 7, 0, 0, 0]",0.7042616128921508,0.5,0.49656893325015594,0.5229960578186597,0.50944,0.46977660972404733
"[0, 16, 1, 0, 6, 54, 2, 0, 7, 0, 0, 0, 3, 0, 0, 0, 2, 1, 0, 0, 8, 1, 1, 0, 3, 0, 0, 0, 7, 0, 0, 0, 3, 0, 0, 0, 7, 0, 0, 0, 7, 0, 0, 0, 5, 0, 0, 0]",0.6939452624320984,0.5,0.48686030428769017,0.46254927726675427,0.4743935309973046,0.5124835742444153
"[0, 14, 0, 0, 7, 0, 0, 0, 5, 0, 0, 0, 7, 0, 0, 0, 8, 1, 2, 0, 8, 3, 1, 0, 7, 0, 0, 0, 1, 4, 0, 0, 7, 0, 0, 0, 7, 0, 0, 0, 4, 21, 0, 0, 7, 0, 0, 0]",0.6963963317871094,0.5,0.5028112449799197,0.41130091984231276,0.45247560534875314,0.5932982917214192
"[2, 0, 0, 0, 0, 9, 1, 0, 3, 0, 0, 0, 1, 4, 0, 0, 6, 9, 3, 0, 7, 0, 0, 0, 8, 1, 2, 0, 8, 3, 2, 0, 1, 4, 0, 0, 1, 4, 0, 0, 7, 0, 0, 0, 7, 0, 0, 0]",0.7055751132965088,0.5,0.5022255192878339,0.4448094612352168,0.47177700348432056,0.5591327201051248
"[3, 0, 0, 0, 6, 34, 1, 0, 3, 0, 0, 0, 1, 4, 0, 0, 1, 4, 0, 0, 1, 4, 0, 0, 2, 1, 0, 0, 8, 2, 1, 0, 7, 0, 0, 0, 1, 4, 0, 0, 7, 0, 0, 0, 2, 0, 0, 0]",0.7097435855865478,0.5,0.5071919949968731,0.5328515111695138,0.5197052226850368,0.48226018396846254
"[5, 0, 0, 0, 4, 87, 0, 0, 7, 0, 0, 0, 1, 4, 0, 0, 1, 4, 0, 0, 7, 0, 0, 0, 4, 478, 0, 0, 1, 4, 0, 0, 4, 121, 0, 0, 4, 344, 0, 0, 7, 0, 0, 0, 7, 0, 0, 0]",0.6933815860748291,0.5,0.4849137931034483,0.44349540078843624,0.46328071379547014,0.5289093298291722
"[0, 22, 0, 0, 5, 0, 0, 0, 7, 0, 0, 0, 7, 0, 0, 0, 7, 0, 0, 0, 8, 2, 1, 0, 7, 0, 0, 0, 8, 2, 2, 0, 8, 2, 2, 0, 8, 1, 2, 0, 7, 0, 0, 0, 3, 0, 0, 0]",0.6931152939796448,0.5,0.49757113115891743,0.47109067017082784,0.48396895038812016,0.5243101182654402
"[3, 0, 0, 0, 4, 299, 0, 0, 7, 0, 0, 0, 4, 162, 0, 0, 7, 0, 0, 0, 7, 0, 0, 0, 1, 4, 0, 0, 7, 0, 0, 0, 4, 203, 0, 0, 7, 0, 0, 0, 7, 0, 0, 0, 7, 0, 0, 0]",0.6932841038703919,0.5,0.4993556701030928,0.5091984231274639,0.5042290175666884,0.4894875164257556
"[8, 0, 1, 0, 2, 0, 0, 0, 1, 4, 0, 0, 1, 4, 0, 0, 4, 494, 0, 0, 7, 0, 0, 0, 7, 0, 0, 0, 7, 0, 0, 0, 1, 4, 0, 0, 4, 488, 0, 0, 7, 0, 0, 0, 4, 336, 0, 0]",0.6931370687484741,0.5,0.48556767158434894,0.4973718791064389,0.4913988964621876,0.4730617608409987
"[1, 4, 0, 0, 8, 1, 1, 0, 3, 0, 0, 0, 6, 36, 4, 0, 0, 28, 0, 0, 0, 15, 1, 0, 8, 3, 2, 0, 4, 362, 0, 0, 4, 342, 0, 0, 7, 0, 0, 0, 7, 0, 0, 0, 7, 0, 0, 0]",0.6931773090362549,0.5,0.4898236092265943,0.4743758212877792,0.4819759679572764,0.5059132720105125
"[7, 0, 0, 0, 0, 19, 1, 0, 3, 0, 0, 0, 8, 3, 1, 0, 2, 1, 0, 0, 6, 56, 4, 0, 7, 0, 0, 0, 7, 0, 0, 0, 1, 4, 0, 0, 7, 0, 0, 0, 2, 0, 0, 0, 7, 0, 0, 0]",0.7147965168952942,0.5,0.4971698113207547,0.34625492772667543,0.40821068938807126,0.6498028909329829
"[7, 0, 0, 0, 0, 28, 1, 0, 1, 28, 0, 0, 0, 18, 0, 0, 4, 142, 0, 0, 7, 0, 0, 0, 7, 0, 0, 0, 7, 0, 0, 0, 4, 77, 0, 0, 4, 411, 0, 0, 7, 0, 0, 0, 7, 0, 0, 0]",0.6933661437034607,0.5,0.503202846975089,0.4645203679369251,0.4830884865049539,0.5413929040735874
"[5, 0, 0, 0, 4, 250, 0, 0, 7, 0, 0, 0, 7, 0, 0, 0, 7, 0, 0, 0, 7, 0, 0, 0, 7, 0, 0, 0, 7, 0, 0, 0, 4, 263, 0, 0, 1, 4, 0, 0, 7, 0, 0, 0, 1, 4, 0, 0]",0.694505352973938,0.5,0.49968454258675077,0.5203679369250985,0.5098165432893467,0.47897503285151116
"[6, 12, 3, 0, 7, 0, 0, 0, 8, 1, 1, 0, 3, 0, 0, 0, 7, 0, 0, 0, 7, 0, 0, 0, 0, 12, 1, 0, 7, 0, 0, 0, 2, 1, 0, 0, 0, 9, 1, 0, 2, 0, 0, 0, 7, 0, 0, 0]",0.6930490851402282,0.5,0.5051475634866164,0.4835742444152431,0.4941255454850621,0.526281208935611
"[8, 0, 1, 0, 3, 0, 0, 0, 2, 0, 0, 0, 7, 0, 0, 0, 4, 384, 0, 0, 7, 0, 0, 0, 7, 0, 0, 0, 7, 0, 0, 0, 7, 0, 0, 0, 7, 0, 0, 0, 7, 0, 0, 0, 7, 0, 0, 0]",0.6943032002449036,0.5,0.5080645161290323,0.538107752956636,0.5226547543075941,0.47897503285151116
"[7, 0, 0, 0, 4, 349, 0, 0, 7, 0, 0, 0, 7, 0, 0, 0, 7, 0, 0, 0, 1, 4, 0, 0, 7, 0, 0, 0, 7, 0, 0, 0, 7, 0, 0, 0, 7, 0, 0, 0, 7, 0, 0, 0, 7, 0, 0, 0]",0.6963857245445252,0.5,0.5029163966299417,0.5098554533508541,0.5063621533442088,0.49605781865965837
"[5, 0, 0, 0, 4, 205, 0, 0, 7, 0, 0, 0, 7, 0, 0, 0, 7, 0, 0, 0, 7, 0, 0, 0, 7, 0, 0, 0, 4, 271, 0, 0, 7, 0, 0, 0, 7, 0, 0, 0, 7, 0, 0, 0, 7, 0, 0, 0]",0.693236973285675,0.5,0.4965299684542587,0.5170827858081471,0.5065980045059543,0.4756898817345598
"[3, 0, 0, 0, 7, 0, 0, 0, 3, 0, 0, 0, 4, 70, 0, 0, 7, 0, 0, 0, 7, 0, 0, 0, 4, 50, 0, 0, 7, 0, 0, 0, 1, 4, 0, 0, 7, 0, 0, 0, 7, 0, 0, 0, 7, 0, 0, 0]",0.6943689322471619,0.5,0.4860724233983287,0.45860709592641263,0.4719405003380663,0.5151116951379764
"[4, 435, 0, 0, 7, 0, 0, 0, 7, 0, 0, 0, 7, 0, 0, 0, 7, 0, 0, 0, 7, 0, 0, 0, 4, 48, 0, 0, 1, 4, 0, 0, 7, 0, 0, 0, 7, 0, 0, 0, 7, 0, 0, 0, 4, 478, 0, 0]",0.6935218906402588,0.5,0.5048689138576778,0.442838370565046,0.47182359117955897,0.5657030223390276
"[2, 1, 0, 0, 4, 259, 0, 0, 7, 0, 0, 0, 7, 0, 0, 0, 7, 0, 0, 0, 7, 0, 0, 0, 7, 0, 0, 0, 7, 0, 0, 0, 7, 0, 0, 0, 1, 4, 0, 0, 7, 0, 0, 0, 7, 0, 0, 0]",0.693971004486084,0.5,0.4991530208921513,0.580814717477004,0.5368964470088066,0.4172141918528252
"[3, 0, 0, 0, 0, 9, 1, 0, 8, 1, 2, 0, 8, 3, 1, 0, 1, 4, 0, 0, 6, 44, 2, 0, 7, 0, 0, 0, 8, 2, 2, 0, 1, 4, 0, 0, 7, 0, 0, 0, 7, 0, 0, 0, 2, 0, 0, 0]",0.6930621480941772,0.5,0.4945745288406625,0.568988173455979,0.5291781240452185,0.4185282522996058
"[3, 0, 0, 0, 4, 16, 0, 0, 1, 4, 0, 0, 7, 0, 0, 0, 7, 0, 0, 0, 7, 0, 0, 0, 7, 0, 0, 0, 7, 0, 0, 0, 4, 19, 0, 0, 7, 0, 0, 0, 7, 0, 0, 0, 7, 0, 0, 0]",0.6947551441192626,0.5,0.5124137931034483,0.48817345597897505,0.5,0.5354796320630749
"[6, 52, 4, 0, 1, 52, 0, 0, 7, 0, 0, 0, 3, 0, 0, 0, 7, 0, 0, 0, 8, 3, 2, 0, 7, 0, 0, 0, 7, 0, 0, 0, 3, 0, 0, 0, 4, 347, 0, 0, 7, 0, 0, 0, 4, 318, 0, 0]",0.6937438058853149,0.5,0.49625935162094764,0.5229960578186597,0.509277031349968,0.469119579500657
"[4, 137, 0, 0, 4, 290, 0, 0, 4, 155, 0, 0, 7, 0, 0, 0, 7, 0, 0, 0, 1, 4, 0, 0, 7, 0, 0, 0, 1, 4, 0, 0, 7, 0, 0, 0, 4, 209, 0, 0, 7, 0, 0, 0, 4, 158, 0, 0]",0.6933555364608764,0.5,0.511969111969112,0.435611038107753,0.47071352502662406,0.5847568988173456
"[0, 10, 1, 0, 1, 10, 0, 0, 1, 4, 0, 0, 3, 0, 0, 0, 7, 0, 0, 0, 1, 4, 0, 0, 7, 0, 0, 0, 7, 0, 0, 0, 0, 5, 1, 0, 7, 0, 0, 0, 7, 0, 0, 0, 0, 11, 1, 0]",0.6931616282463073,0.5,0.49023569023569025,0.4783180026281209,0.4842035251080811,0.5026281208935611
"[0, 15, 1, 0, 6, 60, 4, 0, 1, 60, 0, 0, 5, 0, 0, 0, 4, 312, 0, 0, 7, 0, 0, 0, 4, 160, 0, 0, 1, 4, 0, 0, 4, 334, 0, 0, 7, 0, 0, 0, 4, 419, 0, 0, 7, 0, 0, 0]",0.6931188488006592,0.5,0.5012706480304956,0.5183968462549278,0.5096899224806202,0.48423127463863336
"[6, 4, 4, 0, 0, 5, 1, 0, 7, 0, 0, 0, 4, 113, 0, 0, 7, 0, 0, 0, 7, 0, 0, 0, 7, 0, 0, 0, 7, 0, 0, 0, 1, 4, 0, 0, 7, 0, 0, 0, 1, 4, 0, 0, 7, 0, 0, 0]",0.694074251651764,0.5,0.5022421524663677,0.44152431011826543,0.4699300699300699,0.5624178712220762
"[6, 51, 3, 0, 7, 0, 0, 0, 2, 0, 0, 0, 7, 0, 0, 0, 2, 0, 0, 0, 3, 0, 0, 0, 7, 0, 0, 0, 8, 2, 1, 0, 7, 0, 0, 0, 7, 0, 0, 0, 1, 4, 0, 0, 4, 484, 0, 0]",0.6952226114273071,0.5,0.5047489823609227,0.4888304862023653,0.49666221628838453,0.5203679369250985
"[1, 4, 0, 0, 1, 4, 0, 0, 8, 2, 1, 0, 4, 194, 0, 0, 7, 0, 0, 0, 7, 0, 0, 0, 7, 0, 0, 0, 1, 4, 0, 0, 7, 0, 0, 0, 1, 4, 0, 0, 7, 0, 0, 0, 7, 0, 0, 0]",0.6949569559097291,0.5,0.5023980815347722,0.5505913272010512,0.5253918495297806,0.45466491458607095
"[2, 1, 0, 0, 1, 4, 0, 0, 1, 4, 0, 0, 6, 28, 4, 0, 4, 220, 0, 0, 7, 0, 0, 0, 7, 0, 0, 0, 1, 4, 0, 0, 7, 0, 0, 0, 7, 0, 0, 0, 7, 0, 0, 0, 7, 0, 0, 0]",0.6950759410858154,0.5,0.4959159859976663,0.5584756898817346,0.5253399258343634,0.4323258869908016
"[6, 52, 4, 0, 2, 0, 0, 0, 7, 0, 0, 0, 0, 22, 0, 0, 8, 2, 2, 0, 4, 331, 0, 0, 7, 0, 0, 0, 7, 0, 0, 0, 7, 0, 0, 0, 7, 0, 0, 0, 7, 0, 0, 0, 7, 0, 0, 0]",0.6930848407745361,0.5,0.49642857142857144,0.45663600525624176,0.4757015742642026,0.5367936925098554
"[0, 8, 1, 0, 2, 1, 0, 0, 2, 0, 0, 0, 7, 0, 0, 0, 6, 16, 4, 0, 3, 0, 0, 0, 2, 1, 0, 0, 7, 0, 0, 0, 7, 0, 0, 0, 7, 0, 0, 0, 8, 1, 1, 0, 2, 0, 0, 0]",0.6941199159622192,0.5,0.5109356014580801,0.5525624178712221,0.5309343434343434,0.47109067017082784
"[6, 8, 4, 0, 7, 0, 0, 0, 2, 0, 0, 0, 0, 22, 0, 0, 4, 336, 0, 0, 7, 0, 0, 0, 4, 309, 0, 0, 7, 0, 0, 0, 7, 0, 0, 0, 7, 0, 0, 0, 7, 0, 0, 0, 7, 0, 0, 0]",0.6931965374946594,0.5,0.5138233310856373,0.5006570302233903,0.5071547420965058,0.526281208935611
"[6, 4, 4, 0, 2, 1, 0, 0, 7, 0, 0, 0, 8, 3, 2, 0, 7, 0, 0, 0, 5, 0, 0, 0, 4, 221, 0, 0, 4, 391, 0, 0, 7, 0, 0, 0, 7, 0, 0, 0, 7, 0, 0, 0, 7, 0, 0, 0]",0.6934084129333496,0.5,0.49964209019327127,0.45860709592641263,0.4782459746488523,0.5407358738501971
"[4, 100, 0, 0, 7, 0, 0, 0, 7, 0, 0, 0, 7, 0, 0, 0, 7, 0, 0, 0, 7, 0, 0, 0, 7, 0, 0, 0, 7, 0, 0, 0, 7, 0, 0, 0, 7, 0, 0, 0, 7, 0, 0, 0, 7, 0, 0, 0]",0.6940966272354125,0.5,0.5042536736272235,0.4283837056504599,0.46323268206039075,0.5788436268068331
"[7, 0, 0, 0, 7, 0, 0, 0, 1, 4, 0, 0, 0, 13, 1, 0, 7, 0, 0, 0, 8, 3, 2, 0, 8, 3, 1, 0, 4, 83, 0, 0, 7, 0, 0, 0, 1, 4, 0, 0, 7, 0, 0, 0, 1, 4, 0, 0]",0.6949686622619629,0.5,0.498960498960499,0.4730617608409987,0.4856661045531197,0.5249671484888305
"[8, 0, 2, 0, 1, 4, 0, 0, 7, 0, 0, 0, 5, 0, 0, 0, 7, 0, 0, 0, 3, 0, 0, 0, 3, 0, 0, 0, 1, 4, 0, 0, 7, 0, 0, 0, 7, 0, 0, 0, 8, 2, 2, 0, 8, 1, 1, 0]",0.7147609663009643,0.5,0.48548812664907653,0.4835742444152431,0.48452929558920343,0.48751642575558474
"[7, 0, 0, 0, 0, 4, 1, 0, 8, 2, 1, 0, 6, 25, 1, 0, 0, 21, 1, 0, 0, 31, 1, 0, 7, 0, 0, 0, 0, 8, 1, 0, 1, 8, 0, 0, 2, 0, 0, 0, 7, 0, 0, 0, 2, 0, 0, 0]",0.6984794020652771,0.5,0.48785046728971965,0.514454664914586,0.5007994883274705,0.45992115637319314
"[6, 12, 4, 0, 3, 0, 0, 0, 7, 0, 0, 0, 7, 0, 0, 0, 7, 0, 0, 0, 0, 10, 0, 0, 4, 282, 0, 0, 7, 0, 0, 0, 7, 0, 0, 0, 7, 0, 0, 0, 7, 0, 0, 0, 7, 0, 0, 0]",0.6931132483482361,0.5,0.5032175032175032,0.5137976346911958,0.5084525357607282,0.492772667542707
"[6, 15, 3, 0, 3, 0, 0, 0, 7, 0, 0, 0, 1, 4, 0, 0, 1, 4, 0, 0, 2, 1, 0, 0, 7, 0, 0, 0, 0, 5, 0, 0, 8, 3, 1, 0, 1, 4, 0, 0, 2, 1, 0, 0, 4, 309, 0, 0]",0.6957197093963623,0.5,0.4872665534804754,0.3771353482260184,0.42518518518518517,0.6031537450722734
"[7, 0, 0, 0, 0, 10, 0, 0, 2, 1, 0, 0, 8, 2, 2, 0, 6, 12, 4, 0, 7, 0, 0, 0, 3, 0, 0, 0, 4, 172, 0, 0, 7, 0, 0, 0, 7, 0, 0, 0, 7, 0, 0, 0, 1, 4, 0, 0]",0.6969462251663208,0.5,0.49379799173065564,0.5492772667542707,0.5200622083981338,0.4369250985545335
"[4, 107, 0, 0, 7, 0, 0, 0, 7, 0, 0, 0, 7, 0, 0, 0, 7, 0, 0, 0, 7, 0, 0, 0, 4, 383, 0, 0, 7, 0, 0, 0, 7, 0, 0, 0, 7, 0, 0, 0, 7, 0, 0, 0, 7, 0, 0, 0]",0.6934720039367676,0.5,0.513728323699422,0.4671484888304862,0.4893324156916724,0.5578186596583443
"[1, 4, 0, 0, 4, 50, 0, 0, 7, 0, 0, 0, 7, 0, 0, 0, 7, 0, 0, 0, 7, 0, 0, 0, 7, 0, 0, 0, 7, 0, 0, 0, 7, 0, 0, 0, 7, 0, 0, 0, 1, 4, 0, 0, 7, 0, 0, 0]",0.6961587142944335,0.5,0.5113924050632911,0.5308804204993429,0.5209542230818827,0.492772667542707
"[8, 0, 1, 0, 8, 1, 2, 0, 4, 338, 0, 0, 7, 0, 0, 0, 1, 4, 0, 0, 7, 0, 0, 0, 7, 0, 0, 0, 1, 4, 0, 0, 1, 4, 0, 0, 7, 0, 0, 0, 7, 0, 0, 0, 7, 0, 0, 0]",0.6950919651985168,0.5,0.4915693904020752,0.4980289093298292,0.49477806788511747,0.48488830486202367
"[2, 1, 0, 0, 3, 0, 0, 0, 7, 0, 0, 0, 2, 1, 0, 0, 7, 0, 0, 0, 7, 0, 0, 0, 2, 1, 0, 0, 6, 56, 4, 0, 0, 19, 1, 0, 7, 0, 0, 0, 2, 1, 0, 0, 1, 4, 0, 0]",0.7085796761512756,0.5,0.4954577218728162,0.46583442838370565,0.48018963765662037,0.5256241787122208
"[1, 4, 0, 0, 7, 0, 0, 0, 6, 4, 4, 0, 3, 0, 0, 0, 8, 1, 1, 0, 1, 4, 0, 0, 4, 361, 0, 0, 7, 0, 0, 0, 7, 0, 0, 0, 7, 0, 0, 0, 4, 277, 0, 0, 7, 0, 0, 0]",0.6936551547050476,0.5,0.5026631158455392,0.49605781865965837,0.49933862433862436,0.5091984231274639
"[2, 1, 0, 0, 8, 1, 1, 0, 7, 0, 0, 0, 3, 0, 0, 0, 6, 24, 4, 0, 0, 18, 1, 0, 2, 1, 0, 0, 7, 0, 0, 0, 3, 0, 0, 0, 7, 0, 0, 0, 7, 0, 0, 0, 5, 0, 0, 0]",0.6934628534317017,0.5,0.4943960149439601,0.5216819973718791,0.5076726342710998,0.4664914586070959
"[8, 0, 1, 0, 4, 182, 0, 0, 7, 0, 0, 0, 7, 0, 0, 0, 7, 0, 0, 0, 7, 0, 0, 0, 7, 0, 0, 0, 7, 0, 0, 0, 7, 0, 0, 0, 7, 0, 0, 0, 7, 0, 0, 0, 7, 0, 0, 0]",0.6939271473884583,0.5,0.5202312138728323,0.41392904073587383,0.4610318331503842,0.6182654402102497
"[8, 0, 2, 0, 1, 4, 0, 0, 6, 10, 2, 0, 2, 1, 0, 0, 1, 4, 0, 0, 7, 0, 0, 0, 8, 3, 1, 0, 7, 0, 0, 0, 0, 16, 0, 0, 7, 0, 0, 0, 8, 1, 1, 0, 5, 0, 0, 0]",0.6926394867897033,0.5,0.4968465311843027,0.46583442838370565,0.4808409630383181,0.5282522996057819
"[0, 26, 0, 0, 3, 0, 0, 0, 0, 5, 1, 0, 7, 0, 0, 0, 0, 20, 1, 0, 6, 12, 4, 0, 7, 0, 0, 0, 0, 5, 0, 0, 7, 0, 0, 0, 1, 4, 0, 0, 3, 0, 0, 0, 4, 461, 0, 0]",0.6960207247734069,0.5,0.496766607877719,0.5551905387647832,0.5243561898852002,0.4375821287779238
"[2, 0, 0, 0, 3, 0, 0, 0, 8, 2, 2, 0, 2, 1, 0, 0, 1, 4, 0, 0, 4, 168, 0, 0, 7, 0, 0, 0, 7, 0, 0, 0, 7, 0, 0, 0, 1, 4, 0, 0, 7, 0, 0, 0, 1, 4, 0, 0]",0.6961387610435485,0.5,0.4885262621111678,0.6294349540078844,0.5501004880849842,0.34099868593955324
"[6, 48, 3, 0, 3, 0, 0, 0, 7, 0, 0, 0, 7, 0, 0, 0, 3, 0, 0, 0, 3, 0, 0, 0, 4, 274, 0, 0, 1, 4, 0, 0, 7, 0, 0, 0, 7, 0, 0, 0, 7, 0, 0, 0, 7, 0, 0, 0]",0.6967296552658081,0.5,0.5057705363204344,0.4894875164257556,0.4974958263772955,0.5216819973718791
"[2, 1, 0, 0, 3, 0, 0, 0, 0, 4, 0, 0, 0, 27, 1, 0, 0, 23, 1, 0, 5, 0, 0, 0, 7, 0, 0, 0, 7, 0, 0, 0, 1, 4, 0, 0, 7, 0, 0, 0, 7, 0, 0, 0, 7, 0, 0, 0]",0.6968535685539246,0.5,0.5172638436482084,0.5216819973718791,0.5194635263330062,0.5131406044678055
"[6, 48, 4, 0, 7, 0, 0, 0, 7, 0, 0, 0, 0, 16, 1, 0, 0, 4, 0, 0, 7, 0, 0, 0, 1, 4, 0, 0, 1, 4, 0, 0, 1, 4, 0, 0, 4, 217, 0, 0, 7, 0, 0, 0, 7, 0, 0, 0]",0.6948548173904419,0.5,0.5123076923076924,0.4375821287779238,0.47200566973777464,0.5834428383705651
"[8, 0, 1, 0, 4, 167, 0, 0, 7, 0, 0, 0, 7, 0, 0, 0, 7, 0, 0, 0, 7, 0, 0, 0, 1, 4, 0, 0, 7, 0, 0, 0, 1, 4, 0, 0, 7, 0, 0, 0, 4, 290, 0, 0, 4, 392, 0, 0]",0.6929656362533569,0.5,0.49559193954659947,0.5170827858081471,0.5061093247588424,0.47371879106438897
"[2, 0, 0, 0, 8, 1, 1, 0, 7, 0, 0, 0, 1, 4, 0, 0, 7, 0, 0, 0, 8, 3, 2, 0, 0, 11, 0, 0, 3, 0, 0, 0, 8, 3, 1, 0, 3, 0, 0, 0, 6, 29, 1, 0, 5, 0, 0, 0]",0.6932321071624756,0.5,0.5070140280561122,0.49868593955321944,0.5028155018217952,0.5151116951379764
"[6, 36, 4, 0, 4, 234, 0, 0, 4, 19, 0, 0, 7, 0, 0, 0, 7, 0, 0, 0, 7, 0, 0, 0, 7, 0, 0, 0, 7, 0, 0, 0, 7, 0, 0, 0, 4, 133, 0, 0, 1, 4, 0, 0, 7, 0, 0, 0]",0.6941623902320861,0.5,0.49318018664752333,0.45137976346911957,0.47135506003430533,0.5361366622864652
"[3, 0, 0, 0, 5, 0, 0, 0, 7, 0, 0, 0, 1, 4, 0, 0, 3, 0, 0, 0, 7, 0, 0, 0, 7, 0, 0, 0, 3, 0, 0, 0, 1, 4, 0, 0, 1, 4, 0, 0, 8, 1, 2, 0, 1, 4, 0, 0]",0.7100916218757629,0.5,0.5202879581151832,0.5223390275952694,0.521311475409836,0.5183968462549278
"[3, 0, 0, 0, 8, 1, 2, 0, 7, 0, 0, 0, 3, 0, 0, 0, 6, 42, 3, 0, 7, 0, 0, 0, 1, 4, 0, 0, 7, 0, 0, 0, 1, 4, 0, 0, 0, 27, 1, 0, 7, 0, 0, 0, 1, 4, 0, 0]",0.7067881226539612,0.5,0.5033457249070632,0.4448094612352168,0.47227066620160446,0.5611038107752957
"[3, 0, 0, 0, 1, 4, 0, 0, 7, 0, 0, 0, 6, 25, 1, 0, 0, 25, 0, 0, 0, 13, 0, 0, 8, 3, 2, 0, 7, 0, 0, 0, 7, 0, 0, 0, 1, 4, 0, 0, 4, 36, 0, 0, 7, 0, 0, 0]",0.6942383050918579,0.5,0.49212384573601303,0.59526938239159,0.5388046387154326,0.385676741130092
"[1, 4, 0, 0, 3, 0, 0, 0, 4, 407, 0, 0, 7, 0, 0, 0, 7, 0, 0, 0, 7, 0, 0, 0, 7, 0, 0, 0, 7, 0, 0, 0, 7, 0, 0, 0, 7, 0, 0, 0, 4, 264, 0, 0, 7, 0, 0, 0]",0.6938813161849976,0.5,0.49768365320979485,0.4940867279894875,0.4958786679854929,0.5013140604467805
"[4, 225, 0, 0, 7, 0, 0, 0, 7, 0, 0, 0, 4, 492, 0, 0, 1, 4, 0, 0, 7, 0, 0, 0, 1, 4, 0, 0, 7, 0, 0, 0, 1, 4, 0, 0, 7, 0, 0, 0, 7, 0, 0, 0, 7, 0, 0, 0]",0.6934290599822998,0.5,0.5081967213114754,0.5703022339027596,0.5374613003095975,0.4480946123521682
"[8, 0, 1, 0, 4, 121, 0, 0, 7, 0, 0, 0, 1, 4, 0, 0, 7, 0, 0, 0, 7, 0, 0, 0, 7, 0, 0, 0, 7, 0, 0, 0, 7, 0, 0, 0, 7, 0, 0, 0, 7, 0, 0, 0, 7, 0, 0, 0]",0.6944561958312988,0.5,0.49609375,0.5006570302233903,0.49836494440810986,0.4914586070959264
"[6, 24, 4, 0, 4, 259, 0, 0, 7, 0, 0, 0, 7, 0, 0, 0, 7, 0, 0, 0, 7, 0, 0, 0, 1, 4, 0, 0, 7, 0, 0, 0, 7, 0, 0, 0, 7, 0, 0, 0, 7, 0, 0, 0, 7, 0, 0, 0]",0.6958931255340576,0.5,0.5084944346807264,0.5703022339027596,0.5376277485289563,0.4487516425755585
"[0, 24, 0, 0, 6, 56, 4, 0, 8, 2, 2, 0, 3, 0, 0, 0, 7, 0, 0, 0, 2, 1, 0, 0, 7, 0, 0, 0, 5, 0, 0, 0, 4, 24, 0, 0, 7, 0, 0, 0, 1, 4, 0, 0, 1, 4, 0, 0]",0.6948901653289795,0.5,0.5122126436781609,0.46846254927726677,0.48936170212765956,0.5538764783180026
"[0, 31, 1, 0, 2, 0, 0, 0, 2, 1, 0, 0, 7, 0, 0, 0, 6, 56, 2, 0, 1, 56, 0, 0, 2, 0, 0, 0, 7, 0, 0, 0, 3, 0, 0, 0, 7, 0, 0, 0, 7, 0, 0, 0, 4, 50, 0, 0]",0.695276927947998,0.5,0.49355432780847147,0.5282522996057819,0.5103141859727071,0.4579500657030223
"[0, 16, 0, 0, 2, 0, 0, 0, 3, 0, 0, 0, 7, 0, 0, 0, 1, 4, 0, 0, 2, 1, 0, 0, 2, 1, 0, 0, 6, 24, 3, 0, 4, 66, 0, 0, 7, 0, 0, 0, 1, 4, 0, 0, 7, 0, 0, 0]",0.6952448844909668,0.5,0.5108924806746311,0.4776609724047306,0.4937181663837012,0.5427069645203679
"[1, 4, 0, 0, 4, 54, 0, 0, 4, 67, 0, 0, 7, 0, 0, 0, 7, 0, 0, 0, 7, 0, 0, 0, 7, 0, 0, 0, 4, 372, 0, 0, 1, 4, 0, 0, 7, 0, 0, 0, 1, 4, 0, 0, 7, 0, 0, 0]",0.6936417889595031,0.5,0.4862657757980698,0.43035479632063073,0.45660508888114326,0.545335085413929
"[7, 0, 0, 0, 2, 1, 0, 0, 7, 0, 0, 0, 7, 0, 0, 0, 3, 0, 0, 0, 1, 4, 0, 0, 8, 1, 2, 0, 3, 0, 0, 0, 6, 28, 4, 0, 3, 0, 0, 0, 0, 18, 0, 0, 0, 28, 1, 0]",0.6932098150253296,0.5,0.5126541207008436,0.519053876478318,0.5158341495266079,0.5065703022339028
"[3, 0, 0, 0, 4, 174, 0, 0, 7, 0, 0, 0, 7, 0, 0, 0, 7, 0, 0, 0, 7, 0, 0, 0, 7, 0, 0, 0, 7, 0, 0, 0, 4, 270, 0, 0, 7, 0, 0, 0, 7, 0, 0, 0, 7, 0, 0, 0]",0.6932737565040589,0.5,0.4927835051546392,0.47109067017082784,0.4816929795095734,0.5151116951379764
"[1, 4, 0, 0, 4, 60, 0, 0, 7, 0, 0, 0, 7, 0, 0, 0, 4, 314, 0, 0, 7, 0, 0, 0, 7, 0, 0, 0, 7, 0, 0, 0, 7, 0, 0, 0, 7, 0, 0, 0, 7, 0, 0, 0, 7, 0, 0, 0]",0.6935106015205383,0.5,0.5021834061135371,0.6044678055190539,0.5485986881335718,0.4007884362680683
"[1, 4, 0, 0, 0, 25, 1, 0, 0, 6, 0, 0, 2, 1, 0, 0, 8, 3, 2, 0, 3, 0, 0, 0, 7, 0, 0, 0, 8, 1, 2, 0, 0, 31, 0, 0, 7, 0, 0, 0, 0, 13, 0, 0, 4, 285, 0, 0]",0.6934676241874694,0.5,0.49667178699436765,0.6373193166885677,0.5582733812949641,0.35413929040735875
"[0, 15, 0, 0, 2, 1, 0, 0, 2, 0, 0, 0, 1, 4, 0, 0, 1, 4, 0, 0, 6, 28, 4, 0, 4, 238, 0, 0, 4, 241, 0, 0, 1, 4, 0, 0, 7, 0, 0, 0, 7, 0, 0, 0, 7, 0, 0, 0]",0.6936437511444091,0.5,0.5,0.47109067017082784,0.4851150202976996,0.5289093298291722
"[8, 0, 1, 0, 8, 1, 1, 0, 7, 0, 0, 0, 6, 8, 4, 0, 7, 0, 0, 0, 5, 0, 0, 0, 4, 23, 0, 0, 7, 0, 0, 0, 1, 4, 0, 0, 7, 0, 0, 0, 7, 0, 0, 0, 4, 417, 0, 0]",0.6934997582435608,0.5,0.4932392710170488,0.5512483574244416,0.5206329506670804,0.4336399474375821
"[6, 28, 2, 0, 0, 25, 1, 0, 2, 0, 0, 0, 4, 36, 0, 0, 4, 490, 0, 0, 7, 0, 0, 0, 7, 0, 0, 0, 7, 0, 0, 0, 7, 0, 0, 0, 7, 0, 0, 0, 7, 0, 0, 0, 4, 496, 0, 0]",0.6931024146080017,0.5,0.4978843441466855,0.46386333771353483,0.48027210884353744,0.5321944809461235
"[8, 0, 2, 0, 3, 0, 0, 0, 7, 0, 0, 0, 2, 0, 0, 0, 2, 1, 0, 0, 7, 0, 0, 0, 1, 4, 0, 0, 0, 21, 1, 0, 4, 78, 0, 0, 1, 4, 0, 0, 4, 191, 0, 0, 7, 0, 0, 0]",0.6940807747840881,0.5,0.48173130972456435,0.5630749014454665,0.5192365949712209,0.39421813403416556
"[8, 0, 2, 0, 7, 0, 0, 0, 2, 1, 0, 0, 6, 60, 4, 0, 7, 0, 0, 0, 0, 18, 1, 0, 2, 0, 0, 0, 7, 0, 0, 0, 0, 16, 0, 0, 7, 0, 0, 0, 3, 0, 0, 0, 1, 4, 0, 0]",0.7028413224220276,0.5,0.5091383812010444,0.640604467805519,0.5673552516729706,0.3823915900131406
"[2, 0, 0, 0, 2, 0, 0, 0, 7, 0, 0, 0, 7, 0, 0, 0, 2, 1, 0, 0, 5, 0, 0, 0, 4, 288, 0, 0, 7, 0, 0, 0, 7, 0, 0, 0, 7, 0, 0, 0, 7, 0, 0, 0, 7, 0, 0, 0]",0.692923264503479,0.5,0.5012048192771085,0.5466491458607096,0.5229415461973601,0.4559789750328515
"[7, 0, 0, 0, 8, 1, 2, 0, 8, 1, 1, 0, 0, 21, 1, 0, 6, 44, 4, 0, 0, 27, 1, 0, 7, 0, 0, 0, 0, 4, 0, 0, 4, 484, 0, 0, 7, 0, 0, 0, 7, 0, 0, 0, 4, 359, 0, 0]",0.6932496333122253,0.5,0.4993197278911565,0.48226018396846254,0.49064171122994654,0.5164257555847569
"[4, 386, 0, 0, 4, 266, 0, 0, 7, 0, 0, 0, 7, 0, 0, 0, 7, 0, 0, 0, 7, 0, 0, 0, 4, 386, 0, 0, 7, 0, 0, 0, 7, 0, 0, 0, 7, 0, 0, 0, 7, 0, 0, 0, 7, 0, 0, 0]",0.693098111152649,0.5,0.5084876543209876,0.43298291721419185,0.46770759403832507,0.5814717477003942
"[7, 0, 0, 0, 7, 0, 0, 0, 3, 0, 0, 0, 2, 1, 0, 0, 0, 13, 1, 0, 8, 2, 1, 0, 8, 2, 1, 0, 8, 3, 2, 0, 8, 3, 2, 0, 7, 0, 0, 0, 4, 34, 0, 0, 7, 0, 0, 0]",0.6946977758407593,0.5,0.5043304463690873,0.4973718791064389,0.5008269930532584,0.5111695137976346
"[8, 0, 2, 0, 8, 1, 2, 0, 1, 4, 0, 0, 2, 1, 0, 0, 6, 12, 4, 0, 7, 0, 0, 0, 7, 0, 0, 0, 1, 4, 0, 0, 3, 0, 0, 0, 7, 0, 0, 0, 3, 0, 0, 0, 0, 21, 1, 0]",0.6947018027305603,0.5,0.5093085106382979,0.5032851511169514,0.5062789160608063,0.5151116951379764
"[2, 0, 0, 0, 7, 0, 0, 0, 2, 1, 0, 0, 7, 0, 0, 0, 8, 2, 2, 0, 6, 52, 4, 0, 2, 0, 0, 0, 7, 0, 0, 0, 0, 6, 1, 0, 7, 0, 0, 0, 2, 0, 0, 0, 7, 0, 0, 0]",0.6931472396850586,0.5,0.5054811205846529,0.545335085413929,0.5246523388116309,0.4664914586070959
"[4, 226, 0, 0, 4, 46, 0, 0, 1, 4, 0, 0, 7, 0, 0, 0, 1, 4, 0, 0, 7, 0, 0, 0, 7, 0, 0, 0, 7, 0, 0, 0, 7, 0, 0, 0, 7, 0, 0, 0, 7, 0, 0, 0, 7, 0, 0, 0]",0.6934728574752808,0.5,0.5028248587570622,0.40932982917214195,0.45128576602680187,0.59526938239159
"[0, 23, 1, 0, 2, 1, 0, 0, 1, 4, 0, 0, 5, 0, 0, 0, 4, 287, 0, 0, 7, 0, 0, 0, 7, 0, 0, 0, 7, 0, 0, 0, 7, 0, 0, 0, 7, 0, 0, 0, 7, 0, 0, 0, 7, 0, 0, 0]",0.6951630306243897,0.5,0.4962962962962963,0.5282522996057819,0.5117759388924252,0.46386333771353483
"[8, 0, 1, 0, 4, 451, 0, 0, 7, 0, 0, 0, 7, 0, 0, 0, 7, 0, 0, 0, 4, 229, 0, 0, 7, 0, 0, 0, 1, 4, 0, 0, 7, 0, 0, 0, 7, 0, 0, 0, 7, 0, 0, 0, 4, 423, 0, 0]",0.6929473423957825,0.5,0.5197869101978692,0.4487516425755585,0.48166431593794073,0.5854139290407359
"[0, 11, 1, 0, 3, 0, 0, 0, 2, 0, 0, 0, 2, 0, 0, 0, 0, 28, 0, 0, 7, 0, 0, 0, 3, 0, 0, 0, 7, 0, 0, 0, 3, 0, 0, 0, 6, 6, 2, 0, 3, 0, 0, 0, 8, 3, 1, 0]",0.6939649486541748,0.5,0.5098537825810553,0.5269382391590013,0.5182552504038772,0.49342969776609724
"[4, 90, 0, 0, 7, 0, 0, 0, 7, 0, 0, 0, 4, 454, 0, 0, 7, 0, 0, 0, 7, 0, 0, 0, 7, 0, 0, 0, 7, 0, 0, 0, 7, 0, 0, 0, 7, 0, 0, 0, 4, 308, 0, 0, 4, 349, 0, 0]",0.6933295631408691,0.5,0.4955506117908788,0.5854139290407359,0.5367469879518072,0.4040735873850197
"[2, 0, 0, 0, 1, 4, 0, 0, 2, 1, 0, 0, 1, 4, 0, 0, 1, 4, 0, 0, 7, 0, 0, 0, 1, 4, 0, 0, 3, 0, 0, 0, 2, 0, 0, 0, 7, 0, 0, 0, 6, 32, 4, 0, 5, 0, 0, 0]",0.6940609359741211,0.5,0.5195369030390738,0.47174770039421815,0.49449035812672176,0.5637319316688568
"[3, 0, 0, 0, 1, 4, 0, 0, 7, 0, 0, 0, 8, 2, 2, 0, 0, 27, 1, 0, 1, 27, 0, 0, 7, 0, 0, 0, 4, 268, 0, 0, 1, 4, 0, 0, 4, 219, 0, 0, 7, 0, 0, 0, 7, 0, 0, 0]",0.6939810180664062,0.5,0.49595885378398236,0.44349540078843624,0.46826222684703434,0.5492772667542707
"[7, 0, 0, 0, 3, 0, 0, 0, 2, 0, 0, 0, 3, 0, 0, 0, 7, 0, 0, 0, 4, 195, 0, 0, 1, 4, 0, 0, 7, 0, 0, 0, 7, 0, 0, 0, 1, 4, 0, 0, 7, 0, 0, 0, 7, 0, 0, 0]",0.6952221155166626,0.5,0.5050314465408805,0.5275952693823915,0.5160668380462725,0.48291721419185285
"[6, 28, 4, 0, 4, 156, 0, 0, 4, 477, 0, 0, 4, 438, 0, 0, 7, 0, 0, 0, 7, 0, 0, 0, 1, 4, 0, 0, 7, 0, 0, 0, 7, 0, 0, 0, 7, 0, 0, 0, 7, 0, 0, 0, 7, 0, 0, 0]",0.6933889126777649,0.5,0.5006747638326585,0.48751642575558474,0.4940079893475366,0.5137976346911958
"[6, 48, 4, 0, 4, 71, 0, 0, 7, 0, 0, 0, 7, 0, 0, 0, 7, 0, 0, 0, 7, 0, 0, 0, 7, 0, 0, 0, 7, 0, 0, 0, 7, 0, 0, 0, 7, 0, 0, 0, 1, 4, 0, 0, 7, 0, 0, 0]",0.6948558282852173,0.5,0.49324324324324326,0.47963206307490147,0.48634243837441704,0.507227332457293
"[7, 0, 0, 0, 1, 4, 0, 0, 3, 0, 0, 0, 8, 2, 1, 0, 3, 0, 0, 0, 4, 239, 0, 0, 1, 4, 0, 0, 7, 0, 0, 0, 7, 0, 0, 0, 1, 4, 0, 0, 7, 0, 0, 0, 7, 0, 0, 0]",0.6952114939689636,0.5,0.4927536231884058,0.5137976346911958,0.5030556449018977,0.47109067017082784
"[7, 0, 0, 0, 0, 28, 0, 0, 1, 28, 0, 0, 0, 28, 1, 0, 6, 60, 4, 0, 2, 1, 0, 0, 7, 0, 0, 0, 7, 0, 0, 0, 3, 0, 0, 0, 8, 1, 2, 0, 7, 0, 0, 0, 5, 0, 0, 0]",0.6935789632797241,0.5,0.4963680387409201,0.4040735873850197,0.4454907642158638,0.5900131406044679
"[2, 0, 0, 0, 4, 439, 0, 0, 7, 0, 0, 0, 7, 0, 0, 0, 7, 0, 0, 0, 1, 4, 0, 0, 7, 0, 0, 0, 7, 0, 0, 0, 4, 95, 0, 0, 7, 0, 0, 0, 7, 0, 0, 0, 7, 0, 0, 0]",0.693738317489624,0.5,0.49528005034612965,0.5170827858081471,0.5059466409514626,0.4730617608409987
"[0, 30, 1, 0, 2, 0, 0, 0, 6, 24, 1, 0, 4, 256, 0, 0, 7, 0, 0, 0, 7, 0, 0, 0, 4, 88, 0, 0, 7, 0, 0, 0, 7, 0, 0, 0, 7, 0, 0, 0, 7, 0, 0, 0, 7, 0, 0, 0]",0.6934290838241577,0.5,0.5161521895190236,0.4724047306176084,0.4933104631217839,0.557161629434954
"[8, 0, 1, 0, 6, 28, 4, 0, 4, 354, 0, 0, 7, 0, 0, 0, 7, 0, 0, 0, 7, 0, 0, 0, 7, 0, 0, 0, 7, 0, 0, 0, 7, 0, 0, 0, 4, 361, 0, 0, 4, 268, 0, 0, 7, 0, 0, 0]",0.6932883977890014,0.5,0.5071868583162218,0.4868593955321945,0.4968152866242038,0.5269382391590013
"[8, 0, 1, 0, 1, 4, 0, 0, 7, 0, 0, 0, 6, 44, 2, 0, 0, 22, 1, 0, 0, 28, 1, 0, 0, 7, 1, 0, 8, 3, 1, 0, 7, 0, 0, 0, 2, 0, 0, 0, 8, 1, 2, 0, 2, 0, 0, 0]",0.6933436751365661,0.5,0.5018472906403941,0.5354796320630749,0.5181182453909726,0.46846254927726677
"[6, 12, 4, 0, 0, 24, 0, 0, 1, 24, 0, 0, 8, 1, 1, 0, 0, 24, 0, 0, 7, 0, 0, 0, 3, 0, 0, 0, 2, 0, 0, 0, 1, 4, 0, 0, 4, 240, 0, 0, 7, 0, 0, 0, 7, 0, 0, 0]",0.6946396327018738,0.5,0.49335863377609107,0.5124835742444153,0.5027392845633258,0.47371879106438897
"[7, 0, 0, 0, 4, 5, 0, 0, 7, 0, 0, 0, 7, 0, 0, 0, 4, 402, 0, 0, 7, 0, 0, 0, 7, 0, 0, 0, 4, 204, 0, 0, 7, 0, 0, 0, 4, 364, 0, 0, 7, 0, 0, 0, 7, 0, 0, 0]",0.6932657122611999,0.5,0.4895908111988514,0.4480946123521682,0.4679245283018868,0.5328515111695138
"[5, 0, 0, 0, 4, 465, 0, 0, 1, 4, 0, 0, 1, 4, 0, 0, 1, 4, 0, 0, 7, 0, 0, 0, 4, 461, 0, 0, 7, 0, 0, 0, 7, 0, 0, 0, 1, 4, 0, 0, 7, 0, 0, 0, 7, 0, 0, 0]",0.6934357452392578,0.5,0.49872611464968153,0.514454664914586,0.5064683053040103,0.48291721419185285
"[3, 0, 0, 0, 2, 0, 0, 0, 6, 40, 4, 0, 5, 0, 0, 0, 7, 0, 0, 0, 7, 0, 0, 0, 7, 0, 0, 0, 7, 0, 0, 0, 8, 1, 2, 0, 1, 4, 0, 0, 3, 0, 0, 0, 8, 3, 2, 0]",0.7119745135307312,0.5,0.5052015604681405,0.5105124835742444,0.5078431372549019,0.5
"[6, 32, 4, 0, 7, 0, 0, 0, 7, 0, 0, 0, 4, 77, 0, 0, 7, 0, 0, 0, 1, 4, 0, 0, 1, 4, 0, 0, 7, 0, 0, 0, 1, 4, 0, 0, 7, 0, 0, 0, 7, 0, 0, 0, 7, 0, 0, 0]",0.6957288217544556,0.5,0.48928352725045926,0.5249671484888305,0.5064976228209191,0.4520367936925099
"[3, 0, 0, 0, 4, 426, 0, 0, 4, 229, 0, 0, 7, 0, 0, 0, 4, 320, 0, 0, 4, 62, 0, 0, 7, 0, 0, 0, 4, 494, 0, 0, 7, 0, 0, 0, 7, 0, 0, 0, 7, 0, 0, 0, 7, 0, 0, 0]",0.6931173181533814,0.5,0.48777173913043476,0.47174770039421815,0.47962591850367403,0.5045992115637319
"[2, 0, 0, 0, 6, 20, 4, 0, 3, 0, 0, 0, 7, 0, 0, 0, 0, 10, 0, 0, 4, 376, 0, 0, 7, 0, 0, 0, 7, 0, 0, 0, 1, 4, 0, 0, 7, 0, 0, 0, 7, 0, 0, 0, 7, 0, 0, 0]",0.6963698291778564,0.5,0.491183879093199,0.5124835742444153,0.5016077170418006,0.469119579500657
"[6, 20, 4, 0, 8, 1, 2, 0, 4, 260, 0, 0, 7, 0, 0, 0, 7, 0, 0, 0, 1, 4, 0, 0, 7, 0, 0, 0, 7, 0, 0, 0, 7, 0, 0, 0, 7, 0, 0, 0, 4, 335, 0, 0, 7, 0, 0, 0]",0.6941396713256835,0.5,0.5129053606882858,0.5091984231274639,0.511045169798879,0.5164257555847569
"[6, 28, 4, 0, 7, 0, 0, 0, 7, 0, 0, 0, 7, 0, 0, 0, 3, 0, 0, 0, 2, 0, 0, 0, 7, 0, 0, 0, 8, 3, 2, 0, 7, 0, 0, 0, 3, 0, 0, 0, 8, 2, 1, 0, 0, 14, 0, 0]",0.6931078100204467,0.5,0.5139931740614334,0.4947437582128778,0.5041848008034817,0.5321944809461235
"[6, 19, 1, 0, 7, 0, 0, 0, 4, 325, 0, 0, 7, 0, 0, 0, 7, 0, 0, 0, 7, 0, 0, 0, 7, 0, 0, 0, 7, 0, 0, 0, 4, 89, 0, 0, 4, 39, 0, 0, 7, 0, 0, 0, 7, 0, 0, 0]",0.6936390399932861,0.5,0.50944669365722,0.49605781865965837,0.5026631158455392,0.5223390275952694
"[8, 0, 1, 0, 6, 63, 1, 0, 8, 2, 1, 0, 0, 26, 1, 0, 7, 0, 0, 0, 1, 4, 0, 0, 4, 383, 0, 0, 7, 0, 0, 0, 7, 0, 0, 0, 7, 0, 0, 0, 1, 4, 0, 0, 1, 4, 0, 0]",0.6954922103881835,0.5,0.4944356120826709,0.40867279894875164,0.4474820143884892,0.5821287779237845
"[3, 0, 0, 0, 8, 1, 1, 0, 7, 0, 0, 0, 7, 0, 0, 0, 7, 0, 0, 0, 8, 3, 1, 0, 2, 0, 0, 0, 3, 0, 0, 0, 0, 14, 1, 0, 2, 1, 0, 0, 1, 4, 0, 0, 1, 4, 0, 0]",0.7068520951271057,0.5,0.5110132158590308,0.38107752956636004,0.4365826119683854,0.6353482260183968
"[2, 1, 0, 0, 0, 19, 1, 0, 2, 0, 0, 0, 7, 0, 0, 0, 0, 25, 1, 0, 7, 0, 0, 0, 6, 20, 4, 0, 8, 3, 1, 0, 7, 0, 0, 0, 7, 0, 0, 0, 1, 4, 0, 0, 5, 0, 0, 0]",0.7050570154190063,0.5,0.49656464709556525,0.5223390275952694,0.5091258405379443,0.4704336399474376
"[7, 0, 0, 0, 0, 30, 1, 0, 6, 12, 4, 0, 5, 0, 0, 0, 7, 0, 0, 0, 7, 0, 0, 0, 1, 4, 0, 0, 7, 0, 0, 0, 7, 0, 0, 0, 7, 0, 0, 0, 7, 0, 0, 0, 7, 0, 0, 0]",0.6934558010101318,0.5,0.5029392553886349,0.5059132720105125,0.5044218801179168,0.5
"[7, 0, 0, 0, 2, 0, 0, 0, 7, 0, 0, 0, 3, 0, 0, 0, 3, 0, 0, 0, 8, 1, 2, 0, 0, 22, 0, 0, 7, 0, 0, 0, 0, 7, 0, 0, 1, 7, 0, 0, 6, 62, 1, 0, 8, 3, 1, 0]",0.706825098991394,0.5,0.5070422535211268,0.4967148488830486,0.5018254231662794,0.5170827858081471
"[8, 0, 1, 0, 7, 0, 0, 0, 5, 0, 0, 0, 7, 0, 0, 0, 7, 0, 0, 0, 1, 4, 0, 0, 8, 1, 2, 0, 3, 0, 0, 0, 7, 0, 0, 0, 7, 0, 0, 0, 1, 4, 0, 0, 7, 0, 0, 0]",0.7126797366142273,0.5,0.5111256544502618,0.5131406044678055,0.5121311475409837,0.5091984231274639
"[7, 0, 0, 0, 6, 12, 4, 0, 7, 0, 0, 0, 7, 0, 0, 0, 1, 4, 0, 0, 4, 52, 0, 0, 7, 0, 0, 0, 7, 0, 0, 0, 7, 0, 0, 0, 7, 0, 0, 0, 7, 0, 0, 0, 7, 0, 0, 0]",0.6949555206298829,0.5,0.4950980392156863,0.4645203679369251,0.4793220338983051,0.526281208935611
"[3, 0, 0, 0, 3, 0, 0, 0, 0, 14, 0, 0, 0, 19, 0, 0, 0, 30, 0, 0, 7, 0, 0, 0, 6, 34, 1, 0, 3, 0, 0, 0, 4, 233, 0, 0, 7, 0, 0, 0, 4, 337, 0, 0, 7, 0, 0, 0]",0.6932246136665344,0.5,0.5052473763118441,0.664257555847569,0.5739426625035481,0.3495400788436268
"[6, 21, 3, 0, 4, 70, 0, 0, 7, 0, 0, 0, 7, 0, 0, 0, 4, 422, 0, 0, 7, 0, 0, 0, 7, 0, 0, 0, 1, 4, 0, 0, 4, 420, 0, 0, 4, 244, 0, 0, 7, 0, 0, 0, 7, 0, 0, 0]",0.6933534860610961,0.5,0.5016633399866933,0.49540078843626806,0.4985123966942149,0.5078843626806833
"[0, 29, 0, 0, 3, 0, 0, 0, 0, 21, 0, 0, 8, 3, 2, 0, 3, 0, 0, 0, 8, 3, 2, 0, 1, 4, 0, 0, 0, 16, 0, 0, 7, 0, 0, 0, 2, 0, 0, 0, 0, 4, 0, 0, 4, 105, 0, 0]",0.6930827713012695,0.5,0.5081190798376184,0.49342969776609724,0.5006666666666667,0.5223390275952694
"[4, 422, 0, 0, 1, 4, 0, 0, 4, 468, 0, 0, 7, 0, 0, 0, 4, 162, 0, 0, 7, 0, 0, 0, 7, 0, 0, 0, 1, 4, 0, 0, 7, 0, 0, 0, 7, 0, 0, 0, 4, 287, 0, 0, 7, 0, 0, 0]",0.6931063532829285,0.5,0.5150454863540938,0.4835742444152431,0.49881396136902745,0.5446780551905388
"[3, 0, 0, 0, 0, 15, 0, 0, 7, 0, 0, 0, 0, 20, 1, 0, 0, 21, 0, 0, 3, 0, 0, 0, 7, 0, 0, 0, 1, 4, 0, 0, 3, 0, 0, 0, 6, 32, 4, 0, 8, 3, 2, 0, 4, 271, 0, 0]",0.695238606929779,0.5,0.48282828282828283,0.47109067017082784,0.4768872630528766,0.49540078843626806
"[7, 0, 0, 0, 6, 14, 2, 0, 7, 0, 0, 0, 0, 14, 0, 0, 5, 0, 0, 0, 7, 0, 0, 0, 7, 0, 0, 0, 4, 264, 0, 0, 7, 0, 0, 0, 7, 0, 0, 0, 7, 0, 0, 0, 7, 0, 0, 0]",0.6930749130249023,0.5,0.5028409090909091,0.5814717477003942,0.5393053016453382,0.42509855453350853
"[8, 0, 1, 0, 7, 0, 0, 0, 1, 4, 0, 0, 2, 0, 0, 0, 0, 8, 0, 0, 8, 2, 2, 0, 3, 0, 0, 0, 6, 62, 2, 0, 8, 2, 1, 0, 7, 0, 0, 0, 1, 4, 0, 0, 7, 0, 0, 0]",0.7120505952835083,0.5,0.5079155672823219,0.5059132720105125,0.5069124423963134,0.5098554533508541
"[7, 0, 0, 0, 8, 1, 1, 0, 6, 35, 1, 0, 0, 25, 0, 0, 4, 4, 0, 0, 7, 0, 0, 0, 7, 0, 0, 0, 7, 0, 0, 0, 7, 0, 0, 0, 7, 0, 0, 0, 4, 180, 0, 0, 7, 0, 0, 0]",0.6942386746406555,0.5,0.47944078947368424,0.38304862023653086,0.42585829072315556,0.5840998685939554
"[6, 7, 1, 0, 0, 24, 0, 0, 7, 0, 0, 0, 8, 1, 1, 0, 2, 1, 0, 0, 8, 1, 2, 0, 4, 342, 0, 0, 7, 0, 0, 0, 4, 8, 0, 0, 7, 0, 0, 0, 7, 0, 0, 0, 7, 0, 0, 0]",0.6956775236129761,0.5,0.5084835630965006,0.6300919842312747,0.562793427230047,0.3909329829172142
"[7, 0, 0, 0, 3, 0, 0, 0, 7, 0, 0, 0, 6, 15, 3, 0, 3, 0, 0, 0, 3, 0, 0, 0, 1, 4, 0, 0, 0, 25, 1, 0, 2, 1, 0, 0, 4, 133, 0, 0, 7, 0, 0, 0, 7, 0, 0, 0]",0.6950721979141236,0.5,0.4812554489973845,0.36268068331143233,0.4136380666916448,0.6090670170827858
"[3, 0, 0, 0, 4, 21, 0, 0, 7, 0, 0, 0, 7, 0, 0, 0, 4, 106, 0, 0, 7, 0, 0, 0, 7, 0, 0, 0, 7, 0, 0, 0, 4, 122, 0, 0, 7, 0, 0, 0, 7, 0, 0, 0, 7, 0, 0, 0]",0.6934280467033386,0.5,0.5035931453841902,0.5985545335085414,0.5469828880216151,0.4099868593955322
"[7, 0, 0, 0, 8, 1, 1, 0, 7, 0, 0, 0, 0, 24, 0, 0, 7, 0, 0, 0, 2, 0, 0, 0, 8, 2, 2, 0, 2, 0, 0, 0, 3, 0, 0, 0, 8, 3, 2, 0, 1, 4, 0, 0, 4, 332, 0, 0]",0.6952632427215576,0.5,0.5122549019607843,0.5492772667542707,0.5301204819277109,0.47700394218134035
"[2, 1, 0, 0, 6, 12, 3, 0, 0, 13, 0, 0, 7, 0, 0, 0, 8, 3, 1, 0, 8, 3, 2, 0, 7, 0, 0, 0, 4, 389, 0, 0, 7, 0, 0, 0, 7, 0, 0, 0, 7, 0, 0, 0, 7, 0, 0, 0]",0.6934418082237244,0.5,0.4878724878724879,0.46254927726675427,0.4748735244519393,0.514454664914586
"[0, 21, 0, 0, 7, 0, 0, 0, 8, 1, 1, 0, 1, 4, 0, 0, 4, 94, 0, 0, 7, 0, 0, 0, 7, 0, 0, 0, 7, 0, 0, 0, 7, 0, 0, 0, 7, 0, 0, 0, 7, 0, 0, 0, 7, 0, 0, 0]",0.6945946931838989,0.5,0.5080409356725146,0.45663600525624176,0.4809688581314879,0.5578186596583443
"[7, 0, 0, 0, 8, 1, 1, 0, 5, 0, 0, 0, 4, 86, 0, 0, 7, 0, 0, 0, 7, 0, 0, 0, 7, 0, 0, 0, 7, 0, 0, 0, 4, 322, 0, 0, 7, 0, 0, 0, 7, 0, 0, 0, 7, 0, 0, 0]",0.6937893223762512,0.5,0.5193452380952381,0.45860709592641263,0.4870900209351012,0.5755584756898817
"[6, 44, 4, 0, 4, 207, 0, 0, 7, 0, 0, 0, 7, 0, 0, 0, 7, 0, 0, 0, 7, 0, 0, 0, 1, 4, 0, 0, 4, 4, 0, 0, 7, 0, 0, 0, 7, 0, 0, 0, 7, 0, 0, 0, 7, 0, 0, 0]",0.698879063129425,0.5,0.500599520383693,0.5486202365308804,0.5235109717868338,0.45269382391590013
"[1, 4, 0, 0, 2, 1, 0, 0, 8, 2, 2, 0, 4, 449, 0, 0, 7, 0, 0, 0, 7, 0, 0, 0, 4, 491, 0, 0, 4, 159, 0, 0, 7, 0, 0, 0, 7, 0, 0, 0, 7, 0, 0, 0, 1, 4, 0, 0]",0.6934064602851868,0.5,0.4977404777275662,0.5065703022339028,0.502116574405731,0.4888304862023653
"[2, 0, 0, 0, 7, 0, 0, 0, 8, 2, 1, 0, 1, 4, 0, 0, 1, 4, 0, 0, 1, 4, 0, 0, 7, 0, 0, 0, 8, 2, 1, 0, 3, 0, 0, 0, 6, 12, 4, 0, 1, 12, 0, 0, 5, 0, 0, 0]",0.7039116144180297,0.5,0.5126182965299685,0.42706964520367935,0.4659498207885305,0.5939553219448095
"[7, 0, 0, 0, 2, 0, 0, 0, 8, 2, 2, 0, 6, 16, 4, 0, 8, 2, 2, 0, 4, 307, 0, 0, 7, 0, 0, 0, 7, 0, 0, 0, 7, 0, 0, 0, 4, 60, 0, 0, 7, 0, 0, 0, 7, 0, 0, 0]",0.6931645655632019,0.5,0.4938692098092643,0.4763469119579501,0.48494983277591974,0.511826544021025
"[8, 0, 2, 0, 2, 1, 0, 0, 0, 9, 0, 0, 5, 0, 0, 0, 4, 347, 0, 0, 7, 0, 0, 0, 7, 0, 0, 0, 7, 0, 0, 0, 7, 0, 0, 0, 1, 4, 0, 0, 4, 4, 0, 0, 7, 0, 0, 0]",0.6999053049087525,0.5,0.5079146593255334,0.48488830486202367,0.4961344537815126,0.5302233902759527
"[0, 7, 0, 0, 1, 7, 0, 0, 4, 480, 0, 0, 7, 0, 0, 0, 7, 0, 0, 0, 7, 0, 0, 0, 7, 0, 0, 0, 7, 0, 0, 0, 7, 0, 0, 0, 7, 0, 0, 0, 7, 0, 0, 0, 7, 0, 0, 0]",0.693399772644043,0.5,0.5093608779857973,0.5183968462549278,0.5138391403451644,0.5006570302233903
"[5, 0, 0, 0, 7, 0, 0, 0, 7, 0, 0, 0, 7, 0, 0, 0, 4, 166, 0, 0, 7, 0, 0, 0, 7, 0, 0, 0, 7, 0, 0, 0, 1, 4, 0, 0, 4, 256, 0, 0, 4, 441, 0, 0, 7, 0, 0, 0]",0.6933368992805481,0.5,0.5020053475935828,0.49342969776609724,0.49768058316766073,0.5105124835742444
"[2, 0, 0, 0, 3, 0, 0, 0, 1, 4, 0, 0, 6, 27, 3, 0, 3, 0, 0, 0, 7, 0, 0, 0, 8, 3, 2, 0, 7, 0, 0, 0, 0, 17, 0, 0, 1, 17, 0, 0, 7, 0, 0, 0, 5, 0, 0, 0]",0.7107808876037598,0.5,0.4816204051012753,0.42181340341655715,0.4497373029772329,0.5459921156373193
"[8, 0, 1, 0, 1, 4, 0, 0, 7, 0, 0, 0, 3, 0, 0, 0, 8, 2, 1, 0, 1, 4, 0, 0, 3, 0, 0, 0, 6, 37, 1, 0, 7, 0, 0, 0, 8, 2, 1, 0, 3, 0, 0, 0, 2, 1, 0, 0]",0.6945651578903198,0.5,0.47473309608540926,0.43823915900131405,0.45575674752306117,0.5151116951379764
"[1, 4, 0, 0, 8, 1, 1, 0, 3, 0, 0, 0, 6, 32, 2, 0, 3, 0, 0, 0, 2, 0, 0, 0, 3, 0, 0, 0, 7, 0, 0, 0, 3, 0, 0, 0, 4, 99, 0, 0, 7, 0, 0, 0, 1, 4, 0, 0]",0.6956314706802368,0.5,0.5024449877750611,0.5400788436268068,0.5205826472450918,0.4651773981603154
"[1, 4, 0, 0, 2, 1, 0, 0, 7, 0, 0, 0, 2, 1, 0, 0, 3, 0, 0, 0, 3, 0, 0, 0, 6, 16, 4, 0, 7, 0, 0, 0, 3, 0, 0, 0, 7, 0, 0, 0, 4, 39, 0, 0, 7, 0, 0, 0]",0.6939235687255859,0.5,0.5104895104895105,0.28777923784494086,0.3680672268907563,0.7240473061760841
"[7, 0, 0, 0, 1, 4, 0, 0, 4, 265, 0, 0, 7, 0, 0, 0, 7, 0, 0, 0, 7, 0, 0, 0, 7, 0, 0, 0, 7, 0, 0, 0, 7, 0, 0, 0, 7, 0, 0, 0, 4, 218, 0, 0, 7, 0, 0, 0]",0.6935675501823425,0.5,0.510808646917534,0.4191852825229961,0.4604835799350415,0.5985545335085414
"[1, 4, 0, 0, 2, 1, 0, 0, 1, 4, 0, 0, 7, 0, 0, 0, 0, 4, 0, 0, 0, 9, 0, 0, 3, 0, 0, 0, 8, 3, 1, 0, 3, 0, 0, 0, 0, 28, 1, 0, 7, 0, 0, 0, 0, 18, 0, 0]",0.693186161518097,0.5,0.5078864353312302,0.4231274638633377,0.46164874551971324,0.5900131406044679
"[1, 4, 0, 0, 6, 48, 4, 0, 7, 0, 0, 0, 2, 1, 0, 0, 3, 0, 0, 0, 7, 0, 0, 0, 0, 29, 1, 0, 8, 2, 1, 0, 3, 0, 0, 0, 3, 0, 0, 0, 7, 0, 0, 0, 0, 26, 0, 0]",0.6922161746025085,0.5,0.49031543995572774,0.5821287779237845,0.5322919795734454,0.39487516425755587
"[6, 28, 4, 0, 7, 0, 0, 0, 0, 10, 1, 0, 7, 0, 0, 0, 8, 1, 2, 0, 7, 0, 0, 0, 8, 3, 1, 0, 8, 2, 1, 0, 1, 4, 0, 0, 8, 1, 1, 0, 7, 0, 0, 0, 4, 52, 0, 0]",0.6955673122406005,0.5,0.4872448979591837,0.3764783180026281,0.42475908080059305,0.6038107752956636
"[1, 4, 0, 0, 1, 4, 0, 0, 4, 4, 0, 0, 4, 143, 0, 0, 7, 0, 0, 0, 7, 0, 0, 0, 7, 0, 0, 0, 7, 0, 0, 0, 7, 0, 0, 0, 7, 0, 0, 0, 7, 0, 0, 0, 7, 0, 0, 0]",0.6943722033500671,0.5,0.48265895953757226,0.43889618922470436,0.45973847212663455,0.5295663600525624
"[0, 18, 1, 0, 7, 0, 0, 0, 2, 0, 0, 0, 7, 0, 0, 0, 1, 4, 0, 0, 2, 1, 0, 0, 1, 4, 0, 0, 8, 1, 1, 0, 4, 370, 0, 0, 7, 0, 0, 0, 7, 0, 0, 0, 7, 0, 0, 0]",0.69633544921875,0.5,0.5056628914057295,0.49868593955321944,0.5021501819384717,0.5124835742444153
"[8, 0, 1, 0, 2, 0, 0, 0, 4, 44, 0, 0, 7, 0, 0, 0, 7, 0, 0, 0, 7, 0, 0, 0, 7, 0, 0, 0, 7, 0, 0, 0, 7, 0, 0, 0, 7, 0, 0, 0, 7, 0, 0, 0, 7, 0, 0, 0]",0.6946416139602661,0.5,0.49436795994993743,0.519053876478318,0.5064102564102564,0.469119579500657
"[5, 0, 0, 0, 7, 0, 0, 0, 7, 0, 0, 0, 3, 0, 0, 0, 4, 485, 0, 0, 7, 0, 0, 0, 7, 0, 0, 0, 4, 501, 0, 0, 7, 0, 0, 0, 7, 0, 0, 0, 7, 0, 0, 0, 7, 0, 0, 0]",0.6933921265602112,0.5,0.5043263288009888,0.5361366622864652,0.5197452229299363,0.4730617608409987
"[7, 0, 0, 0, 3, 0, 0, 0, 7, 0, 0, 0, 0, 10, 0, 0, 6, 24, 4, 0, 4, 447, 0, 0, 4, 364, 0, 0, 7, 0, 0, 0, 7, 0, 0, 0, 7, 0, 0, 0, 7, 0, 0, 0, 7, 0, 0, 0]",0.6933313798904419,0.5,0.5194369973190348,0.5091984231274639,0.5142667551426675,0.5289093298291722
"[3, 0, 0, 0, 6, 59, 1, 0, 0, 10, 0, 0, 7, 0, 0, 0, 7, 0, 0, 0, 3, 0, 0, 0, 7, 0, 0, 0, 3, 0, 0, 0, 4, 85, 0, 0, 7, 0, 0, 0, 7, 0, 0, 0, 7, 0, 0, 0]",0.6938257718086243,0.5,0.498015873015873,0.4947437582128778,0.4963744232036915,0.5013140604467805
"[2, 1, 0, 0, 6, 27, 3, 0, 8, 2, 1, 0, 7, 0, 0, 0, 5, 0, 0, 0, 4, 379, 0, 0, 7, 0, 0, 0, 7, 0, 0, 0, 7, 0, 0, 0, 7, 0, 0, 0, 7, 0, 0, 0, 1, 4, 0, 0]",0.6956093287467957,0.5,0.4867313915857605,0.4940867279894875,0.4903814802738833,0.47897503285151116
"[6, 52, 4, 0, 7, 0, 0, 0, 0, 21, 0, 0, 3, 0, 0, 0, 4, 33, 0, 0, 7, 0, 0, 0, 7, 0, 0, 0, 4, 279, 0, 0, 7, 0, 0, 0, 7, 0, 0, 0, 4, 455, 0, 0, 7, 0, 0, 0]",0.6932944202423096,0.5,0.4989547038327526,0.4704336399474376,0.4842746026378086,0.5275952693823915
"[7, 0, 0, 0, 3, 0, 0, 0, 7, 0, 0, 0, 1, 4, 0, 0, 4, 481, 0, 0, 4, 432, 0, 0, 7, 0, 0, 0, 7, 0, 0, 0, 7, 0, 0, 0, 7, 0, 0, 0, 1, 4, 0, 0, 7, 0, 0, 0]",0.693442633152008,0.5,0.49630051223676724,0.5729303547963206,0.531869472400122,0.4185282522996058
"[6, 24, 4, 0, 7, 0, 0, 0, 7, 0, 0, 0, 7, 0, 0, 0, 7, 0, 0, 0, 4, 213, 0, 0, 7, 0, 0, 0, 7, 0, 0, 0, 7, 0, 0, 0, 1, 4, 0, 0, 7, 0, 0, 0, 7, 0, 0, 0]",0.6955227279663085,0.5,0.5077581594435527,0.6235216819973719,0.5597168976703037,0.3955321944809461
"[6, 28, 2, 0, 7, 0, 0, 0, 3, 0, 0, 0, 4, 362, 0, 0, 7, 0, 0, 0, 7, 0, 0, 0, 7, 0, 0, 0, 7, 0, 0, 0, 7, 0, 0, 0, 7, 0, 0, 0, 7, 0, 0, 0, 7, 0, 0, 0]",0.6933827233314515,0.5,0.4893162393162393,0.45137976346911957,0.46958304853041694,0.5289093298291722
"[7, 0, 0, 0, 3, 0, 0, 0, 8, 1, 1, 0, 4, 249, 0, 0, 7, 0, 0, 0, 7, 0, 0, 0, 7, 0, 0, 0, 4, 365, 0, 0, 7, 0, 0, 0, 7, 0, 0, 0, 7, 0, 0, 0, 7, 0, 0, 0]",0.6931475806236267,0.5,0.4954296160877514,0.5341655716162943,0.5140689219095795,0.4559789750328515
"[6, 57, 3, 0, 8, 1, 2, 0, 4, 408, 0, 0, 7, 0, 0, 0, 7, 0, 0, 0, 1, 4, 0, 0, 7, 0, 0, 0, 7, 0, 0, 0, 1, 4, 0, 0, 7, 0, 0, 0, 4, 417, 0, 0, 4, 356, 0, 0]",0.6934905171394348,0.5,0.4970014992503748,0.435611038107753,0.4642857142857143,0.5591327201051248
"[2, 1, 0, 0, 3, 0, 0, 0, 7, 0, 0, 0, 4, 395, 0, 0, 4, 112, 0, 0, 7, 0, 0, 0, 7, 0, 0, 0, 4, 348, 0, 0, 7, 0, 0, 0, 7, 0, 0, 0, 7, 0, 0, 0, 7, 0, 0, 0]",0.6934471154212951,0.5,0.5007526342197692,0.6557161629434954,0.5678520625889047,0.34625492772667543
"[7, 0, 0, 0, 2, 1, 0, 0, 3, 0, 0, 0, 2, 0, 0, 0, 7, 0, 0, 0, 4, 188, 0, 0, 1, 4, 0, 0, 4, 85, 0, 0, 4, 73, 0, 0, 1, 4, 0, 0, 7, 0, 0, 0, 7, 0, 0, 0]",0.6937223029136658,0.5,0.4985358711566618,0.44743758212877793,0.471606648199446,0.5499342969776609
"[6, 52, 1, 0, 2, 1, 0, 0, 4, 410, 0, 0, 4, 100, 0, 0, 7, 0, 0, 0, 7, 0, 0, 0, 7, 0, 0, 0, 4, 284, 0, 0, 7, 0, 0, 0, 4, 45, 0, 0, 7, 0, 0, 0, 7, 0, 0, 0]",0.6935336112976074,0.5,0.5032637075718016,0.5065703022339028,0.5049115913555993,0.5
"[5, 0, 0, 0, 7, 0, 0, 0, 3, 0, 0, 0, 1, 4, 0, 0, 7, 0, 0, 0, 7, 0, 0, 0, 7, 0, 0, 0, 7, 0, 0, 0, 7, 0, 0, 0, 3, 0, 0, 0, 4, 457, 0, 0, 7, 0, 0, 0]",0.6983325862884522,0.5,0.5037406483790524,0.5308804204993429,0.5169545745361485,0.47700394218134035
"[1, 4, 0, 0, 6, 57, 3, 0, 7, 0, 0, 0, 1, 4, 0, 0, 1, 4, 0, 0, 7, 0, 0, 0, 4, 202, 0, 0, 1, 4, 0, 0, 7, 0, 0, 0, 7, 0, 0, 0, 4, 19, 0, 0, 7, 0, 0, 0]",0.694886167049408,0.5,0.5154707044107966,0.514454664914586,0.5149621834922723,0.5164257555847569
"[1, 4, 0, 0, 1, 4, 0, 0, 7, 0, 0, 0, 8, 3, 2, 0, 3, 0, 0, 0, 1, 4, 0, 0, 2, 1, 0, 0, 2, 0, 0, 0, 7, 0, 0, 0, 1, 4, 0, 0, 5, 0, 0, 0, 4, 100, 0, 0]",0.6948399806022644,0.5,0.4930509596293845,0.4894875164257556,0.49126277612924496,0.4967148488830486
"[4, 389, 0, 0, 7, 0, 0, 0, 7, 0, 0, 0, 7, 0, 0, 0, 7, 0, 0, 0, 7, 0, 0, 0, 7, 0, 0, 0, 7, 0, 0, 0, 7, 0, 0, 0, 7, 0, 0, 0, 7, 0, 0, 0, 7, 0, 0, 0]",0.6938192653656006,0.5,0.49914334665905197,0.5742444152431012,0.5340666055606478,0.42378449408672797
"[4, 230, 0, 0, 7, 0, 0, 0, 7, 0, 0, 0, 1, 4, 0, 0, 7, 0, 0, 0, 4, 299, 0, 0, 7, 0, 0, 0, 7, 0, 0, 0, 1, 4, 0, 0, 7, 0, 0, 0, 7, 0, 0, 0, 7, 0, 0, 0]",0.6936061263084412,0.5,0.492091388400703,0.5519053876478318,0.5202849179312481,0.43035479632063073
"[1, 4, 0, 0, 2, 1, 0, 0, 2, 1, 0, 0, 6, 13, 1, 0, 3, 0, 0, 0, 4, 38, 0, 0, 7, 0, 0, 0, 7, 0, 0, 0, 1, 4, 0, 0, 7, 0, 0, 0, 4, 300, 0, 0, 7, 0, 0, 0]",0.6936108112335205,0.5,0.49,0.4185282522996058,0.4514528703047484,0.5643889618922471
"[3, 0, 0, 0, 6, 8, 4, 0, 7, 0, 0, 0, 2, 0, 0, 0, 5, 0, 0, 0, 7, 0, 0, 0, 8, 2, 1, 0, 7, 0, 0, 0, 7, 0, 0, 0, 7, 0, 0, 0, 7, 0, 0, 0, 7, 0, 0, 0]",0.6941770839691163,0.5,0.4815106215578285,0.4021024967148489,0.43823845327604727,0.5670170827858082
"[1, 4, 0, 0, 7, 0, 0, 0, 1, 4, 0, 0, 3, 0, 0, 0, 7, 0, 0, 0, 1, 4, 0, 0, 3, 0, 0, 0, 1, 4, 0, 0, 1, 4, 0, 0, 7, 0, 0, 0, 0, 13, 1, 0, 4, 252, 0, 0]",0.6929160976409912,0.5,0.4871987951807229,0.42509855453350853,0.45403508771929824,0.5525624178712221
"[7, 0, 0, 0, 3, 0, 0, 0, 5, 0, 0, 0, 4, 168, 0, 0, 1, 4, 0, 0, 7, 0, 0, 0, 7, 0, 0, 0, 7, 0, 0, 0, 1, 4, 0, 0, 7, 0, 0, 0, 7, 0, 0, 0, 7, 0, 0, 0]",0.6960196018218994,0.5,0.4954367666232073,0.49934296977660975,0.4973821989528796,0.4914586070959264
"[2, 1, 0, 0, 1, 4, 0, 0, 3, 0, 0, 0, 7, 0, 0, 0, 1, 4, 0, 0, 7, 0, 0, 0, 7, 0, 0, 0, 2, 0, 0, 0, 8, 1, 1, 0, 7, 0, 0, 0, 4, 158, 0, 0, 7, 0, 0, 0]",0.6946168422698975,0.5,0.5055079559363526,0.5427069645203679,0.523447401774398,0.469119579500657
"[8, 0, 2, 0, 2, 1, 0, 0, 7, 0, 0, 0, 8, 1, 2, 0, 7, 0, 0, 0, 3, 0, 0, 0, 2, 0, 0, 0, 7, 0, 0, 0, 7, 0, 0, 0, 1, 4, 0, 0, 1, 4, 0, 0, 7, 0, 0, 0]",0.7047074246406555,0.5,0.5080831408775982,0.4336399474375821,0.46791917759659696,0.5801576872536137
"[7, 0, 0, 0, 7, 0, 0, 0, 4, 379, 0, 0, 1, 4, 0, 0, 7, 0, 0, 0, 7, 0, 0, 0, 4, 461, 0, 0, 7, 0, 0, 0, 1, 4, 0, 0, 7, 0, 0, 0, 7, 0, 0, 0, 1, 4, 0, 0]",0.6934653496742249,0.5,0.48152866242038217,0.4967148488830486,0.4890038809831824,0.4651773981603154
"[2, 0, 0, 0, 6, 45, 1, 0, 3, 0, 0, 0, 2, 1, 0, 0, 2, 1, 0, 0, 3, 0, 0, 0, 0, 31, 1, 0, 4, 51, 0, 0, 7, 0, 0, 0, 7, 0, 0, 0, 7, 0, 0, 0, 1, 4, 0, 0]",0.6969352602958679,0.5,0.4801043705153294,0.4835742444152431,0.4818330605564648,0.4763469119579501
"[5, 0, 0, 0, 7, 0, 0, 0, 1, 4, 0, 0, 7, 0, 0, 0, 8, 1, 1, 0, 3, 0, 0, 0, 1, 4, 0, 0, 4, 329, 0, 0, 7, 0, 0, 0, 1, 4, 0, 0, 7, 0, 0, 0, 7, 0, 0, 0]",0.6979846143722535,0.5,0.5024526979677646,0.47109067017082784,0.4862665310274669,0.533508541392904
"[3, 0, 0, 0, 0, 5, 1, 0, 1, 5, 0, 0, 2, 1, 0, 0, 7, 0, 0, 0, 7, 0, 0, 0, 6, 44, 4, 0, 8, 2, 2, 0, 2, 0, 0, 0, 4, 204, 0, 0, 7, 0, 0, 0, 7, 0, 0, 0]",0.6934965491294861,0.5,0.49571984435797667,0.4185282522996058,0.4538653366583541,0.5742444152431012
"[6, 38, 1, 0, 4, 323, 0, 0, 7, 0, 0, 0, 1, 4, 0, 0, 7, 0, 0, 0, 7, 0, 0, 0, 1, 4, 0, 0, 7, 0, 0, 0, 7, 0, 0, 0, 7, 0, 0, 0, 7, 0, 0, 0, 7, 0, 0, 0]",0.6960532021522522,0.5,0.494299128101945,0.48423127463863336,0.48921340856289414,0.5045992115637319
"[2, 1, 0, 0, 2, 1, 0, 0, 8, 1, 2, 0, 4, 304, 0, 0, 4, 325, 0, 0, 4, 131, 0, 0, 4, 382, 0, 0, 7, 0, 0, 0, 1, 4, 0, 0, 7, 0, 0, 0, 7, 0, 0, 0, 4, 375, 0, 0]",0.6931614232063293,0.5,0.49361702127659574,0.6097240473061761,0.5455614344503233,0.3745072273324573
"[7, 0, 0, 0, 8, 1, 2, 0, 0, 10, 0, 0, 1, 10, 0, 0, 7, 0, 0, 0, 8, 3, 1, 0, 8, 1, 1, 0, 3, 0, 0, 0, 6, 4, 4, 0, 3, 0, 0, 0, 3, 0, 0, 0, 3, 0, 0, 0]",0.6984535551071167,0.5,0.5072368421052632,0.5065703022339028,0.5069033530571992,0.5078843626806833
"[8, 0, 1, 0, 4, 106, 0, 0, 1, 4, 0, 0, 7, 0, 0, 0, 1, 4, 0, 0, 7, 0, 0, 0, 7, 0, 0, 0, 7, 0, 0, 0, 7, 0, 0, 0, 7, 0, 0, 0, 7, 0, 0, 0, 1, 4, 0, 0]",0.69628408908844,0.5,0.5121212121212121,0.44415243101182655,0.4757213230119634,0.5768725361366623
"[0, 26, 0, 0, 0, 17, 0, 0, 6, 24, 4, 0, 4, 94, 0, 0, 1, 4, 0, 0, 1, 4, 0, 0, 7, 0, 0, 0, 7, 0, 0, 0, 7, 0, 0, 0, 7, 0, 0, 0, 7, 0, 0, 0, 4, 170, 0, 0]",0.6932750248908996,0.5,0.49212034383954156,0.45137976346911957,0.4708704592186429,0.5341655716162943
"[6, 16, 4, 0, 8, 1, 1, 0, 0, 21, 1, 0, 7, 0, 0, 0, 7, 0, 0, 0, 7, 0, 0, 0, 7, 0, 0, 0, 8, 3, 1, 0, 1, 4, 0, 0, 4, 203, 0, 0, 7, 0, 0, 0, 4, 362, 0, 0]",0.6940537047386169,0.5,0.493009565857248,0.44021024967148487,0.46511627906976744,0.5473061760840998
"[2, 0, 0, 0, 1, 4, 0, 0, 6, 12, 4, 0, 4, 463, 0, 0, 7, 0, 0, 0, 7, 0, 0, 0, 4, 101, 0, 0, 7, 0, 0, 0, 1, 4, 0, 0, 7, 0, 0, 0, 7, 0, 0, 0, 7, 0, 0, 0]",0.6934852218627929,0.5,0.5068946497517927,0.6038107752956636,0.5511244377811094,0.4126149802890933
"[6, 32, 4, 0, 1, 32, 0, 0, 4, 135, 0, 0, 7, 0, 0, 0, 4, 439, 0, 0, 7, 0, 0, 0, 7, 0, 0, 0, 7, 0, 0, 0, 4, 157, 0, 0, 7, 0, 0, 0, 7, 0, 0, 0, 4, 41, 0, 0]",0.6934465765953064,0.5,0.5167785234899329,0.45532194480946125,0.4841075794621027,0.5742444152431012
"[7, 0, 0, 0, 7, 0, 0, 0, 1, 4, 0, 0, 3, 0, 0, 0, 1, 4, 0, 0, 8, 2, 1, 0, 7, 0, 0, 0, 0, 21, 0, 0, 0, 13, 1, 0, 0, 28, 1, 0, 4, 190, 0, 0, 7, 0, 0, 0]",0.693276379108429,0.5,0.5022421524663677,0.5886990801576872,0.5420447670901392,0.41655716162943496
"[6, 4, 4, 0, 7, 0, 0, 0, 7, 0, 0, 0, 8, 3, 1, 0, 3, 0, 0, 0, 0, 22, 0, 0, 1, 22, 0, 0, 8, 1, 2, 0, 2, 1, 0, 0, 8, 1, 2, 0, 7, 0, 0, 0, 5, 0, 0, 0]",0.77111332654953,0.5,0.5006868131868132,0.47897503285151116,0.4895903290799194,0.5223390275952694
"[7, 0, 0, 0, 6, 34, 2, 0, 4, 21, 0, 0, 7, 0, 0, 0, 7, 0, 0, 0, 7, 0, 0, 0, 1, 4, 0, 0, 7, 0, 0, 0, 7, 0, 0, 0, 7, 0, 0, 0, 7, 0, 0, 0, 7, 0, 0, 0]",0.6991709876060486,0.5,0.5040234089246525,0.45269382391590013,0.476981654551748,0.5545335085413929
"[3, 0, 0, 0, 0, 28, 0, 0, 8, 2, 1, 0, 3, 0, 0, 0, 3, 0, 0, 0, 4, 214, 0, 0, 7, 0, 0, 0, 4, 314, 0, 0, 7, 0, 0, 0, 7, 0, 0, 0, 7, 0, 0, 0, 7, 0, 0, 0]",0.6932534503936768,0.5,0.5154975530179445,0.4152431011826544,0.45997088791848617,0.6097240473061761
"[2, 0, 0, 0, 0, 9, 0, 0, 2, 0, 0, 0, 6, 36, 2, 0, 0, 20, 1, 0, 3, 0, 0, 0, 4, 361, 0, 0, 7, 0, 0, 0, 7, 0, 0, 0, 7, 0, 0, 0, 4, 123, 0, 0, 7, 0, 0, 0]",0.6930923986434937,0.5,0.5091006423982869,0.6248357424441524,0.5610619469026549,0.39750328515111694
"[8, 0, 1, 0, 0, 7, 1, 0, 7, 0, 0, 0, 6, 32, 4, 0, 7, 0, 0, 0, 0, 22, 0, 0, 8, 1, 1, 0, 7, 0, 0, 0, 1, 4, 0, 0, 7, 0, 0, 0, 7, 0, 0, 0, 0, 25, 0, 0]",0.6935522842407227,0.5,0.5047568710359408,0.6274638633377135,0.5594610427650849,0.3843626806833114
"[3, 0, 0, 0, 7, 0, 0, 0, 2, 0, 0, 0, 5, 0, 0, 0, 7, 0, 0, 0, 7, 0, 0, 0, 7, 0, 0, 0, 7, 0, 0, 0, 7, 0, 0, 0, 7, 0, 0, 0, 3, 0, 0, 0, 8, 2, 2, 0]",0.6938503003120422,0.5,0.507410021171489,0.4724047306176084,0.48928206873086083,0.5413929040735874
"[2, 0, 0, 0, 4, 100, 0, 0, 7, 0, 0, 0, 7, 0, 0, 0, 7, 0, 0, 0, 7, 0, 0, 0, 1, 4, 0, 0, 7, 0, 0, 0, 7, 0, 0, 0, 7, 0, 0, 0, 4, 324, 0, 0, 7, 0, 0, 0]",0.6938640713691712,0.5,0.5189873417721519,0.48488830486202367,0.501358695652174,0.5505913272010512
"[2, 1, 0, 0, 0, 18, 1, 0, 4, 187, 0, 0, 7, 0, 0, 0, 7, 0, 0, 0, 7, 0, 0, 0, 7, 0, 0, 0, 1, 4, 0, 0, 7, 0, 0, 0, 7, 0, 0, 0, 4, 494, 0, 0, 4, 8, 0, 0]",0.6967739295959473,0.5,0.4886677722498618,0.580814717477004,0.5307715400780546,0.39224704336399474
"[8, 0, 1, 0, 7, 0, 0, 0, 3, 0, 0, 0, 3, 0, 0, 0, 7, 0, 0, 0, 6, 40, 2, 0, 4, 501, 0, 0, 7, 0, 0, 0, 7, 0, 0, 0, 7, 0, 0, 0, 7, 0, 0, 0, 7, 0, 0, 0]",0.6934853315353393,0.5,0.5039145907473309,0.4651773981603154,0.4837717799795012,0.5420499342969777
"[4, 511, 0, 0, 7, 0, 0, 0, 4, 18, 0, 0, 7, 0, 0, 0, 7, 0, 0, 0, 1, 4, 0, 0, 7, 0, 0, 0, 1, 4, 0, 0, 4, 409, 0, 0, 7, 0, 0, 0, 7, 0, 0, 0, 7, 0, 0, 0]",0.6933858728408814,0.5,0.49143532191376255,0.5466491458607096,0.5175738724727839,0.4342969776609724
"[3, 0, 0, 0, 6, 40, 4, 0, 2, 1, 0, 0, 1, 4, 0, 0, 3, 0, 0, 0, 1, 4, 0, 0, 1, 4, 0, 0, 0, 5, 1, 0, 0, 13, 0, 0, 1, 13, 0, 0, 7, 0, 0, 0, 5, 0, 0, 0]",0.7054773402214051,0.5,0.49501246882793015,0.5216819973718791,0.5079974408189379,0.46780551905387646
"[4, 283, 0, 0, 7, 0, 0, 0, 7, 0, 0, 0, 7, 0, 0, 0, 7, 0, 0, 0, 7, 0, 0, 0, 7, 0, 0, 0, 7, 0, 0, 0, 1, 4, 0, 0, 7, 0, 0, 0, 7, 0, 0, 0, 7, 0, 0, 0]",0.6953982496261597,0.5,0.4984690753214942,0.5348226018396847,0.5160063391442156,0.461892247043364
"[4, 330, 0, 0, 7, 0, 0, 0, 7, 0, 0, 0, 7, 0, 0, 0, 7, 0, 0, 0, 7, 0, 0, 0, 4, 445, 0, 0, 7, 0, 0, 0, 7, 0, 0, 0, 7, 0, 0, 0, 7, 0, 0, 0, 7, 0, 0, 0]",0.6931240320205688,0.5,0.5009475679090335,0.5210249671484888,0.5107890499194847,0.480946123521682
"[7, 0, 0, 0, 1, 4, 0, 0, 7, 0, 0, 0, 7, 0, 0, 0, 6, 32, 4, 0, 1, 32, 0, 0, 7, 0, 0, 0, 3, 0, 0, 0, 7, 0, 0, 0, 3, 0, 0, 0, 4, 136, 0, 0, 7, 0, 0, 0]",0.6975557398796082,0.5,0.5016611295681063,0.49605781865965837,0.4988437396762471,0.507227332457293
"[7, 0, 0, 0, 8, 1, 2, 0, 2, 0, 0, 0, 4, 105, 0, 0, 1, 4, 0, 0, 7, 0, 0, 0, 7, 0, 0, 0, 1, 4, 0, 0, 7, 0, 0, 0, 7, 0, 0, 0, 7, 0, 0, 0, 1, 4, 0, 0]",0.6955342006683349,0.5,0.4956584659913169,0.450065703022339,0.47176308539944906,0.5420499342969777
"[1, 4, 0, 0, 2, 0, 0, 0, 4, 73, 0, 0, 7, 0, 0, 0, 7, 0, 0, 0, 7, 0, 0, 0, 7, 0, 0, 0, 7, 0, 0, 0, 1, 4, 0, 0, 7, 0, 0, 0, 7, 0, 0, 0, 7, 0, 0, 0]",0.6966434717178345,0.5,0.48947778643803586,0.4126149802890933,0.4477718360071301,0.5696452036793692
"[7, 0, 0, 0, 0, 14, 0, 0, 6, 8, 4, 0, 8, 1, 2, 0, 4, 84, 0, 0, 7, 0, 0, 0, 4, 445, 0, 0, 7, 0, 0, 0, 7, 0, 0, 0, 7, 0, 0, 0, 7, 0, 0, 0, 1, 4, 0, 0]",0.6935865712165833,0.5,0.479394449116905,0.3745072273324573,0.4205090372556252,0.5932982917214192
"[8, 0, 2, 0, 7, 0, 0, 0, 0, 23, 1, 0, 6, 58, 1, 0, 0, 24, 0, 0, 7, 0, 0, 0, 1, 4, 0, 0, 8, 1, 1, 0, 2, 0, 0, 0, 4, 276, 0, 0, 7, 0, 0, 0, 7, 0, 0, 0]",0.695506067276001,0.5,0.5003182686187142,0.5164257555847569,0.5082444228903976,0.48423127463863336
"[1, 4, 0, 0, 1, 4, 0, 0, 6, 40, 4, 0, 0, 10, 1, 0, 1, 10, 0, 0, 3, 0, 0, 0, 7, 0, 0, 0, 0, 27, 1, 0, 5, 0, 0, 0, 7, 0, 0, 0, 7, 0, 0, 0, 3, 0, 0, 0]",0.6929027771949768,0.5,0.4853205512282804,0.5321944809461235,0.5076778439360702,0.435611038107753
"[8, 0, 2, 0, 0, 25, 1, 0, 7, 0, 0, 0, 0, 15, 1, 0, 4, 466, 0, 0, 1, 4, 0, 0, 7, 0, 0, 0, 7, 0, 0, 0, 7, 0, 0, 0, 7, 0, 0, 0, 1, 4, 0, 0, 7, 0, 0, 0]",0.6955934619903564,0.5,0.4931997136721546,0.45269382391590013,0.4720794792737239,0.5348226018396847
"[7, 0, 0, 0, 0, 8, 1, 0, 8, 2, 1, 0, 3, 0, 0, 0, 3, 0, 0, 0, 3, 0, 0, 0, 2, 0, 0, 0, 1, 4, 0, 0, 0, 6, 1, 0, 6, 21, 3, 0, 2, 0, 0, 0, 5, 0, 0, 0]",0.6931930875778198,0.5,0.5024128686327077,0.6156373193166885,0.5532919988190139,0.3902759526938239
"[1, 4, 0, 0, 2, 0, 0, 0, 7, 0, 0, 0, 1, 4, 0, 0, 7, 0, 0, 0, 3, 0, 0, 0, 4, 295, 0, 0, 4, 344, 0, 0, 7, 0, 0, 0, 7, 0, 0, 0, 7, 0, 0, 0, 7, 0, 0, 0]",0.6937970066070557,0.5,0.5032537960954447,0.45729303547963207,0.47917383820998277,0.5486202365308804
"[7, 0, 0, 0, 1, 4, 0, 0, 7, 0, 0, 0, 2, 1, 0, 0, 3, 0, 0, 0, 7, 0, 0, 0, 7, 0, 0, 0, 7, 0, 0, 0, 6, 51, 3, 0, 7, 0, 0, 0, 1, 4, 0, 0, 0, 12, 1, 0]",0.6946025943756103,0.5,0.5016458196181699,0.5006570302233903,0.5011509371917132,0.5026281208935611
"[2, 1, 0, 0, 1, 4, 0, 0, 0, 30, 0, 0, 4, 363, 0, 0, 7, 0, 0, 0, 7, 0, 0, 0, 1, 4, 0, 0, 7, 0, 0, 0, 7, 0, 0, 0, 1, 4, 0, 0, 7, 0, 0, 0, 7, 0, 0, 0]",0.6960683202743531,0.5,0.49271844660194175,0.533508541392904,0.5123028391167193,0.4507227332457293
"[6, 28, 4, 0, 1, 28, 0, 0, 2, 0, 0, 0, 7, 0, 0, 0, 1, 4, 0, 0, 0, 27, 0, 0, 7, 0, 0, 0, 8, 2, 1, 0, 7, 0, 0, 0, 8, 2, 2, 0, 3, 0, 0, 0, 7, 0, 0, 0]",0.6931287431716919,0.5,0.48707197763801535,0.4579500657030223,0.4720623095157467,0.5177398160315374
"[7, 0, 0, 0, 1, 4, 0, 0, 0, 4, 1, 0, 7, 0, 0, 0, 6, 32, 4, 0, 8, 2, 1, 0, 3, 0, 0, 0, 0, 29, 1, 0, 1, 29, 0, 0, 0, 8, 0, 0, 3, 0, 0, 0, 0, 28, 1, 0]",0.6926028013229371,0.5,0.5045992115637319,0.5045992115637319,0.5045992115637319,0.5045992115637319
"[6, 51, 3, 0, 0, 4, 1, 0, 7, 0, 0, 0, 7, 0, 0, 0, 4, 139, 0, 0, 1, 4, 0, 0, 7, 0, 0, 0, 4, 327, 0, 0, 1, 4, 0, 0, 7, 0, 0, 0, 7, 0, 0, 0, 1, 4, 0, 0]",0.6941412329673767,0.5,0.49437570303712036,0.5775295663600526,0.5327272727272727,0.40932982917214195
"[2, 0, 0, 0, 2, 0, 0, 0, 6, 60, 4, 0, 8, 2, 2, 0, 1, 4, 0, 0, 7, 0, 0, 0, 2, 1, 0, 0, 2, 0, 0, 0, 2, 1, 0, 0, 7, 0, 0, 0, 7, 0, 0, 0, 7, 0, 0, 0]",0.7176471972465515,0.5,0.4989561586638831,0.47109067017082784,0.48462318350794187,0.5269382391590013
"[7, 0, 0, 0, 3, 0, 0, 0, 3, 0, 0, 0, 0, 24, 1, 0, 1, 24, 0, 0, 0, 21, 1, 0, 2, 1, 0, 0, 4, 472, 0, 0, 7, 0, 0, 0, 4, 277, 0, 0, 7, 0, 0, 0, 4, 418, 0, 0]",0.6930955100059509,0.5,0.49427480916030536,0.5105124835742444,0.502262443438914,0.4776609724047306
"[2, 1, 0, 0, 2, 1, 0, 0, 4, 177, 0, 0, 7, 0, 0, 0, 7, 0, 0, 0, 7, 0, 0, 0, 1, 4, 0, 0, 1, 4, 0, 0, 1, 4, 0, 0, 7, 0, 0, 0, 1, 4, 0, 0, 7, 0, 0, 0]",0.694920003414154,0.5,0.5061224489795918,0.4888304862023653,0.49732620320855614,0.5229960578186597
"[3, 0, 0, 0, 8, 1, 2, 0, 7, 0, 0, 0, 5, 0, 0, 0, 7, 0, 0, 0, 7, 0, 0, 0, 7, 0, 0, 0, 3, 0, 0, 0, 7, 0, 0, 0, 1, 4, 0, 0, 7, 0, 0, 0, 4, 309, 0, 0]",0.6966972970962524,0.5,0.4878223495702006,0.44743758212877793,0.46675805346127486,0.5302233902759527
"[2, 1, 0, 0, 7, 0, 0, 0, 1, 4, 0, 0, 7, 0, 0, 0, 7, 0, 0, 0, 8, 3, 1, 0, 3, 0, 0, 0, 6, 56, 4, 0, 8, 2, 2, 0, 0, 14, 0, 0, 7, 0, 0, 0, 4, 181, 0, 0]",0.6931958055496216,0.5,0.4912718204488778,0.5177398160315374,0.5041586692258477,0.46386333771353483
"[0, 4, 0, 0, 2, 0, 0, 0, 8, 2, 2, 0, 5, 0, 0, 0, 7, 0, 0, 0, 8, 3, 2, 0, 1, 4, 0, 0, 7, 0, 0, 0, 7, 0, 0, 0, 7, 0, 0, 0, 4, 206, 0, 0, 7, 0, 0, 0]",0.6940238404273987,0.5,0.49751552795031057,0.526281208935611,0.5114942528735632,0.46846254927726677
"[7, 0, 0, 0, 8, 1, 1, 0, 0, 23, 1, 0, 6, 56, 4, 0, 3, 0, 0, 0, 8, 3, 2, 0, 0, 18, 1, 0, 7, 0, 0, 0, 1, 4, 0, 0, 1, 4, 0, 0, 8, 1, 1, 0, 7, 0, 0, 0]",0.7101894664764404,0.5,0.48700754400670576,0.38173455978975035,0.4279926335174954,0.5978975032851511
"[4, 289, 0, 0, 1, 4, 0, 0, 1, 4, 0, 0, 7, 0, 0, 0, 7, 0, 0, 0, 7, 0, 0, 0, 7, 0, 0, 0, 1, 4, 0, 0, 7, 0, 0, 0, 7, 0, 0, 0, 1, 4, 0, 0, 7, 0, 0, 0]",0.6943766689300537,0.5,0.4996699669966997,0.4973718791064389,0.49851827461310505,0.5019710906701709
"[6, 28, 4, 0, 7, 0, 0, 0, 4, 367, 0, 0, 7, 0, 0, 0, 7, 0, 0, 0, 7, 0, 0, 0, 7, 0, 0, 0, 7, 0, 0, 0, 1, 4, 0, 0, 7, 0, 0, 0, 7, 0, 0, 0, 7, 0, 0, 0]",0.695575499534607,0.5,0.4831081081081081,0.37582128777923784,0.42276422764227645,0.5978975032851511
"[4, 229, 0, 0, 4, 257, 0, 0, 7, 0, 0, 0, 7, 0, 0, 0, 7, 0, 0, 0, 4, 495, 0, 0, 7, 0, 0, 0, 7, 0, 0, 0, 7, 0, 0, 0, 4, 290, 0, 0, 7, 0, 0, 0, 7, 0, 0, 0]",0.6934073972702026,0.5,0.4919093851132686,0.49934296977660975,0.49559830453211606,0.48423127463863336
"[8, 0, 1, 0, 4, 311, 0, 0, 7, 0, 0, 0, 1, 4, 0, 0, 4, 308, 0, 0, 4, 346, 0, 0, 7, 0, 0, 0, 4, 240, 0, 0, 7, 0, 0, 0, 7, 0, 0, 0, 7, 0, 0, 0, 7, 0, 0, 0]",0.6934128952026367,0.5,0.493234100135318,0.47897503285151116,0.486,0.5078843626806833
"[0, 10, 1, 0, 4, 63, 0, 0, 4, 207, 0, 0, 7, 0, 0, 0, 7, 0, 0, 0, 1, 4, 0, 0, 7, 0, 0, 0, 7, 0, 0, 0, 7, 0, 0, 0, 7, 0, 0, 0, 7, 0, 0, 0, 7, 0, 0, 0]",0.693521864414215,0.5,0.5078636959370905,0.5091984231274639,0.5085301837270341,0.5065703022339028
"[3, 0, 0, 0, 7, 0, 0, 0, 1, 4, 0, 0, 8, 1, 1, 0, 8, 3, 1, 0, 3, 0, 0, 0, 8, 2, 2, 0, 0, 23, 1, 0, 7, 0, 0, 0, 6, 60, 4, 0, 0, 27, 1, 0, 1, 27, 0, 0]",0.7076338481903076,0.5,0.4992700729927007,0.44940867279894875,0.4730290456431535,0.5492772667542707
"[3, 0, 0, 0, 8, 1, 1, 0, 8, 1, 2, 0, 2, 0, 0, 0, 7, 0, 0, 0, 3, 0, 0, 0, 4, 364, 0, 0, 7, 0, 0, 0, 7, 0, 0, 0, 7, 0, 0, 0, 1, 4, 0, 0, 7, 0, 0, 0]",0.6951463389396667,0.5,0.5017182130584192,0.47963206307490147,0.49042660396372184,0.5236530880420499
"[7, 0, 0, 0, 0, 16, 1, 0, 4, 313, 0, 0, 7, 0, 0, 0, 7, 0, 0, 0, 7, 0, 0, 0, 7, 0, 0, 0, 4, 100, 0, 0, 7, 0, 0, 0, 7, 0, 0, 0, 7, 0, 0, 0, 7, 0, 0, 0]",0.6933114862442017,0.5,0.5128205128205128,0.39421813403416556,0.4457652303120357,0.6254927726675427
"[4, 166, 0, 0, 7, 0, 0, 0, 7, 0, 0, 0, 7, 0, 0, 0, 7, 0, 0, 0, 7, 0, 0, 0, 7, 0, 0, 0, 7, 0, 0, 0, 7, 0, 0, 0, 7, 0, 0, 0, 7, 0, 0, 0, 7, 0, 0, 0]",0.6936183857917786,0.5,0.5024469820554649,0.40473061760841,0.4483260553129549,0.5992115637319316
"[8, 0, 2, 0, 1, 4, 0, 0, 1, 4, 0, 0, 3, 0, 0, 0, 0, 15, 0, 0, 6, 44, 4, 0, 5, 0, 0, 0, 4, 177, 0, 0, 7, 0, 0, 0, 7, 0, 0, 0, 7, 0, 0, 0, 7, 0, 0, 0]",0.693233072757721,0.5,0.49026676279740444,0.4467805519053876,0.46751460983155724,0.5354796320630749
"[7, 0, 0, 0, 8, 1, 2, 0, 0, 23, 1, 0, 3, 0, 0, 0, 6, 56, 4, 0, 8, 2, 1, 0, 4, 116, 0, 0, 7, 0, 0, 0, 7, 0, 0, 0, 7, 0, 0, 0, 1, 4, 0, 0, 7, 0, 0, 0]",0.6964329695701599,0.5,0.4996796925048046,0.5124835742444153,0.5060006487187804,0.4868593955321945
"[1, 4, 0, 0, 8, 1, 1, 0, 6, 39, 3, 0, 2, 0, 0, 0, 7, 0, 0, 0, 1, 4, 0, 0, 8, 3, 1, 0, 8, 1, 2, 0, 8, 1, 1, 0, 2, 1, 0, 0, 7, 0, 0, 0, 1, 4, 0, 0]",0.7106891345977783,0.5,0.497787610619469,0.44349540078843624,0.46907574704656013,0.5525624178712221
"[1, 4, 0, 0, 8, 1, 2, 0, 1, 4, 0, 0, 6, 48, 4, 0, 1, 48, 0, 0, 7, 0, 0, 0, 7, 0, 0, 0, 7, 0, 0, 0, 7, 0, 0, 0, 4, 39, 0, 0, 7, 0, 0, 0, 7, 0, 0, 0]",0.6981923699378967,0.5,0.49817073170731707,0.5367936925098554,0.5167615433270082,0.4592641261498029
"[4, 40, 0, 0, 4, 154, 0, 0, 4, 118, 0, 0, 7, 0, 0, 0, 4, 487, 0, 0, 7, 0, 0, 0, 7, 0, 0, 0, 7, 0, 0, 0, 7, 0, 0, 0, 4, 364, 0, 0, 7, 0, 0, 0, 7, 0, 0, 0]",0.6932874083518982,0.5,0.4977409638554217,0.4342969776609724,0.463859649122807,0.561760840998686
"[2, 0, 0, 0, 6, 33, 3, 0, 7, 0, 0, 0, 0, 25, 1, 0, 7, 0, 0, 0, 7, 0, 0, 0, 7, 0, 0, 0, 8, 3, 2, 0, 1, 4, 0, 0, 0, 9, 1, 0, 7, 0, 0, 0, 5, 0, 0, 0]",0.6939732718467713,0.5,0.48893360160965793,0.47897503285151116,0.4839030866246266,0.49934296977660975
"[3, 0, 0, 0, 0, 11, 0, 0, 1, 11, 0, 0, 4, 434, 0, 0, 7, 0, 0, 0, 7, 0, 0, 0, 4, 23, 0, 0, 1, 4, 0, 0, 4, 340, 0, 0, 7, 0, 0, 0, 7, 0, 0, 0, 7, 0, 0, 0]",0.6933384847640991,0.5,0.4964594807238395,0.41458607095926414,0.45184389545291803,0.5795006570302234
"[2, 0, 0, 0, 0, 19, 1, 0, 4, 438, 0, 0, 7, 0, 0, 0, 7, 0, 0, 0, 1, 4, 0, 0, 7, 0, 0, 0, 7, 0, 0, 0, 7, 0, 0, 0, 7, 0, 0, 0, 7, 0, 0, 0, 7, 0, 0, 0]",0.6944119620323181,0.5,0.48703703703703705,0.3455978975032852,0.404304381245196,0.6360052562417872
"[3, 0, 0, 0, 7, 0, 0, 0, 2, 1, 0, 0, 4, 463, 0, 0, 7, 0, 0, 0, 7, 0, 0, 0, 1, 4, 0, 0, 7, 0, 0, 0, 7, 0, 0, 0, 7, 0, 0, 0, 7, 0, 0, 0, 7, 0, 0, 0]",0.6938103652000427,0.5,0.5075165363800361,0.5545335085413929,0.5299843014128729,0.461892247043364
"[6, 12, 4, 0, 8, 1, 2, 0, 7, 0, 0, 0, 7, 0, 0, 0, 1, 4, 0, 0, 4, 41, 0, 0, 7, 0, 0, 0, 4, 4, 0, 0, 1, 4, 0, 0, 7, 0, 0, 0, 7, 0, 0, 0, 4, 397, 0, 0]",0.6945232033729554,0.5,0.4993894993894994,0.5374507227332457,0.5177215189873418,0.4612352168199737
"[2, 0, 0, 0, 0, 5, 1, 0, 7, 0, 0, 0, 7, 0, 0, 0, 7, 0, 0, 0, 3, 0, 0, 0, 7, 0, 0, 0, 7, 0, 0, 0, 3, 0, 0, 0, 7, 0, 0, 0, 2, 0, 0, 0, 7, 0, 0, 0]",0.6931217551231384,0.5,0.49440188568061283,0.5512483574244416,0.5212799005902454,0.43626806833114323
"[1, 4, 0, 0, 2, 1, 0, 0, 3, 0, 0, 0, 3, 0, 0, 0, 3, 0, 0, 0, 3, 0, 0, 0, 7, 0, 0, 0, 0, 5, 0, 0, 6, 5, 1, 0, 3, 0, 0, 0, 7, 0, 0, 0, 3, 0, 0, 0]",0.6955111360549927,0.5,0.505685618729097,0.4967148488830486,0.5011600928074246,0.514454664914586
"[3, 0, 0, 0, 8, 1, 2, 0, 7, 0, 0, 0, 7, 0, 0, 0, 6, 16, 4, 0, 0, 11, 1, 0, 2, 0, 0, 0, 8, 1, 2, 0, 7, 0, 0, 0, 7, 0, 0, 0, 0, 23, 1, 0, 3, 0, 0, 0]",0.6931835508346558,0.5,0.48390446521287644,0.6123521681997371,0.5406032482598608,0.3469119579500657
"[4, 198, 0, 0, 7, 0, 0, 0, 7, 0, 0, 0, 1, 4, 0, 0, 7, 0, 0, 0, 7, 0, 0, 0, 7, 0, 0, 0, 7, 0, 0, 0, 7, 0, 0, 0, 7, 0, 0, 0, 7, 0, 0, 0, 7, 0, 0, 0]",0.6936741685867309,0.5,0.5110771581359816,0.4395532194480946,0.47262451430589897,0.5795006570302234
"[3, 0, 0, 0, 7, 0, 0, 0, 1, 4, 0, 0, 7, 0, 0, 0, 0, 21, 0, 0, 7, 0, 0, 0, 7, 0, 0, 0, 6, 27, 3, 0, 8, 1, 1, 0, 7, 0, 0, 0, 7, 0, 0, 0, 8, 2, 2, 0]",0.6933080983161927,0.5,0.5131578947368421,0.4612352168199737,0.48581314878892734,0.5624178712220762
"[2, 1, 0, 0, 5, 0, 0, 0, 7, 0, 0, 0, 1, 4, 0, 0, 7, 0, 0, 0, 7, 0, 0, 0, 7, 0, 0, 0, 3, 0, 0, 0, 7, 0, 0, 0, 1, 4, 0, 0, 7, 0, 0, 0, 7, 0, 0, 0]",0.7119092226028443,0.5,0.4983692106979778,0.5019710906701709,0.500163666121113,0.4947437582128778
"[1, 4, 0, 0, 4, 427, 0, 0, 7, 0, 0, 0, 7, 0, 0, 0, 4, 491, 0, 0, 7, 0, 0, 0, 7, 0, 0, 0, 4, 172, 0, 0, 7, 0, 0, 0, 7, 0, 0, 0, 7, 0, 0, 0, 7, 0, 0, 0]",0.6932278561592102,0.5,0.495026778882938,0.42509855453350853,0.4574054436196536,0.5663600525624178
"[6, 20, 4, 0, 0, 15, 0, 0, 3, 0, 0, 0, 7, 0, 0, 0, 2, 0, 0, 0, 1, 4, 0, 0, 3, 0, 0, 0, 2, 1, 0, 0, 7, 0, 0, 0, 8, 3, 1, 0, 0, 28, 1, 0, 0, 18, 0, 0]",0.6932524180412293,0.5,0.49274486094316805,0.5354796320630749,0.5132241813602015,0.4487516425755585
"[0, 29, 1, 0, 2, 1, 0, 0, 6, 24, 4, 0, 7, 0, 0, 0, 4, 438, 0, 0, 7, 0, 0, 0, 7, 0, 0, 0, 7, 0, 0, 0, 1, 4, 0, 0, 7, 0, 0, 0, 7, 0, 0, 0, 7, 0, 0, 0]",0.6959048509597778,0.5,0.4942212438084755,0.5900131406044679,0.5378855944893681,0.3961892247043364
"[0, 6, 1, 0, 7, 0, 0, 0, 0, 5, 1, 0, 4, 290, 0, 0, 7, 0, 0, 0, 7, 0, 0, 0, 7, 0, 0, 0, 7, 0, 0, 0, 4, 293, 0, 0, 7, 0, 0, 0, 7, 0, 0, 0, 7, 0, 0, 0]",0.6931936764717102,0.5,0.5206438068579426,0.4888304862023653,0.5042358522534734,0.5499342969776609
"[4, 244, 0, 0, 7, 0, 0, 0, 7, 0, 0, 0, 7, 0, 0, 0, 7, 0, 0, 0, 7, 0, 0, 0, 7, 0, 0, 0, 7, 0, 0, 0, 7, 0, 0, 0, 7, 0, 0, 0, 7, 0, 0, 0, 1, 4, 0, 0]",0.6956091976165771,0.5,0.48741123305358297,0.49605781865965837,0.49169651579290136,0.4783180026281209
"[3, 0, 0, 0, 1, 4, 0, 0, 2, 1, 0, 0, 1, 4, 0, 0, 5, 0, 0, 0, 7, 0, 0, 0, 4, 280, 0, 0, 7, 0, 0, 0, 7, 0, 0, 0, 7, 0, 0, 0, 7, 0, 0, 0, 1, 4, 0, 0]",0.6956476855278015,0.5,0.4908616187989556,0.4940867279894875,0.49246889325474785,0.48751642575558474
"[7, 0, 0, 0, 0, 21, 0, 0, 6, 8, 4, 0, 3, 0, 0, 0, 7, 0, 0, 0, 7, 0, 0, 0, 7, 0, 0, 0, 4, 51, 0, 0, 7, 0, 0, 0, 7, 0, 0, 0, 7, 0, 0, 0, 7, 0, 0, 0]",0.6940938377380371,0.5,0.5060869565217392,0.573587385019711,0.537727132737912,0.44021024967148487
"[8, 0, 2, 0, 7, 0, 0, 0, 2, 0, 0, 0, 1, 4, 0, 0, 0, 30, 0, 0, 4, 70, 0, 0, 7, 0, 0, 0, 7, 0, 0, 0, 7, 0, 0, 0, 1, 4, 0, 0, 7, 0, 0, 0, 7, 0, 0, 0]",0.6964178538322449,0.5,0.5070250458155162,0.545335085413929,0.5254827477049699,0.46977660972404733
"[7, 0, 0, 0, 5, 0, 0, 0, 7, 0, 0, 0, 7, 0, 0, 0, 7, 0, 0, 0, 7, 0, 0, 0, 3, 0, 0, 0, 4, 274, 0, 0, 7, 0, 0, 0, 7, 0, 0, 0, 4, 441, 0, 0, 7, 0, 0, 0]",0.6936240029335022,0.5,0.5043017868960953,0.5006570302233903,0.5024727992087042,0.5078843626806833
"[3, 0, 0, 0, 3, 0, 0, 0, 7, 0, 0, 0, 6, 32, 4, 0, 7, 0, 0, 0, 8, 1, 2, 0, 7, 0, 0, 0, 4, 398, 0, 0, 7, 0, 0, 0, 7, 0, 0, 0, 7, 0, 0, 0, 4, 321, 0, 0]",0.6933986878395081,0.5,0.5075255869957856,0.5538764783180026,0.529688972667295,0.46254927726675427
"[8, 0, 2, 0, 3, 0, 0, 0, 3, 0, 0, 0, 2, 1, 0, 0, 8, 1, 1, 0, 2, 1, 0, 0, 4, 41, 0, 0, 7, 0, 0, 0, 7, 0, 0, 0, 7, 0, 0, 0, 7, 0, 0, 0, 1, 4, 0, 0]",0.6959802365303039,0.5,0.49869281045751634,0.5013140604467805,0.5,0.49605781865965837
"[0, 9, 0, 0, 8, 1, 2, 0, 4, 11, 0, 0, 7, 0, 0, 0, 4, 311, 0, 0, 7, 0, 0, 0, 7, 0, 0, 0, 7, 0, 0, 0, 4, 197, 0, 0, 4, 173, 0, 0, 7, 0, 0, 0, 7, 0, 0, 0]",0.6932836723327637,0.5,0.5118230358504958,0.4408672798948752,0.4737027885633604,0.5795006570302234
"[0, 23, 0, 0, 6, 24, 3, 0, 5, 0, 0, 0, 4, 462, 0, 0, 7, 0, 0, 0, 7, 0, 0, 0, 7, 0, 0, 0, 4, 80, 0, 0, 1, 4, 0, 0, 7, 0, 0, 0, 7, 0, 0, 0, 7, 0, 0, 0]",0.6939134335517884,0.5,0.48896434634974534,0.5676741130091985,0.5253876558224384,0.4067017082785808
"[4, 53, 0, 0, 7, 0, 0, 0, 7, 0, 0, 0, 7, 0, 0, 0, 7, 0, 0, 0, 4, 492, 0, 0, 7, 0, 0, 0, 7, 0, 0, 0, 7, 0, 0, 0, 7, 0, 0, 0, 7, 0, 0, 0, 7, 0, 0, 0]",0.6935783767700195,0.5,0.5105868118572293,0.5545335085413929,0.5316535433070866,0.46846254927726677
"[6, 56, 4, 0, 1, 56, 0, 0, 1, 4, 0, 0, 7, 0, 0, 0, 7, 0, 0, 0, 8, 2, 2, 0, 8, 1, 1, 0, 7, 0, 0, 0, 2, 0, 0, 0, 1, 4, 0, 0, 3, 0, 0, 0, 7, 0, 0, 0]",0.7143162560462951,0.5,0.49661246612466126,0.4816031537450723,0.48899266177451634,0.511826544021025
"[6, 32, 4, 0, 4, 387, 0, 0, 4, 107, 0, 0, 7, 0, 0, 0, 7, 0, 0, 0, 7, 0, 0, 0, 7, 0, 0, 0, 4, 187, 0, 0, 7, 0, 0, 0, 7, 0, 0, 0, 7, 0, 0, 0, 7, 0, 0, 0]",0.6933986330032349,0.5,0.5082399472643375,0.5065703022339028,0.5074037512339585,0.5098554533508541
"[8, 0, 1, 0, 1, 4, 0, 0, 0, 9, 1, 0, 7, 0, 0, 0, 3, 0, 0, 0, 3, 0, 0, 0, 7, 0, 0, 0, 6, 20, 4, 0, 2, 0, 0, 0, 2, 0, 0, 0, 0, 20, 0, 0, 1, 20, 0, 0]",0.7036524248123169,0.5,0.4869230769230769,0.4159001314060447,0.44861800141743446,0.561760840998686
"[5, 0, 0, 0, 4, 74, 0, 0, 7, 0, 0, 0, 7, 0, 0, 0, 4, 339, 0, 0, 7, 0, 0, 0, 4, 260, 0, 0, 7, 0, 0, 0, 7, 0, 0, 0, 7, 0, 0, 0, 4, 167, 0, 0, 7, 0, 0, 0]",0.6930957579612732,0.5,0.5010660980810234,0.4632063074901445,0.4813929668828952,0.5387647831800263
"[2, 0, 0, 0, 8, 1, 2, 0, 6, 20, 2, 0, 7, 0, 0, 0, 4, 508, 0, 0, 7, 0, 0, 0, 7, 0, 0, 0, 7, 0, 0, 0, 7, 0, 0, 0, 7, 0, 0, 0, 7, 0, 0, 0, 4, 314, 0, 0]",0.6932880043983459,0.5,0.5073627844712182,0.4980289093298292,0.5026525198938993,0.5164257555847569
"[0, 19, 1, 0, 2, 0, 0, 0, 4, 312, 0, 0, 7, 0, 0, 0, 4, 433, 0, 0, 7, 0, 0, 0, 7, 0, 0, 0, 7, 0, 0, 0, 7, 0, 0, 0, 7, 0, 0, 0, 7, 0, 0, 0, 1, 4, 0, 0]",0.6936728310585022,0.5,0.4988962472406181,0.5939553219448095,0.5422915416916617,0.40341655716162944
"[0, 6, 0, 0, 3, 0, 0, 0, 8, 2, 2, 0, 3, 0, 0, 0, 6, 26, 2, 0, 7, 0, 0, 0, 7, 0, 0, 0, 3, 0, 0, 0, 4, 466, 0, 0, 7, 0, 0, 0, 7, 0, 0, 0, 7, 0, 0, 0]",0.6933150386810303,0.5,0.4900086880973067,0.37056504599211565,0.4219977553310887,0.614323258869908
"[0, 30, 0, 0, 0, 20, 1, 0, 2, 0, 0, 0, 6, 9, 3, 0, 3, 0, 0, 0, 7, 0, 0, 0, 0, 10, 1, 0, 7, 0, 0, 0, 2, 1, 0, 0, 3, 0, 0, 0, 3, 0, 0, 0, 2, 0, 0, 0]",0.6931055164337159,0.5,0.5215089344804765,0.5177398160315374,0.5196175403890537,0.5249671484888305
"[4, 329, 0, 0, 7, 0, 0, 0, 1, 4, 0, 0, 7, 0, 0, 0, 1, 4, 0, 0, 7, 0, 0, 0, 7, 0, 0, 0, 1, 4, 0, 0, 4, 480, 0, 0, 7, 0, 0, 0, 7, 0, 0, 0, 7, 0, 0, 0]",0.6936809515953064,0.5,0.4991160872127283,0.5565045992115637,0.5262503883193539,0.44152431011826543
"[3, 0, 0, 0, 2, 0, 0, 0, 1, 4, 0, 0, 7, 0, 0, 0, 7, 0, 0, 0, 7, 0, 0, 0, 1, 4, 0, 0, 7, 0, 0, 0, 6, 48, 3, 0, 1, 48, 0, 0, 7, 0, 0, 0, 0, 17, 1, 0]",0.6958596181869506,0.5,0.4896073903002309,0.557161629434954,0.5212046711739398,0.4191852825229961
"[7, 0, 0, 0, 8, 1, 2, 0, 8, 1, 2, 0, 8, 2, 1, 0, 4, 467, 0, 0, 7, 0, 0, 0, 4, 141, 0, 0, 7, 0, 0, 0, 1, 4, 0, 0, 7, 0, 0, 0, 4, 248, 0, 0, 7, 0, 0, 0]",0.6933425521850586,0.5,0.5262421273617914,0.4940867279894875,0.5096577431379193,0.5551905387647832
"[7, 0, 0, 0, 7, 0, 0, 0, 6, 52, 4, 0, 7, 0, 0, 0, 3, 0, 0, 0, 7, 0, 0, 0, 7, 0, 0, 0, 7, 0, 0, 0, 7, 0, 0, 0, 0, 31, 1, 0, 4, 265, 0, 0, 7, 0, 0, 0]",0.6933031892776489,0.5,0.5024660912453761,0.5354796320630749,0.5184478371501272,0.46977660972404733
"[3, 0, 0, 0, 4, 308, 0, 0, 7, 0, 0, 0, 7, 0, 0, 0, 4, 124, 0, 0, 4, 259, 0, 0, 7, 0, 0, 0, 7, 0, 0, 0, 7, 0, 0, 0, 7, 0, 0, 0, 7, 0, 0, 0, 7, 0, 0, 0]",0.6936703777313232,0.5,0.5043541364296081,0.45663600525624176,0.4793103448275862,0.5512483574244416
"[7, 0, 0, 0, 6, 60, 4, 0, 7, 0, 0, 0, 0, 23, 1, 0, 0, 9, 0, 0, 7, 0, 0, 0, 0, 16, 0, 0, 3, 0, 0, 0, 1, 4, 0, 0, 1, 4, 0, 0, 7, 0, 0, 0, 5, 0, 0, 0]",0.7026060819625854,0.5,0.5131118881118881,0.385676741130092,0.44036009002250565,0.6340341655716163
"[5, 0, 0, 0, 4, 246, 0, 0, 7, 0, 0, 0, 7, 0, 0, 0, 4, 178, 0, 0, 4, 470, 0, 0, 7, 0, 0, 0, 7, 0, 0, 0, 7, 0, 0, 0, 7, 0, 0, 0, 7, 0, 0, 0, 7, 0, 0, 0]",0.6933034944534302,0.5,0.5009096422073984,0.5427069645203679,0.5209713024282561,0.4592641261498029
"[6, 32, 4, 0, 1, 32, 0, 0, 2, 0, 0, 0, 7, 0, 0, 0, 4, 320, 0, 0, 4, 133, 0, 0, 7, 0, 0, 0, 4, 142, 0, 0, 7, 0, 0, 0, 7, 0, 0, 0, 7, 0, 0, 0, 4, 227, 0, 0]",0.6934417676925659,0.5,0.5077014218009479,0.5630749014454665,0.5339563862928349,0.4540078843626807
"[3, 0, 0, 0, 6, 24, 4, 0, 8, 1, 1, 0, 8, 1, 1, 0, 4, 129, 0, 0, 7, 0, 0, 0, 7, 0, 0, 0, 4, 384, 0, 0, 7, 0, 0, 0, 7, 0, 0, 0, 7, 0, 0, 0, 7, 0, 0, 0]",0.6931829047203064,0.5,0.48413705583756345,0.5013140604467805,0.4925758553905746,0.46583442838370565
"[7, 0, 0, 0, 8, 1, 2, 0, 2, 1, 0, 0, 6, 29, 1, 0, 0, 22, 1, 0, 1, 22, 0, 0, 3, 0, 0, 0, 2, 0, 0, 0, 8, 2, 1, 0, 7, 0, 0, 0, 8, 2, 1, 0, 8, 2, 2, 0]",0.7364795970916748,0.5,0.4872705743043221,0.5407358738501971,0.5126128931796948,0.43101182654402104
"[2, 0, 0, 0, 6, 52, 4, 0, 1, 52, 0, 0, 7, 0, 0, 0, 0, 13, 0, 0, 0, 10, 1, 0, 8, 2, 2, 0, 7, 0, 0, 0, 7, 0, 0, 0, 0, 5, 0, 0, 7, 0, 0, 0, 8, 2, 1, 0]",0.6930963802337646,0.5,0.4929889298892989,0.43889618922470436,0.4643726103580118,0.5486202365308804
"[0, 12, 0, 0, 7, 0, 0, 0, 6, 40, 2, 0, 4, 408, 0, 0, 7, 0, 0, 0, 7, 0, 0, 0, 7, 0, 0, 0, 7, 0, 0, 0, 7, 0, 0, 0, 7, 0, 0, 0, 7, 0, 0, 0, 7, 0, 0, 0]",0.6931471180915832,0.5,0.5034364261168385,0.5775295663600526,0.5379436964504284,0.43035479632063073
"[7, 0, 0, 0, 8, 1, 1, 0, 8, 2, 1, 0, 7, 0, 0, 0, 1, 4, 0, 0, 8, 2, 1, 0, 2, 0, 0, 0, 6, 57, 1, 0, 7, 0, 0, 0, 7, 0, 0, 0, 7, 0, 0, 0, 7, 0, 0, 0]",0.6943599534034729,0.5,0.5052192066805845,0.47700394218134035,0.49070631970260226,0.5328515111695138
"[8, 0, 1, 0, 6, 27, 1, 0, 0, 16, 1, 0, 1, 16, 0, 0, 2, 1, 0, 0, 2, 1, 0, 0, 7, 0, 0, 0, 4, 279, 0, 0, 7, 0, 0, 0, 7, 0, 0, 0, 7, 0, 0, 0, 4, 479, 0, 0]",0.6944452548027038,0.5,0.5049889135254989,0.5985545335085414,0.5478051713770294,0.4132720105124836
"[4, 183, 0, 0, 7, 0, 0, 0, 7, 0, 0, 0, 1, 4, 0, 0, 7, 0, 0, 0, 7, 0, 0, 0, 7, 0, 0, 0, 4, 295, 0, 0, 1, 4, 0, 0, 7, 0, 0, 0, 7, 0, 0, 0, 7, 0, 0, 0]",0.6933665084838867,0.5,0.5195530726256983,0.4888304862023653,0.5037237643872715,0.5479632063074902
"[7, 0, 0, 0, 2, 0, 0, 0, 3, 0, 0, 0, 1, 4, 0, 0, 3, 0, 0, 0, 7, 0, 0, 0, 5, 0, 0, 0, 7, 0, 0, 0, 4, 239, 0, 0, 7, 0, 0, 0, 7, 0, 0, 0, 7, 0, 0, 0]",0.695503716468811,0.5,0.5054678007290401,0.5466491458607096,0.5252525252525253,0.4651773981603154
"[1, 4, 0, 0, 0, 7, 1, 0, 8, 2, 2, 0, 3, 0, 0, 0, 2, 1, 0, 0, 2, 1, 0, 0, 8, 1, 2, 0, 6, 12, 4, 0, 7, 0, 0, 0, 7, 0, 0, 0, 7, 0, 0, 0, 4, 280, 0, 0]",0.6932437372207642,0.5,0.48959608323133413,0.5256241787122208,0.5069708491761724,0.4520367936925099
"[7, 0, 0, 0, 7, 0, 0, 0, 7, 0, 0, 0, 0, 29, 1, 0, 3, 0, 0, 0, 7, 0, 0, 0, 0, 16, 1, 0, 8, 2, 2, 0, 2, 0, 0, 0, 2, 1, 0, 0, 2, 0, 0, 0, 8, 2, 2, 0]",0.6930327916145325,0.5,0.5035128805620609,0.5650459921156373,0.5325077399380805,0.442838370565046
"[3, 0, 0, 0, 8, 1, 2, 0, 4, 393, 0, 0, 7, 0, 0, 0, 7, 0, 0, 0, 1, 4, 0, 0, 7, 0, 0, 0, 4, 273, 0, 0, 7, 0, 0, 0, 7, 0, 0, 0, 1, 4, 0, 0, 7, 0, 0, 0]",0.6938961577415467,0.5,0.49913544668587895,0.568988173455979,0.5317777095486644,0.4290407358738502
"[7, 0, 0, 0, 7, 0, 0, 0, 6, 40, 4, 0, 7, 0, 0, 0, 7, 0, 0, 0, 7, 0, 0, 0, 7, 0, 0, 0, 8, 2, 1, 0, 4, 321, 0, 0, 1, 4, 0, 0, 7, 0, 0, 0, 7, 0, 0, 0]",0.6953379678726196,0.5,0.5006925207756233,0.47503285151116953,0.4875252865812542,0.526281208935611
"[2, 0, 0, 0, 6, 12, 4, 0, 8, 2, 2, 0, 8, 3, 1, 0, 2, 0, 0, 0, 4, 221, 0, 0, 7, 0, 0, 0, 7, 0, 0, 0, 7, 0, 0, 0, 7, 0, 0, 0, 7, 0, 0, 0, 1, 4, 0, 0]",0.6968005466461181,0.5,0.5056848944233893,0.6136662286465178,0.5544672009498367,0.40013140604467806
"[7, 0, 0, 0, 3, 0, 0, 0, 7, 0, 0, 0, 2, 1, 0, 0, 2, 0, 0, 0, 2, 1, 0, 0, 2, 0, 0, 0, 1, 4, 0, 0, 0, 19, 0, 0, 7, 0, 0, 0, 7, 0, 0, 0, 7, 0, 0, 0]",0.694061484336853,0.5,0.5088685015290519,0.5466491458607096,0.5270826734241368,0.4724047306176084
"[0, 18, 0, 0, 7, 0, 0, 0, 7, 0, 0, 0, 6, 41, 1, 0, 7, 0, 0, 0, 4, 411, 0, 0, 1, 4, 0, 0, 7, 0, 0, 0, 7, 0, 0, 0, 7, 0, 0, 0, 7, 0, 0, 0, 7, 0, 0, 0]",0.6958668041229248,0.5,0.5103806228373703,0.3876478318002628,0.4406273338312173,0.6281208935611038
"[7, 0, 0, 0, 3, 0, 0, 0, 6, 12, 4, 0, 7, 0, 0, 0, 7, 0, 0, 0, 1, 4, 0, 0, 2, 0, 0, 0, 8, 2, 2, 0, 2, 1, 0, 0, 3, 0, 0, 0, 4, 248, 0, 0, 7, 0, 0, 0]",0.6951930856704712,0.5,0.5118004045853001,0.49868593955321944,0.5051580698835274,0.5243101182654402
"[8, 0, 2, 0, 4, 376, 0, 0, 7, 0, 0, 0, 7, 0, 0, 0, 7, 0, 0, 0, 7, 0, 0, 0, 7, 0, 0, 0, 7, 0, 0, 0, 7, 0, 0, 0, 7, 0, 0, 0, 7, 0, 0, 0, 4, 366, 0, 0]",0.6933546209335327,0.5,0.49889786921381335,0.44612352168199737,0.471037114117239,0.5519053876478318
"[4, 421, 0, 0, 7, 0, 0, 0, 7, 0, 0, 0, 7, 0, 0, 0, 4, 410, 0, 0, 1, 4, 0, 0, 7, 0, 0, 0, 7, 0, 0, 0, 7, 0, 0, 0, 1, 4, 0, 0, 7, 0, 0, 0, 7, 0, 0, 0]",0.693978431224823,0.5,0.4900616860863605,0.46977660972404733,0.4797047970479705,0.5111695137976346
"[8, 0, 1, 0, 2, 0, 0, 0, 3, 0, 0, 0, 6, 60, 4, 0, 2, 1, 0, 0, 4, 194, 0, 0, 7, 0, 0, 0, 7, 0, 0, 0, 1, 4, 0, 0, 7, 0, 0, 0, 4, 240, 0, 0, 7, 0, 0, 0]",0.6934576225280762,0.5,0.4987714987714988,0.533508541392904,0.5155555555555555,0.46386333771353483
"[2, 1, 0, 0, 7, 0, 0, 0, 8, 2, 1, 0, 2, 1, 0, 0, 2, 1, 0, 0, 1, 4, 0, 0, 5, 0, 0, 0, 7, 0, 0, 0, 7, 0, 0, 0, 1, 4, 0, 0, 7, 0, 0, 0, 7, 0, 0, 0]",0.7122698330879211,0.5,0.5083226632522407,0.5216819973718791,0.5149156939040207,0.49540078843626806
"[1, 4, 0, 0, 7, 0, 0, 0, 3, 0, 0, 0, 4, 146, 0, 0, 1, 4, 0, 0, 7, 0, 0, 0, 4, 432, 0, 0, 7, 0, 0, 0, 1, 4, 0, 0, 7, 0, 0, 0, 7, 0, 0, 0, 4, 2, 0, 0]",0.7024983906745911,0.5,0.5113452188006483,0.41458607095926414,0.4579100145137881,0.6038107752956636
"[7, 0, 0, 0, 2, 0, 0, 0, 4, 424, 0, 0, 1, 4, 0, 0, 7, 0, 0, 0, 1, 4, 0, 0, 7, 0, 0, 0, 7, 0, 0, 0, 7, 0, 0, 0, 7, 0, 0, 0, 7, 0, 0, 0, 7, 0, 0, 0]",0.6951632785797119,0.5,0.5055884286653517,0.5052562417871223,0.5054222806441012,0.5059132720105125
"[2, 0, 0, 0, 8, 1, 1, 0, 7, 0, 0, 0, 6, 24, 4, 0, 3, 0, 0, 0, 3, 0, 0, 0, 0, 23, 0, 0, 7, 0, 0, 0, 8, 2, 1, 0, 1, 4, 0, 0, 2, 1, 0, 0, 1, 4, 0, 0]",0.704896149635315,0.5,0.48872180451127817,0.5124835742444153,0.5003207184092366,0.46386333771353483
"[3, 0, 0, 0, 0, 23, 1, 0, 7, 0, 0, 0, 2, 1, 0, 0, 0, 24, 0, 0, 2, 0, 0, 0, 2, 0, 0, 0, 0, 23, 0, 0, 6, 52, 4, 0, 7, 0, 0, 0, 7, 0, 0, 0, 3, 0, 0, 0]",0.6933364796638489,0.5,0.5012448132780083,0.3968462549277267,0.442977631096443,0.6051248357424441
"[6, 50, 2, 0, 7, 0, 0, 0, 7, 0, 0, 0, 8, 1, 2, 0, 1, 4, 0, 0, 2, 1, 0, 0, 3, 0, 0, 0, 1, 4, 0, 0, 7, 0, 0, 0, 1, 4, 0, 0, 7, 0, 0, 0, 7, 0, 0, 0]",0.7071555376052856,0.5,0.5069274653626732,0.40867279894875164,0.45252819206984357,0.602496714848883
"[7, 0, 0, 0, 2, 1, 0, 0, 4, 91, 0, 0, 1, 4, 0, 0, 7, 0, 0, 0, 7, 0, 0, 0, 7, 0, 0, 0, 4, 202, 0, 0, 7, 0, 0, 0, 4, 329, 0, 0, 7, 0, 0, 0, 7, 0, 0, 0]",0.6931999897956849,0.5,0.48984565393988627,0.3961892247043364,0.43806756265891755,0.5873850197109067
"[6, 33, 3, 0, 0, 9, 0, 0, 8, 2, 2, 0, 2, 0, 0, 0, 7, 0, 0, 0, 0, 17, 0, 0, 7, 0, 0, 0, 2, 1, 0, 0, 8, 2, 2, 0, 0, 27, 1, 0, 4, 457, 0, 0, 7, 0, 0, 0]",0.6932082414627075,0.5,0.49793899422918386,0.3968462549277267,0.4416819012797075,0.599868593955322
"[8, 0, 2, 0, 2, 0, 0, 0, 7, 0, 0, 0, 0, 5, 1, 0, 8, 1, 2, 0, 4, 283, 0, 0, 7, 0, 0, 0, 4, 26, 0, 0, 1, 4, 0, 0, 7, 0, 0, 0, 7, 0, 0, 0, 7, 0, 0, 0]",0.6938249278068542,0.5,0.5066844919786097,0.4980289093298292,0.5023194168323393,0.5151116951379764
"[8, 0, 1, 0, 4, 135, 0, 0, 7, 0, 0, 0, 7, 0, 0, 0, 7, 0, 0, 0, 7, 0, 0, 0, 7, 0, 0, 0, 4, 354, 0, 0, 7, 0, 0, 0, 1, 4, 0, 0, 7, 0, 0, 0, 7, 0, 0, 0]",0.69377516746521,0.5,0.5,0.435611038107753,0.46558988764044945,0.5643889618922471
"[7, 0, 0, 0, 1, 4, 0, 0, 2, 0, 0, 0, 8, 1, 1, 0, 4, 318, 0, 0, 7, 0, 0, 0, 7, 0, 0, 0, 7, 0, 0, 0, 7, 0, 0, 0, 4, 6, 0, 0, 1, 4, 0, 0, 7, 0, 0, 0]",0.6979864382743836,0.5,0.49862825788751713,0.4776609724047306,0.4879194630872483,0.5197109067017083
"[4, 449, 0, 0, 7, 0, 0, 0, 4, 483, 0, 0, 7, 0, 0, 0, 7, 0, 0, 0, 7, 0, 0, 0, 7, 0, 0, 0, 7, 0, 0, 0, 7, 0, 0, 0, 7, 0, 0, 0, 7, 0, 0, 0, 1, 4, 0, 0]",0.693738751411438,0.5,0.4956896551724138,0.5289093298291722,0.5117609663064209,0.461892247043364
"[1, 4, 0, 0, 3, 0, 0, 0, 7, 0, 0, 0, 5, 0, 0, 0, 4, 510, 0, 0, 7, 0, 0, 0, 7, 0, 0, 0, 7, 0, 0, 0, 1, 4, 0, 0, 7, 0, 0, 0, 7, 0, 0, 0, 7, 0, 0, 0]",0.6968707180023194,0.5,0.4898093359631821,0.4894875164257556,0.4896483733158068,0.49014454664914586
"[2, 0, 0, 0, 1, 4, 0, 0, 6, 53, 1, 0, 8, 1, 2, 0, 4, 141, 0, 0, 7, 0, 0, 0, 7, 0, 0, 0, 7, 0, 0, 0, 7, 0, 0, 0, 7, 0, 0, 0, 1, 4, 0, 0, 7, 0, 0, 0]",0.6955625867843628,0.5,0.5080251221214236,0.4783180026281209,0.49272419627749575,0.5367936925098554
"[8, 0, 2, 0, 6, 44, 4, 0, 5, 0, 0, 0, 4, 25, 0, 0, 4, 434, 0, 0, 7, 0, 0, 0, 7, 0, 0, 0, 7, 0, 0, 0, 7, 0, 0, 0, 7, 0, 0, 0, 1, 4, 0, 0, 7, 0, 0, 0]",0.6943138766288758,0.5,0.5155440414507773,0.5229960578186597,0.5192433137638617,0.5085413929040736
"[8, 0, 1, 0, 0, 4, 1, 0, 2, 1, 0, 0, 4, 342, 0, 0, 7, 0, 0, 0, 7, 0, 0, 0, 7, 0, 0, 0, 7, 0, 0, 0, 7, 0, 0, 0, 7, 0, 0, 0, 7, 0, 0, 0, 7, 0, 0, 0]",0.6932596826553344,0.5,0.49438943894389437,0.4921156373193167,0.49324991768192294,0.4967148488830486
"[7, 0, 0, 0, 8, 1, 2, 0, 0, 4, 0, 0, 6, 4, 1, 0, 0, 6, 0, 0, 3, 0, 0, 0, 2, 1, 0, 0, 7, 0, 0, 0, 8, 2, 2, 0, 7, 0, 0, 0, 4, 356, 0, 0, 7, 0, 0, 0]",0.6932675433158875,0.5,0.4901685393258427,0.45860709592641263,0.47386286490156143,0.5229960578186597
"[6, 16, 4, 0, 7, 0, 0, 0, 7, 0, 0, 0, 1, 4, 0, 0, 4, 190, 0, 0, 7, 0, 0, 0, 1, 4, 0, 0, 7, 0, 0, 0, 7, 0, 0, 0, 7, 0, 0, 0, 7, 0, 0, 0, 7, 0, 0, 0]",0.6961747431755065,0.5,0.4913516976297245,0.5039421813403416,0.49756730457346743,0.4783180026281209
"[6, 60, 4, 0, 7, 0, 0, 0, 7, 0, 0, 0, 3, 0, 0, 0, 3, 0, 0, 0, 8, 2, 2, 0, 7, 0, 0, 0, 2, 1, 0, 0, 2, 1, 0, 0, 8, 3, 1, 0, 7, 0, 0, 0, 7, 0, 0, 0]",0.6952725911140442,0.5,0.5051658510059815,0.6103810775295664,0.5528116631954776,0.4021024967148489
"[2, 1, 0, 0, 7, 0, 0, 0, 1, 4, 0, 0, 2, 0, 0, 0, 2, 0, 0, 0, 5, 0, 0, 0, 4, 318, 0, 0, 7, 0, 0, 0, 7, 0, 0, 0, 1, 4, 0, 0, 7, 0, 0, 0, 4, 255, 0, 0]",0.6938128733634948,0.5,0.5102189781021897,0.4592641261498029,0.483402489626556,0.5591327201051248
"[6, 16, 4, 0, 2, 1, 0, 0, 0, 25, 0, 0, 0, 28, 1, 0, 4, 439, 0, 0, 7, 0, 0, 0, 1, 4, 0, 0, 7, 0, 0, 0, 7, 0, 0, 0, 7, 0, 0, 0, 7, 0, 0, 0, 4, 148, 0, 0]",0.6936551094055176,0.5,0.4925795053003534,0.4579500657030223,0.4746339802519578,0.5282522996057819
"[6, 42, 3, 0, 1, 42, 0, 0, 7, 0, 0, 0, 3, 0, 0, 0, 7, 0, 0, 0, 2, 0, 0, 0, 0, 30, 0, 0, 7, 0, 0, 0, 7, 0, 0, 0, 2, 0, 0, 0, 7, 0, 0, 0, 2, 0, 0, 0]",0.6930799913406372,0.5,0.5060459492140266,0.5499342969776609,0.5270780856423174,0.4632063074901445
"[6, 4, 4, 0, 0, 10, 0, 0, 0, 11, 1, 0, 0, 7, 1, 0, 1, 7, 0, 0, 0, 7, 1, 0, 7, 0, 0, 0, 1, 4, 0, 0, 1, 4, 0, 0, 3, 0, 0, 0, 7, 0, 0, 0, 5, 0, 0, 0]",0.7066711688041687,0.5,0.4959254947613504,0.5597897503285151,0.5259259259259259,0.43101182654402104
"[3, 0, 0, 0, 3, 0, 0, 0, 0, 17, 1, 0, 3, 0, 0, 0, 2, 0, 0, 0, 1, 4, 0, 0, 1, 4, 0, 0, 7, 0, 0, 0, 1, 4, 0, 0, 8, 2, 2, 0, 0, 18, 1, 0, 2, 0, 0, 0]",0.6943327498435974,0.5,0.501802451333814,0.45729303547963207,0.4785149535922998,0.5459921156373193
"[1, 4, 0, 0, 6, 16, 4, 0, 2, 1, 0, 0, 0, 21, 1, 0, 7, 0, 0, 0, 0, 15, 0, 0, 0, 12, 1, 0, 7, 0, 0, 0, 7, 0, 0, 0, 7, 0, 0, 0, 2, 1, 0, 0, 1, 4, 0, 0]",0.6960660028457641,0.5,0.49765258215962443,0.48751642575558474,0.4925323597743113,0.5078843626806833
"[0, 9, 1, 0, 7, 0, 0, 0, 1, 4, 0, 0, 7, 0, 0, 0, 1, 4, 0, 0, 3, 0, 0, 0, 2, 1, 0, 0, 4, 15, 0, 0, 7, 0, 0, 0, 7, 0, 0, 0, 1, 4, 0, 0, 7, 0, 0, 0]",0.6971816635131836,0.5,0.4711600777705768,0.4776609724047306,0.47438825448613375,0.46386333771353483
"[4, 174, 0, 0, 7, 0, 0, 0, 4, 124, 0, 0, 4, 265, 0, 0, 7, 0, 0, 0, 7, 0, 0, 0, 7, 0, 0, 0, 7, 0, 0, 0, 7, 0, 0, 0, 7, 0, 0, 0, 7, 0, 0, 0, 7, 0, 0, 0]",0.6933645272254944,0.5,0.4970212765957447,0.38370565045992117,0.43307378568780125,0.6116951379763469
"[3, 0, 0, 0, 4, 146, 0, 0, 7, 0, 0, 0, 7, 0, 0, 0, 7, 0, 0, 0, 7, 0, 0, 0, 7, 0, 0, 0, 7, 0, 0, 0, 7, 0, 0, 0, 4, 304, 0, 0, 7, 0, 0, 0, 7, 0, 0, 0]",0.6931996321678162,0.5,0.49942196531791905,0.5676741130091985,0.5313653136531366,0.43101182654402104
"[1, 4, 0, 0, 4, 81, 0, 0, 4, 257, 0, 0, 7, 0, 0, 0, 4, 407, 0, 0, 7, 0, 0, 0, 1, 4, 0, 0, 1, 4, 0, 0, 1, 4, 0, 0, 7, 0, 0, 0, 7, 0, 0, 0, 7, 0, 0, 0]",0.6934688115119934,0.5,0.4964131994261119,0.45466491458607095,0.47462277091906724,0.5387647831800263
"[7, 0, 0, 0, 0, 28, 1, 0, 3, 0, 0, 0, 7, 0, 0, 0, 7, 0, 0, 0, 3, 0, 0, 0, 7, 0, 0, 0, 0, 19, 0, 0, 4, 388, 0, 0, 4, 244, 0, 0, 7, 0, 0, 0, 7, 0, 0, 0]",0.6932746148109437,0.5,0.502301117685733,0.5019710906701709,0.5021360499507065,0.5026281208935611
"[1, 4, 0, 0, 7, 0, 0, 0, 7, 0, 0, 0, 8, 3, 2, 0, 7, 0, 0, 0, 7, 0, 0, 0, 7, 0, 0, 0, 6, 16, 2, 0, 2, 0, 0, 0, 8, 1, 1, 0, 4, 102, 0, 0, 7, 0, 0, 0]",0.6941321134567261,0.5,0.5031712473572939,0.469119579500657,0.48554913294797686,0.5367936925098554
"[6, 28, 4, 0, 8, 1, 1, 0, 3, 0, 0, 0, 7, 0, 0, 0, 4, 218, 0, 0, 7, 0, 0, 0, 4, 43, 0, 0, 7, 0, 0, 0, 4, 109, 0, 0, 7, 0, 0, 0, 4, 500, 0, 0, 7, 0, 0, 0]",0.6933272194862365,0.5,0.5027901785714286,0.5919842312746386,0.5437537718768859,0.41458607095926414
"[4, 360, 0, 0, 4, 89, 0, 0, 7, 0, 0, 0, 1, 4, 0, 0, 7, 0, 0, 0, 7, 0, 0, 0, 7, 0, 0, 0, 7, 0, 0, 0, 1, 4, 0, 0, 1, 4, 0, 0, 1, 4, 0, 0, 4, 411, 0, 0]",0.6933498692512512,0.5,0.49289454001495886,0.43298291721419185,0.46100034977264776,0.5545335085413929
"[0, 9, 1, 0, 6, 28, 4, 0, 2, 1, 0, 0, 0, 14, 1, 0, 7, 0, 0, 0, 1, 4, 0, 0, 7, 0, 0, 0, 4, 331, 0, 0, 7, 0, 0, 0, 7, 0, 0, 0, 7, 0, 0, 0, 7, 0, 0, 0]",0.6952759647369384,0.5,0.4876847290640394,0.45532194480946125,0.4709480122324159,0.5216819973718791
"[0, 4, 1, 0, 5, 0, 0, 0, 4, 273, 0, 0, 7, 0, 0, 0, 4, 362, 0, 0, 7, 0, 0, 0, 1, 4, 0, 0, 7, 0, 0, 0, 7, 0, 0, 0, 7, 0, 0, 0, 7, 0, 0, 0, 7, 0, 0, 0]",0.6933863401412964,0.5,0.5038438793613247,0.5597897503285151,0.5303454715219421,0.4487516425755585
"[7, 0, 0, 0, 0, 4, 0, 0, 0, 15, 1, 0, 8, 1, 1, 0, 6, 63, 1, 0, 0, 13, 0, 0, 7, 0, 0, 0, 0, 8, 0, 0, 7, 0, 0, 0, 2, 1, 0, 0, 7, 0, 0, 0, 0, 17, 0, 0]",0.6932241487503051,0.5,0.4984857662023016,0.5407358738501971,0.518751969744721,0.4559789750328515
"[7, 0, 0, 0, 3, 0, 0, 0, 8, 1, 1, 0, 8, 2, 2, 0, 2, 0, 0, 0, 1, 4, 0, 0, 8, 3, 1, 0, 2, 0, 0, 0, 7, 0, 0, 0, 4, 223, 0, 0, 7, 0, 0, 0, 1, 4, 0, 0]",0.6945912313461303,0.5,0.4945407835581246,0.5059132720105125,0.5001623903864891,0.48291721419185285
"[0, 20, 0, 0, 4, 325, 0, 0, 7, 0, 0, 0, 7, 0, 0, 0, 4, 35, 0, 0, 4, 75, 0, 0, 7, 0, 0, 0, 7, 0, 0, 0, 7, 0, 0, 0, 7, 0, 0, 0, 4, 242, 0, 0, 7, 0, 0, 0]",0.6933406019210815,0.5,0.5032558139534884,0.3554533508541393,0.41663457835964574,0.6491458607095927
"[8, 0, 2, 0, 3, 0, 0, 0, 7, 0, 0, 0, 1, 4, 0, 0, 4, 416, 0, 0, 7, 0, 0, 0, 4, 124, 0, 0, 1, 4, 0, 0, 7, 0, 0, 0, 4, 467, 0, 0, 7, 0, 0, 0, 7, 0, 0, 0]",0.6934165692329407,0.5,0.5135869565217391,0.4967148488830486,0.5050100200400801,0.5295663600525624
"[1, 4, 0, 0, 6, 27, 1, 0, 2, 1, 0, 0, 0, 27, 0, 0, 4, 50, 0, 0, 7, 0, 0, 0, 7, 0, 0, 0, 7, 0, 0, 0, 7, 0, 0, 0, 7, 0, 0, 0, 7, 0, 0, 0, 7, 0, 0, 0]",0.6936904454231262,0.5,0.4963680387409201,0.4040735873850197,0.4454907642158638,0.5900131406044679
"[4, 451, 0, 0, 7, 0, 0, 0, 7, 0, 0, 0, 1, 4, 0, 0, 7, 0, 0, 0, 7, 0, 0, 0, 7, 0, 0, 0, 1, 4, 0, 0, 1, 4, 0, 0, 7, 0, 0, 0, 7, 0, 0, 0, 7, 0, 0, 0]",0.6957040548324585,0.5,0.49584487534626037,0.588042049934297,0.5380222422602946,0.4021024967148489
"[7, 0, 0, 0, 2, 0, 0, 0, 6, 12, 4, 0, 8, 1, 1, 0, 7, 0, 0, 0, 5, 0, 0, 0, 4, 432, 0, 0, 4, 431, 0, 0, 7, 0, 0, 0, 7, 0, 0, 0, 7, 0, 0, 0, 4, 229, 0, 0]",0.6933078598976136,0.5,0.48705656759348037,0.33377135348226017,0.3961013645224172,0.6484888304862023
"[4, 328, 0, 0, 7, 0, 0, 0, 7, 0, 0, 0, 4, 32, 0, 0, 7, 0, 0, 0, 7, 0, 0, 0, 7, 0, 0, 0, 7, 0, 0, 0, 4, 211, 0, 0, 7, 0, 0, 0, 7, 0, 0, 0, 7, 0, 0, 0]",0.6933293771743775,0.5,0.4874260355029586,0.43298291721419185,0.45859429366736254,0.5446780551905388
"[7, 0, 0, 0, 0, 5, 1, 0, 4, 33, 0, 0, 4, 508, 0, 0, 7, 0, 0, 0, 7, 0, 0, 0, 7, 0, 0, 0, 7, 0, 0, 0, 7, 0, 0, 0, 1, 4, 0, 0, 4, 461, 0, 0, 7, 0, 0, 0]",0.6932243251800537,0.5,0.4988038277511962,0.5479632063074902,0.5222291797119599,0.44940867279894875
"[6, 36, 3, 0, 3, 0, 0, 0, 2, 1, 0, 0, 7, 0, 0, 0, 7, 0, 0, 0, 3, 0, 0, 0, 3, 0, 0, 0, 7, 0, 0, 0, 2, 1, 0, 0, 8, 2, 1, 0, 7, 0, 0, 0, 8, 3, 2, 0]",0.6953656435012817,0.5,0.5169491525423728,0.5210249671484888,0.518979057591623,0.5131406044678055
"[6, 63, 1, 0, 7, 0, 0, 0, 3, 0, 0, 0, 2, 0, 0, 0, 7, 0, 0, 0, 2, 0, 0, 0, 2, 1, 0, 0, 7, 0, 0, 0, 4, 103, 0, 0, 7, 0, 0, 0, 1, 4, 0, 0, 7, 0, 0, 0]",0.694857611656189,0.5,0.508575197889182,0.5065703022339028,0.5075707702435813,0.5105124835742444
"[8, 0, 1, 0, 1, 4, 0, 0, 3, 0, 0, 0, 8, 3, 2, 0, 4, 408, 0, 0, 7, 0, 0, 0, 7, 0, 0, 0, 7, 0, 0, 0, 7, 0, 0, 0, 7, 0, 0, 0, 7, 0, 0, 0, 7, 0, 0, 0]",0.6956686806678772,0.5,0.49697783747481533,0.48620236530880423,0.4915310528063766,0.5078843626806833
"[8, 0, 1, 0, 4, 61, 0, 0, 7, 0, 0, 0, 4, 3, 0, 0, 7, 0, 0, 0, 7, 0, 0, 0, 7, 0, 0, 0, 7, 0, 0, 0, 7, 0, 0, 0, 7, 0, 0, 0, 7, 0, 0, 0, 7, 0, 0, 0]",0.6984557271003723,0.5,0.47027439024390244,0.40538764783180026,0.4354269583627382,0.5433639947437582
"[3, 0, 0, 0, 8, 1, 1, 0, 3, 0, 0, 0, 3, 0, 0, 0, 7, 0, 0, 0, 6, 24, 3, 0, 2, 1, 0, 0, 7, 0, 0, 0, 4, 140, 0, 0, 7, 0, 0, 0, 7, 0, 0, 0, 7, 0, 0, 0]",0.6936160898208619,0.5,0.49806094182825483,0.5906701708278581,0.5404268109407875,0.40473061760841
"[7, 0, 0, 0, 4, 219, 0, 0, 1, 4, 0, 0, 7, 0, 0, 0, 4, 500, 0, 0, 1, 4, 0, 0, 7, 0, 0, 0, 7, 0, 0, 0, 7, 0, 0, 0, 7, 0, 0, 0, 7, 0, 0, 0, 7, 0, 0, 0]",0.6937047052383423,0.5,0.5015615240474703,0.5275952693823915,0.5142491194364394,0.4756898817345598
"[6, 52, 1, 0, 8, 1, 2, 0, 0, 10, 0, 0, 2, 0, 0, 0, 7, 0, 0, 0, 1, 4, 0, 0, 7, 0, 0, 0, 7, 0, 0, 0, 7, 0, 0, 0, 7, 0, 0, 0, 1, 4, 0, 0, 7, 0, 0, 0]",0.7094334268569946,0.5,0.49568221070811747,0.5657030223390276,0.5283829395520098,0.4244415243101183
"[7, 0, 0, 0, 3, 0, 0, 0, 5, 0, 0, 0, 7, 0, 0, 0, 4, 15, 0, 0, 7, 0, 0, 0, 7, 0, 0, 0, 1, 4, 0, 0, 4, 482, 0, 0, 4, 84, 0, 0, 7, 0, 0, 0, 7, 0, 0, 0]",0.6935531091690064,0.5,0.4973052425281725,0.6668856767411301,0.5697445972495089,0.32588699080157685
"[8, 0, 2, 0, 1, 4, 0, 0, 2, 1, 0, 0, 3, 0, 0, 0, 7, 0, 0, 0, 6, 6, 2, 0, 1, 6, 0, 0, 7, 0, 0, 0, 7, 0, 0, 0, 8, 1, 1, 0, 7, 0, 0, 0, 0, 12, 1, 0]",0.6938070678710937,0.5,0.5010877447425671,0.4540078843626807,0.47638745260255083,0.5479632063074902
"[0, 18, 1, 0, 2, 0, 0, 0, 1, 4, 0, 0, 3, 0, 0, 0, 8, 2, 2, 0, 3, 0, 0, 0, 4, 241, 0, 0, 7, 0, 0, 0, 7, 0, 0, 0, 7, 0, 0, 0, 7, 0, 0, 0, 7, 0, 0, 0]",0.6967738938331604,0.5,0.4911373707533235,0.4369250985545335,0.4624478442280946,0.5473061760840998
"[7, 0, 0, 0, 7, 0, 0, 0, 2, 1, 0, 0, 7, 0, 0, 0, 8, 2, 2, 0, 0, 7, 0, 0, 3, 0, 0, 0, 4, 72, 0, 0, 7, 0, 0, 0, 7, 0, 0, 0, 7, 0, 0, 0, 7, 0, 0, 0]",0.693515567779541,0.5,0.4846666666666667,0.4776609724047306,0.4811383189940437,0.4921156373193167
"[8, 0, 1, 0, 0, 12, 0, 0, 2, 0, 0, 0, 0, 18, 1, 0, 7, 0, 0, 0, 3, 0, 0, 0, 4, 29, 0, 0, 7, 0, 0, 0, 7, 0, 0, 0, 1, 4, 0, 0, 7, 0, 0, 0, 7, 0, 0, 0]",0.6950507259368897,0.5,0.48302561048243003,0.5328515111695138,0.506716651046548,0.4296977660972405
"[2, 1, 0, 0, 8, 1, 2, 0, 5, 0, 0, 0, 4, 296, 0, 0, 7, 0, 0, 0, 4, 368, 0, 0, 7, 0, 0, 0, 7, 0, 0, 0, 7, 0, 0, 0, 7, 0, 0, 0, 7, 0, 0, 0, 7, 0, 0, 0]",0.6934043931961059,0.5,0.48914728682170544,0.41458607095926414,0.4487908961593172,0.5670170827858082
"[0, 29, 1, 0, 0, 4, 1, 0, 8, 2, 1, 0, 8, 3, 2, 0, 0, 30, 1, 0, 4, 112, 0, 0, 7, 0, 0, 0, 7, 0, 0, 0, 7, 0, 0, 0, 7, 0, 0, 0, 4, 392, 0, 0, 7, 0, 0, 0]",0.6933407521247864,0.5,0.49771341463414637,0.4290407358738502,0.460832745236415,0.5670170827858082
"[2, 0, 0, 0, 6, 31, 1, 0, 1, 31, 0, 0, 2, 1, 0, 0, 7, 0, 0, 0, 5, 0, 0, 0, 7, 0, 0, 0, 8, 1, 1, 0, 4, 32, 0, 0, 7, 0, 0, 0, 7, 0, 0, 0, 7, 0, 0, 0]",0.6962861180305481,0.5,0.4864,0.39947437582128775,0.43867243867243866,0.5781865965834428
"[1, 4, 0, 0, 4, 446, 0, 0, 7, 0, 0, 0, 7, 0, 0, 0, 4, 67, 0, 0, 7, 0, 0, 0, 4, 241, 0, 0, 7, 0, 0, 0, 7, 0, 0, 0, 7, 0, 0, 0, 4, 396, 0, 0, 7, 0, 0, 0]",0.6931318378448487,0.5,0.5032718619869125,0.5558475689881734,0.5282547611614111,0.45137976346911957
"[6, 24, 4, 0, 8, 1, 2, 0, 7, 0, 0, 0, 4, 31, 0, 0, 7, 0, 0, 0, 7, 0, 0, 0, 7, 0, 0, 0, 7, 0, 0, 0, 4, 71, 0, 0, 7, 0, 0, 0, 7, 0, 0, 0, 7, 0, 0, 0]",0.693539628982544,0.5,0.5027422303473492,0.5420499342969777,0.5216566550742966,0.46386333771353483
"[1, 4, 0, 0, 6, 35, 1, 0, 7, 0, 0, 0, 2, 0, 0, 0, 7, 0, 0, 0, 7, 0, 0, 0, 4, 279, 0, 0, 7, 0, 0, 0, 7, 0, 0, 0, 7, 0, 0, 0, 7, 0, 0, 0, 7, 0, 0, 0]",0.6936809635162353,0.5,0.4849899933288859,0.4776609724047306,0.4812975835815955,0.492772667542707
"[8, 0, 1, 0, 4, 158, 0, 0, 7, 0, 0, 0, 7, 0, 0, 0, 4, 265, 0, 0, 7, 0, 0, 0, 7, 0, 0, 0, 7, 0, 0, 0, 7, 0, 0, 0, 7, 0, 0, 0, 7, 0, 0, 0, 7, 0, 0, 0]",0.6933915543556214,0.5,0.5036578503095104,0.588042049934297,0.5425886632312822,0.4204993429697766
"[4, 344, 0, 0, 7, 0, 0, 0, 7, 0, 0, 0, 7, 0, 0, 0, 7, 0, 0, 0, 7, 0, 0, 0, 7, 0, 0, 0, 7, 0, 0, 0, 7, 0, 0, 0, 7, 0, 0, 0, 7, 0, 0, 0, 7, 0, 0, 0]",0.6940734195709228,0.5,0.5113031914893617,0.5052562417871223,0.5082617316589557,0.5170827858081471
"[2, 0, 0, 0, 6, 40, 4, 0, 2, 1, 0, 0, 7, 0, 0, 0, 0, 5, 0, 0, 7, 0, 0, 0, 0, 21, 1, 0, 4, 328, 0, 0, 7, 0, 0, 0, 7, 0, 0, 0, 7, 0, 0, 0, 7, 0, 0, 0]",0.6933235049247741,0.5,0.4813455657492355,0.5170827858081471,0.49857459613557176,0.442838370565046
"[2, 0, 0, 0, 6, 24, 4, 0, 1, 24, 0, 0, 7, 0, 0, 0, 8, 2, 1, 0, 8, 1, 2, 0, 1, 4, 0, 0, 3, 0, 0, 0, 4, 310, 0, 0, 1, 4, 0, 0, 7, 0, 0, 0, 7, 0, 0, 0]",0.6963027811050415,0.5,0.4985507246376812,0.33902759526938236,0.40359796636683615,0.6590013140604468
"[6, 32, 4, 0, 1, 32, 0, 0, 0, 21, 0, 0, 7, 0, 0, 0, 4, 114, 0, 0, 1, 4, 0, 0, 7, 0, 0, 0, 4, 80, 0, 0, 7, 0, 0, 0, 7, 0, 0, 0, 7, 0, 0, 0, 4, 403, 0, 0]",0.693334448337555,0.5,0.5030633083730429,0.4855453350854139,0.49414911400869277,0.5203679369250985
"[4, 99, 0, 0, 7, 0, 0, 0, 7, 0, 0, 0, 1, 4, 0, 0, 7, 0, 0, 0, 7, 0, 0, 0, 1, 4, 0, 0, 1, 4, 0, 0, 1, 4, 0, 0, 7, 0, 0, 0, 4, 330, 0, 0, 7, 0, 0, 0]",0.6935781073570252,0.5,0.5010768126346016,0.45860709592641263,0.4789022298456261,0.5433639947437582
"[2, 1, 0, 0, 8, 1, 1, 0, 3, 0, 0, 0, 4, 476, 0, 0, 7, 0, 0, 0, 7, 0, 0, 0, 7, 0, 0, 0, 7, 0, 0, 0, 7, 0, 0, 0, 7, 0, 0, 0, 7, 0, 0, 0, 7, 0, 0, 0]",0.6944004464149475,0.5,0.5051282051282051,0.3883048620236531,0.4390787518573551,0.6195795006570303
"[7, 0, 0, 0, 0, 7, 1, 0, 4, 309, 0, 0, 7, 0, 0, 0, 7, 0, 0, 0, 7, 0, 0, 0, 7, 0, 0, 0, 7, 0, 0, 0, 7, 0, 0, 0, 7, 0, 0, 0, 7, 0, 0, 0, 1, 4, 0, 0]",0.6951156806945801,0.5,0.5043041606886657,0.461892247043364,0.4821673525377229,0.5459921156373193
"[6, 24, 3, 0, 7, 0, 0, 0, 7, 0, 0, 0, 0, 29, 1, 0, 0, 4, 1, 0, 7, 0, 0, 0, 7, 0, 0, 0, 1, 4, 0, 0, 0, 28, 0, 0, 2, 0, 0, 0, 3, 0, 0, 0, 1, 4, 0, 0]",0.7080563187599183,0.5,0.49672424061941634,0.5479632063074902,0.521087160262418,0.4448094612352168
"[0, 6, 0, 0, 1, 6, 0, 0, 0, 28, 1, 0, 8, 1, 2, 0, 4, 239, 0, 0, 7, 0, 0, 0, 7, 0, 0, 0, 7, 0, 0, 0, 7, 0, 0, 0, 7, 0, 0, 0, 7, 0, 0, 0, 4, 491, 0, 0]",0.6932085824012756,0.5,0.5046153846153846,0.5387647831800263,0.521131236097871,0.47109067017082784
"[7, 0, 0, 0, 7, 0, 0, 0, 6, 62, 2, 0, 4, 389, 0, 0, 4, 315, 0, 0, 7, 0, 0, 0, 7, 0, 0, 0, 7, 0, 0, 0, 7, 0, 0, 0, 7, 0, 0, 0, 7, 0, 0, 0, 7, 0, 0, 0]",0.6931468558311462,0.5,0.5009861932938856,0.5006570302233903,0.5008215576733487,0.5013140604467805
"[7, 0, 0, 0, 1, 4, 0, 0, 7, 0, 0, 0, 4, 261, 0, 0, 7, 0, 0, 0, 4, 77, 0, 0, 7, 0, 0, 0, 1, 4, 0, 0, 4, 124, 0, 0, 7, 0, 0, 0, 7, 0, 0, 0, 7, 0, 0, 0]",0.6931789755821228,0.5,0.499390243902439,0.538107752956636,0.5180265654648957,0.46057818659658345
"[2, 1, 0, 0, 5, 0, 0, 0, 7, 0, 0, 0, 8, 1, 1, 0, 7, 0, 0, 0, 7, 0, 0, 0, 1, 4, 0, 0, 7, 0, 0, 0, 7, 0, 0, 0, 3, 0, 0, 0, 7, 0, 0, 0, 3, 0, 0, 0]",0.7013876342773437,0.5,0.48155467720685113,0.4802890932982917,0.48092105263157897,0.48291721419185285
"[4, 308, 0, 0, 7, 0, 0, 0, 1, 4, 0, 0, 7, 0, 0, 0, 7, 0, 0, 0, 1, 4, 0, 0, 1, 4, 0, 0, 4, 482, 0, 0, 7, 0, 0, 0, 4, 355, 0, 0, 7, 0, 0, 0, 7, 0, 0, 0]",0.6930574870109558,0.5,0.4983476536682089,0.49540078843626806,0.4968698517298188,0.5013140604467805
"[6, 36, 4, 0, 1, 36, 0, 0, 7, 0, 0, 0, 4, 55, 0, 0, 1, 4, 0, 0, 7, 0, 0, 0, 7, 0, 0, 0, 7, 0, 0, 0, 7, 0, 0, 0, 7, 0, 0, 0, 7, 0, 0, 0, 7, 0, 0, 0]",0.6974313044548035,0.5,0.51183970856102,0.5538764783180026,0.5320290312401389,0.47174770039421815
"[8, 0, 1, 0, 2, 1, 0, 0, 8, 2, 1, 0, 6, 4, 4, 0, 1, 4, 0, 0, 8, 3, 2, 0, 7, 0, 0, 0, 0, 31, 1, 0, 7, 0, 0, 0, 0, 16, 1, 0, 1, 16, 0, 0, 4, 78, 0, 0]",0.6952510762214661,0.5,0.5085470085470085,0.469119579500657,0.4880382775119617,0.5466491458607096
"[7, 0, 0, 0, 0, 16, 0, 0, 6, 39, 3, 0, 5, 0, 0, 0, 7, 0, 0, 0, 8, 3, 1, 0, 7, 0, 0, 0, 7, 0, 0, 0, 7, 0, 0, 0, 4, 428, 0, 0, 1, 4, 0, 0, 1, 4, 0, 0]",0.6967112588882446,0.5,0.48859455481972036,0.43626806833114323,0.46095105866018743,0.5433639947437582
"[1, 4, 0, 0, 6, 37, 1, 0, 7, 0, 0, 0, 0, 19, 1, 0, 0, 4, 1, 0, 7, 0, 0, 0, 0, 21, 1, 0, 1, 21, 0, 0, 7, 0, 0, 0, 8, 3, 2, 0, 0, 26, 1, 0, 2, 0, 0, 0]",0.693876702785492,0.5,0.4990228013029316,0.5032851511169514,0.5011449133137063,0.4947437582128778
"[7, 0, 0, 0, 6, 60, 4, 0, 0, 23, 0, 0, 0, 8, 1, 0, 7, 0, 0, 0, 7, 0, 0, 0, 3, 0, 0, 0, 2, 0, 0, 0, 7, 0, 0, 0, 4, 219, 0, 0, 4, 153, 0, 0, 4, 478, 0, 0]",0.6932460379600525,0.5,0.5052457205963556,0.6011826544021025,0.549054905490549,0.41130091984231276
"[3, 0, 0, 0, 8, 1, 2, 0, 6, 37, 1, 0, 4, 37, 0, 0, 7, 0, 0, 0, 7, 0, 0, 0, 1, 4, 0, 0, 4, 227, 0, 0, 1, 4, 0, 0, 7, 0, 0, 0, 7, 0, 0, 0, 7, 0, 0, 0]",0.6936736059188843,0.5,0.4964601769911504,0.36859395532194483,0.4230769230769231,0.626149802890933
"[7, 0, 0, 0, 0, 13, 1, 0, 6, 27, 3, 0, 8, 1, 1, 0, 1, 4, 0, 0, 0, 15, 0, 0, 7, 0, 0, 0, 2, 1, 0, 0, 3, 0, 0, 0, 7, 0, 0, 0, 2, 0, 0, 0, 1, 4, 0, 0]",0.7083808135986328,0.5,0.49511173184357543,0.46583442838370565,0.4800270819228165,0.5249671484888305
"[3, 0, 0, 0, 1, 4, 0, 0, 0, 14, 0, 0, 7, 0, 0, 0, 4, 470, 0, 0, 7, 0, 0, 0, 7, 0, 0, 0, 1, 4, 0, 0, 7, 0, 0, 0, 7, 0, 0, 0, 7, 0, 0, 0, 7, 0, 0, 0]",0.6967995381355285,0.5,0.5046854082998661,0.49540078843626806,0.5,0.5137976346911958
"[4, 51, 0, 0, 7, 0, 0, 0, 7, 0, 0, 0, 7, 0, 0, 0, 4, 152, 0, 0, 7, 0, 0, 0, 7, 0, 0, 0, 1, 4, 0, 0, 7, 0, 0, 0, 7, 0, 0, 0, 1, 4, 0, 0, 7, 0, 0, 0]",0.6938567018508911,0.5,0.5017064846416383,0.48291721419185285,0.4921325744894543,0.5203679369250985
"[8, 0, 1, 0, 3, 0, 0, 0, 6, 57, 3, 0, 0, 30, 1, 0, 7, 0, 0, 0, 7, 0, 0, 0, 3, 0, 0, 0, 1, 4, 0, 0, 2, 0, 0, 0, 8, 3, 1, 0, 7, 0, 0, 0, 7, 0, 0, 0]",0.711845669746399,0.5,0.4921962095875139,0.5801576872536137,0.5325693606755126,0.4014454664914586
"[0, 31, 0, 0, 7, 0, 0, 0, 3, 0, 0, 0, 4, 283, 0, 0, 7, 0, 0, 0, 7, 0, 0, 0, 7, 0, 0, 0, 7, 0, 0, 0, 7, 0, 0, 0, 7, 0, 0, 0, 1, 4, 0, 0, 7, 0, 0, 0]",0.6951207137107849,0.5,0.512453300124533,0.5407358738501971,0.5262148337595908,0.4855453350854139
"[1, 4, 0, 0, 7, 0, 0, 0, 1, 4, 0, 0, 7, 0, 0, 0, 6, 54, 1, 0, 7, 0, 0, 0, 8, 3, 2, 0, 7, 0, 0, 0, 7, 0, 0, 0, 7, 0, 0, 0, 7, 0, 0, 0, 2, 1, 0, 0]",0.6947101664543152,0.5,0.5072024260803639,0.4395532194480946,0.470960929250264,0.5729303547963206
"[7, 0, 0, 0, 3, 0, 0, 0, 6, 36, 4, 0, 7, 0, 0, 0, 4, 322, 0, 0, 4, 1, 0, 0, 1, 4, 0, 0, 7, 0, 0, 0, 7, 0, 0, 0, 7, 0, 0, 0, 7, 0, 0, 0, 1, 4, 0, 0]",0.7186335730552673,0.5,0.5096674400618716,0.43298291721419185,0.46820603907637653,0.5834428383705651
"[7, 0, 0, 0, 2, 1, 0, 0, 6, 24, 1, 0, 1, 24, 0, 0, 2, 1, 0, 0, 4, 457, 0, 0, 7, 0, 0, 0, 7, 0, 0, 0, 7, 0, 0, 0, 7, 0, 0, 0, 7, 0, 0, 0, 7, 0, 0, 0]",0.6976387238502503,0.5,0.47117962466487934,0.461892247043364,0.46648971466489714,0.4816031537450723
"[7, 0, 0, 0, 6, 48, 3, 0, 0, 13, 0, 0, 0, 15, 0, 0, 4, 103, 0, 0, 7, 0, 0, 0, 7, 0, 0, 0, 7, 0, 0, 0, 7, 0, 0, 0, 7, 0, 0, 0, 7, 0, 0, 0, 7, 0, 0, 0]",0.693800175189972,0.5,0.5,0.5354796320630749,0.5171319796954315,0.4645203679369251
"[7, 0, 0, 0, 3, 0, 0, 0, 8, 2, 1, 0, 6, 24, 1, 0, 7, 0, 0, 0, 7, 0, 0, 0, 7, 0, 0, 0, 2, 1, 0, 0, 7, 0, 0, 0, 7, 0, 0, 0, 7, 0, 0, 0, 1, 4, 0, 0]",0.7042437839508057,0.5,0.49134199134199136,0.44743758212877793,0.468363136176066,0.5367936925098554
"[3, 0, 0, 0, 7, 0, 0, 0, 2, 0, 0, 0, 7, 0, 0, 0, 6, 6, 3, 0, 8, 2, 1, 0, 2, 0, 0, 0, 8, 2, 2, 0, 7, 0, 0, 0, 7, 0, 0, 0, 7, 0, 0, 0, 1, 4, 0, 0]",0.7061336588859558,0.5,0.504424778761062,0.5243101182654402,0.5141752577319587,0.48488830486202367
"[7, 0, 0, 0, 2, 1, 0, 0, 0, 17, 0, 0, 7, 0, 0, 0, 6, 36, 4, 0, 3, 0, 0, 0, 0, 9, 1, 0, 0, 25, 0, 0, 4, 156, 0, 0, 7, 0, 0, 0, 7, 0, 0, 0, 7, 0, 0, 0]",0.6932965898513794,0.5,0.4968814968814969,0.47109067017082784,0.4836424957841484,0.5229960578186597
"[4, 50, 0, 0, 7, 0, 0, 0, 4, 145, 0, 0, 7, 0, 0, 0, 7, 0, 0, 0, 7, 0, 0, 0, 7, 0, 0, 0, 7, 0, 0, 0, 7, 0, 0, 0, 7, 0, 0, 0, 7, 0, 0, 0, 1, 4, 0, 0]",0.6941917753219604,0.5,0.5114213197969543,0.5295663600525624,0.5203357004519045,0.4940867279894875
"[7, 0, 0, 0, 1, 4, 0, 0, 3, 0, 0, 0, 1, 4, 0, 0, 7, 0, 0, 0, 8, 1, 2, 0, 2, 0, 0, 0, 0, 6, 1, 0, 2, 1, 0, 0, 6, 40, 4, 0, 7, 0, 0, 0, 7, 0, 0, 0]",0.6935383701324462,0.5,0.4931972789115646,0.38107752956636004,0.429948109710897,0.6084099868593955
"[8, 0, 2, 0, 8, 1, 2, 0, 1, 4, 0, 0, 3, 0, 0, 0, 4, 499, 0, 0, 7, 0, 0, 0, 7, 0, 0, 0, 7, 0, 0, 0, 1, 4, 0, 0, 7, 0, 0, 0, 7, 0, 0, 0, 7, 0, 0, 0]",0.6952383446693421,0.5,0.5139171758316361,0.4973718791064389,0.5055091819699499,0.5295663600525624
"[0, 11, 0, 0, 2, 0, 0, 0, 1, 4, 0, 0, 7, 0, 0, 0, 0, 4, 0, 0, 2, 1, 0, 0, 2, 0, 0, 0, 3, 0, 0, 0, 4, 82, 0, 0, 4, 184, 0, 0, 7, 0, 0, 0, 7, 0, 0, 0]",0.6931851506233215,0.5,0.5075757575757576,0.3961892247043364,0.44501845018450187,0.6156373193166885
"[7, 0, 0, 0, 8, 1, 1, 0, 7, 0, 0, 0, 7, 0, 0, 0, 7, 0, 0, 0, 7, 0, 0, 0, 3, 0, 0, 0, 7, 0, 0, 0, 7, 0, 0, 0, 6, 4, 4, 0, 0, 18, 1, 0, 3, 0, 0, 0]",0.6935258483886719,0.5,0.5014889815366289,0.5532194480946123,0.5260855982505467,0.450065703022339
"[0, 16, 0, 0, 5, 0, 0, 0, 4, 203, 0, 0, 7, 0, 0, 0, 4, 403, 0, 0, 7, 0, 0, 0, 4, 63, 0, 0, 7, 0, 0, 0, 7, 0, 0, 0, 7, 0, 0, 0, 7, 0, 0, 0, 7, 0, 0, 0]",0.6933361315727233,0.5,0.49062918340026773,0.4816031537450723,0.4860742705570292,0.5
"[4, 361, 0, 0, 7, 0, 0, 0, 7, 0, 0, 0, 7, 0, 0, 0, 7, 0, 0, 0, 7, 0, 0, 0, 4, 430, 0, 0, 7, 0, 0, 0, 7, 0, 0, 0, 7, 0, 0, 0, 7, 0, 0, 0, 7, 0, 0, 0]",0.6934000205993652,0.5,0.5112627986348123,0.4921156373193167,0.5015065282892535,0.5295663600525624
"[3, 0, 0, 0, 7, 0, 0, 0, 3, 0, 0, 0, 1, 4, 0, 0, 7, 0, 0, 0, 2, 1, 0, 0, 0, 27, 0, 0, 0, 7, 0, 0, 8, 3, 1, 0, 6, 48, 4, 0, 3, 0, 0, 0, 7, 0, 0, 0]",0.6931104803085327,0.5,0.49696969696969695,0.43101182654402104,0.4616467276565799,0.5637319316688568
"[0, 8, 0, 0, 6, 56, 1, 0, 3, 0, 0, 0, 7, 0, 0, 0, 7, 0, 0, 0, 0, 9, 1, 0, 8, 1, 1, 0, 5, 0, 0, 0, 4, 413, 0, 0, 4, 351, 0, 0, 7, 0, 0, 0, 7, 0, 0, 0]",0.6930820608139038,0.5,0.48632010943912446,0.4671484888304862,0.4765415549597855,0.5065703022339028
"[7, 0, 0, 0, 1, 4, 0, 0, 7, 0, 0, 0, 2, 1, 0, 0, 0, 27, 1, 0, 7, 0, 0, 0, 6, 24, 2, 0, 8, 1, 1, 0, 1, 4, 0, 0, 4, 139, 0, 0, 7, 0, 0, 0, 7, 0, 0, 0]",0.6954791378974915,0.5,0.5072727272727273,0.5499342969776609,0.5277427490542245,0.46583442838370565
"[6, 24, 1, 0, 0, 31, 0, 0, 5, 0, 0, 0, 7, 0, 0, 0, 7, 0, 0, 0, 4, 28, 0, 0, 7, 0, 0, 0, 7, 0, 0, 0, 1, 4, 0, 0, 1, 4, 0, 0, 7, 0, 0, 0, 7, 0, 0, 0]",0.695200309753418,0.5,0.5062344139650873,0.533508541392904,0.5195137555982086,0.47963206307490147
"[1, 4, 0, 0, 0, 21, 1, 0, 6, 16, 4, 0, 7, 0, 0, 0, 4, 470, 0, 0, 7, 0, 0, 0, 7, 0, 0, 0, 7, 0, 0, 0, 7, 0, 0, 0, 4, 165, 0, 0, 7, 0, 0, 0, 7, 0, 0, 0]",0.6932844805717469,0.5,0.5025210084033613,0.5893561103810775,0.5424856365285757,0.41655716162943496
"[4, 28, 0, 0, 7, 0, 0, 0, 7, 0, 0, 0, 7, 0, 0, 0, 7, 0, 0, 0, 7, 0, 0, 0, 4, 213, 0, 0, 1, 4, 0, 0, 4, 25, 0, 0, 7, 0, 0, 0, 7, 0, 0, 0, 7, 0, 0, 0]",0.6942646670341491,0.5,0.49333333333333335,0.5348226018396847,0.5132408575031526,0.4507227332457293
"[7, 0, 0, 0, 6, 56, 4, 0, 7, 0, 0, 0, 2, 0, 0, 0, 8, 3, 1, 0, 0, 16, 1, 0, 7, 0, 0, 0, 3, 0, 0, 0, 7, 0, 0, 0, 7, 0, 0, 0, 0, 25, 0, 0, 1, 25, 0, 0]",0.7046494865417481,0.5,0.5174603174603175,0.4283837056504599,0.46872753414809487,0.6005256241787122
"[4, 135, 0, 0, 7, 0, 0, 0, 7, 0, 0, 0, 7, 0, 0, 0, 7, 0, 0, 0, 7, 0, 0, 0, 7, 0, 0, 0, 7, 0, 0, 0, 7, 0, 0, 0, 7, 0, 0, 0, 7, 0, 0, 0, 7, 0, 0, 0]",0.6955072379112244,0.5,0.49558823529411766,0.442838370565046,0.4677307425399028,0.5492772667542707
"[1, 4, 0, 0, 6, 28, 4, 0, 0, 27, 0, 0, 7, 0, 0, 0, 8, 3, 2, 0, 8, 1, 2, 0, 0, 17, 1, 0, 7, 0, 0, 0, 7, 0, 0, 0, 4, 284, 0, 0, 1, 4, 0, 0, 7, 0, 0, 0]",0.6940730452537537,0.5,0.4897196261682243,0.5164257555847569,0.5027182603133994,0.461892247043364
"[2, 0, 0, 0, 8, 1, 1, 0, 2, 0, 0, 0, 1, 4, 0, 0, 3, 0, 0, 0, 3, 0, 0, 0, 0, 30, 1, 0, 6, 16, 4, 0, 8, 2, 1, 0, 3, 0, 0, 0, 7, 0, 0, 0, 0, 24, 0, 0]",0.6931750512123108,0.5,0.489171974522293,0.5045992115637319,0.49676584734799484,0.4730617608409987
"[3, 0, 0, 0, 2, 0, 0, 0, 8, 2, 2, 0, 7, 0, 0, 0, 7, 0, 0, 0, 3, 0, 0, 0, 0, 21, 0, 0, 7, 0, 0, 0, 6, 50, 2, 0, 2, 0, 0, 0, 8, 3, 1, 0, 5, 0, 0, 0]",0.6935092830657958,0.5,0.5219224283305227,0.4067017082785808,0.4571639586410635,0.6274638633377135
"[4, 53, 0, 0, 7, 0, 0, 0, 7, 0, 0, 0, 7, 0, 0, 0, 7, 0, 0, 0, 7, 0, 0, 0, 7, 0, 0, 0, 7, 0, 0, 0, 7, 0, 0, 0, 7, 0, 0, 0, 7, 0, 0, 0, 7, 0, 0, 0]",0.6940499472618104,0.5,0.5034674063800277,0.47700394218134035,0.4898785425101215,0.5295663600525624
"[1, 4, 0, 0, 8, 1, 2, 0, 2, 0, 0, 0, 7, 0, 0, 0, 0, 11, 0, 0, 8, 1, 2, 0, 3, 0, 0, 0, 6, 4, 4, 0, 0, 29, 1, 0, 1, 29, 0, 0, 1, 4, 0, 0, 7, 0, 0, 0]",0.7072980880737305,0.5,0.48469706433479076,0.5098554533508541,0.4969580531540186,0.4579500657030223
"[3, 0, 0, 0, 8, 1, 1, 0, 7, 0, 0, 0, 3, 0, 0, 0, 1, 4, 0, 0, 3, 0, 0, 0, 0, 14, 1, 0, 6, 56, 4, 0, 7, 0, 0, 0, 7, 0, 0, 0, 3, 0, 0, 0, 8, 1, 2, 0]",0.6933563828468323,0.5,0.4962264150943396,0.5183968462549278,0.5070694087403599,0.47371879106438897
"[3, 0, 0, 0, 0, 22, 1, 0, 6, 32, 4, 0, 3, 0, 0, 0, 4, 123, 0, 0, 7, 0, 0, 0, 7, 0, 0, 0, 4, 381, 0, 0, 7, 0, 0, 0, 4, 333, 0, 0, 7, 0, 0, 0, 7, 0, 0, 0]",0.6931659317016602,0.5,0.4856870229007634,0.3344283837056505,0.3961089494163424,0.6458607095926413
"[8, 0, 1, 0, 1, 4, 0, 0, 1, 4, 0, 0, 7, 0, 0, 0, 2, 1, 0, 0, 0, 15, 0, 0, 4, 442, 0, 0, 7, 0, 0, 0, 7, 0, 0, 0, 7, 0, 0, 0, 7, 0, 0, 0, 7, 0, 0, 0]",0.6929312038421631,0.5,0.5075987841945289,0.5486202365308804,0.52731291443006,0.46780551905387646
"[6, 6, 2, 0, 7, 0, 0, 0, 5, 0, 0, 0, 4, 320, 0, 0, 7, 0, 0, 0, 7, 0, 0, 0, 7, 0, 0, 0, 7, 0, 0, 0, 1, 4, 0, 0, 7, 0, 0, 0, 7, 0, 0, 0, 1, 4, 0, 0]",0.6965202116966247,0.5,0.49969268592501537,0.5341655716162943,0.5163543982216576,0.4651773981603154
"[6, 22, 2, 0, 2, 0, 0, 0, 8, 1, 1, 0, 7, 0, 0, 0, 7, 0, 0, 0, 3, 0, 0, 0, 7, 0, 0, 0, 8, 2, 1, 0, 0, 7, 1, 0, 8, 3, 1, 0, 5, 0, 0, 0, 4, 30, 0, 0]",0.6936700654029846,0.5,0.5025641025641026,0.5795006570302234,0.538297223069881,0.4264126149802891
"[8, 0, 1, 0, 2, 1, 0, 0, 3, 0, 0, 0, 7, 0, 0, 0, 0, 24, 0, 0, 6, 24, 4, 0, 2, 0, 0, 0, 7, 0, 0, 0, 4, 448, 0, 0, 7, 0, 0, 0, 1, 4, 0, 0, 1, 4, 0, 0]",0.6965155553817749,0.5,0.4963908939478068,0.5873850197109067,0.5380680108335841,0.4040735873850197
"[4, 27, 0, 0, 7, 0, 0, 0, 7, 0, 0, 0, 7, 0, 0, 0, 7, 0, 0, 0, 7, 0, 0, 0, 7, 0, 0, 0, 7, 0, 0, 0, 7, 0, 0, 0, 7, 0, 0, 0, 4, 52, 0, 0, 7, 0, 0, 0]",0.6939468050003051,0.5,0.513182096873084,0.5499342969776609,0.5309229305423406,0.4783180026281209
"[6, 44, 4, 0, 7, 0, 0, 0, 8, 1, 1, 0, 7, 0, 0, 0, 3, 0, 0, 0, 3, 0, 0, 0, 7, 0, 0, 0, 8, 3, 2, 0, 1, 4, 0, 0, 4, 59, 0, 0, 7, 0, 0, 0, 7, 0, 0, 0]",0.6968209290504456,0.5,0.4947294448348559,0.46254927726675427,0.47809847198641764,0.5275952693823915
"[3, 0, 0, 0, 6, 8, 4, 0, 4, 39, 0, 0, 7, 0, 0, 0, 7, 0, 0, 0, 7, 0, 0, 0, 1, 4, 0, 0, 7, 0, 0, 0, 7, 0, 0, 0, 7, 0, 0, 0, 7, 0, 0, 0, 7, 0, 0, 0]",0.6960796523094177,0.5,0.4867109634551495,0.38501971090670173,0.42993396918561994,0.5939553219448095
"[3, 0, 0, 0, 2, 1, 0, 0, 6, 40, 4, 0, 7, 0, 0, 0, 8, 1, 2, 0, 7, 0, 0, 0, 2, 0, 0, 0, 4, 499, 0, 0, 4, 369, 0, 0, 7, 0, 0, 0, 7, 0, 0, 0, 7, 0, 0, 0]",0.6932482123374939,0.5,0.5051173991571343,0.5512483574244416,0.5271756204838203,0.45992115637319314
"[4, 373, 0, 0, 7, 0, 0, 0, 7, 0, 0, 0, 7, 0, 0, 0, 7, 0, 0, 0, 7, 0, 0, 0, 7, 0, 0, 0, 7, 0, 0, 0, 7, 0, 0, 0, 4, 473, 0, 0, 7, 0, 0, 0, 7, 0, 0, 0]",0.693205497264862,0.5,0.48512747875354106,0.450065703022339,0.4669393319700068,0.5223390275952694
"[4, 363, 0, 0, 7, 0, 0, 0, 7, 0, 0, 0, 7, 0, 0, 0, 7, 0, 0, 0, 1, 4, 0, 0, 4, 249, 0, 0, 7, 0, 0, 0, 7, 0, 0, 0, 7, 0, 0, 0, 7, 0, 0, 0, 7, 0, 0, 0]",0.6939344143867493,0.5,0.49529512403763903,0.3804204993429698,0.43032329988851725,0.6123521681997371
"[7, 0, 0, 0, 2, 1, 0, 0, 4, 378, 0, 0, 7, 0, 0, 0, 7, 0, 0, 0, 7, 0, 0, 0, 7, 0, 0, 0, 7, 0, 0, 0, 1, 4, 0, 0, 7, 0, 0, 0, 7, 0, 0, 0, 7, 0, 0, 0]",0.6939937376976013,0.5,0.49701897018970187,0.602496714848883,0.5446985446985447,0.3902759526938239
"[8, 0, 2, 0, 1, 4, 0, 0, 8, 2, 2, 0, 2, 0, 0, 0, 6, 28, 4, 0, 1, 28, 0, 0, 7, 0, 0, 0, 0, 26, 0, 0, 3, 0, 0, 0, 2, 1, 0, 0, 3, 0, 0, 0, 8, 1, 2, 0]",0.6956900668144226,0.5,0.5092180546726002,0.526281208935611,0.5176090468497577,0.492772667542707
"[6, 28, 4, 0, 8, 1, 1, 0, 1, 4, 0, 0, 8, 2, 1, 0, 2, 1, 0, 0, 0, 7, 0, 0, 7, 0, 0, 0, 3, 0, 0, 0, 4, 191, 0, 0, 7, 0, 0, 0, 7, 0, 0, 0, 7, 0, 0, 0]",0.6934571766853332,0.5,0.49700598802395207,0.545335085413929,0.5200501253132832,0.4480946123521682
"[6, 56, 4, 0, 7, 0, 0, 0, 7, 0, 0, 0, 2, 1, 0, 0, 0, 9, 0, 0, 2, 1, 0, 0, 1, 4, 0, 0, 7, 0, 0, 0, 7, 0, 0, 0, 8, 1, 2, 0, 0, 23, 0, 0, 2, 1, 0, 0]",0.6942806100845337,0.5,0.4965299684542587,0.5170827858081471,0.5065980045059543,0.4756898817345598
"[6, 20, 4, 0, 7, 0, 0, 0, 4, 439, 0, 0, 7, 0, 0, 0, 7, 0, 0, 0, 7, 0, 0, 0, 4, 503, 0, 0, 7, 0, 0, 0, 4, 264, 0, 0, 4, 141, 0, 0, 7, 0, 0, 0, 4, 384, 0, 0]",0.6931066203117371,0.5,0.4919786096256685,0.6044678055190539,0.5424528301886793,0.37582128777923784
"[6, 16, 4, 0, 0, 18, 1, 0, 4, 162, 0, 0, 7, 0, 0, 0, 7, 0, 0, 0, 7, 0, 0, 0, 7, 0, 0, 0, 4, 163, 0, 0, 4, 356, 0, 0, 4, 362, 0, 0, 7, 0, 0, 0, 7, 0, 0, 0]",0.6929266548156738,0.5,0.5146962769431744,0.5177398160315374,0.5162135604323617,0.511826544021025
"[7, 0, 0, 0, 1, 4, 0, 0, 8, 1, 2, 0, 4, 193, 0, 0, 7, 0, 0, 0, 7, 0, 0, 0, 1, 4, 0, 0, 7, 0, 0, 0, 7, 0, 0, 0, 7, 0, 0, 0, 7, 0, 0, 0, 7, 0, 0, 0]",0.6952911901473999,0.5,0.5112321307011573,0.49342969776609724,0.5021731862253427,0.5282522996057819
"[0, 28, 1, 0, 4, 263, 0, 0, 7, 0, 0, 0, 7, 0, 0, 0, 7, 0, 0, 0, 4, 510, 0, 0, 7, 0, 0, 0, 7, 0, 0, 0, 7, 0, 0, 0, 7, 0, 0, 0, 7, 0, 0, 0, 7, 0, 0, 0]",0.6932474279403686,0.5,0.5071315372424723,0.4204993429697766,0.45977011494252873,0.5913272010512484
"[1, 4, 0, 0, 0, 6, 1, 0, 0, 23, 1, 0, 7, 0, 0, 0, 5, 0, 0, 0, 7, 0, 0, 0, 1, 4, 0, 0, 7, 0, 0, 0, 7, 0, 0, 0, 8, 2, 2, 0, 4, 295, 0, 0, 7, 0, 0, 0]",0.6951371788978576,0.5,0.5025983667409057,0.4448094612352168,0.47194144301150226,0.5597897503285151
"[3, 0, 0, 0, 2, 0, 0, 0, 1, 4, 0, 0, 1, 4, 0, 0, 6, 26, 2, 0, 2, 0, 0, 0, 4, 257, 0, 0, 7, 0, 0, 0, 7, 0, 0, 0, 7, 0, 0, 0, 7, 0, 0, 0, 7, 0, 0, 0]",0.6933682632446289,0.5,0.5198921105866486,0.5065703022339028,0.513144758735441,0.5321944809461235
"[7, 0, 0, 0, 7, 0, 0, 0, 4, 314, 0, 0, 1, 4, 0, 0, 7, 0, 0, 0, 7, 0, 0, 0, 4, 319, 0, 0, 7, 0, 0, 0, 7, 0, 0, 0, 7, 0, 0, 0, 7, 0, 0, 0, 7, 0, 0, 0]",0.6937479209899903,0.5,0.5058495821727019,0.5965834428383706,0.5474826650587881,0.4172141918528252
"[3, 0, 0, 0, 0, 12, 1, 0, 4, 330, 0, 0, 7, 0, 0, 0, 7, 0, 0, 0, 7, 0, 0, 0, 7, 0, 0, 0, 7, 0, 0, 0, 7, 0, 0, 0, 7, 0, 0, 0, 7, 0, 0, 0, 7, 0, 0, 0]",0.6934793639183044,0.5,0.49530201342281877,0.48488830486202367,0.4900398406374502,0.5059132720105125
"[0, 10, 0, 0, 7, 0, 0, 0, 0, 8, 0, 0, 6, 54, 1, 0, 3, 0, 0, 0, 1, 4, 0, 0, 0, 12, 0, 0, 2, 1, 0, 0, 4, 286, 0, 0, 7, 0, 0, 0, 7, 0, 0, 0, 7, 0, 0, 0]",0.693632709980011,0.5,0.5029481132075472,0.5604467805519053,0.5301429459291486,0.44612352168199737
"[0, 21, 0, 0, 7, 0, 0, 0, 1, 4, 0, 0, 7, 0, 0, 0, 8, 2, 2, 0, 7, 0, 0, 0, 8, 2, 2, 0, 7, 0, 0, 0, 2, 0, 0, 0, 2, 0, 0, 0, 7, 0, 0, 0, 4, 284, 0, 0]",0.69681405544281,0.5,0.4953161592505855,0.5558475689881734,0.5238390092879257,0.4336399474375821
"[6, 58, 2, 0, 4, 289, 0, 0, 7, 0, 0, 0, 7, 0, 0, 0, 7, 0, 0, 0, 7, 0, 0, 0, 4, 50, 0, 0, 7, 0, 0, 0, 4, 84, 0, 0, 7, 0, 0, 0, 7, 0, 0, 0, 7, 0, 0, 0]",0.6934187150001526,0.5,0.5071343638525565,0.5604467805519053,0.5324594257178527,0.45532194480946125
"[5, 0, 0, 0, 4, 374, 0, 0, 7, 0, 0, 0, 7, 0, 0, 0, 7, 0, 0, 0, 7, 0, 0, 0, 7, 0, 0, 0, 7, 0, 0, 0, 7, 0, 0, 0, 7, 0, 0, 0, 7, 0, 0, 0, 4, 125, 0, 0]",0.6938559937477112,0.5,0.5049439683586026,0.5032851511169514,0.504113195129977,0.5065703022339028
"[1, 4, 0, 0, 3, 0, 0, 0, 8, 2, 2, 0, 0, 20, 1, 0, 2, 0, 0, 0, 7, 0, 0, 0, 0, 28, 0, 0, 6, 41, 1, 0, 7, 0, 0, 0, 7, 0, 0, 0, 2, 1, 0, 0, 4, 64, 0, 0]",0.6934790015220642,0.5,0.4943067649028801,0.48488830486202367,0.48955223880597015,0.5039421813403416
"[2, 0, 0, 0, 7, 0, 0, 0, 6, 25, 1, 0, 7, 0, 0, 0, 4, 20, 0, 0, 7, 0, 0, 0, 1, 4, 0, 0, 7, 0, 0, 0, 7, 0, 0, 0, 7, 0, 0, 0, 4, 434, 0, 0, 7, 0, 0, 0]",0.6935969758033752,0.5,0.488822652757079,0.43101182654402104,0.4581005586592179,0.5492772667542707
"[7, 0, 0, 0, 0, 17, 1, 0, 7, 0, 0, 0, 0, 13, 1, 0, 1, 13, 0, 0, 4, 261, 0, 0, 7, 0, 0, 0, 7, 0, 0, 0, 1, 4, 0, 0, 1, 4, 0, 0, 7, 0, 0, 0, 1, 4, 0, 0]",0.6956419706344604,0.5,0.5053981106612686,0.4921156373193167,0.4986684420772304,0.5183968462549278
"[2, 1, 0, 0, 3, 0, 0, 0, 3, 0, 0, 0, 1, 4, 0, 0, 6, 44, 4, 0, 1, 44, 0, 0, 3, 0, 0, 0, 2, 0, 0, 0, 4, 7, 0, 0, 7, 0, 0, 0, 1, 4, 0, 0, 7, 0, 0, 0]",0.6980024600028991,0.5,0.5071428571428571,0.5597897503285151,0.5321673953778888,0.4559789750328515
"[1, 4, 0, 0, 6, 60, 4, 0, 1, 60, 0, 0, 4, 143, 0, 0, 7, 0, 0, 0, 7, 0, 0, 0, 7, 0, 0, 0, 7, 0, 0, 0, 7, 0, 0, 0, 7, 0, 0, 0, 1, 4, 0, 0, 7, 0, 0, 0]",0.6954026389122009,0.5,0.4985401459854015,0.4487516425755585,0.4723374827109267,0.5486202365308804
"[4, 209, 0, 0, 7, 0, 0, 0, 7, 0, 0, 0, 7, 0, 0, 0, 7, 0, 0, 0, 7, 0, 0, 0, 4, 259, 0, 0, 1, 4, 0, 0, 7, 0, 0, 0, 1, 4, 0, 0, 7, 0, 0, 0, 7, 0, 0, 0]",0.6943644165992737,0.5,0.5045572916666666,0.5091984231274639,0.5068672334859385,0.5
"[5, 0, 0, 0, 7, 0, 0, 0, 4, 329, 0, 0, 7, 0, 0, 0, 7, 0, 0, 0, 7, 0, 0, 0, 7, 0, 0, 0, 7, 0, 0, 0, 7, 0, 0, 0, 7, 0, 0, 0, 7, 0, 0, 0, 7, 0, 0, 0]",0.693458662033081,0.5,0.508274231678487,0.5650459921156373,0.5351586807716241,0.4533508541392904
"[6, 16, 1, 0, 7, 0, 0, 0, 2, 1, 0, 0, 4, 16, 0, 0, 7, 0, 0, 0, 7, 0, 0, 0, 1, 4, 0, 0, 7, 0, 0, 0, 7, 0, 0, 0, 7, 0, 0, 0, 7, 0, 0, 0, 7, 0, 0, 0]",0.6955443930625915,0.5,0.5106888361045131,0.5650459921156373,0.5364940736119775,0.45860709592641263
"[0, 12, 1, 0, 7, 0, 0, 0, 7, 0, 0, 0, 4, 179, 0, 0, 4, 115, 0, 0, 1, 4, 0, 0, 7, 0, 0, 0, 7, 0, 0, 0, 7, 0, 0, 0, 4, 68, 0, 0, 7, 0, 0, 0, 1, 4, 0, 0]",0.6934296083450318,0.5,0.5002788622420524,0.5893561103810775,0.5411764705882353,0.41130091984231276
"[2, 0, 0, 0, 8, 1, 2, 0, 8, 1, 1, 0, 1, 4, 0, 0, 4, 174, 0, 0, 4, 476, 0, 0, 7, 0, 0, 0, 7, 0, 0, 0, 7, 0, 0, 0, 4, 13, 0, 0, 4, 12, 0, 0, 7, 0, 0, 0]",0.6947619080543518,0.5,0.48428019856591287,0.5768725361366623,0.5265367316341829,0.385676741130092
"[7, 0, 0, 0, 6, 36, 4, 0, 4, 15, 0, 0, 7, 0, 0, 0, 7, 0, 0, 0, 4, 241, 0, 0, 7, 0, 0, 0, 7, 0, 0, 0, 7, 0, 0, 0, 7, 0, 0, 0, 7, 0, 0, 0, 7, 0, 0, 0]",0.6935705995559692,0.5,0.5068411659726353,0.5597897503285151,0.5320012488292226,0.45532194480946125
"[1, 4, 0, 0, 8, 1, 1, 0, 1, 4, 0, 0, 0, 12, 1, 0, 8, 2, 2, 0, 2, 1, 0, 0, 1, 4, 0, 0, 2, 1, 0, 0, 6, 36, 4, 0, 3, 0, 0, 0, 8, 2, 1, 0, 4, 497, 0, 0]",0.692652096748352,0.5,0.49676898222940225,0.4040735873850197,0.44565217391304346,0.5906701708278581
"[0, 11, 1, 0, 2, 1, 0, 0, 3, 0, 0, 0, 5, 0, 0, 0, 4, 80, 0, 0, 7, 0, 0, 0, 7, 0, 0, 0, 7, 0, 0, 0, 7, 0, 0, 0, 1, 4, 0, 0, 7, 0, 0, 0, 7, 0, 0, 0]",0.69504239320755,0.5,0.49876084262701365,0.5289093298291722,0.5133928571428571,0.46846254927726677
"[6, 57, 3, 0, 3, 0, 0, 0, 7, 0, 0, 0, 0, 13, 1, 0, 7, 0, 0, 0, 8, 3, 1, 0, 1, 4, 0, 0, 7, 0, 0, 0, 7, 0, 0, 0, 1, 4, 0, 0, 4, 53, 0, 0, 7, 0, 0, 0]",0.6953420686721802,0.5,0.5076238881829733,0.5249671484888305,0.5161498708010336,0.4908015768725361
"[7, 0, 0, 0, 0, 7, 0, 0, 6, 41, 1, 0, 0, 13, 1, 0, 8, 1, 1, 0, 2, 1, 0, 0, 1, 4, 0, 0, 8, 1, 2, 0, 2, 0, 0, 0, 2, 0, 0, 0, 7, 0, 0, 0, 4, 137, 0, 0]",0.6957537889480591,0.5,0.5048882681564246,0.47503285151116953,0.4895057549085985,0.5341655716162943
"[6, 33, 3, 0, 7, 0, 0, 0, 2, 1, 0, 0, 2, 1, 0, 0, 2, 0, 0, 0, 8, 2, 1, 0, 1, 4, 0, 0, 2, 0, 0, 0, 4, 425, 0, 0, 1, 4, 0, 0, 7, 0, 0, 0, 7, 0, 0, 0]",0.6951387095451355,0.5,0.5180180180180181,0.5289093298291722,0.523407022106632,0.5078843626806833
"[6, 30, 2, 0, 7, 0, 0, 0, 3, 0, 0, 0, 4, 61, 0, 0, 7, 0, 0, 0, 7, 0, 0, 0, 7, 0, 0, 0, 7, 0, 0, 0, 7, 0, 0, 0, 7, 0, 0, 0, 7, 0, 0, 0, 7, 0, 0, 0]",0.6937751388549804,0.5,0.4981329350261389,0.43823915900131405,0.46627053477804964,0.5584756898817346
"[0, 16, 1, 0, 1, 16, 0, 0, 6, 48, 4, 0, 7, 0, 0, 0, 7, 0, 0, 0, 8, 1, 2, 0, 0, 10, 1, 0, 2, 0, 0, 0, 8, 2, 1, 0, 1, 4, 0, 0, 2, 1, 0, 0, 0, 7, 1, 0]",0.6917814302444458,0.5,0.5031578947368421,0.47109067017082784,0.4865965388530709,0.5348226018396847
"[0, 12, 1, 0, 4, 118, 0, 0, 7, 0, 0, 0, 7, 0, 0, 0, 7, 0, 0, 0, 4, 278, 0, 0, 7, 0, 0, 0, 1, 4, 0, 0, 7, 0, 0, 0, 7, 0, 0, 0, 7, 0, 0, 0, 7, 0, 0, 0]",0.6937100505828857,0.5,0.5033313143549364,0.5459921156373193,0.5237945162306965,0.4612352168199737
"[7, 0, 0, 0, 2, 0, 0, 0, 1, 4, 0, 0, 1, 4, 0, 0, 2, 0, 0, 0, 2, 1, 0, 0, 4, 447, 0, 0, 4, 21, 0, 0, 7, 0, 0, 0, 7, 0, 0, 0, 7, 0, 0, 0, 1, 4, 0, 0]",0.694946460723877,0.5,0.5102675793403858,0.5387647831800263,0.5241291147331416,0.48291721419185285
"[6, 26, 1, 0, 0, 26, 1, 0, 3, 0, 0, 0, 0, 4, 0, 0, 2, 1, 0, 0, 5, 0, 0, 0, 4, 444, 0, 0, 7, 0, 0, 0, 7, 0, 0, 0, 4, 158, 0, 0, 1, 4, 0, 0, 1, 4, 0, 0]",0.693396873474121,0.5,0.49598021026592454,0.5269382391590013,0.5109907613889774,0.4645203679369251
"[3, 0, 0, 0, 8, 1, 1, 0, 2, 0, 0, 0, 2, 1, 0, 0, 3, 0, 0, 0, 3, 0, 0, 0, 3, 0, 0, 0, 0, 10, 0, 0, 8, 1, 2, 0, 1, 4, 0, 0, 4, 90, 0, 0, 7, 0, 0, 0]",0.6930141091346741,0.5,0.5011070110701107,0.44612352168199737,0.4720194647201946,0.5558475689881734
"[8, 0, 2, 0, 2, 0, 0, 0, 8, 2, 2, 0, 8, 3, 2, 0, 1, 4, 0, 0, 3, 0, 0, 0, 8, 1, 2, 0, 1, 4, 0, 0, 4, 286, 0, 0, 7, 0, 0, 0, 1, 4, 0, 0, 1, 4, 0, 0]",0.6965707325935364,0.5,0.485459940652819,0.5374507227332457,0.5101340816962894,0.43035479632063073
"[8, 0, 2, 0, 0, 30, 1, 0, 8, 2, 2, 0, 6, 40, 4, 0, 3, 0, 0, 0, 2, 0, 0, 0, 7, 0, 0, 0, 3, 0, 0, 0, 7, 0, 0, 0, 8, 3, 2, 0, 0, 30, 1, 0, 8, 1, 1, 0]",0.6933842396736145,0.5,0.49261083743842365,0.5256241787122208,0.5085823267641449,0.45860709592641263
"[2, 0, 0, 0, 1, 4, 0, 0, 3, 0, 0, 0, 8, 2, 1, 0, 2, 0, 0, 0, 7, 0, 0, 0, 8, 1, 2, 0, 3, 0, 0, 0, 7, 0, 0, 0, 8, 1, 1, 0, 3, 0, 0, 0, 0, 14, 0, 0]",0.6935918140411377,0.5,0.5049928673323824,0.4651773981603154,0.4842681258549932,0.5440210249671484
"[8, 0, 1, 0, 6, 40, 4, 0, 2, 1, 0, 0, 7, 0, 0, 0, 3, 0, 0, 0, 7, 0, 0, 0, 8, 2, 1, 0, 3, 0, 0, 0, 7, 0, 0, 0, 4, 5, 0, 0, 7, 0, 0, 0, 1, 4, 0, 0]",0.6989148950576782,0.5,0.49736070381231673,0.557161629434954,0.5255655407499226,0.4369250985545335
"[7, 0, 0, 0, 1, 4, 0, 0, 3, 0, 0, 0, 6, 42, 1, 0, 1, 42, 0, 0, 7, 0, 0, 0, 0, 21, 1, 0, 4, 214, 0, 0, 4, 475, 0, 0, 7, 0, 0, 0, 7, 0, 0, 0, 7, 0, 0, 0]",0.6932989549636841,0.5,0.5017568517217147,0.469119579500657,0.48488964346349744,0.5341655716162943
"[4, 161, 0, 0, 4, 203, 0, 0, 7, 0, 0, 0, 7, 0, 0, 0, 7, 0, 0, 0, 7, 0, 0, 0, 7, 0, 0, 0, 7, 0, 0, 0, 7, 0, 0, 0, 4, 357, 0, 0, 1, 4, 0, 0, 1, 4, 0, 0]",0.693416554927826,0.5,0.5023837902264601,0.5538764783180026,0.526875,0.45137976346911957
"[0, 23, 1, 0, 6, 48, 4, 0, 7, 0, 0, 0, 7, 0, 0, 0, 4, 248, 0, 0, 1, 4, 0, 0, 7, 0, 0, 0, 7, 0, 0, 0, 4, 69, 0, 0, 1, 4, 0, 0, 7, 0, 0, 0, 4, 409, 0, 0]",0.6934902763366699,0.5,0.5080763582966226,0.45466491458607095,0.4798890429958391,0.5597897503285151
"[0, 27, 1, 0, 4, 149, 0, 0, 4, 169, 0, 0, 7, 0, 0, 0, 7, 0, 0, 0, 7, 0, 0, 0, 7, 0, 0, 0, 1, 4, 0, 0, 7, 0, 0, 0, 7, 0, 0, 0, 7, 0, 0, 0, 7, 0, 0, 0]",0.6933804726600648,0.5,0.49531066822977726,0.5551905387647832,0.523543990086741,0.4342969776609724
"[1, 4, 0, 0, 0, 31, 1, 0, 2, 1, 0, 0, 7, 0, 0, 0, 6, 56, 2, 0, 4, 318, 0, 0, 7, 0, 0, 0, 7, 0, 0, 0, 7, 0, 0, 0, 7, 0, 0, 0, 7, 0, 0, 0, 7, 0, 0, 0]",0.6931694960594177,0.5,0.5142135186355022,0.5348226018396847,0.5243156199677939,0.4947437582128778
"[2, 1, 0, 0, 7, 0, 0, 0, 1, 4, 0, 0, 7, 0, 0, 0, 7, 0, 0, 0, 6, 40, 4, 0, 3, 0, 0, 0, 1, 4, 0, 0, 4, 182, 0, 0, 1, 4, 0, 0, 4, 311, 0, 0, 7, 0, 0, 0]",0.6936802625656128,0.5,0.5147405660377359,0.573587385019711,0.5425730267246737,0.4592641261498029
"[6, 50, 2, 0, 3, 0, 0, 0, 0, 6, 0, 0, 4, 168, 0, 0, 4, 328, 0, 0, 7, 0, 0, 0, 7, 0, 0, 0, 7, 0, 0, 0, 7, 0, 0, 0, 7, 0, 0, 0, 7, 0, 0, 0, 7, 0, 0, 0]",0.6929981350898743,0.5,0.48139711465451784,0.41655716162943496,0.44663613948573444,0.5512483574244416
"[6, 12, 4, 0, 7, 0, 0, 0, 7, 0, 0, 0, 3, 0, 0, 0, 4, 243, 0, 0, 1, 4, 0, 0, 7, 0, 0, 0, 7, 0, 0, 0, 7, 0, 0, 0, 7, 0, 0, 0, 7, 0, 0, 0, 7, 0, 0, 0]",0.6950281000137329,0.5,0.49662783568362967,0.5321944809461235,0.5137963843958135,0.46057818659658345
"[2, 1, 0, 0, 7, 0, 0, 0, 8, 2, 1, 0, 7, 0, 0, 0, 0, 30, 1, 0, 6, 32, 4, 0, 1, 32, 0, 0, 7, 0, 0, 0, 3, 0, 0, 0, 7, 0, 0, 0, 2, 0, 0, 0, 2, 1, 0, 0]",0.7201526951789856,0.5,0.5021302495435179,0.5420499342969777,0.5213270142180095,0.46254927726675427
"[8, 0, 2, 0, 7, 0, 0, 0, 8, 1, 1, 0, 0, 23, 1, 0, 4, 442, 0, 0, 7, 0, 0, 0, 1, 4, 0, 0, 7, 0, 0, 0, 7, 0, 0, 0, 1, 4, 0, 0, 7, 0, 0, 0, 7, 0, 0, 0]",0.6954837274551392,0.5,0.4975062344139651,0.5243101182654402,0.510556621880998,0.4704336399474376
"[1, 4, 0, 0, 2, 1, 0, 0, 8, 2, 1, 0, 4, 413, 0, 0, 7, 0, 0, 0, 1, 4, 0, 0, 7, 0, 0, 0, 7, 0, 0, 0, 7, 0, 0, 0, 7, 0, 0, 0, 7, 0, 0, 0, 7, 0, 0, 0]",0.6957816338539123,0.5,0.5038402457757296,0.43101182654402104,0.46458923512747874,0.5755584756898817
"[8, 0, 1, 0, 3, 0, 0, 0, 6, 36, 2, 0, 5, 0, 0, 0, 4, 358, 0, 0, 7, 0, 0, 0, 7, 0, 0, 0, 7, 0, 0, 0, 7, 0, 0, 0, 7, 0, 0, 0, 7, 0, 0, 0, 7, 0, 0, 0]",0.6935443592071533,0.5,0.515807962529274,0.5788436268068331,0.5455108359133127,0.45663600525624176
"[2, 0, 0, 0, 1, 4, 0, 0, 0, 5, 1, 0, 7, 0, 0, 0, 3, 0, 0, 0, 3, 0, 0, 0, 7, 0, 0, 0, 7, 0, 0, 0, 6, 56, 1, 0, 0, 29, 1, 0, 7, 0, 0, 0, 7, 0, 0, 0]",0.6932850909233094,0.5,0.5081206496519721,0.4316688567674113,0.466785079928952,0.5821287779237845
"[0, 10, 1, 0, 4, 51, 0, 0, 7, 0, 0, 0, 7, 0, 0, 0, 7, 0, 0, 0, 4, 2, 0, 0, 7, 0, 0, 0, 4, 152, 0, 0, 7, 0, 0, 0, 4, 440, 0, 0, 7, 0, 0, 0, 7, 0, 0, 0]",0.6935246109962463,0.5,0.5106382978723404,0.5992115637319316,0.5513905683192262,0.42575558475689884
"[1, 4, 0, 0, 3, 0, 0, 0, 2, 1, 0, 0, 7, 0, 0, 0, 7, 0, 0, 0, 6, 40, 4, 0, 4, 252, 0, 0, 7, 0, 0, 0, 7, 0, 0, 0, 7, 0, 0, 0, 7, 0, 0, 0, 7, 0, 0, 0]",0.693246865272522,0.5,0.4894242068155112,0.5473061760840998,0.5167493796526055,0.4290407358738502
"[7, 0, 0, 0, 6, 4, 3, 0, 8, 2, 2, 0, 3, 0, 0, 0, 7, 0, 0, 0, 2, 1, 0, 0, 1, 4, 0, 0, 8, 1, 2, 0, 8, 1, 1, 0, 0, 31, 1, 0, 0, 29, 1, 0, 7, 0, 0, 0]",0.6932231116294861,0.5,0.4909819639278557,0.48291721419185285,0.48691619741636305,0.49934296977660975
"[6, 20, 4, 0, 8, 1, 2, 0, 8, 2, 2, 0, 4, 38, 0, 0, 1, 4, 0, 0, 7, 0, 0, 0, 1, 4, 0, 0, 1, 4, 0, 0, 7, 0, 0, 0, 7, 0, 0, 0, 7, 0, 0, 0, 7, 0, 0, 0]",0.6972058248519898,0.5,0.5047106325706595,0.492772667542707,0.49867021276595747,0.5164257555847569
"[3, 0, 0, 0, 7, 0, 0, 0, 2, 0, 0, 0, 1, 4, 0, 0, 4, 106, 0, 0, 7, 0, 0, 0, 4, 322, 0, 0, 4, 449, 0, 0, 7, 0, 0, 0, 1, 4, 0, 0, 7, 0, 0, 0, 1, 4, 0, 0]",0.6934184312820435,0.5,0.49121779859484777,0.5512483574244416,0.5195046439628483,0.4290407358738502
"[1, 4, 0, 0, 3, 0, 0, 0, 5, 0, 0, 0, 4, 133, 0, 0, 7, 0, 0, 0, 7, 0, 0, 0, 7, 0, 0, 0, 7, 0, 0, 0, 7, 0, 0, 0, 7, 0, 0, 0, 7, 0, 0, 0, 7, 0, 0, 0]",0.6954329872131347,0.5,0.5049374588545096,0.5039421813403416,0.5044393291680368,0.5059132720105125
"[0, 9, 1, 0, 4, 316, 0, 0, 7, 0, 0, 0, 7, 0, 0, 0, 7, 0, 0, 0, 7, 0, 0, 0, 7, 0, 0, 0, 1, 4, 0, 0, 7, 0, 0, 0, 7, 0, 0, 0, 7, 0, 0, 0, 7, 0, 0, 0]",0.6946766686439514,0.5,0.5044191919191919,0.5249671484888305,0.5144880875724405,0.48423127463863336
"[1, 4, 0, 0, 4, 460, 0, 0, 7, 0, 0, 0, 7, 0, 0, 0, 7, 0, 0, 0, 7, 0, 0, 0, 7, 0, 0, 0, 7, 0, 0, 0, 7, 0, 0, 0, 7, 0, 0, 0, 4, 209, 0, 0, 7, 0, 0, 0]",0.6942224645614624,0.5,0.49571603427172584,0.5321944809461235,0.5133079847908745,0.45860709592641263
"[7, 0, 0, 0, 6, 27, 1, 0, 1, 27, 0, 0, 1, 4, 0, 0, 8, 3, 2, 0, 7, 0, 0, 0, 7, 0, 0, 0, 7, 0, 0, 0, 7, 0, 0, 0, 7, 0, 0, 0, 3, 0, 0, 0, 3, 0, 0, 0]",0.7185248589515686,0.5,0.5106017191977077,0.5854139290407359,0.5454545454545454,0.43889618922470436
"[8, 0, 1, 0, 5, 0, 0, 0, 7, 0, 0, 0, 3, 0, 0, 0, 8, 3, 2, 0, 4, 455, 0, 0, 4, 486, 0, 0, 1, 4, 0, 0, 7, 0, 0, 0, 1, 4, 0, 0, 7, 0, 0, 0, 7, 0, 0, 0]",0.6938868045806885,0.5,0.4996505939902166,0.46977660972404733,0.4842533017270572,0.5295663600525624
"[1, 4, 0, 0, 4, 446, 0, 0, 7, 0, 0, 0, 7, 0, 0, 0, 7, 0, 0, 0, 7, 0, 0, 0, 7, 0, 0, 0, 7, 0, 0, 0, 7, 0, 0, 0, 4, 349, 0, 0, 7, 0, 0, 0, 7, 0, 0, 0]",0.6938980770111084,0.5,0.5054441260744985,0.5795006570302234,0.5399449035812672,0.43298291721419185
"[0, 17, 0, 0, 0, 28, 0, 0, 7, 0, 0, 0, 1, 4, 0, 0, 7, 0, 0, 0, 8, 3, 1, 0, 8, 1, 2, 0, 8, 3, 2, 0, 0, 16, 0, 0, 7, 0, 0, 0, 3, 0, 0, 0, 4, 68, 0, 0]",0.6942156720161438,0.5,0.48599269183922045,0.5243101182654402,0.504424778761062,0.4454664914586071
"[6, 42, 3, 0, 7, 0, 0, 0, 7, 0, 0, 0, 7, 0, 0, 0, 7, 0, 0, 0, 8, 1, 2, 0, 5, 0, 0, 0, 7, 0, 0, 0, 7, 0, 0, 0, 8, 3, 1, 0, 3, 0, 0, 0, 7, 0, 0, 0]",0.693729465007782,0.5,0.5037453183520599,0.5302233902759527,0.5166453265044815,0.4776609724047306
"[8, 0, 1, 0, 7, 0, 0, 0, 8, 1, 1, 0, 8, 2, 1, 0, 5, 0, 0, 0, 7, 0, 0, 0, 7, 0, 0, 0, 8, 1, 1, 0, 7, 0, 0, 0, 7, 0, 0, 0, 7, 0, 0, 0, 7, 0, 0, 0]",0.6999476623535156,0.5,0.5,0.4908015768725361,0.4953580901856764,0.5091984231274639
"[4, 444, 0, 0, 4, 9, 0, 0, 7, 0, 0, 0, 4, 305, 0, 0, 4, 242, 0, 0, 4, 289, 0, 0, 7, 0, 0, 0, 7, 0, 0, 0, 4, 84, 0, 0, 7, 0, 0, 0, 7, 0, 0, 0, 7, 0, 0, 0]",0.6933390855789184,0.5,0.5244140625,0.3528252299605782,0.4218381775333857,0.6800262812089356
"[3, 0, 0, 0, 6, 36, 4, 0, 7, 0, 0, 0, 8, 2, 2, 0, 8, 1, 1, 0, 8, 1, 1, 0, 4, 482, 0, 0, 7, 0, 0, 0, 7, 0, 0, 0, 7, 0, 0, 0, 7, 0, 0, 0, 7, 0, 0, 0]",0.6930110120773315,0.5,0.4931930693069307,0.5236530880420499,0.5079668578712556,0.461892247043364
"[3, 0, 0, 0, 3, 0, 0, 0, 5, 0, 0, 0, 4, 273, 0, 0, 4, 218, 0, 0, 4, 109, 0, 0, 4, 503, 0, 0, 7, 0, 0, 0, 7, 0, 0, 0, 4, 492, 0, 0, 7, 0, 0, 0, 7, 0, 0, 0]",0.6932166409492493,0.5,0.5029644268774703,0.3344283837056505,0.40173638516179955,0.6695137976346912
"[0, 19, 0, 0, 7, 0, 0, 0, 1, 4, 0, 0, 3, 0, 0, 0, 1, 4, 0, 0, 0, 30, 1, 0, 7, 0, 0, 0, 0, 17, 1, 0, 7, 0, 0, 0, 6, 20, 4, 0, 7, 0, 0, 0, 5, 0, 0, 0]",0.6930886054039002,0.5,0.5029554003224073,0.6149802890932983,0.5533550103458469,0.39224704336399474
"[6, 20, 4, 0, 2, 1, 0, 0, 1, 4, 0, 0, 0, 7, 0, 0, 7, 0, 0, 0, 2, 0, 0, 0, 7, 0, 0, 0, 2, 1, 0, 0, 7, 0, 0, 0, 1, 4, 0, 0, 7, 0, 0, 0, 2, 0, 0, 0]",0.7062886929512024,0.5,0.4825970548862115,0.47371879106438897,0.4781167108753316,0.4921156373193167
"[5, 0, 0, 0, 7, 0, 0, 0, 3, 0, 0, 0, 4, 302, 0, 0, 1, 4, 0, 0, 7, 0, 0, 0, 7, 0, 0, 0, 1, 4, 0, 0, 1, 4, 0, 0, 4, 42, 0, 0, 4, 407, 0, 0, 7, 0, 0, 0]",0.6934045028686523,0.5,0.5041384499623778,0.44021024967148487,0.47001052262364085,0.5670170827858082
"[4, 289, 0, 0, 7, 0, 0, 0, 7, 0, 0, 0, 7, 0, 0, 0, 7, 0, 0, 0, 7, 0, 0, 0, 7, 0, 0, 0, 7, 0, 0, 0, 7, 0, 0, 0, 7, 0, 0, 0, 7, 0, 0, 0, 7, 0, 0, 0]",0.6940307235717773,0.5,0.5023569023569023,0.49014454664914586,0.4961755902893249,0.514454664914586
"[6, 20, 4, 0, 4, 110, 0, 0, 7, 0, 0, 0, 1, 4, 0, 0, 7, 0, 0, 0, 7, 0, 0, 0, 7, 0, 0, 0, 7, 0, 0, 0, 7, 0, 0, 0, 7, 0, 0, 0, 7, 0, 0, 0, 7, 0, 0, 0]",0.6970136451721192,0.5,0.5005952380952381,0.5525624178712221,0.5252966895690193,0.4487516425755585
"[4, 423, 0, 0, 1, 4, 0, 0, 7, 0, 0, 0, 1, 4, 0, 0, 4, 477, 0, 0, 7, 0, 0, 0, 7, 0, 0, 0, 7, 0, 0, 0, 7, 0, 0, 0, 7, 0, 0, 0, 4, 181, 0, 0, 4, 329, 0, 0]",0.693286771774292,0.5,0.4978877489438745,0.5420499342969777,0.5190311418685121,0.4533508541392904
"[1, 4, 0, 0, 5, 0, 0, 0, 7, 0, 0, 0, 8, 2, 1, 0, 8, 1, 1, 0, 7, 0, 0, 0, 1, 4, 0, 0, 1, 4, 0, 0, 7, 0, 0, 0, 7, 0, 0, 0, 7, 0, 0, 0, 3, 0, 0, 0]",0.7212927103042602,0.5,0.4956579826319305,0.48751642575558474,0.4915534945346141,0.5039421813403416
"[4, 426, 0, 0, 7, 0, 0, 0, 7, 0, 0, 0, 7, 0, 0, 0, 7, 0, 0, 0, 1, 4, 0, 0, 7, 0, 0, 0, 7, 0, 0, 0, 1, 4, 0, 0, 7, 0, 0, 0, 7, 0, 0, 0, 7, 0, 0, 0]",0.6955906128883362,0.5,0.4940119760479042,0.4336399474375821,0.46186144156752973,0.5558475689881734
"[7, 0, 0, 0, 2, 1, 0, 0, 3, 0, 0, 0, 4, 107, 0, 0, 7, 0, 0, 0, 7, 0, 0, 0, 7, 0, 0, 0, 7, 0, 0, 0, 7, 0, 0, 0, 7, 0, 0, 0, 7, 0, 0, 0, 7, 0, 0, 0]",0.6931559133529663,0.5,0.5157232704402516,0.5387647831800263,0.5269922879177378,0.4940867279894875
"[7, 0, 0, 0, 8, 1, 2, 0, 3, 0, 0, 0, 4, 223, 0, 0, 7, 0, 0, 0, 1, 4, 0, 0, 4, 297, 0, 0, 7, 0, 0, 0, 7, 0, 0, 0, 7, 0, 0, 0, 7, 0, 0, 0, 1, 4, 0, 0]",0.6938525223731995,0.5,0.49838187702265374,0.40473061760841,0.4467005076142132,0.5926412614980289
"[7, 0, 0, 0, 6, 52, 4, 0, 0, 8, 0, 0, 3, 0, 0, 0, 7, 0, 0, 0, 3, 0, 0, 0, 4, 195, 0, 0, 7, 0, 0, 0, 1, 4, 0, 0, 4, 276, 0, 0, 7, 0, 0, 0, 7, 0, 0, 0]",0.6943087148666381,0.5,0.4996572995202193,0.47897503285151116,0.48909761824890974,0.5203679369250985
"[4, 229, 0, 0, 7, 0, 0, 0, 7, 0, 0, 0, 7, 0, 0, 0, 7, 0, 0, 0, 1, 4, 0, 0, 1, 4, 0, 0, 7, 0, 0, 0, 7, 0, 0, 0, 4, 324, 0, 0, 7, 0, 0, 0, 7, 0, 0, 0]",0.6938069176673889,0.5,0.4848858729179519,0.5164257555847569,0.5001590836780146,0.45137976346911957
"[8, 0, 2, 0, 3, 0, 0, 0, 2, 1, 0, 0, 8, 1, 1, 0, 6, 24, 4, 0, 7, 0, 0, 0, 1, 4, 0, 0, 8, 3, 1, 0, 1, 4, 0, 0, 3, 0, 0, 0, 7, 0, 0, 0, 0, 5, 1, 0]",0.6938312005996704,0.5,0.4983277591973244,0.4894875164257556,0.4938680808750414,0.507227332457293
"[3, 0, 0, 0, 7, 0, 0, 0, 1, 4, 0, 0, 2, 0, 0, 0, 8, 3, 1, 0, 2, 1, 0, 0, 0, 16, 1, 0, 7, 0, 0, 0, 5, 0, 0, 0, 4, 233, 0, 0, 7, 0, 0, 0, 1, 4, 0, 0]",0.6963580846786499,0.5,0.511854103343465,0.5532194480946123,0.5317335017366593,0.4724047306176084
"[0, 26, 1, 0, 7, 0, 0, 0, 8, 2, 1, 0, 6, 4, 4, 0, 7, 0, 0, 0, 2, 0, 0, 0, 7, 0, 0, 0, 8, 1, 2, 0, 3, 0, 0, 0, 3, 0, 0, 0, 7, 0, 0, 0, 0, 13, 0, 0]",0.693643581867218,0.5,0.5045045045045045,0.4783180026281209,0.49106239460370993,0.5302233902759527
"[4, 379, 0, 0, 7, 0, 0, 0, 7, 0, 0, 0, 7, 0, 0, 0, 4, 77, 0, 0, 7, 0, 0, 0, 7, 0, 0, 0, 7, 0, 0, 0, 7, 0, 0, 0, 7, 0, 0, 0, 7, 0, 0, 0, 7, 0, 0, 0]",0.6934440732002258,0.5,0.49896907216494846,0.47700394218134035,0.48773933490090693,0.5210249671484888
"[7, 0, 0, 0, 0, 27, 0, 0, 2, 1, 0, 0, 7, 0, 0, 0, 3, 0, 0, 0, 4, 136, 0, 0, 7, 0, 0, 0, 7, 0, 0, 0, 7, 0, 0, 0, 7, 0, 0, 0, 7, 0, 0, 0, 7, 0, 0, 0]",0.6932523036003113,0.5,0.49503639973527463,0.4914586070959264,0.49324101549620836,0.49868593955321944
"[3, 0, 0, 0, 7, 0, 0, 0, 0, 12, 1, 0, 0, 6, 0, 0, 3, 0, 0, 0, 7, 0, 0, 0, 8, 1, 2, 0, 1, 4, 0, 0, 3, 0, 0, 0, 4, 454, 0, 0, 4, 6, 0, 0, 7, 0, 0, 0]",0.697815043926239,0.5,0.5022194039315155,0.5203679369250985,0.5111326234269119,0.48423127463863336
"[1, 4, 0, 0, 1, 4, 0, 0, 3, 0, 0, 0, 7, 0, 0, 0, 0, 13, 1, 0, 1, 13, 0, 0, 4, 188, 0, 0, 7, 0, 0, 0, 7, 0, 0, 0, 7, 0, 0, 0, 7, 0, 0, 0, 7, 0, 0, 0]",0.6957346034049988,0.5,0.5155234657039711,0.469119579500657,0.49122807017543857,0.5591327201051248
"[1, 4, 0, 0, 3, 0, 0, 0, 8, 1, 1, 0, 7, 0, 0, 0, 8, 2, 2, 0, 1, 4, 0, 0, 0, 18, 1, 0, 3, 0, 0, 0, 8, 3, 2, 0, 7, 0, 0, 0, 7, 0, 0, 0, 6, 30, 3, 0]",0.6929316806793213,0.5,0.5100632547441059,0.5827858081471747,0.5440049064704079,0.44021024967148487
"[6, 52, 4, 0, 4, 160, 0, 0, 7, 0, 0, 0, 4, 425, 0, 0, 7, 0, 0, 0, 7, 0, 0, 0, 7, 0, 0, 0, 1, 4, 0, 0, 7, 0, 0, 0, 7, 0, 0, 0, 7, 0, 0, 0, 7, 0, 0, 0]",0.6941549634933472,0.5,0.49224137931034484,0.3751642575558476,0.42580164056674125,0.6130091984231275
"[2, 0, 0, 0, 7, 0, 0, 0, 0, 25, 0, 0, 0, 15, 1, 0, 6, 28, 4, 0, 0, 29, 1, 0, 2, 0, 0, 0, 0, 27, 1, 0, 3, 0, 0, 0, 3, 0, 0, 0, 1, 4, 0, 0, 2, 1, 0, 0]",0.6999914836883545,0.5,0.500587544065805,0.5597897503285151,0.5285359801488834,0.44152431011826543
"[1, 4, 0, 0, 1, 4, 0, 0, 3, 0, 0, 0, 8, 3, 2, 0, 1, 4, 0, 0, 7, 0, 0, 0, 3, 0, 0, 0, 0, 26, 0, 0, 1, 26, 0, 0, 2, 1, 0, 0, 7, 0, 0, 0, 5, 0, 0, 0]",0.7153678441047668,0.5,0.5076586433260394,0.45729303547963207,0.4811614241272036,0.5565045992115637
"[8, 0, 1, 0, 2, 0, 0, 0, 0, 19, 0, 0, 0, 15, 1, 0, 8, 2, 2, 0, 8, 2, 1, 0, 7, 0, 0, 0, 0, 8, 1, 0, 7, 0, 0, 0, 4, 180, 0, 0, 7, 0, 0, 0, 7, 0, 0, 0]",0.6933097839355469,0.5,0.5126436781609195,0.4395532194480946,0.4732932437212593,0.5821287779237845
"[1, 4, 0, 0, 7, 0, 0, 0, 8, 2, 2, 0, 4, 392, 0, 0, 7, 0, 0, 0, 4, 273, 0, 0, 7, 0, 0, 0, 4, 283, 0, 0, 7, 0, 0, 0, 1, 4, 0, 0, 7, 0, 0, 0, 7, 0, 0, 0]",0.6931634426116944,0.5,0.503909026297086,0.46583442838370565,0.48412427449641515,0.5413929040735874
"[7, 0, 0, 0, 3, 0, 0, 0, 2, 1, 0, 0, 4, 136, 0, 0, 4, 95, 0, 0, 7, 0, 0, 0, 7, 0, 0, 0, 7, 0, 0, 0, 7, 0, 0, 0, 7, 0, 0, 0, 4, 155, 0, 0, 7, 0, 0, 0]",0.693316433429718,0.5,0.5022771633051398,0.507227332457293,0.5047401111474338,0.4973718791064389
"[7, 0, 0, 0, 7, 0, 0, 0, 7, 0, 0, 0, 3, 0, 0, 0, 6, 48, 4, 0, 0, 28, 1, 0, 1, 28, 0, 0, 2, 1, 0, 0, 1, 4, 0, 0, 8, 1, 1, 0, 3, 0, 0, 0, 7, 0, 0, 0]",0.7113318586349487,0.5,0.48925848925848925,0.46386333771353483,0.47622259696458685,0.5157687253613666
"[7, 0, 0, 0, 1, 4, 0, 0, 1, 4, 0, 0, 6, 40, 4, 0, 7, 0, 0, 0, 7, 0, 0, 0, 0, 7, 0, 0, 1, 7, 0, 0, 8, 2, 1, 0, 2, 1, 0, 0, 0, 28, 1, 0, 7, 0, 0, 0]",0.6935416698455811,0.5,0.4891443167305236,0.5032851511169514,0.4961139896373057,0.4743758212877792
"[0, 27, 0, 0, 2, 0, 0, 0, 7, 0, 0, 0, 7, 0, 0, 0, 7, 0, 0, 0, 0, 31, 0, 0, 6, 9, 3, 0, 3, 0, 0, 0, 7, 0, 0, 0, 7, 0, 0, 0, 2, 1, 0, 0, 2, 0, 0, 0]",0.6945000267028809,0.5,0.5098171970209885,0.4947437582128778,0.5021673891297099,0.5243101182654402
"[3, 0, 0, 0, 3, 0, 0, 0, 4, 97, 0, 0, 4, 421, 0, 0, 7, 0, 0, 0, 4, 225, 0, 0, 1, 4, 0, 0, 7, 0, 0, 0, 7, 0, 0, 0, 7, 0, 0, 0, 7, 0, 0, 0, 1, 4, 0, 0]",0.693389151096344,0.5,0.49188214070956104,0.5374507227332457,0.5136577708006279,0.4448094612352168
"[3, 0, 0, 0, 1, 4, 0, 0, 4, 66, 0, 0, 7, 0, 0, 0, 7, 0, 0, 0, 7, 0, 0, 0, 4, 244, 0, 0, 1, 4, 0, 0, 4, 165, 0, 0, 7, 0, 0, 0, 7, 0, 0, 0, 4, 168, 0, 0]",0.6933106017112732,0.5,0.48864418444597385,0.4664914586070959,0.4773109243697479,0.511826544021025
"[3, 0, 0, 0, 1, 4, 0, 0, 3, 0, 0, 0, 1, 4, 0, 0, 1, 4, 0, 0, 6, 36, 4, 0, 7, 0, 0, 0, 7, 0, 0, 0, 3, 0, 0, 0, 1, 4, 0, 0, 8, 2, 1, 0, 3, 0, 0, 0]",0.712651162147522,0.5,0.5077591558038486,0.5374507227332457,0.5221832109798915,0.47897503285151116
"[0, 21, 1, 0, 1, 21, 0, 0, 6, 32, 4, 0, 2, 0, 0, 0, 7, 0, 0, 0, 8, 1, 1, 0, 0, 5, 0, 0, 8, 3, 2, 0, 1, 4, 0, 0, 8, 3, 1, 0, 1, 4, 0, 0, 7, 0, 0, 0]",0.7077414321899415,0.5,0.5055519268451992,0.5085413929040736,0.5070422535211268,0.5026281208935611
"[2, 1, 0, 0, 3, 0, 0, 0, 8, 2, 2, 0, 0, 24, 0, 0, 4, 456, 0, 0, 7, 0, 0, 0, 4, 41, 0, 0, 7, 0, 0, 0, 7, 0, 0, 0, 7, 0, 0, 0, 7, 0, 0, 0, 7, 0, 0, 0]",0.6936375641822815,0.5,0.49710982658959535,0.5650459921156373,0.5289052890528906,0.4283837056504599
"[1, 4, 0, 0, 2, 1, 0, 0, 6, 52, 4, 0, 3, 0, 0, 0, 7, 0, 0, 0, 7, 0, 0, 0, 7, 0, 0, 0, 8, 2, 1, 0, 3, 0, 0, 0, 8, 3, 1, 0, 1, 4, 0, 0, 4, 507, 0, 0]",0.6971642923355102,0.5,0.5041379310344828,0.4802890932982917,0.4919246298788694,0.5275952693823915
"[5, 0, 0, 0, 4, 306, 0, 0, 7, 0, 0, 0, 7, 0, 0, 0, 7, 0, 0, 0, 7, 0, 0, 0, 7, 0, 0, 0, 7, 0, 0, 0, 7, 0, 0, 0, 4, 438, 0, 0, 7, 0, 0, 0, 7, 0, 0, 0]",0.6932625961303711,0.5,0.4980665119876257,0.4231274638633377,0.45754884547069274,0.573587385019711
"[3, 0, 0, 0, 1, 4, 0, 0, 7, 0, 0, 0, 3, 0, 0, 0, 5, 0, 0, 0, 7, 0, 0, 0, 7, 0, 0, 0, 1, 4, 0, 0, 7, 0, 0, 0, 1, 4, 0, 0, 7, 0, 0, 0, 1, 4, 0, 0]",0.7112236452102662,0.5,0.5009940357852882,0.4967148488830486,0.49884526558891457,0.5052562417871223
"[7, 0, 0, 0, 6, 44, 4, 0, 2, 1, 0, 0, 7, 0, 0, 0, 8, 3, 1, 0, 7, 0, 0, 0, 2, 0, 0, 0, 8, 3, 2, 0, 7, 0, 0, 0, 4, 457, 0, 0, 4, 31, 0, 0, 1, 4, 0, 0]",0.6942771697044372,0.5,0.5054659031754295,0.6379763469119579,0.5640429857682254,0.37582128777923784
"[7, 0, 0, 0, 7, 0, 0, 0, 5, 0, 0, 0, 7, 0, 0, 0, 8, 3, 1, 0, 7, 0, 0, 0, 1, 4, 0, 0, 7, 0, 0, 0, 7, 0, 0, 0, 1, 4, 0, 0, 7, 0, 0, 0, 4, 88, 0, 0]",0.6991860246658326,0.5,0.48911651728553135,0.5019710906701709,0.49546044098573283,0.4756898817345598
"[3, 0, 0, 0, 1, 4, 0, 0, 0, 10, 1, 0, 1, 10, 0, 0, 2, 1, 0, 0, 6, 48, 1, 0, 7, 0, 0, 0, 5, 0, 0, 0, 4, 24, 0, 0, 4, 159, 0, 0, 7, 0, 0, 0, 7, 0, 0, 0]",0.6936083936691284,0.5,0.49584487534626037,0.4704336399474376,0.48280512474713416,0.5216819973718791
"[0, 7, 1, 0, 1, 7, 0, 0, 8, 2, 2, 0, 3, 0, 0, 0, 4, 359, 0, 0, 1, 4, 0, 0, 7, 0, 0, 0, 7, 0, 0, 0, 7, 0, 0, 0, 7, 0, 0, 0, 7, 0, 0, 0, 7, 0, 0, 0]",0.6957257223129273,0.5,0.49543517954960437,0.5348226018396847,0.5143759873617694,0.45532194480946125
"[8, 0, 1, 0, 8, 1, 2, 0, 7, 0, 0, 0, 6, 18, 3, 0, 4, 299, 0, 0, 1, 4, 0, 0, 7, 0, 0, 0, 7, 0, 0, 0, 7, 0, 0, 0, 7, 0, 0, 0, 7, 0, 0, 0, 7, 0, 0, 0]",0.6968919730186462,0.5,0.4953405017921147,0.4540078843626807,0.47377442577991086,0.5374507227332457
"[0, 16, 0, 0, 0, 8, 1, 0, 7, 0, 0, 0, 1, 4, 0, 0, 6, 63, 3, 0, 1, 63, 0, 0, 0, 26, 1, 0, 3, 0, 0, 0, 1, 4, 0, 0, 1, 4, 0, 0, 4, 83, 0, 0, 7, 0, 0, 0]",0.6957946562767029,0.5,0.49871959026888607,0.511826544021025,0.5051880674448768,0.4855453350854139
"[7, 0, 0, 0, 6, 36, 4, 0, 1, 36, 0, 0, 4, 138, 0, 0, 7, 0, 0, 0, 7, 0, 0, 0, 7, 0, 0, 0, 7, 0, 0, 0, 7, 0, 0, 0, 7, 0, 0, 0, 4, 489, 0, 0, 7, 0, 0, 0]",0.6933966374397278,0.5,0.4948186528497409,0.6274638633377135,0.5533024333719583,0.35939553219448095
"[6, 56, 4, 0, 4, 464, 0, 0, 7, 0, 0, 0, 7, 0, 0, 0, 7, 0, 0, 0, 7, 0, 0, 0, 1, 4, 0, 0, 7, 0, 0, 0, 1, 4, 0, 0, 7, 0, 0, 0, 7, 0, 0, 0, 1, 4, 0, 0]",0.6963720870018005,0.5,0.5134426229508197,0.514454664914586,0.5139481457170988,0.5124835742444153
"[3, 0, 0, 0, 6, 52, 4, 0, 7, 0, 0, 0, 7, 0, 0, 0, 3, 0, 0, 0, 4, 153, 0, 0, 7, 0, 0, 0, 7, 0, 0, 0, 7, 0, 0, 0, 1, 4, 0, 0, 7, 0, 0, 0, 7, 0, 0, 0]",0.6962039494514465,0.5,0.5038529934795495,0.5584756898817346,0.5297600498597694,0.450065703022339
"[2, 0, 0, 0, 4, 55, 0, 0, 7, 0, 0, 0, 7, 0, 0, 0, 1, 4, 0, 0, 4, 432, 0, 0, 7, 0, 0, 0, 4, 153, 0, 0, 1, 4, 0, 0, 7, 0, 0, 0, 7, 0, 0, 0, 7, 0, 0, 0]",0.6934177923202515,0.5,0.4945482866043614,0.4172141918528252,0.45260156806842483,0.573587385019711
"[2, 0, 0, 0, 3, 0, 0, 0, 8, 1, 1, 0, 3, 0, 0, 0, 3, 0, 0, 0, 7, 0, 0, 0, 0, 5, 0, 0, 3, 0, 0, 0, 0, 5, 0, 0, 4, 360, 0, 0, 7, 0, 0, 0, 7, 0, 0, 0]",0.6933520793914795,0.5,0.5059210526315789,0.5052562417871223,0.5055884286653517,0.5065703022339028
"[4, 399, 0, 0, 1, 4, 0, 0, 7, 0, 0, 0, 7, 0, 0, 0, 7, 0, 0, 0, 7, 0, 0, 0, 7, 0, 0, 0, 7, 0, 0, 0, 7, 0, 0, 0, 4, 75, 0, 0, 7, 0, 0, 0, 7, 0, 0, 0]",0.6935466027259827,0.5,0.5054874112330536,0.514454664914586,0.5099316183653533,0.4967148488830486
"[7, 0, 0, 0, 3, 0, 0, 0, 1, 4, 0, 0, 0, 15, 1, 0, 5, 0, 0, 0, 7, 0, 0, 0, 4, 223, 0, 0, 7, 0, 0, 0, 7, 0, 0, 0, 7, 0, 0, 0, 7, 0, 0, 0, 7, 0, 0, 0]",0.6935160732269288,0.5,0.502710027100271,0.48751642575558474,0.494996664442962,0.5177398160315374
"[6, 12, 3, 0, 7, 0, 0, 0, 4, 105, 0, 0, 7, 0, 0, 0, 7, 0, 0, 0, 7, 0, 0, 0, 4, 298, 0, 0, 7, 0, 0, 0, 7, 0, 0, 0, 7, 0, 0, 0, 1, 4, 0, 0, 1, 4, 0, 0]",0.6938511991500854,0.5,0.48664440734557596,0.38304862023653086,0.42867647058823527,0.5959264126149802
"[0, 13, 1, 0, 6, 44, 4, 0, 3, 0, 0, 0, 7, 0, 0, 0, 8, 1, 1, 0, 0, 21, 0, 0, 7, 0, 0, 0, 4, 145, 0, 0, 1, 4, 0, 0, 7, 0, 0, 0, 7, 0, 0, 0, 7, 0, 0, 0]",0.6964352369308472,0.5,0.5021978021978022,0.6005256241787122,0.5469778575703171,0.40473061760841
"[0, 29, 0, 0, 8, 1, 2, 0, 7, 0, 0, 0, 6, 48, 3, 0, 4, 265, 0, 0, 7, 0, 0, 0, 7, 0, 0, 0, 7, 0, 0, 0, 7, 0, 0, 0, 7, 0, 0, 0, 7, 0, 0, 0, 7, 0, 0, 0]",0.6936161303520203,0.5,0.49847560975609756,0.4296977660972405,0.46153846153846156,0.5676741130091985
"[2, 1, 0, 0, 6, 36, 4, 0, 7, 0, 0, 0, 2, 1, 0, 0, 2, 1, 0, 0, 4, 278, 0, 0, 7, 0, 0, 0, 7, 0, 0, 0, 7, 0, 0, 0, 1, 4, 0, 0, 7, 0, 0, 0, 7, 0, 0, 0]",0.6966630673408508,0.5,0.5134989200863931,0.6248357424441524,0.5637225844694724,0.4080157687253614
"[7, 0, 0, 0, 2, 0, 0, 0, 3, 0, 0, 0, 2, 0, 0, 0, 0, 14, 0, 0, 7, 0, 0, 0, 3, 0, 0, 0, 1, 4, 0, 0, 0, 31, 0, 0, 4, 299, 0, 0, 7, 0, 0, 0, 7, 0, 0, 0]",0.6937192130088806,0.5,0.5247959824231011,0.5492772667542707,0.5367576243980738,0.5026281208935611
"[0, 21, 1, 0, 6, 44, 4, 0, 7, 0, 0, 0, 0, 21, 0, 0, 7, 0, 0, 0, 2, 0, 0, 0, 1, 4, 0, 0, 3, 0, 0, 0, 8, 3, 2, 0, 0, 25, 0, 0, 7, 0, 0, 0, 4, 498, 0, 0]",0.6933410000801087,0.5,0.5206301575393848,0.4559789750328515,0.4861646234676007,0.5801576872536137
"[6, 12, 3, 0, 8, 1, 1, 0, 4, 248, 0, 0, 4, 44, 0, 0, 1, 4, 0, 0, 7, 0, 0, 0, 7, 0, 0, 0, 7, 0, 0, 0, 7, 0, 0, 0, 7, 0, 0, 0, 4, 336, 0, 0, 7, 0, 0, 0]",0.6932378387451172,0.5,0.4952978056426332,0.519053876478318,0.5068976580044915,0.47109067017082784
"[7, 0, 0, 0, 2, 1, 0, 0, 7, 0, 0, 0, 7, 0, 0, 0, 8, 2, 1, 0, 6, 20, 4, 0, 2, 1, 0, 0, 8, 1, 2, 0, 0, 7, 0, 0, 3, 0, 0, 0, 5, 0, 0, 0, 4, 61, 0, 0]",0.6930527186393738,0.5,0.48632010943912446,0.4671484888304862,0.4765415549597855,0.5065703022339028
"[2, 1, 0, 0, 6, 20, 4, 0, 2, 1, 0, 0, 8, 3, 2, 0, 0, 13, 1, 0, 7, 0, 0, 0, 3, 0, 0, 0, 5, 0, 0, 0, 4, 400, 0, 0, 7, 0, 0, 0, 7, 0, 0, 0, 7, 0, 0, 0]",0.6933144688606262,0.5,0.5105438401775805,0.6044678055190539,0.5535499398315282,0.4204993429697766
"[7, 0, 0, 0, 7, 0, 0, 0, 2, 0, 0, 0, 7, 0, 0, 0, 2, 0, 0, 0, 8, 3, 2, 0, 7, 0, 0, 0, 3, 0, 0, 0, 7, 0, 0, 0, 2, 1, 0, 0, 8, 1, 2, 0, 1, 4, 0, 0]",0.7084860873222351,0.5,0.4906148867313916,0.4980289093298292,0.4942940984675579,0.48291721419185285
"[6, 12, 4, 0, 7, 0, 0, 0, 8, 2, 1, 0, 7, 0, 0, 0, 3, 0, 0, 0, 1, 4, 0, 0, 2, 0, 0, 0, 0, 12, 1, 0, 7, 0, 0, 0, 7, 0, 0, 0, 2, 1, 0, 0, 1, 4, 0, 0]",0.7080767107009888,0.5,0.49183673469387756,0.47503285151116953,0.4832887700534759,0.5091984231274639
"[6, 39, 3, 0, 4, 280, 0, 0, 4, 196, 0, 0, 7, 0, 0, 0, 4, 248, 0, 0, 7, 0, 0, 0, 7, 0, 0, 0, 7, 0, 0, 0, 7, 0, 0, 0, 7, 0, 0, 0, 7, 0, 0, 0, 7, 0, 0, 0]",0.6931696057319641,0.5,0.4923640806353085,0.5295663600525624,0.5102880658436214,0.4540078843626807
"[0, 13, 0, 0, 4, 309, 0, 0, 7, 0, 0, 0, 7, 0, 0, 0, 7, 0, 0, 0, 7, 0, 0, 0, 7, 0, 0, 0, 1, 4, 0, 0, 7, 0, 0, 0, 1, 4, 0, 0, 7, 0, 0, 0, 7, 0, 0, 0]",0.6951492524147034,0.5,0.5125594025797692,0.49605781865965837,0.5041736227045075,0.5282522996057819
"[7, 0, 0, 0, 3, 0, 0, 0, 1, 4, 0, 0, 0, 21, 1, 0, 8, 1, 2, 0, 8, 2, 2, 0, 4, 76, 0, 0, 1, 4, 0, 0, 7, 0, 0, 0, 7, 0, 0, 0, 7, 0, 0, 0, 7, 0, 0, 0]",0.6939815354347229,0.5,0.49912638322655795,0.5630749014454665,0.5291756715035505,0.43495400788436267
"[3, 0, 0, 0, 3, 0, 0, 0, 7, 0, 0, 0, 1, 4, 0, 0, 0, 11, 1, 0, 1, 11, 0, 0, 6, 16, 4, 0, 7, 0, 0, 0, 1, 4, 0, 0, 3, 0, 0, 0, 0, 17, 0, 0, 4, 310, 0, 0]",0.6932958960533142,0.5,0.5010266940451745,0.480946123521682,0.49078109285953736,0.5210249671484888
"[2, 1, 0, 0, 4, 369, 0, 0, 7, 0, 0, 0, 7, 0, 0, 0, 7, 0, 0, 0, 7, 0, 0, 0, 7, 0, 0, 0, 1, 4, 0, 0, 7, 0, 0, 0, 7, 0, 0, 0, 7, 0, 0, 0, 7, 0, 0, 0]",0.6941429138183594,0.5,0.5106007067137809,0.5696452036793692,0.5385093167701863,0.4540078843626807
"[0, 18, 1, 0, 8, 1, 2, 0, 6, 52, 4, 0, 8, 3, 2, 0, 7, 0, 0, 0, 1, 4, 0, 0, 0, 14, 0, 0, 3, 0, 0, 0, 8, 2, 2, 0, 0, 21, 0, 0, 8, 3, 1, 0, 5, 0, 0, 0]",0.6945704007148743,0.5,0.5161290322580645,0.557161629434954,0.5358609794628751,0.4776609724047306
"[4, 109, 0, 0, 7, 0, 0, 0, 1, 4, 0, 0, 1, 4, 0, 0, 7, 0, 0, 0, 7, 0, 0, 0, 7, 0, 0, 0, 1, 4, 0, 0, 7, 0, 0, 0, 7, 0, 0, 0, 1, 4, 0, 0, 1, 4, 0, 0]",0.6961510467529297,0.5,0.49966599866399464,0.4914586070959264,0.4955283206359722,0.5078843626806833
"[5, 0, 0, 0, 4, 129, 0, 0, 1, 4, 0, 0, 1, 4, 0, 0, 7, 0, 0, 0, 7, 0, 0, 0, 7, 0, 0, 0, 7, 0, 0, 0, 4, 413, 0, 0, 7, 0, 0, 0, 7, 0, 0, 0, 7, 0, 0, 0]",0.6936267161369324,0.5,0.4912868632707775,0.4816031537450723,0.48639681486396813,0.5013140604467805
"[3, 0, 0, 0, 7, 0, 0, 0, 1, 4, 0, 0, 7, 0, 0, 0, 4, 249, 0, 0, 7, 0, 0, 0, 7, 0, 0, 0, 7, 0, 0, 0, 4, 167, 0, 0, 7, 0, 0, 0, 7, 0, 0, 0, 1, 4, 0, 0]",0.6940758919715881,0.5,0.4909819639278557,0.48291721419185285,0.48691619741636305,0.49934296977660975
