Encoded Architecture,Loss,Accuracy,Precision,Recall,F1,Specificity
"[8, 0, 1, 0, 2, 1, 0, 0, 2, 0, 0, 0, 1, 4, 0, 0, 6, 30, 2, 0, 8, 2, 1, 0, 7, 0, 0, 0, 8, 3, 1, 0, 2, 1, 0, 0, 7, 0, 0, 0, 1, 4, 0, 0, 7, 0, 0, 0]",0.6179369250985546,0.7928221859706363,0.3193166885676741,0.45526932084309135
