Model,Encoded Chromosome
1,"[5, 0, 0, 0, 0, 6, 0, 0, 5, 0, 0, 0, 3, 0, 0, 0, 4, 71, 0, 0, 4, 94, 0, 0, 7, 0, 0, 0, 6, 14, 0, 0, 4, 29, 0, 0, 2, 1, 0, 0, 4, 94, 0, 0, 5, 0, 0, 0]"
2,"[3, 0, 0, 0, 2, 1, 0, 0, 3, 0, 0, 0, 8, 1, 2, 0, 8, 2, 1, 0, 0, 9, 1, 0, 2, 0, 0, 0, 7, 0, 0, 0, 5, 0, 0, 0, 7, 0, 0, 0, 5, 0, 0, 0, 7, 0, 0, 0]"
3,"[2, 1, 0, 0, 3, 0, 0, 0, 8, 2, 2, 0, 6, 9, 0, 0, 2, 0, 0, 0, 3, 0, 0, 0, 5, 0, 0, 0, 7, 0, 0, 0, 3, 0, 0, 0, 7, 0, 0, 0, 6, 5, 0, 0, 8, 3, 1, 0]"
4,"[3, 0, 0, 0, 1, 0, 0, 0, 2, 0, 0, 0, 7, 0, 0, 0, 0, 11, 0, 0, 7, 0, 0, 0, 1, 0, 0, 0, 1, 0, 0, 0, 4, 80, 0, 0, 6, 5, 1, 0, 3, 0, 0, 0, 8, 1, 2, 0]"
5,"[3, 0, 0, 0, 8, 2, 2, 0, 1, 0, 0, 0, 4, 122, 0, 0, 7, 0, 0, 0, 2, 0, 0, 0, 1, 0, 0, 0, 2, 0, 0, 0, 1, 0, 0, 0, 2, 0, 0, 0, 2, 1, 0, 0, 3, 0, 0, 0]"
6,"[8, 2, 1, 0, 1, 0, 0, 0, 4, 55, 0, 0, 1, 0, 0, 0, 2, 0, 0, 0, 3, 0, 0, 0, 5, 0, 0, 0, 4, 100, 0, 0, 0, 6, 1, 0, 4, 55, 0, 0, 2, 1, 0, 0, 5, 0, 0, 0]"
7,"[3, 0, 0, 0, 7, 0, 0, 0, 0, 14, 1, 0, 7, 0, 0, 0, 8, 2, 1, 0, 7, 0, 0, 0, 1, 0, 0, 0, 7, 0, 0, 0, 6, 13, 1, 0, 1, 0, 0, 0, 0, 11, 0, 0, 6, 14, 1, 0]"
8,"[2, 0, 0, 0, 7, 0, 0, 0, 0, 14, 1, 0, 0, 12, 1, 0, 5, 0, 0, 0, 6, 15, 0, 0, 4, 112, 0, 0, 4, 47, 0, 0, 0, 10, 0, 0, 5, 0, 0, 0, 2, 1, 0, 0, 2, 0, 0, 0]"
9,"[1, 0, 0, 0, 8, 2, 2, 0, 7, 0, 0, 0, 8, 1, 1, 0, 5, 0, 0, 0, 8, 2, 2, 0, 5, 0, 0, 0, 1, 0, 0, 0, 2, 1, 0, 0, 7, 0, 0, 0, 5, 0, 0, 0, 3, 0, 0, 0]"
10,"[1, 0, 0, 0, 0, 6, 1, 0, 3, 0, 0, 0, 3, 0, 0, 0, 3, 0, 0, 0, 1, 0, 0, 0, 3, 0, 0, 0, 8, 3, 2, 0, 6, 9, 1, 0, 7, 0, 0, 0, 5, 0, 0, 0, 0, 14, 0, 0]"
11,"[0, 12, 0, 0, 0, 7, 1, 0, 5, 0, 0, 0, 4, 100, 0, 0, 6, 14, 1, 0, 5, 0, 0, 0, 8, 3, 1, 0, 7, 0, 0, 0, 7, 0, 0, 0, 6, 6, 0, 0, 3, 0, 0, 0, 1, 0, 0, 0]"
12,"[4, 111, 0, 0, 1, 0, 0, 0, 4, 24, 0, 0, 1, 0, 0, 0, 8, 1, 1, 0, 8, 1, 2, 0, 4, 50, 0, 0, 6, 6, 1, 0, 4, 104, 0, 0, 0, 14, 0, 0, 4, 80, 0, 0, 6, 15, 1, 0]"
13,"[3, 0, 0, 0, 0, 4, 0, 0, 3, 0, 0, 0, 1, 0, 0, 0, 6, 8, 1, 0, 7, 0, 0, 0, 4, 36, 0, 0, 0, 8, 1, 0, 7, 0, 0, 0, 6, 14, 1, 0, 0, 10, 0, 0, 6, 15, 1, 0]"
14,"[8, 2, 2, 0, 8, 1, 1, 0, 8, 2, 1, 0, 2, 1, 0, 0, 1, 0, 0, 0, 1, 0, 0, 0, 1, 0, 0, 0, 7, 0, 0, 0, 1, 0, 0, 0, 4, 116, 0, 0, 6, 7, 0, 0, 8, 1, 1, 0]"
15,"[1, 0, 0, 0, 5, 0, 0, 0, 6, 9, 1, 0, 1, 0, 0, 0, 7, 0, 0, 0, 0, 13, 0, 0, 6, 15, 0, 0, 5, 0, 0, 0, 1, 0, 0, 0, 6, 7, 0, 0, 2, 1, 0, 0, 5, 0, 0, 0]"
16,"[4, 42, 0, 0, 2, 0, 0, 0, 0, 15, 0, 0, 7, 0, 0, 0, 2, 0, 0, 0, 4, 98, 0, 0, 8, 1, 2, 0, 6, 9, 0, 0, 1, 0, 0, 0, 4, 30, 0, 0, 5, 0, 0, 0, 1, 0, 0, 0]"
17,"[7, 0, 0, 0, 2, 1, 0, 0, 6, 8, 1, 0, 5, 0, 0, 0, 5, 0, 0, 0, 4, 40, 0, 0, 1, 0, 0, 0, 0, 8, 1, 0, 6, 10, 0, 0, 0, 5, 0, 0, 2, 0, 0, 0, 5, 0, 0, 0]"
18,"[8, 3, 1, 0, 3, 0, 0, 0, 1, 0, 0, 0, 6, 5, 1, 0, 4, 81, 0, 0, 2, 0, 0, 0, 0, 14, 0, 0, 1, 0, 0, 0, 1, 0, 0, 0, 4, 2, 0, 0, 4, 76, 0, 0, 0, 14, 1, 0]"
19,"[0, 11, 1, 0, 8, 1, 1, 0, 1, 0, 0, 0, 0, 13, 0, 0, 6, 13, 1, 0, 6, 9, 1, 0, 6, 7, 1, 0, 5, 0, 0, 0, 0, 5, 0, 0, 1, 0, 0, 0, 6, 12, 1, 0, 2, 1, 0, 0]"
20,"[7, 0, 0, 0, 5, 0, 0, 0, 8, 2, 2, 0, 7, 0, 0, 0, 7, 0, 0, 0, 2, 1, 0, 0, 7, 0, 0, 0, 7, 0, 0, 0, 6, 5, 0, 0, 6, 8, 0, 0, 3, 0, 0, 0, 3, 0, 0, 0]"
21,"[4, 93, 0, 0, 0, 15, 0, 0, 1, 0, 0, 0, 1, 0, 0, 0, 8, 1, 1, 0, 7, 0, 0, 0, 4, 28, 0, 0, 1, 0, 0, 0, 7, 0, 0, 0, 5, 0, 0, 0, 2, 1, 0, 0, 1, 0, 0, 0]"
22,"[8, 3, 1, 0, 6, 11, 0, 0, 8, 1, 1, 0, 6, 9, 0, 0, 0, 6, 0, 0, 6, 7, 0, 0, 1, 0, 0, 0, 6, 14, 1, 0, 8, 2, 2, 0, 3, 0, 0, 0, 1, 0, 0, 0, 4, 48, 0, 0]"
23,"[4, 89, 0, 0, 5, 0, 0, 0, 0, 7, 0, 0, 5, 0, 0, 0, 1, 0, 0, 0, 4, 19, 0, 0, 6, 9, 1, 0, 5, 0, 0, 0, 8, 1, 1, 0, 5, 0, 0, 0, 5, 0, 0, 0, 1, 0, 0, 0]"
24,"[2, 1, 0, 0, 2, 1, 0, 0, 4, 105, 0, 0, 1, 0, 0, 0, 3, 0, 0, 0, 4, 104, 0, 0, 8, 3, 1, 0, 5, 0, 0, 0, 1, 0, 0, 0, 5, 0, 0, 0, 6, 10, 1, 0, 4, 126, 0, 0]"
25,"[4, 26, 0, 0, 3, 0, 0, 0, 7, 0, 0, 0, 0, 12, 0, 0, 1, 0, 0, 0, 6, 5, 0, 0, 3, 0, 0, 0, 1, 0, 0, 0, 7, 0, 0, 0, 3, 0, 0, 0, 7, 0, 0, 0, 6, 15, 0, 0]"
26,"[4, 102, 0, 0, 2, 1, 0, 0, 5, 0, 0, 0, 1, 0, 0, 0, 1, 0, 0, 0, 2, 1, 0, 0, 4, 119, 0, 0, 4, 3, 0, 0, 6, 15, 1, 0, 5, 0, 0, 0, 6, 13, 1, 0, 5, 0, 0, 0]"
27,"[7, 0, 0, 0, 4, 72, 0, 0, 6, 15, 0, 0, 7, 0, 0, 0, 5, 0, 0, 0, 8, 2, 1, 0, 1, 0, 0, 0, 2, 1, 0, 0, 5, 0, 0, 0, 2, 0, 0, 0, 6, 12, 0, 0, 2, 0, 0, 0]"
28,"[6, 6, 1, 0, 3, 0, 0, 0, 1, 0, 0, 0, 8, 1, 1, 0, 0, 12, 0, 0, 3, 0, 0, 0, 1, 0, 0, 0, 7, 0, 0, 0, 0, 4, 0, 0, 7, 0, 0, 0, 5, 0, 0, 0, 6, 12, 1, 0]"
29,"[0, 11, 0, 0, 5, 0, 0, 0, 5, 0, 0, 0, 2, 0, 0, 0, 3, 0, 0, 0, 3, 0, 0, 0, 3, 0, 0, 0, 2, 1, 0, 0, 4, 107, 0, 0, 3, 0, 0, 0, 4, 57, 0, 0, 8, 2, 2, 0]"
30,"[2, 1, 0, 0, 4, 85, 0, 0, 6, 12, 0, 0, 1, 0, 0, 0, 6, 10, 0, 0, 6, 5, 0, 0, 2, 0, 0, 0, 7, 0, 0, 0, 0, 14, 1, 0, 8, 1, 2, 0, 7, 0, 0, 0, 4, 54, 0, 0]"
31,"[1, 0, 0, 0, 5, 0, 0, 0, 8, 1, 2, 0, 0, 5, 1, 0, 4, 58, 0, 0, 4, 11, 0, 0, 6, 5, 0, 0, 6, 14, 1, 0, 1, 0, 0, 0, 0, 4, 0, 0, 3, 0, 0, 0, 1, 0, 0, 0]"
32,"[1, 0, 0, 0, 2, 0, 0, 0, 6, 13, 0, 0, 4, 3, 0, 0, 8, 1, 1, 0, 4, 78, 0, 0, 8, 3, 1, 0, 4, 120, 0, 0, 4, 85, 0, 0, 2, 1, 0, 0, 5, 0, 0, 0, 7, 0, 0, 0]"
33,"[4, 16, 0, 0, 0, 8, 0, 0, 1, 0, 0, 0, 1, 0, 0, 0, 5, 0, 0, 0, 5, 0, 0, 0, 4, 19, 0, 0, 3, 0, 0, 0, 0, 7, 1, 0, 8, 3, 2, 0, 8, 3, 1, 0, 4, 31, 0, 0]"
34,"[4, 72, 0, 0, 4, 92, 0, 0, 6, 11, 0, 0, 1, 0, 0, 0, 4, 42, 0, 0, 1, 0, 0, 0, 4, 53, 0, 0, 6, 12, 1, 0, 7, 0, 0, 0, 6, 5, 1, 0, 1, 0, 0, 0, 5, 0, 0, 0]"
35,"[8, 3, 1, 0, 1, 0, 0, 0, 2, 0, 0, 0, 8, 1, 1, 0, 2, 1, 0, 0, 5, 0, 0, 0, 5, 0, 0, 0, 0, 13, 0, 0, 4, 69, 0, 0, 7, 0, 0, 0, 3, 0, 0, 0, 4, 11, 0, 0]"
36,"[2, 0, 0, 0, 5, 0, 0, 0, 4, 110, 0, 0, 8, 2, 2, 0, 4, 119, 0, 0, 0, 4, 1, 0, 3, 0, 0, 0, 0, 4, 1, 0, 8, 1, 2, 0, 6, 9, 1, 0, 3, 0, 0, 0, 5, 0, 0, 0]"
37,"[2, 0, 0, 0, 6, 5, 1, 0, 3, 0, 0, 0, 7, 0, 0, 0, 3, 0, 0, 0, 7, 0, 0, 0, 4, 89, 0, 0, 0, 4, 1, 0, 0, 9, 1, 0, 2, 0, 0, 0, 6, 7, 1, 0, 6, 8, 0, 0]"
38,"[4, 61, 0, 0, 0, 15, 1, 0, 3, 0, 0, 0, 8, 2, 1, 0, 2, 0, 0, 0, 3, 0, 0, 0, 5, 0, 0, 0, 0, 8, 0, 0, 4, 127, 0, 0, 2, 0, 0, 0, 2, 1, 0, 0, 2, 1, 0, 0]"
39,"[3, 0, 0, 0, 4, 24, 0, 0, 0, 15, 0, 0, 4, 106, 0, 0, 7, 0, 0, 0, 1, 0, 0, 0, 2, 1, 0, 0, 7, 0, 0, 0, 8, 2, 1, 0, 0, 11, 1, 0, 5, 0, 0, 0, 6, 9, 1, 0]"
40,"[7, 0, 0, 0, 2, 1, 0, 0, 8, 1, 2, 0, 5, 0, 0, 0, 6, 6, 1, 0, 1, 0, 0, 0, 1, 0, 0, 0, 1, 0, 0, 0, 5, 0, 0, 0, 1, 0, 0, 0, 4, 77, 0, 0, 5, 0, 0, 0]"
41,"[2, 1, 0, 0, 7, 0, 0, 0, 4, 90, 0, 0, 8, 3, 2, 0, 4, 33, 0, 0, 6, 5, 0, 0, 1, 0, 0, 0, 2, 0, 0, 0, 0, 5, 0, 0, 0, 12, 1, 0, 3, 0, 0, 0, 4, 104, 0, 0]"
42,"[4, 53, 0, 0, 6, 4, 1, 0, 5, 0, 0, 0, 8, 1, 2, 0, 7, 0, 0, 0, 7, 0, 0, 0, 0, 8, 0, 0, 7, 0, 0, 0, 3, 0, 0, 0, 2, 1, 0, 0, 3, 0, 0, 0, 6, 15, 1, 0]"
43,"[6, 7, 0, 0, 2, 0, 0, 0, 7, 0, 0, 0, 3, 0, 0, 0, 4, 75, 0, 0, 8, 3, 2, 0, 3, 0, 0, 0, 2, 0, 0, 0, 3, 0, 0, 0, 3, 0, 0, 0, 3, 0, 0, 0, 8, 3, 1, 0]"
44,"[0, 15, 0, 0, 4, 86, 0, 0, 6, 7, 1, 0, 1, 0, 0, 0, 0, 7, 0, 0, 2, 1, 0, 0, 8, 2, 1, 0, 8, 1, 2, 0, 3, 0, 0, 0, 6, 6, 1, 0, 1, 0, 0, 0, 0, 7, 0, 0]"
45,"[8, 1, 2, 0, 5, 0, 0, 0, 0, 8, 0, 0, 5, 0, 0, 0, 3, 0, 0, 0, 7, 0, 0, 0, 6, 15, 1, 0, 1, 0, 0, 0, 5, 0, 0, 0, 1, 0, 0, 0, 1, 0, 0, 0, 8, 2, 1, 0]"
46,"[5, 0, 0, 0, 4, 73, 0, 0, 6, 9, 1, 0, 6, 4, 1, 0, 6, 4, 1, 0, 3, 0, 0, 0, 8, 1, 1, 0, 8, 3, 2, 0, 2, 0, 0, 0, 1, 0, 0, 0, 3, 0, 0, 0, 6, 10, 0, 0]"
47,"[4, 57, 0, 0, 1, 0, 0, 0, 4, 125, 0, 0, 6, 9, 1, 0, 5, 0, 0, 0, 4, 70, 0, 0, 6, 4, 0, 0, 2, 1, 0, 0, 5, 0, 0, 0, 6, 15, 1, 0, 5, 0, 0, 0, 4, 15, 0, 0]"
48,"[6, 9, 1, 0, 8, 1, 1, 0, 1, 0, 0, 0, 5, 0, 0, 0, 3, 0, 0, 0, 0, 14, 0, 0, 7, 0, 0, 0, 7, 0, 0, 0, 8, 3, 1, 0, 3, 0, 0, 0, 0, 14, 0, 0, 7, 0, 0, 0]"
49,"[3, 0, 0, 0, 1, 0, 0, 0, 3, 0, 0, 0, 2, 1, 0, 0, 7, 0, 0, 0, 3, 0, 0, 0, 0, 14, 1, 0, 3, 0, 0, 0, 3, 0, 0, 0, 2, 1, 0, 0, 4, 72, 0, 0, 4, 19, 0, 0]"
50,"[6, 5, 1, 0, 3, 0, 0, 0, 3, 0, 0, 0, 6, 13, 0, 0, 6, 6, 1, 0, 8, 2, 1, 0, 0, 9, 1, 0, 2, 0, 0, 0, 7, 0, 0, 0, 0, 4, 1, 0, 0, 8, 0, 0, 7, 0, 0, 0]"
51,"[1, 0, 0, 0, 5, 0, 0, 0, 0, 13, 1, 0, 7, 0, 0, 0, 2, 0, 0, 0, 0, 13, 0, 0, 8, 3, 2, 0, 5, 0, 0, 0, 2, 0, 0, 0, 3, 0, 0, 0, 6, 14, 0, 0, 5, 0, 0, 0]"
52,"[3, 0, 0, 0, 8, 1, 1, 0, 7, 0, 0, 0, 4, 116, 0, 0, 4, 30, 0, 0, 4, 32, 0, 0, 5, 0, 0, 0, 7, 0, 0, 0, 2, 0, 0, 0, 8, 3, 1, 0, 7, 0, 0, 0, 7, 0, 0, 0]"
53,"[5, 0, 0, 0, 4, 5, 0, 0, 0, 9, 1, 0, 7, 0, 0, 0, 0, 14, 1, 0, 2, 1, 0, 0, 8, 3, 2, 0, 2, 1, 0, 0, 3, 0, 0, 0, 8, 2, 1, 0, 2, 1, 0, 0, 4, 123, 0, 0]"
54,"[3, 0, 0, 0, 8, 3, 1, 0, 3, 0, 0, 0, 6, 14, 1, 0, 4, 13, 0, 0, 2, 0, 0, 0, 4, 5, 0, 0, 0, 13, 0, 0, 6, 8, 0, 0, 8, 2, 2, 0, 7, 0, 0, 0, 3, 0, 0, 0]"
55,"[7, 0, 0, 0, 5, 0, 0, 0, 3, 0, 0, 0, 7, 0, 0, 0, 3, 0, 0, 0, 6, 10, 0, 0, 0, 10, 1, 0, 6, 7, 0, 0, 3, 0, 0, 0, 5, 0, 0, 0, 3, 0, 0, 0, 5, 0, 0, 0]"
56,"[2, 0, 0, 0, 1, 0, 0, 0, 5, 0, 0, 0, 2, 0, 0, 0, 4, 90, 0, 0, 4, 53, 0, 0, 0, 8, 1, 0, 5, 0, 0, 0, 5, 0, 0, 0, 7, 0, 0, 0, 1, 0, 0, 0, 8, 3, 1, 0]"
57,"[0, 5, 1, 0, 6, 14, 0, 0, 0, 7, 1, 0, 4, 16, 0, 0, 0, 14, 0, 0, 2, 0, 0, 0, 3, 0, 0, 0, 4, 34, 0, 0, 8, 3, 2, 0, 4, 30, 0, 0, 3, 0, 0, 0, 0, 4, 1, 0]"
58,"[8, 1, 1, 0, 6, 15, 0, 0, 0, 5, 1, 0, 0, 10, 0, 0, 3, 0, 0, 0, 4, 51, 0, 0, 1, 0, 0, 0, 6, 14, 1, 0, 8, 1, 2, 0, 2, 0, 0, 0, 7, 0, 0, 0, 2, 1, 0, 0]"
59,"[4, 109, 0, 0, 3, 0, 0, 0, 0, 11, 0, 0, 5, 0, 0, 0, 7, 0, 0, 0, 1, 0, 0, 0, 8, 1, 1, 0, 4, 80, 0, 0, 5, 0, 0, 0, 3, 0, 0, 0, 8, 3, 1, 0, 6, 5, 1, 0]"
60,"[1, 0, 0, 0, 8, 2, 1, 0, 4, 9, 0, 0, 8, 2, 2, 0, 6, 10, 0, 0, 7, 0, 0, 0, 5, 0, 0, 0, 4, 56, 0, 0, 2, 0, 0, 0, 7, 0, 0, 0, 5, 0, 0, 0, 0, 6, 0, 0]"
61,"[6, 11, 0, 0, 6, 11, 1, 0, 4, 43, 0, 0, 2, 0, 0, 0, 2, 0, 0, 0, 3, 0, 0, 0, 4, 55, 0, 0, 7, 0, 0, 0, 8, 3, 2, 0, 6, 9, 1, 0, 3, 0, 0, 0, 3, 0, 0, 0]"
62,"[1, 0, 0, 0, 7, 0, 0, 0, 1, 0, 0, 0, 2, 0, 0, 0, 1, 0, 0, 0, 1, 0, 0, 0, 2, 1, 0, 0, 1, 0, 0, 0, 2, 0, 0, 0, 0, 4, 0, 0, 8, 2, 2, 0, 1, 0, 0, 0]"
63,"[4, 54, 0, 0, 4, 44, 0, 0, 3, 0, 0, 0, 1, 0, 0, 0, 2, 0, 0, 0, 1, 0, 0, 0, 5, 0, 0, 0, 1, 0, 0, 0, 4, 29, 0, 0, 8, 1, 2, 0, 8, 3, 1, 0, 5, 0, 0, 0]"
64,"[2, 1, 0, 0, 4, 1, 0, 0, 2, 0, 0, 0, 1, 0, 0, 0, 2, 1, 0, 0, 2, 0, 0, 0, 5, 0, 0, 0, 2, 1, 0, 0, 1, 0, 0, 0, 1, 0, 0, 0, 2, 1, 0, 0, 4, 58, 0, 0]"
65,"[2, 1, 0, 0, 1, 0, 0, 0, 6, 14, 1, 0, 4, 71, 0, 0, 3, 0, 0, 0, 7, 0, 0, 0, 7, 0, 0, 0, 3, 0, 0, 0, 2, 0, 0, 0, 8, 3, 1, 0, 0, 4, 1, 0, 1, 0, 0, 0]"
66,"[6, 9, 1, 0, 6, 10, 1, 0, 0, 5, 0, 0, 6, 5, 0, 0, 2, 1, 0, 0, 1, 0, 0, 0, 4, 108, 0, 0, 3, 0, 0, 0, 7, 0, 0, 0, 0, 13, 0, 0, 5, 0, 0, 0, 8, 2, 2, 0]"
67,"[0, 14, 1, 0, 6, 8, 0, 0, 6, 10, 1, 0, 6, 11, 1, 0, 1, 0, 0, 0, 8, 1, 1, 0, 5, 0, 0, 0, 2, 0, 0, 0, 5, 0, 0, 0, 1, 0, 0, 0, 1, 0, 0, 0, 1, 0, 0, 0]"
68,"[2, 0, 0, 0, 4, 59, 0, 0, 2, 0, 0, 0, 7, 0, 0, 0, 1, 0, 0, 0, 6, 15, 0, 0, 3, 0, 0, 0, 5, 0, 0, 0, 5, 0, 0, 0, 7, 0, 0, 0, 5, 0, 0, 0, 4, 41, 0, 0]"
69,"[6, 7, 0, 0, 5, 0, 0, 0, 7, 0, 0, 0, 2, 0, 0, 0, 5, 0, 0, 0, 2, 0, 0, 0, 3, 0, 0, 0, 1, 0, 0, 0, 8, 3, 1, 0, 7, 0, 0, 0, 5, 0, 0, 0, 2, 0, 0, 0]"
70,"[0, 9, 1, 0, 0, 10, 0, 0, 4, 39, 0, 0, 7, 0, 0, 0, 5, 0, 0, 0, 2, 1, 0, 0, 0, 7, 0, 0, 3, 0, 0, 0, 8, 1, 2, 0, 2, 1, 0, 0, 8, 3, 2, 0, 4, 49, 0, 0]"
71,"[3, 0, 0, 0, 7, 0, 0, 0, 5, 0, 0, 0, 3, 0, 0, 0, 4, 19, 0, 0, 2, 0, 0, 0, 0, 7, 0, 0, 4, 115, 0, 0, 1, 0, 0, 0, 7, 0, 0, 0, 7, 0, 0, 0, 1, 0, 0, 0]"
72,"[7, 0, 0, 0, 7, 0, 0, 0, 2, 1, 0, 0, 2, 1, 0, 0, 4, 38, 0, 0, 6, 6, 1, 0, 8, 1, 1, 0, 5, 0, 0, 0, 0, 11, 1, 0, 6, 9, 1, 0, 6, 6, 0, 0, 5, 0, 0, 0]"
73,"[8, 3, 2, 0, 4, 14, 0, 0, 5, 0, 0, 0, 1, 0, 0, 0, 1, 0, 0, 0, 8, 2, 2, 0, 5, 0, 0, 0, 0, 4, 1, 0, 4, 103, 0, 0, 6, 9, 0, 0, 7, 0, 0, 0, 2, 0, 0, 0]"
74,"[4, 114, 0, 0, 4, 34, 0, 0, 5, 0, 0, 0, 7, 0, 0, 0, 5, 0, 0, 0, 1, 0, 0, 0, 4, 60, 0, 0, 7, 0, 0, 0, 7, 0, 0, 0, 3, 0, 0, 0, 6, 8, 1, 0, 2, 1, 0, 0]"
75,"[0, 7, 0, 0, 5, 0, 0, 0, 4, 62, 0, 0, 1, 0, 0, 0, 3, 0, 0, 0, 5, 0, 0, 0, 2, 1, 0, 0, 5, 0, 0, 0, 4, 32, 0, 0, 1, 0, 0, 0, 1, 0, 0, 0, 6, 5, 0, 0]"
76,"[4, 49, 0, 0, 3, 0, 0, 0, 6, 13, 0, 0, 4, 52, 0, 0, 6, 6, 1, 0, 6, 7, 1, 0, 7, 0, 0, 0, 8, 3, 2, 0, 8, 1, 1, 0, 0, 13, 1, 0, 6, 7, 0, 0, 3, 0, 0, 0]"
77,"[6, 12, 0, 0, 3, 0, 0, 0, 8, 3, 2, 0, 7, 0, 0, 0, 1, 0, 0, 0, 8, 1, 2, 0, 2, 1, 0, 0, 3, 0, 0, 0, 2, 1, 0, 0, 3, 0, 0, 0, 7, 0, 0, 0, 4, 112, 0, 0]"
78,"[5, 0, 0, 0, 6, 7, 0, 0, 2, 0, 0, 0, 8, 3, 1, 0, 6, 14, 0, 0, 4, 116, 0, 0, 2, 1, 0, 0, 2, 0, 0, 0, 1, 0, 0, 0, 5, 0, 0, 0, 5, 0, 0, 0, 4, 25, 0, 0]"
79,"[7, 0, 0, 0, 8, 1, 2, 0, 8, 1, 1, 0, 0, 6, 1, 0, 4, 21, 0, 0, 3, 0, 0, 0, 4, 86, 0, 0, 3, 0, 0, 0, 0, 12, 1, 0, 6, 4, 1, 0, 4, 61, 0, 0, 8, 3, 1, 0]"
80,"[5, 0, 0, 0, 5, 0, 0, 0, 2, 1, 0, 0, 6, 8, 1, 0, 1, 0, 0, 0, 5, 0, 0, 0, 7, 0, 0, 0, 8, 3, 1, 0, 5, 0, 0, 0, 4, 10, 0, 0, 2, 1, 0, 0, 0, 15, 0, 0]"
81,"[1, 0, 0, 0, 4, 24, 0, 0, 4, 98, 0, 0, 5, 0, 0, 0, 3, 0, 0, 0, 0, 15, 0, 0, 1, 0, 0, 0, 5, 0, 0, 0, 0, 12, 1, 0, 8, 3, 1, 0, 6, 14, 1, 0, 3, 0, 0, 0]"
82,"[4, 77, 0, 0, 8, 1, 2, 0, 7, 0, 0, 0, 4, 105, 0, 0, 1, 0, 0, 0, 0, 15, 0, 0, 4, 108, 0, 0, 8, 2, 1, 0, 3, 0, 0, 0, 0, 7, 0, 0, 0, 14, 1, 0, 3, 0, 0, 0]"
83,"[0, 8, 1, 0, 4, 8, 0, 0, 2, 1, 0, 0, 8, 2, 1, 0, 8, 1, 1, 0, 6, 6, 1, 0, 4, 101, 0, 0, 7, 0, 0, 0, 2, 0, 0, 0, 5, 0, 0, 0, 0, 9, 1, 0, 2, 1, 0, 0]"
84,"[8, 2, 2, 0, 5, 0, 0, 0, 2, 1, 0, 0, 0, 4, 1, 0, 4, 92, 0, 0, 0, 15, 1, 0, 5, 0, 0, 0, 1, 0, 0, 0, 1, 0, 0, 0, 1, 0, 0, 0, 8, 3, 2, 0, 6, 9, 1, 0]"
85,"[2, 1, 0, 0, 1, 0, 0, 0, 7, 0, 0, 0, 5, 0, 0, 0, 5, 0, 0, 0, 1, 0, 0, 0, 7, 0, 0, 0, 0, 4, 1, 0, 8, 2, 1, 0, 0, 9, 0, 0, 3, 0, 0, 0, 4, 78, 0, 0]"
86,"[6, 9, 1, 0, 0, 10, 1, 0, 4, 10, 0, 0, 1, 0, 0, 0, 1, 0, 0, 0, 7, 0, 0, 0, 6, 9, 0, 0, 3, 0, 0, 0, 0, 13, 0, 0, 2, 1, 0, 0, 6, 13, 0, 0, 6, 12, 0, 0]"
87,"[1, 0, 0, 0, 7, 0, 0, 0, 3, 0, 0, 0, 4, 27, 0, 0, 5, 0, 0, 0, 4, 112, 0, 0, 8, 1, 2, 0, 3, 0, 0, 0, 6, 11, 0, 0, 7, 0, 0, 0, 2, 0, 0, 0, 7, 0, 0, 0]"
88,"[4, 79, 0, 0, 0, 4, 1, 0, 1, 0, 0, 0, 8, 1, 1, 0, 4, 125, 0, 0, 1, 0, 0, 0, 0, 8, 1, 0, 0, 7, 1, 0, 0, 5, 1, 0, 2, 1, 0, 0, 4, 95, 0, 0, 0, 8, 0, 0]"
89,"[0, 6, 0, 0, 7, 0, 0, 0, 8, 3, 2, 0, 2, 0, 0, 0, 8, 3, 2, 0, 2, 1, 0, 0, 8, 3, 2, 0, 0, 4, 1, 0, 8, 2, 2, 0, 5, 0, 0, 0, 3, 0, 0, 0, 2, 0, 0, 0]"
90,"[8, 2, 2, 0, 6, 11, 1, 0, 0, 14, 1, 0, 8, 1, 2, 0, 0, 11, 1, 0, 3, 0, 0, 0, 6, 15, 1, 0, 4, 111, 0, 0, 8, 2, 1, 0, 6, 8, 1, 0, 6, 14, 0, 0, 4, 16, 0, 0]"
91,"[3, 0, 0, 0, 3, 0, 0, 0, 1, 0, 0, 0, 1, 0, 0, 0, 4, 123, 0, 0, 0, 15, 0, 0, 5, 0, 0, 0, 0, 13, 1, 0, 3, 0, 0, 0, 6, 13, 0, 0, 7, 0, 0, 0, 6, 4, 1, 0]"
92,"[1, 0, 0, 0, 1, 0, 0, 0, 8, 1, 1, 0, 4, 63, 0, 0, 8, 1, 2, 0, 1, 0, 0, 0, 5, 0, 0, 0, 3, 0, 0, 0, 3, 0, 0, 0, 7, 0, 0, 0, 8, 1, 1, 0, 5, 0, 0, 0]"
93,"[6, 11, 0, 0, 6, 14, 1, 0, 3, 0, 0, 0, 3, 0, 0, 0, 5, 0, 0, 0, 5, 0, 0, 0, 2, 1, 0, 0, 0, 12, 0, 0, 0, 5, 1, 0, 4, 10, 0, 0, 6, 13, 0, 0, 5, 0, 0, 0]"
94,"[5, 0, 0, 0, 5, 0, 0, 0, 6, 8, 0, 0, 3, 0, 0, 0, 0, 11, 1, 0, 4, 102, 0, 0, 3, 0, 0, 0, 7, 0, 0, 0, 3, 0, 0, 0, 1, 0, 0, 0, 4, 26, 0, 0, 6, 6, 0, 0]"
95,"[3, 0, 0, 0, 0, 10, 1, 0, 2, 1, 0, 0, 5, 0, 0, 0, 8, 2, 1, 0, 4, 67, 0, 0, 4, 46, 0, 0, 0, 7, 0, 0, 2, 0, 0, 0, 3, 0, 0, 0, 3, 0, 0, 0, 7, 0, 0, 0]"
96,"[6, 8, 1, 0, 2, 0, 0, 0, 2, 1, 0, 0, 8, 3, 1, 0, 2, 1, 0, 0, 7, 0, 0, 0, 7, 0, 0, 0, 1, 0, 0, 0, 2, 0, 0, 0, 2, 0, 0, 0, 8, 2, 1, 0, 4, 21, 0, 0]"
97,"[8, 2, 2, 0, 6, 10, 1, 0, 0, 5, 1, 0, 7, 0, 0, 0, 3, 0, 0, 0, 5, 0, 0, 0, 7, 0, 0, 0, 6, 5, 1, 0, 0, 10, 0, 0, 3, 0, 0, 0, 5, 0, 0, 0, 0, 15, 0, 0]"
98,"[0, 15, 1, 0, 3, 0, 0, 0, 2, 0, 0, 0, 4, 31, 0, 0, 5, 0, 0, 0, 0, 8, 0, 0, 5, 0, 0, 0, 2, 0, 0, 0, 6, 6, 0, 0, 7, 0, 0, 0, 2, 0, 0, 0, 4, 79, 0, 0]"
99,"[4, 70, 0, 0, 0, 12, 0, 0, 8, 1, 2, 0, 7, 0, 0, 0, 5, 0, 0, 0, 8, 2, 1, 0, 6, 8, 1, 0, 7, 0, 0, 0, 3, 0, 0, 0, 1, 0, 0, 0, 8, 2, 1, 0, 5, 0, 0, 0]"
100,"[1, 0, 0, 0, 7, 0, 0, 0, 7, 0, 0, 0, 4, 85, 0, 0, 7, 0, 0, 0, 4, 60, 0, 0, 5, 0, 0, 0, 2, 0, 0, 0, 8, 3, 2, 0, 4, 110, 0, 0, 1, 0, 0, 0, 6, 9, 1, 0]"
101,"[7, 0, 0, 0, 4, 45, 0, 0, 3, 0, 0, 0, 1, 0, 0, 0, 4, 45, 0, 0, 8, 2, 1, 0, 6, 10, 1, 0, 6, 13, 1, 0, 6, 15, 1, 0, 3, 0, 0, 0, 8, 3, 1, 0, 2, 0, 0, 0]"
102,"[2, 1, 0, 0, 5, 0, 0, 0, 0, 15, 1, 0, 6, 9, 1, 0, 7, 0, 0, 0, 8, 2, 1, 0, 3, 0, 0, 0, 8, 3, 2, 0, 5, 0, 0, 0, 4, 39, 0, 0, 0, 7, 1, 0, 5, 0, 0, 0]"
103,"[2, 1, 0, 0, 7, 0, 0, 0, 7, 0, 0, 0, 2, 1, 0, 0, 1, 0, 0, 0, 4, 38, 0, 0, 0, 11, 1, 0, 5, 0, 0, 0, 2, 0, 0, 0, 3, 0, 0, 0, 0, 11, 0, 0, 8, 3, 2, 0]"
104,"[7, 0, 0, 0, 0, 8, 0, 0, 6, 5, 1, 0, 4, 99, 0, 0, 7, 0, 0, 0, 0, 13, 0, 0, 2, 0, 0, 0, 7, 0, 0, 0, 5, 0, 0, 0, 0, 10, 1, 0, 7, 0, 0, 0, 0, 7, 0, 0]"
105,"[6, 12, 0, 0, 7, 0, 0, 0, 6, 8, 0, 0, 5, 0, 0, 0, 2, 1, 0, 0, 1, 0, 0, 0, 1, 0, 0, 0, 3, 0, 0, 0, 1, 0, 0, 0, 3, 0, 0, 0, 3, 0, 0, 0, 4, 39, 0, 0]"
106,"[4, 105, 0, 0, 0, 12, 1, 0, 4, 51, 0, 0, 1, 0, 0, 0, 0, 4, 1, 0, 6, 13, 0, 0, 6, 9, 0, 0, 2, 0, 0, 0, 7, 0, 0, 0, 3, 0, 0, 0, 7, 0, 0, 0, 7, 0, 0, 0]"
107,"[8, 2, 2, 0, 8, 1, 1, 0, 1, 0, 0, 0, 2, 1, 0, 0, 2, 0, 0, 0, 6, 9, 0, 0, 8, 1, 1, 0, 8, 1, 1, 0, 6, 13, 0, 0, 3, 0, 0, 0, 7, 0, 0, 0, 3, 0, 0, 0]"
108,"[0, 10, 0, 0, 1, 0, 0, 0, 1, 0, 0, 0, 0, 10, 1, 0, 2, 0, 0, 0, 3, 0, 0, 0, 4, 43, 0, 0, 5, 0, 0, 0, 1, 0, 0, 0, 3, 0, 0, 0, 6, 10, 1, 0, 7, 0, 0, 0]"
109,"[7, 0, 0, 0, 0, 13, 1, 0, 8, 3, 2, 0, 7, 0, 0, 0, 1, 0, 0, 0, 6, 8, 0, 0, 6, 6, 1, 0, 8, 2, 2, 0, 6, 8, 1, 0, 0, 13, 0, 0, 4, 15, 0, 0, 0, 10, 0, 0]"
110,"[5, 0, 0, 0, 4, 12, 0, 0, 6, 11, 0, 0, 8, 3, 2, 0, 3, 0, 0, 0, 5, 0, 0, 0, 2, 1, 0, 0, 1, 0, 0, 0, 8, 2, 2, 0, 4, 95, 0, 0, 6, 4, 1, 0, 1, 0, 0, 0]"
111,"[1, 0, 0, 0, 7, 0, 0, 0, 4, 42, 0, 0, 1, 0, 0, 0, 4, 29, 0, 0, 1, 0, 0, 0, 1, 0, 0, 0, 6, 14, 1, 0, 8, 2, 2, 0, 1, 0, 0, 0, 3, 0, 0, 0, 7, 0, 0, 0]"
112,"[3, 0, 0, 0, 5, 0, 0, 0, 8, 3, 1, 0, 7, 0, 0, 0, 2, 0, 0, 0, 6, 15, 0, 0, 7, 0, 0, 0, 3, 0, 0, 0, 3, 0, 0, 0, 8, 3, 2, 0, 1, 0, 0, 0, 0, 11, 0, 0]"
113,"[8, 3, 2, 0, 7, 0, 0, 0, 5, 0, 0, 0, 6, 10, 1, 0, 1, 0, 0, 0, 8, 1, 1, 0, 2, 1, 0, 0, 3, 0, 0, 0, 7, 0, 0, 0, 8, 1, 2, 0, 7, 0, 0, 0, 3, 0, 0, 0]"
114,"[4, 71, 0, 0, 3, 0, 0, 0, 6, 12, 1, 0, 6, 15, 1, 0, 0, 15, 0, 0, 5, 0, 0, 0, 1, 0, 0, 0, 3, 0, 0, 0, 0, 11, 1, 0, 4, 64, 0, 0, 4, 41, 0, 0, 2, 1, 0, 0]"
115,"[1, 0, 0, 0, 8, 2, 1, 0, 3, 0, 0, 0, 6, 15, 0, 0, 2, 0, 0, 0, 6, 12, 1, 0, 1, 0, 0, 0, 1, 0, 0, 0, 1, 0, 0, 0, 0, 9, 0, 0, 6, 14, 1, 0, 0, 4, 0, 0]"
116,"[5, 0, 0, 0, 3, 0, 0, 0, 0, 6, 0, 0, 8, 1, 2, 0, 6, 12, 1, 0, 5, 0, 0, 0, 1, 0, 0, 0, 5, 0, 0, 0, 7, 0, 0, 0, 1, 0, 0, 0, 2, 1, 0, 0, 5, 0, 0, 0]"
117,"[2, 0, 0, 0, 0, 9, 1, 0, 4, 37, 0, 0, 1, 0, 0, 0, 6, 9, 0, 0, 8, 2, 2, 0, 4, 75, 0, 0, 1, 0, 0, 0, 1, 0, 0, 0, 8, 3, 2, 0, 7, 0, 0, 0, 6, 8, 1, 0]"
118,"[2, 1, 0, 0, 8, 3, 1, 0, 4, 31, 0, 0, 4, 97, 0, 0, 6, 6, 1, 0, 5, 0, 0, 0, 3, 0, 0, 0, 4, 20, 0, 0, 6, 5, 0, 0, 8, 3, 2, 0, 4, 61, 0, 0, 8, 3, 2, 0]"
119,"[6, 14, 0, 0, 3, 0, 0, 0, 5, 0, 0, 0, 2, 0, 0, 0, 4, 120, 0, 0, 4, 101, 0, 0, 2, 0, 0, 0, 0, 14, 0, 0, 7, 0, 0, 0, 2, 0, 0, 0, 5, 0, 0, 0, 0, 6, 1, 0]"
120,"[3, 0, 0, 0, 7, 0, 0, 0, 6, 9, 0, 0, 3, 0, 0, 0, 8, 2, 1, 0, 5, 0, 0, 0, 2, 1, 0, 0, 1, 0, 0, 0, 8, 1, 2, 0, 4, 65, 0, 0, 2, 0, 0, 0, 2, 1, 0, 0]"
121,"[2, 1, 0, 0, 7, 0, 0, 0, 5, 0, 0, 0, 3, 0, 0, 0, 5, 0, 0, 0, 1, 0, 0, 0, 3, 0, 0, 0, 2, 1, 0, 0, 5, 0, 0, 0, 4, 116, 0, 0, 4, 85, 0, 0, 5, 0, 0, 0]"
122,"[4, 103, 0, 0, 5, 0, 0, 0, 3, 0, 0, 0, 3, 0, 0, 0, 6, 5, 1, 0, 0, 5, 1, 0, 8, 1, 1, 0, 8, 1, 2, 0, 3, 0, 0, 0, 4, 78, 0, 0, 7, 0, 0, 0, 7, 0, 0, 0]"
123,"[0, 13, 0, 0, 4, 86, 0, 0, 6, 9, 0, 0, 3, 0, 0, 0, 3, 0, 0, 0, 1, 0, 0, 0, 7, 0, 0, 0, 5, 0, 0, 0, 1, 0, 0, 0, 2, 1, 0, 0, 7, 0, 0, 0, 3, 0, 0, 0]"
124,"[5, 0, 0, 0, 3, 0, 0, 0, 3, 0, 0, 0, 3, 0, 0, 0, 1, 0, 0, 0, 8, 1, 1, 0, 2, 1, 0, 0, 6, 10, 1, 0, 2, 1, 0, 0, 1, 0, 0, 0, 4, 48, 0, 0, 4, 85, 0, 0]"
125,"[0, 10, 0, 0, 6, 5, 0, 0, 8, 1, 1, 0, 5, 0, 0, 0, 2, 1, 0, 0, 5, 0, 0, 0, 8, 1, 1, 0, 1, 0, 0, 0, 5, 0, 0, 0, 1, 0, 0, 0, 7, 0, 0, 0, 4, 9, 0, 0]"
126,"[7, 0, 0, 0, 4, 48, 0, 0, 7, 0, 0, 0, 3, 0, 0, 0, 2, 1, 0, 0, 8, 2, 2, 0, 0, 15, 0, 0, 7, 0, 0, 0, 4, 118, 0, 0, 6, 13, 1, 0, 8, 1, 1, 0, 1, 0, 0, 0]"
127,"[6, 13, 0, 0, 6, 11, 1, 0, 6, 15, 1, 0, 5, 0, 0, 0, 8, 3, 1, 0, 5, 0, 0, 0, 2, 1, 0, 0, 1, 0, 0, 0, 1, 0, 0, 0, 3, 0, 0, 0, 1, 0, 0, 0, 1, 0, 0, 0]"
128,"[7, 0, 0, 0, 2, 1, 0, 0, 0, 8, 1, 0, 6, 8, 1, 0, 3, 0, 0, 0, 3, 0, 0, 0, 4, 63, 0, 0, 2, 1, 0, 0, 8, 1, 1, 0, 6, 14, 1, 0, 2, 1, 0, 0, 0, 14, 1, 0]"
129,"[6, 9, 1, 0, 2, 1, 0, 0, 8, 3, 2, 0, 8, 1, 2, 0, 8, 1, 2, 0, 1, 0, 0, 0, 2, 1, 0, 0, 2, 1, 0, 0, 2, 0, 0, 0, 1, 0, 0, 0, 6, 7, 1, 0, 8, 1, 1, 0]"
130,"[3, 0, 0, 0, 0, 7, 1, 0, 2, 0, 0, 0, 1, 0, 0, 0, 6, 6, 1, 0, 6, 6, 1, 0, 6, 14, 0, 0, 2, 1, 0, 0, 3, 0, 0, 0, 5, 0, 0, 0, 4, 24, 0, 0, 0, 11, 1, 0]"
131,"[3, 0, 0, 0, 3, 0, 0, 0, 8, 3, 2, 0, 6, 14, 0, 0, 6, 5, 0, 0, 8, 3, 2, 0, 8, 3, 2, 0, 6, 13, 0, 0, 3, 0, 0, 0, 6, 11, 0, 0, 5, 0, 0, 0, 2, 0, 0, 0]"
132,"[7, 0, 0, 0, 4, 26, 0, 0, 8, 2, 1, 0, 2, 0, 0, 0, 3, 0, 0, 0, 1, 0, 0, 0, 4, 82, 0, 0, 8, 3, 1, 0, 6, 4, 1, 0, 5, 0, 0, 0, 7, 0, 0, 0, 5, 0, 0, 0]"
133,"[4, 14, 0, 0, 6, 14, 0, 0, 6, 6, 1, 0, 2, 1, 0, 0, 4, 15, 0, 0, 0, 15, 0, 0, 0, 13, 1, 0, 8, 1, 1, 0, 8, 2, 2, 0, 5, 0, 0, 0, 8, 2, 2, 0, 8, 1, 1, 0]"
134,"[2, 0, 0, 0, 7, 0, 0, 0, 3, 0, 0, 0, 8, 2, 2, 0, 7, 0, 0, 0, 0, 14, 1, 0, 8, 1, 1, 0, 2, 1, 0, 0, 1, 0, 0, 0, 5, 0, 0, 0, 1, 0, 0, 0, 2, 1, 0, 0]"
135,"[2, 0, 0, 0, 4, 40, 0, 0, 3, 0, 0, 0, 0, 4, 1, 0, 4, 42, 0, 0, 5, 0, 0, 0, 7, 0, 0, 0, 5, 0, 0, 0, 5, 0, 0, 0, 4, 62, 0, 0, 2, 1, 0, 0, 0, 11, 0, 0]"
136,"[2, 0, 0, 0, 7, 0, 0, 0, 0, 14, 1, 0, 2, 0, 0, 0, 0, 8, 0, 0, 2, 0, 0, 0, 0, 15, 0, 0, 1, 0, 0, 0, 6, 13, 0, 0, 0, 12, 0, 0, 0, 9, 0, 0, 7, 0, 0, 0]"
137,"[8, 2, 1, 0, 7, 0, 0, 0, 6, 6, 1, 0, 3, 0, 0, 0, 7, 0, 0, 0, 6, 6, 1, 0, 1, 0, 0, 0, 3, 0, 0, 0, 5, 0, 0, 0, 0, 7, 0, 0, 0, 8, 1, 0, 8, 1, 2, 0]"
138,"[6, 12, 1, 0, 7, 0, 0, 0, 5, 0, 0, 0, 6, 14, 0, 0, 5, 0, 0, 0, 3, 0, 0, 0, 3, 0, 0, 0, 8, 2, 2, 0, 1, 0, 0, 0, 3, 0, 0, 0, 4, 93, 0, 0, 4, 6, 0, 0]"
139,"[1, 0, 0, 0, 0, 8, 1, 0, 8, 3, 2, 0, 5, 0, 0, 0, 0, 11, 1, 0, 5, 0, 0, 0, 7, 0, 0, 0, 8, 3, 1, 0, 6, 8, 0, 0, 2, 1, 0, 0, 3, 0, 0, 0, 1, 0, 0, 0]"
140,"[4, 73, 0, 0, 8, 1, 2, 0, 5, 0, 0, 0, 6, 9, 0, 0, 8, 2, 2, 0, 0, 9, 0, 0, 3, 0, 0, 0, 8, 1, 1, 0, 3, 0, 0, 0, 6, 10, 0, 0, 7, 0, 0, 0, 1, 0, 0, 0]"
141,"[6, 10, 0, 0, 2, 1, 0, 0, 3, 0, 0, 0, 6, 8, 0, 0, 1, 0, 0, 0, 1, 0, 0, 0, 5, 0, 0, 0, 6, 13, 0, 0, 1, 0, 0, 0, 0, 9, 1, 0, 6, 11, 1, 0, 2, 0, 0, 0]"
142,"[1, 0, 0, 0, 1, 0, 0, 0, 4, 39, 0, 0, 1, 0, 0, 0, 6, 5, 0, 0, 1, 0, 0, 0, 3, 0, 0, 0, 5, 0, 0, 0, 5, 0, 0, 0, 7, 0, 0, 0, 7, 0, 0, 0, 1, 0, 0, 0]"
143,"[0, 13, 0, 0, 7, 0, 0, 0, 8, 2, 2, 0, 6, 9, 0, 0, 1, 0, 0, 0, 8, 1, 2, 0, 5, 0, 0, 0, 1, 0, 0, 0, 5, 0, 0, 0, 1, 0, 0, 0, 8, 3, 2, 0, 7, 0, 0, 0]"
144,"[5, 0, 0, 0, 4, 54, 0, 0, 5, 0, 0, 0, 2, 1, 0, 0, 7, 0, 0, 0, 8, 2, 1, 0, 7, 0, 0, 0, 5, 0, 0, 0, 2, 0, 0, 0, 2, 0, 0, 0, 5, 0, 0, 0, 2, 0, 0, 0]"
145,"[6, 7, 0, 0, 6, 13, 0, 0, 1, 0, 0, 0, 4, 46, 0, 0, 2, 1, 0, 0, 2, 0, 0, 0, 1, 0, 0, 0, 3, 0, 0, 0, 4, 21, 0, 0, 6, 7, 0, 0, 5, 0, 0, 0, 4, 101, 0, 0]"
146,"[7, 0, 0, 0, 3, 0, 0, 0, 0, 14, 0, 0, 3, 0, 0, 0, 4, 27, 0, 0, 6, 7, 0, 0, 6, 10, 0, 0, 2, 1, 0, 0, 4, 115, 0, 0, 1, 0, 0, 0, 6, 15, 0, 0, 3, 0, 0, 0]"
147,"[3, 0, 0, 0, 4, 63, 0, 0, 3, 0, 0, 0, 5, 0, 0, 0, 8, 2, 2, 0, 6, 9, 0, 0, 1, 0, 0, 0, 4, 1, 0, 0, 5, 0, 0, 0, 6, 11, 0, 0, 8, 2, 2, 0, 7, 0, 0, 0]"
148,"[6, 10, 1, 0, 3, 0, 0, 0, 2, 1, 0, 0, 8, 1, 1, 0, 3, 0, 0, 0, 1, 0, 0, 0, 1, 0, 0, 0, 5, 0, 0, 0, 6, 9, 1, 0, 1, 0, 0, 0, 2, 1, 0, 0, 7, 0, 0, 0]"
149,"[2, 1, 0, 0, 5, 0, 0, 0, 2, 0, 0, 0, 5, 0, 0, 0, 0, 10, 1, 0, 8, 3, 2, 0, 5, 0, 0, 0, 5, 0, 0, 0, 8, 3, 1, 0, 1, 0, 0, 0, 5, 0, 0, 0, 7, 0, 0, 0]"
150,"[3, 0, 0, 0, 5, 0, 0, 0, 0, 5, 0, 0, 8, 1, 2, 0, 7, 0, 0, 0, 4, 69, 0, 0, 1, 0, 0, 0, 0, 7, 0, 0, 8, 1, 1, 0, 0, 8, 1, 0, 3, 0, 0, 0, 2, 0, 0, 0]"
151,"[2, 1, 0, 0, 0, 11, 1, 0, 3, 0, 0, 0, 4, 51, 0, 0, 6, 12, 1, 0, 0, 7, 0, 0, 4, 10, 0, 0, 6, 13, 1, 0, 3, 0, 0, 0, 1, 0, 0, 0, 7, 0, 0, 0, 8, 2, 2, 0]"
152,"[0, 5, 1, 0, 4, 104, 0, 0, 4, 84, 0, 0, 2, 0, 0, 0, 5, 0, 0, 0, 8, 1, 2, 0, 7, 0, 0, 0, 2, 1, 0, 0, 4, 13, 0, 0, 5, 0, 0, 0, 0, 8, 1, 0, 0, 10, 1, 0]"
153,"[7, 0, 0, 0, 6, 8, 1, 0, 0, 14, 0, 0, 6, 5, 1, 0, 6, 6, 0, 0, 4, 51, 0, 0, 5, 0, 0, 0, 3, 0, 0, 0, 2, 1, 0, 0, 6, 13, 1, 0, 8, 1, 1, 0, 6, 9, 0, 0]"
154,"[3, 0, 0, 0, 1, 0, 0, 0, 7, 0, 0, 0, 5, 0, 0, 0, 1, 0, 0, 0, 8, 3, 1, 0, 5, 0, 0, 0, 8, 1, 1, 0, 0, 12, 1, 0, 5, 0, 0, 0, 1, 0, 0, 0, 4, 46, 0, 0]"
155,"[2, 1, 0, 0, 1, 0, 0, 0, 0, 8, 0, 0, 8, 2, 2, 0, 7, 0, 0, 0, 6, 9, 1, 0, 4, 66, 0, 0, 6, 14, 1, 0, 1, 0, 0, 0, 4, 49, 0, 0, 1, 0, 0, 0, 1, 0, 0, 0]"
156,"[4, 84, 0, 0, 5, 0, 0, 0, 4, 46, 0, 0, 6, 7, 0, 0, 1, 0, 0, 0, 8, 2, 2, 0, 8, 2, 1, 0, 8, 3, 2, 0, 1, 0, 0, 0, 2, 0, 0, 0, 4, 108, 0, 0, 7, 0, 0, 0]"
157,"[0, 15, 1, 0, 1, 0, 0, 0, 2, 1, 0, 0, 4, 88, 0, 0, 2, 0, 0, 0, 7, 0, 0, 0, 2, 1, 0, 0, 8, 3, 2, 0, 0, 5, 0, 0, 1, 0, 0, 0, 0, 4, 1, 0, 4, 78, 0, 0]"
158,"[5, 0, 0, 0, 3, 0, 0, 0, 7, 0, 0, 0, 5, 0, 0, 0, 1, 0, 0, 0, 6, 13, 1, 0, 0, 9, 0, 0, 1, 0, 0, 0, 8, 2, 1, 0, 6, 9, 0, 0, 8, 3, 1, 0, 0, 11, 0, 0]"
159,"[6, 5, 0, 0, 1, 0, 0, 0, 1, 0, 0, 0, 6, 13, 1, 0, 5, 0, 0, 0, 0, 14, 1, 0, 5, 0, 0, 0, 8, 3, 2, 0, 5, 0, 0, 0, 8, 2, 2, 0, 2, 0, 0, 0, 0, 5, 0, 0]"
160,"[3, 0, 0, 0, 2, 0, 0, 0, 2, 1, 0, 0, 8, 1, 1, 0, 2, 0, 0, 0, 6, 15, 0, 0, 3, 0, 0, 0, 0, 6, 0, 0, 4, 88, 0, 0, 1, 0, 0, 0, 1, 0, 0, 0, 3, 0, 0, 0]"
161,"[7, 0, 0, 0, 7, 0, 0, 0, 0, 7, 1, 0, 2, 1, 0, 0, 4, 45, 0, 0, 0, 13, 1, 0, 2, 1, 0, 0, 5, 0, 0, 0, 7, 0, 0, 0, 8, 1, 2, 0, 2, 1, 0, 0, 7, 0, 0, 0]"
162,"[7, 0, 0, 0, 0, 5, 1, 0, 5, 0, 0, 0, 4, 111, 0, 0, 8, 3, 2, 0, 3, 0, 0, 0, 1, 0, 0, 0, 0, 12, 1, 0, 2, 1, 0, 0, 3, 0, 0, 0, 3, 0, 0, 0, 4, 115, 0, 0]"
163,"[0, 11, 1, 0, 3, 0, 0, 0, 8, 3, 2, 0, 5, 0, 0, 0, 3, 0, 0, 0, 4, 7, 0, 0, 6, 6, 0, 0, 2, 0, 0, 0, 1, 0, 0, 0, 7, 0, 0, 0, 4, 2, 0, 0, 4, 30, 0, 0]"
164,"[8, 1, 1, 0, 1, 0, 0, 0, 1, 0, 0, 0, 2, 1, 0, 0, 8, 2, 1, 0, 3, 0, 0, 0, 0, 5, 1, 0, 0, 6, 0, 0, 1, 0, 0, 0, 4, 67, 0, 0, 8, 2, 1, 0, 1, 0, 0, 0]"
165,"[0, 10, 1, 0, 5, 0, 0, 0, 4, 115, 0, 0, 2, 0, 0, 0, 6, 12, 1, 0, 6, 6, 1, 0, 3, 0, 0, 0, 0, 15, 1, 0, 1, 0, 0, 0, 3, 0, 0, 0, 0, 7, 1, 0, 0, 4, 0, 0]"
166,"[6, 9, 0, 0, 2, 0, 0, 0, 2, 0, 0, 0, 3, 0, 0, 0, 7, 0, 0, 0, 0, 4, 0, 0, 7, 0, 0, 0, 7, 0, 0, 0, 7, 0, 0, 0, 1, 0, 0, 0, 7, 0, 0, 0, 7, 0, 0, 0]"
167,"[0, 4, 1, 0, 5, 0, 0, 0, 5, 0, 0, 0, 5, 0, 0, 0, 6, 9, 0, 0, 6, 15, 1, 0, 6, 15, 1, 0, 2, 1, 0, 0, 5, 0, 0, 0, 4, 23, 0, 0, 7, 0, 0, 0, 5, 0, 0, 0]"
168,"[1, 0, 0, 0, 3, 0, 0, 0, 3, 0, 0, 0, 0, 13, 0, 0, 7, 0, 0, 0, 6, 14, 1, 0, 5, 0, 0, 0, 3, 0, 0, 0, 3, 0, 0, 0, 0, 5, 1, 0, 0, 14, 0, 0, 3, 0, 0, 0]"
169,"[8, 1, 1, 0, 3, 0, 0, 0, 5, 0, 0, 0, 8, 3, 2, 0, 0, 12, 0, 0, 0, 13, 0, 0, 7, 0, 0, 0, 5, 0, 0, 0, 3, 0, 0, 0, 3, 0, 0, 0, 8, 1, 1, 0, 6, 11, 1, 0]"
170,"[6, 8, 1, 0, 3, 0, 0, 0, 5, 0, 0, 0, 1, 0, 0, 0, 3, 0, 0, 0, 4, 55, 0, 0, 8, 3, 1, 0, 5, 0, 0, 0, 6, 9, 1, 0, 3, 0, 0, 0, 3, 0, 0, 0, 5, 0, 0, 0]"
171,"[3, 0, 0, 0, 2, 0, 0, 0, 8, 1, 2, 0, 5, 0, 0, 0, 7, 0, 0, 0, 0, 8, 0, 0, 8, 3, 2, 0, 8, 3, 1, 0, 4, 48, 0, 0, 7, 0, 0, 0, 8, 1, 2, 0, 6, 14, 0, 0]"
172,"[2, 1, 0, 0, 6, 13, 0, 0, 0, 9, 1, 0, 5, 0, 0, 0, 0, 5, 1, 0, 2, 0, 0, 0, 0, 4, 0, 0, 3, 0, 0, 0, 1, 0, 0, 0, 5, 0, 0, 0, 2, 0, 0, 0, 1, 0, 0, 0]"
173,"[5, 0, 0, 0, 7, 0, 0, 0, 8, 1, 2, 0, 5, 0, 0, 0, 1, 0, 0, 0, 1, 0, 0, 0, 8, 1, 2, 0, 7, 0, 0, 0, 0, 8, 0, 0, 0, 5, 0, 0, 8, 2, 2, 0, 3, 0, 0, 0]"
174,"[4, 68, 0, 0, 0, 14, 0, 0, 6, 9, 1, 0, 1, 0, 0, 0, 4, 65, 0, 0, 8, 3, 1, 0, 5, 0, 0, 0, 8, 3, 2, 0, 7, 0, 0, 0, 2, 1, 0, 0, 1, 0, 0, 0, 4, 29, 0, 0]"
175,"[4, 73, 0, 0, 2, 1, 0, 0, 4, 81, 0, 0, 5, 0, 0, 0, 6, 6, 0, 0, 2, 0, 0, 0, 7, 0, 0, 0, 6, 5, 1, 0, 2, 1, 0, 0, 1, 0, 0, 0, 0, 9, 0, 0, 2, 0, 0, 0]"
176,"[8, 1, 2, 0, 5, 0, 0, 0, 5, 0, 0, 0, 0, 9, 1, 0, 4, 64, 0, 0, 7, 0, 0, 0, 0, 7, 0, 0, 7, 0, 0, 0, 2, 0, 0, 0, 1, 0, 0, 0, 2, 1, 0, 0, 8, 1, 2, 0]"
177,"[8, 1, 1, 0, 6, 6, 1, 0, 6, 9, 0, 0, 3, 0, 0, 0, 5, 0, 0, 0, 2, 0, 0, 0, 0, 12, 1, 0, 3, 0, 0, 0, 4, 96, 0, 0, 5, 0, 0, 0, 4, 86, 0, 0, 7, 0, 0, 0]"
178,"[2, 0, 0, 0, 8, 3, 1, 0, 0, 13, 1, 0, 2, 0, 0, 0, 1, 0, 0, 0, 0, 11, 1, 0, 4, 8, 0, 0, 5, 0, 0, 0, 5, 0, 0, 0, 8, 3, 2, 0, 2, 1, 0, 0, 0, 11, 0, 0]"
179,"[3, 0, 0, 0, 8, 3, 2, 0, 5, 0, 0, 0, 0, 13, 0, 0, 7, 0, 0, 0, 3, 0, 0, 0, 2, 0, 0, 0, 2, 1, 0, 0, 5, 0, 0, 0, 2, 1, 0, 0, 6, 11, 0, 0, 8, 3, 2, 0]"
180,"[2, 0, 0, 0, 3, 0, 0, 0, 8, 2, 1, 0, 3, 0, 0, 0, 3, 0, 0, 0, 0, 10, 0, 0, 6, 6, 1, 0, 2, 0, 0, 0, 6, 10, 0, 0, 8, 1, 1, 0, 3, 0, 0, 0, 1, 0, 0, 0]"
181,"[6, 5, 0, 0, 3, 0, 0, 0, 1, 0, 0, 0, 1, 0, 0, 0, 8, 2, 1, 0, 7, 0, 0, 0, 4, 49, 0, 0, 7, 0, 0, 0, 7, 0, 0, 0, 1, 0, 0, 0, 4, 97, 0, 0, 3, 0, 0, 0]"
182,"[0, 9, 0, 0, 2, 1, 0, 0, 1, 0, 0, 0, 6, 7, 1, 0, 4, 69, 0, 0, 2, 1, 0, 0, 0, 15, 1, 0, 3, 0, 0, 0, 1, 0, 0, 0, 4, 87, 0, 0, 3, 0, 0, 0, 1, 0, 0, 0]"
183,"[3, 0, 0, 0, 7, 0, 0, 0, 6, 13, 1, 0, 0, 6, 1, 0, 4, 115, 0, 0, 4, 125, 0, 0, 4, 74, 0, 0, 3, 0, 0, 0, 0, 13, 0, 0, 6, 13, 1, 0, 8, 3, 2, 0, 5, 0, 0, 0]"
184,"[0, 8, 0, 0, 8, 1, 2, 0, 6, 4, 1, 0, 8, 1, 1, 0, 7, 0, 0, 0, 5, 0, 0, 0, 5, 0, 0, 0, 4, 16, 0, 0, 8, 1, 2, 0, 4, 30, 0, 0, 3, 0, 0, 0, 5, 0, 0, 0]"
185,"[7, 0, 0, 0, 0, 13, 0, 0, 2, 0, 0, 0, 3, 0, 0, 0, 5, 0, 0, 0, 0, 10, 1, 0, 3, 0, 0, 0, 0, 4, 1, 0, 4, 95, 0, 0, 1, 0, 0, 0, 6, 9, 1, 0, 6, 10, 0, 0]"
186,"[4, 10, 0, 0, 2, 1, 0, 0, 7, 0, 0, 0, 2, 1, 0, 0, 4, 125, 0, 0, 4, 70, 0, 0, 5, 0, 0, 0, 3, 0, 0, 0, 0, 13, 0, 0, 4, 43, 0, 0, 3, 0, 0, 0, 8, 1, 2, 0]"
187,"[7, 0, 0, 0, 3, 0, 0, 0, 0, 4, 0, 0, 4, 55, 0, 0, 0, 5, 0, 0, 7, 0, 0, 0, 7, 0, 0, 0, 6, 9, 0, 0, 7, 0, 0, 0, 6, 10, 0, 0, 1, 0, 0, 0, 1, 0, 0, 0]"
188,"[1, 0, 0, 0, 7, 0, 0, 0, 5, 0, 0, 0, 8, 2, 2, 0, 2, 0, 0, 0, 6, 4, 1, 0, 8, 1, 2, 0, 5, 0, 0, 0, 1, 0, 0, 0, 2, 1, 0, 0, 8, 3, 2, 0, 2, 0, 0, 0]"
189,"[0, 13, 1, 0, 7, 0, 0, 0, 2, 0, 0, 0, 6, 6, 0, 0, 1, 0, 0, 0, 0, 8, 1, 0, 0, 4, 0, 0, 2, 0, 0, 0, 6, 5, 1, 0, 3, 0, 0, 0, 5, 0, 0, 0, 0, 8, 1, 0]"
190,"[8, 3, 1, 0, 1, 0, 0, 0, 3, 0, 0, 0, 7, 0, 0, 0, 0, 8, 1, 0, 2, 0, 0, 0, 6, 4, 1, 0, 6, 11, 0, 0, 8, 1, 1, 0, 7, 0, 0, 0, 3, 0, 0, 0, 3, 0, 0, 0]"
191,"[5, 0, 0, 0, 4, 77, 0, 0, 3, 0, 0, 0, 4, 67, 0, 0, 5, 0, 0, 0, 3, 0, 0, 0, 3, 0, 0, 0, 0, 9, 0, 0, 2, 0, 0, 0, 7, 0, 0, 0, 6, 5, 1, 0, 8, 1, 1, 0]"
192,"[7, 0, 0, 0, 8, 3, 2, 0, 8, 2, 1, 0, 5, 0, 0, 0, 4, 65, 0, 0, 2, 1, 0, 0, 4, 119, 0, 0, 0, 9, 1, 0, 1, 0, 0, 0, 8, 1, 1, 0, 4, 125, 0, 0, 0, 11, 1, 0]"
193,"[7, 0, 0, 0, 7, 0, 0, 0, 4, 18, 0, 0, 3, 0, 0, 0, 6, 5, 0, 0, 6, 10, 0, 0, 1, 0, 0, 0, 7, 0, 0, 0, 6, 11, 1, 0, 0, 8, 1, 0, 4, 20, 0, 0, 7, 0, 0, 0]"
194,"[6, 15, 0, 0, 3, 0, 0, 0, 0, 14, 1, 0, 1, 0, 0, 0, 3, 0, 0, 0, 1, 0, 0, 0, 8, 2, 2, 0, 4, 38, 0, 0, 4, 43, 0, 0, 7, 0, 0, 0, 6, 5, 0, 0, 0, 13, 1, 0]"
195,"[3, 0, 0, 0, 3, 0, 0, 0, 1, 0, 0, 0, 2, 1, 0, 0, 8, 2, 1, 0, 5, 0, 0, 0, 6, 13, 0, 0, 5, 0, 0, 0, 3, 0, 0, 0, 4, 109, 0, 0, 5, 0, 0, 0, 5, 0, 0, 0]"
196,"[2, 0, 0, 0, 1, 0, 0, 0, 1, 0, 0, 0, 8, 2, 1, 0, 8, 2, 2, 0, 2, 1, 0, 0, 1, 0, 0, 0, 0, 12, 1, 0, 5, 0, 0, 0, 1, 0, 0, 0, 4, 12, 0, 0, 6, 10, 0, 0]"
197,"[2, 0, 0, 0, 1, 0, 0, 0, 8, 1, 2, 0, 3, 0, 0, 0, 0, 8, 0, 0, 1, 0, 0, 0, 4, 37, 0, 0, 3, 0, 0, 0, 0, 12, 1, 0, 0, 15, 1, 0, 8, 1, 1, 0, 4, 119, 0, 0]"
198,"[7, 0, 0, 0, 4, 117, 0, 0, 4, 97, 0, 0, 7, 0, 0, 0, 8, 2, 1, 0, 5, 0, 0, 0, 4, 77, 0, 0, 0, 9, 0, 0, 2, 0, 0, 0, 3, 0, 0, 0, 5, 0, 0, 0, 1, 0, 0, 0]"
199,"[0, 10, 0, 0, 4, 27, 0, 0, 0, 12, 0, 0, 1, 0, 0, 0, 7, 0, 0, 0, 8, 2, 2, 0, 2, 0, 0, 0, 6, 7, 1, 0, 3, 0, 0, 0, 2, 0, 0, 0, 1, 0, 0, 0, 7, 0, 0, 0]"
200,"[8, 2, 1, 0, 2, 0, 0, 0, 5, 0, 0, 0, 6, 5, 1, 0, 4, 101, 0, 0, 5, 0, 0, 0, 2, 0, 0, 0, 3, 0, 0, 0, 5, 0, 0, 0, 4, 114, 0, 0, 8, 1, 2, 0, 2, 1, 0, 0]"
201,"[1, 0, 0, 0, 6, 14, 0, 0, 6, 12, 0, 0, 7, 0, 0, 0, 2, 0, 0, 0, 5, 0, 0, 0, 0, 7, 1, 0, 7, 0, 0, 0, 3, 0, 0, 0, 8, 1, 2, 0, 4, 63, 0, 0, 4, 104, 0, 0]"
202,"[2, 0, 0, 0, 5, 0, 0, 0, 2, 1, 0, 0, 2, 0, 0, 0, 4, 18, 0, 0, 1, 0, 0, 0, 3, 0, 0, 0, 5, 0, 0, 0, 8, 1, 2, 0, 4, 55, 0, 0, 8, 3, 1, 0, 8, 3, 1, 0]"
203,"[7, 0, 0, 0, 5, 0, 0, 0, 7, 0, 0, 0, 0, 5, 0, 0, 2, 0, 0, 0, 0, 14, 1, 0, 2, 1, 0, 0, 0, 12, 1, 0, 7, 0, 0, 0, 1, 0, 0, 0, 0, 7, 1, 0, 3, 0, 0, 0]"
204,"[2, 1, 0, 0, 3, 0, 0, 0, 8, 1, 1, 0, 5, 0, 0, 0, 6, 10, 1, 0, 7, 0, 0, 0, 3, 0, 0, 0, 7, 0, 0, 0, 7, 0, 0, 0, 3, 0, 0, 0, 0, 8, 0, 0, 4, 43, 0, 0]"
205,"[5, 0, 0, 0, 8, 2, 2, 0, 5, 0, 0, 0, 8, 3, 2, 0, 4, 65, 0, 0, 3, 0, 0, 0, 7, 0, 0, 0, 4, 7, 0, 0, 4, 107, 0, 0, 6, 6, 1, 0, 5, 0, 0, 0, 2, 0, 0, 0]"
206,"[7, 0, 0, 0, 3, 0, 0, 0, 4, 19, 0, 0, 2, 1, 0, 0, 7, 0, 0, 0, 1, 0, 0, 0, 0, 5, 0, 0, 5, 0, 0, 0, 6, 12, 1, 0, 2, 0, 0, 0, 0, 12, 1, 0, 2, 1, 0, 0]"
207,"[3, 0, 0, 0, 4, 44, 0, 0, 7, 0, 0, 0, 2, 1, 0, 0, 6, 12, 0, 0, 1, 0, 0, 0, 6, 14, 1, 0, 7, 0, 0, 0, 5, 0, 0, 0, 4, 85, 0, 0, 1, 0, 0, 0, 8, 2, 2, 0]"
208,"[7, 0, 0, 0, 1, 0, 0, 0, 2, 1, 0, 0, 8, 1, 2, 0, 0, 11, 0, 0, 5, 0, 0, 0, 7, 0, 0, 0, 3, 0, 0, 0, 5, 0, 0, 0, 6, 6, 1, 0, 6, 8, 1, 0, 8, 1, 2, 0]"
209,"[3, 0, 0, 0, 3, 0, 0, 0, 8, 2, 2, 0, 2, 0, 0, 0, 1, 0, 0, 0, 8, 3, 1, 0, 6, 5, 0, 0, 1, 0, 0, 0, 7, 0, 0, 0, 5, 0, 0, 0, 5, 0, 0, 0, 0, 12, 1, 0]"
210,"[1, 0, 0, 0, 4, 113, 0, 0, 6, 13, 0, 0, 6, 9, 1, 0, 2, 0, 0, 0, 4, 72, 0, 0, 0, 4, 0, 0, 4, 27, 0, 0, 1, 0, 0, 0, 2, 1, 0, 0, 6, 11, 1, 0, 3, 0, 0, 0]"
211,"[3, 0, 0, 0, 8, 2, 1, 0, 3, 0, 0, 0, 4, 48, 0, 0, 0, 15, 1, 0, 7, 0, 0, 0, 6, 4, 1, 0, 0, 5, 0, 0, 6, 7, 1, 0, 3, 0, 0, 0, 4, 85, 0, 0, 4, 86, 0, 0]"
212,"[3, 0, 0, 0, 8, 2, 2, 0, 8, 2, 1, 0, 7, 0, 0, 0, 2, 1, 0, 0, 8, 2, 2, 0, 2, 1, 0, 0, 5, 0, 0, 0, 3, 0, 0, 0, 5, 0, 0, 0, 0, 8, 0, 0, 5, 0, 0, 0]"
213,"[4, 94, 0, 0, 2, 0, 0, 0, 5, 0, 0, 0, 6, 9, 0, 0, 2, 1, 0, 0, 8, 3, 1, 0, 6, 12, 1, 0, 0, 12, 1, 0, 0, 8, 1, 0, 8, 3, 2, 0, 2, 0, 0, 0, 4, 53, 0, 0]"
214,"[4, 55, 0, 0, 3, 0, 0, 0, 1, 0, 0, 0, 8, 1, 2, 0, 8, 2, 2, 0, 2, 0, 0, 0, 3, 0, 0, 0, 0, 10, 1, 0, 6, 13, 1, 0, 1, 0, 0, 0, 8, 1, 1, 0, 1, 0, 0, 0]"
215,"[5, 0, 0, 0, 1, 0, 0, 0, 4, 48, 0, 0, 4, 56, 0, 0, 7, 0, 0, 0, 6, 13, 1, 0, 0, 10, 0, 0, 1, 0, 0, 0, 2, 0, 0, 0, 5, 0, 0, 0, 2, 0, 0, 0, 7, 0, 0, 0]"
216,"[5, 0, 0, 0, 8, 3, 2, 0, 1, 0, 0, 0, 5, 0, 0, 0, 6, 6, 1, 0, 5, 0, 0, 0, 1, 0, 0, 0, 1, 0, 0, 0, 4, 21, 0, 0, 0, 11, 0, 0, 2, 1, 0, 0, 7, 0, 0, 0]"
217,"[7, 0, 0, 0, 8, 2, 2, 0, 2, 0, 0, 0, 6, 4, 1, 0, 5, 0, 0, 0, 4, 62, 0, 0, 6, 9, 0, 0, 8, 2, 1, 0, 2, 0, 0, 0, 6, 11, 1, 0, 8, 2, 2, 0, 6, 13, 0, 0]"
218,"[1, 0, 0, 0, 6, 14, 0, 0, 4, 109, 0, 0, 6, 5, 0, 0, 0, 10, 0, 0, 7, 0, 0, 0, 1, 0, 0, 0, 1, 0, 0, 0, 0, 4, 1, 0, 3, 0, 0, 0, 4, 79, 0, 0, 4, 31, 0, 0]"
219,"[8, 3, 1, 0, 1, 0, 0, 0, 4, 52, 0, 0, 4, 20, 0, 0, 7, 0, 0, 0, 2, 0, 0, 0, 6, 8, 0, 0, 6, 5, 1, 0, 5, 0, 0, 0, 5, 0, 0, 0, 4, 90, 0, 0, 1, 0, 0, 0]"
220,"[0, 5, 1, 0, 8, 3, 2, 0, 1, 0, 0, 0, 3, 0, 0, 0, 5, 0, 0, 0, 4, 55, 0, 0, 2, 0, 0, 0, 4, 65, 0, 0, 1, 0, 0, 0, 2, 1, 0, 0, 7, 0, 0, 0, 6, 8, 1, 0]"
221,"[6, 11, 1, 0, 5, 0, 0, 0, 4, 105, 0, 0, 4, 72, 0, 0, 4, 106, 0, 0, 0, 11, 0, 0, 1, 0, 0, 0, 8, 3, 2, 0, 7, 0, 0, 0, 7, 0, 0, 0, 1, 0, 0, 0, 1, 0, 0, 0]"
222,"[4, 124, 0, 0, 8, 2, 1, 0, 6, 5, 1, 0, 0, 4, 0, 0, 1, 0, 0, 0, 6, 4, 1, 0, 4, 116, 0, 0, 5, 0, 0, 0, 4, 101, 0, 0, 3, 0, 0, 0, 8, 3, 2, 0, 7, 0, 0, 0]"
223,"[3, 0, 0, 0, 2, 0, 0, 0, 5, 0, 0, 0, 4, 72, 0, 0, 3, 0, 0, 0, 6, 7, 1, 0, 5, 0, 0, 0, 3, 0, 0, 0, 1, 0, 0, 0, 8, 3, 1, 0, 3, 0, 0, 0, 6, 15, 1, 0]"
224,"[2, 0, 0, 0, 0, 15, 0, 0, 7, 0, 0, 0, 4, 38, 0, 0, 0, 14, 0, 0, 8, 1, 2, 0, 6, 13, 0, 0, 2, 0, 0, 0, 0, 4, 1, 0, 4, 105, 0, 0, 1, 0, 0, 0, 3, 0, 0, 0]"
225,"[4, 13, 0, 0, 0, 12, 1, 0, 8, 3, 2, 0, 0, 14, 0, 0, 6, 11, 1, 0, 4, 56, 0, 0, 6, 10, 1, 0, 4, 21, 0, 0, 5, 0, 0, 0, 1, 0, 0, 0, 8, 1, 1, 0, 5, 0, 0, 0]"
226,"[0, 4, 0, 0, 1, 0, 0, 0, 1, 0, 0, 0, 7, 0, 0, 0, 7, 0, 0, 0, 6, 4, 0, 0, 2, 0, 0, 0, 1, 0, 0, 0, 1, 0, 0, 0, 5, 0, 0, 0, 8, 3, 1, 0, 8, 2, 2, 0]"
227,"[3, 0, 0, 0, 6, 5, 1, 0, 8, 1, 1, 0, 0, 5, 1, 0, 6, 5, 0, 0, 6, 9, 0, 0, 8, 3, 2, 0, 4, 43, 0, 0, 2, 1, 0, 0, 1, 0, 0, 0, 7, 0, 0, 0, 3, 0, 0, 0]"
228,"[7, 0, 0, 0, 5, 0, 0, 0, 0, 6, 0, 0, 1, 0, 0, 0, 2, 1, 0, 0, 0, 14, 1, 0, 1, 0, 0, 0, 6, 9, 0, 0, 3, 0, 0, 0, 2, 0, 0, 0, 3, 0, 0, 0, 2, 0, 0, 0]"
229,"[5, 0, 0, 0, 0, 15, 0, 0, 7, 0, 0, 0, 2, 0, 0, 0, 4, 33, 0, 0, 4, 1, 0, 0, 8, 3, 2, 0, 8, 3, 1, 0, 8, 1, 2, 0, 7, 0, 0, 0, 4, 127, 0, 0, 3, 0, 0, 0]"
230,"[6, 6, 1, 0, 3, 0, 0, 0, 7, 0, 0, 0, 6, 8, 0, 0, 1, 0, 0, 0, 6, 14, 0, 0, 5, 0, 0, 0, 6, 12, 1, 0, 0, 14, 0, 0, 4, 62, 0, 0, 0, 5, 0, 0, 7, 0, 0, 0]"
231,"[7, 0, 0, 0, 1, 0, 0, 0, 4, 43, 0, 0, 1, 0, 0, 0, 1, 0, 0, 0, 8, 2, 1, 0, 8, 3, 1, 0, 7, 0, 0, 0, 8, 2, 2, 0, 1, 0, 0, 0, 0, 4, 0, 0, 7, 0, 0, 0]"
232,"[8, 3, 1, 0, 8, 1, 1, 0, 8, 2, 2, 0, 2, 0, 0, 0, 1, 0, 0, 0, 4, 47, 0, 0, 8, 1, 2, 0, 2, 1, 0, 0, 5, 0, 0, 0, 7, 0, 0, 0, 1, 0, 0, 0, 3, 0, 0, 0]"
233,"[3, 0, 0, 0, 3, 0, 0, 0, 7, 0, 0, 0, 8, 2, 1, 0, 7, 0, 0, 0, 1, 0, 0, 0, 6, 5, 1, 0, 4, 7, 0, 0, 4, 35, 0, 0, 0, 4, 1, 0, 0, 11, 0, 0, 1, 0, 0, 0]"
234,"[8, 1, 1, 0, 1, 0, 0, 0, 3, 0, 0, 0, 5, 0, 0, 0, 6, 8, 1, 0, 2, 0, 0, 0, 3, 0, 0, 0, 6, 15, 1, 0, 4, 36, 0, 0, 1, 0, 0, 0, 4, 15, 0, 0, 4, 34, 0, 0]"
235,"[3, 0, 0, 0, 5, 0, 0, 0, 7, 0, 0, 0, 8, 3, 2, 0, 8, 1, 1, 0, 1, 0, 0, 0, 3, 0, 0, 0, 4, 62, 0, 0, 8, 3, 1, 0, 1, 0, 0, 0, 8, 3, 1, 0, 8, 2, 2, 0]"
236,"[1, 0, 0, 0, 5, 0, 0, 0, 8, 3, 2, 0, 4, 86, 0, 0, 3, 0, 0, 0, 0, 12, 0, 0, 1, 0, 0, 0, 8, 2, 1, 0, 8, 2, 2, 0, 1, 0, 0, 0, 5, 0, 0, 0, 0, 5, 0, 0]"
237,"[5, 0, 0, 0, 5, 0, 0, 0, 4, 124, 0, 0, 2, 1, 0, 0, 4, 62, 0, 0, 6, 11, 0, 0, 2, 0, 0, 0, 2, 1, 0, 0, 8, 2, 2, 0, 7, 0, 0, 0, 0, 8, 0, 0, 6, 10, 1, 0]"
238,"[6, 8, 0, 0, 7, 0, 0, 0, 7, 0, 0, 0, 1, 0, 0, 0, 3, 0, 0, 0, 4, 96, 0, 0, 1, 0, 0, 0, 3, 0, 0, 0, 1, 0, 0, 0, 3, 0, 0, 0, 0, 13, 0, 0, 8, 2, 2, 0]"
239,"[0, 8, 0, 0, 7, 0, 0, 0, 6, 10, 1, 0, 8, 1, 1, 0, 2, 0, 0, 0, 6, 10, 1, 0, 0, 13, 1, 0, 4, 56, 0, 0, 5, 0, 0, 0, 1, 0, 0, 0, 4, 32, 0, 0, 1, 0, 0, 0]"
240,"[8, 2, 1, 0, 5, 0, 0, 0, 7, 0, 0, 0, 8, 1, 2, 0, 7, 0, 0, 0, 1, 0, 0, 0, 8, 2, 2, 0, 8, 3, 1, 0, 5, 0, 0, 0, 1, 0, 0, 0, 6, 10, 0, 0, 2, 0, 0, 0]"
241,"[7, 0, 0, 0, 0, 15, 1, 0, 3, 0, 0, 0, 6, 14, 0, 0, 0, 9, 1, 0, 5, 0, 0, 0, 5, 0, 0, 0, 5, 0, 0, 0, 6, 15, 0, 0, 2, 1, 0, 0, 5, 0, 0, 0, 3, 0, 0, 0]"
242,"[5, 0, 0, 0, 8, 3, 1, 0, 3, 0, 0, 0, 2, 0, 0, 0, 3, 0, 0, 0, 4, 53, 0, 0, 3, 0, 0, 0, 3, 0, 0, 0, 1, 0, 0, 0, 0, 10, 1, 0, 0, 8, 0, 0, 5, 0, 0, 0]"
243,"[7, 0, 0, 0, 3, 0, 0, 0, 1, 0, 0, 0, 8, 3, 2, 0, 8, 1, 2, 0, 3, 0, 0, 0, 6, 11, 0, 0, 8, 3, 2, 0, 1, 0, 0, 0, 8, 1, 1, 0, 0, 4, 1, 0, 7, 0, 0, 0]"
244,"[3, 0, 0, 0, 3, 0, 0, 0, 5, 0, 0, 0, 7, 0, 0, 0, 2, 0, 0, 0, 0, 15, 1, 0, 1, 0, 0, 0, 8, 3, 1, 0, 1, 0, 0, 0, 5, 0, 0, 0, 2, 0, 0, 0, 7, 0, 0, 0]"
245,"[0, 6, 0, 0, 3, 0, 0, 0, 6, 11, 0, 0, 0, 12, 1, 0, 2, 0, 0, 0, 5, 0, 0, 0, 1, 0, 0, 0, 6, 6, 0, 0, 8, 2, 1, 0, 1, 0, 0, 0, 5, 0, 0, 0, 8, 3, 1, 0]"
246,"[5, 0, 0, 0, 8, 2, 1, 0, 2, 1, 0, 0, 7, 0, 0, 0, 0, 5, 0, 0, 4, 2, 0, 0, 8, 3, 2, 0, 7, 0, 0, 0, 2, 1, 0, 0, 7, 0, 0, 0, 3, 0, 0, 0, 7, 0, 0, 0]"
247,"[1, 0, 0, 0, 4, 111, 0, 0, 4, 68, 0, 0, 4, 33, 0, 0, 8, 1, 1, 0, 1, 0, 0, 0, 3, 0, 0, 0, 7, 0, 0, 0, 5, 0, 0, 0, 3, 0, 0, 0, 8, 3, 2, 0, 5, 0, 0, 0]"
248,"[3, 0, 0, 0, 4, 91, 0, 0, 6, 14, 1, 0, 2, 1, 0, 0, 4, 86, 0, 0, 5, 0, 0, 0, 5, 0, 0, 0, 4, 24, 0, 0, 6, 13, 0, 0, 7, 0, 0, 0, 0, 10, 1, 0, 1, 0, 0, 0]"
249,"[0, 7, 0, 0, 1, 0, 0, 0, 6, 4, 1, 0, 4, 80, 0, 0, 0, 7, 1, 0, 3, 0, 0, 0, 5, 0, 0, 0, 3, 0, 0, 0, 6, 8, 0, 0, 2, 1, 0, 0, 7, 0, 0, 0, 6, 15, 1, 0]"
250,"[2, 1, 0, 0, 4, 84, 0, 0, 0, 15, 1, 0, 5, 0, 0, 0, 3, 0, 0, 0, 1, 0, 0, 0, 7, 0, 0, 0, 4, 31, 0, 0, 5, 0, 0, 0, 8, 2, 1, 0, 8, 3, 1, 0, 4, 109, 0, 0]"
251,"[4, 126, 0, 0, 0, 8, 0, 0, 7, 0, 0, 0, 1, 0, 0, 0, 6, 5, 0, 0, 8, 1, 1, 0, 6, 5, 1, 0, 0, 4, 1, 0, 4, 55, 0, 0, 5, 0, 0, 0, 1, 0, 0, 0, 3, 0, 0, 0]"
252,"[8, 3, 1, 0, 6, 5, 0, 0, 7, 0, 0, 0, 8, 1, 2, 0, 6, 7, 0, 0, 3, 0, 0, 0, 7, 0, 0, 0, 0, 14, 1, 0, 6, 14, 1, 0, 2, 1, 0, 0, 5, 0, 0, 0, 5, 0, 0, 0]"
253,"[6, 15, 1, 0, 8, 2, 2, 0, 5, 0, 0, 0, 3, 0, 0, 0, 7, 0, 0, 0, 2, 0, 0, 0, 8, 1, 2, 0, 5, 0, 0, 0, 2, 0, 0, 0, 7, 0, 0, 0, 1, 0, 0, 0, 5, 0, 0, 0]"
254,"[1, 0, 0, 0, 0, 12, 1, 0, 4, 60, 0, 0, 7, 0, 0, 0, 4, 68, 0, 0, 8, 3, 2, 0, 4, 121, 0, 0, 2, 0, 0, 0, 0, 7, 0, 0, 5, 0, 0, 0, 1, 0, 0, 0, 7, 0, 0, 0]"
255,"[8, 1, 2, 0, 3, 0, 0, 0, 2, 0, 0, 0, 1, 0, 0, 0, 6, 14, 0, 0, 6, 14, 1, 0, 2, 1, 0, 0, 1, 0, 0, 0, 8, 1, 1, 0, 8, 2, 2, 0, 1, 0, 0, 0, 7, 0, 0, 0]"
256,"[1, 0, 0, 0, 5, 0, 0, 0, 6, 11, 1, 0, 0, 9, 0, 0, 7, 0, 0, 0, 2, 1, 0, 0, 3, 0, 0, 0, 7, 0, 0, 0, 3, 0, 0, 0, 7, 0, 0, 0, 1, 0, 0, 0, 1, 0, 0, 0]"
257,"[8, 1, 2, 0, 8, 2, 1, 0, 6, 6, 0, 0, 3, 0, 0, 0, 7, 0, 0, 0, 4, 81, 0, 0, 4, 119, 0, 0, 4, 118, 0, 0, 8, 3, 2, 0, 0, 6, 0, 0, 2, 1, 0, 0, 5, 0, 0, 0]"
258,"[7, 0, 0, 0, 0, 7, 0, 0, 3, 0, 0, 0, 8, 3, 2, 0, 8, 3, 2, 0, 8, 2, 1, 0, 7, 0, 0, 0, 8, 1, 2, 0, 8, 1, 1, 0, 2, 1, 0, 0, 0, 8, 1, 0, 8, 2, 2, 0]"
259,"[1, 0, 0, 0, 7, 0, 0, 0, 1, 0, 0, 0, 1, 0, 0, 0, 0, 15, 0, 0, 7, 0, 0, 0, 4, 55, 0, 0, 7, 0, 0, 0, 4, 9, 0, 0, 7, 0, 0, 0, 8, 2, 2, 0, 8, 1, 1, 0]"
260,"[4, 117, 0, 0, 5, 0, 0, 0, 7, 0, 0, 0, 0, 6, 0, 0, 4, 87, 0, 0, 8, 2, 2, 0, 3, 0, 0, 0, 6, 9, 0, 0, 4, 22, 0, 0, 8, 1, 1, 0, 8, 3, 1, 0, 4, 68, 0, 0]"
261,"[1, 0, 0, 0, 4, 101, 0, 0, 2, 1, 0, 0, 0, 12, 0, 0, 7, 0, 0, 0, 0, 14, 1, 0, 2, 1, 0, 0, 1, 0, 0, 0, 0, 5, 0, 0, 8, 2, 1, 0, 6, 10, 1, 0, 3, 0, 0, 0]"
262,"[6, 11, 1, 0, 5, 0, 0, 0, 6, 4, 0, 0, 3, 0, 0, 0, 6, 4, 1, 0, 4, 65, 0, 0, 3, 0, 0, 0, 5, 0, 0, 0, 8, 1, 1, 0, 5, 0, 0, 0, 5, 0, 0, 0, 5, 0, 0, 0]"
263,"[2, 1, 0, 0, 2, 1, 0, 0, 8, 1, 2, 0, 2, 0, 0, 0, 0, 7, 1, 0, 4, 125, 0, 0, 0, 9, 0, 0, 8, 3, 2, 0, 0, 5, 0, 0, 4, 109, 0, 0, 3, 0, 0, 0, 3, 0, 0, 0]"
264,"[8, 2, 2, 0, 8, 1, 2, 0, 5, 0, 0, 0, 4, 67, 0, 0, 7, 0, 0, 0, 1, 0, 0, 0, 5, 0, 0, 0, 6, 5, 0, 0, 3, 0, 0, 0, 6, 6, 1, 0, 2, 0, 0, 0, 8, 1, 2, 0]"
265,"[2, 0, 0, 0, 1, 0, 0, 0, 5, 0, 0, 0, 8, 1, 1, 0, 3, 0, 0, 0, 2, 1, 0, 0, 1, 0, 0, 0, 3, 0, 0, 0, 3, 0, 0, 0, 4, 32, 0, 0, 6, 14, 0, 0, 0, 14, 1, 0]"
266,"[0, 6, 0, 0, 0, 11, 0, 0, 3, 0, 0, 0, 1, 0, 0, 0, 1, 0, 0, 0, 0, 11, 0, 0, 5, 0, 0, 0, 1, 0, 0, 0, 5, 0, 0, 0, 7, 0, 0, 0, 3, 0, 0, 0, 3, 0, 0, 0]"
267,"[3, 0, 0, 0, 4, 30, 0, 0, 6, 11, 1, 0, 0, 9, 1, 0, 4, 43, 0, 0, 4, 37, 0, 0, 7, 0, 0, 0, 1, 0, 0, 0, 6, 12, 1, 0, 3, 0, 0, 0, 5, 0, 0, 0, 5, 0, 0, 0]"
268,"[3, 0, 0, 0, 5, 0, 0, 0, 8, 1, 1, 0, 5, 0, 0, 0, 2, 0, 0, 0, 0, 10, 1, 0, 6, 12, 0, 0, 4, 127, 0, 0, 8, 3, 1, 0, 8, 2, 2, 0, 3, 0, 0, 0, 1, 0, 0, 0]"
269,"[6, 10, 0, 0, 5, 0, 0, 0, 8, 3, 2, 0, 3, 0, 0, 0, 1, 0, 0, 0, 1, 0, 0, 0, 2, 1, 0, 0, 6, 6, 1, 0, 5, 0, 0, 0, 4, 18, 0, 0, 1, 0, 0, 0, 7, 0, 0, 0]"
270,"[2, 0, 0, 0, 0, 11, 0, 0, 6, 12, 0, 0, 2, 0, 0, 0, 6, 6, 1, 0, 6, 6, 1, 0, 2, 0, 0, 0, 6, 14, 0, 0, 6, 6, 1, 0, 4, 22, 0, 0, 7, 0, 0, 0, 1, 0, 0, 0]"
271,"[2, 1, 0, 0, 3, 0, 0, 0, 7, 0, 0, 0, 6, 9, 0, 0, 3, 0, 0, 0, 0, 4, 0, 0, 6, 6, 0, 0, 4, 123, 0, 0, 8, 1, 1, 0, 6, 10, 0, 0, 6, 15, 0, 0, 8, 2, 1, 0]"
272,"[4, 58, 0, 0, 8, 1, 1, 0, 6, 6, 1, 0, 6, 12, 0, 0, 6, 4, 1, 0, 7, 0, 0, 0, 8, 3, 1, 0, 2, 0, 0, 0, 6, 15, 0, 0, 3, 0, 0, 0, 5, 0, 0, 0, 2, 1, 0, 0]"
273,"[7, 0, 0, 0, 4, 95, 0, 0, 7, 0, 0, 0, 7, 0, 0, 0, 5, 0, 0, 0, 4, 89, 0, 0, 7, 0, 0, 0, 0, 4, 0, 0, 7, 0, 0, 0, 0, 15, 1, 0, 2, 0, 0, 0, 7, 0, 0, 0]"
274,"[6, 15, 0, 0, 2, 1, 0, 0, 5, 0, 0, 0, 0, 8, 1, 0, 3, 0, 0, 0, 2, 0, 0, 0, 4, 49, 0, 0, 8, 1, 2, 0, 2, 0, 0, 0, 1, 0, 0, 0, 0, 8, 1, 0, 5, 0, 0, 0]"
275,"[0, 9, 0, 0, 8, 3, 1, 0, 0, 13, 0, 0, 2, 1, 0, 0, 4, 114, 0, 0, 8, 1, 1, 0, 4, 43, 0, 0, 5, 0, 0, 0, 8, 3, 1, 0, 0, 10, 1, 0, 6, 13, 1, 0, 3, 0, 0, 0]"
276,"[2, 0, 0, 0, 2, 0, 0, 0, 5, 0, 0, 0, 8, 3, 2, 0, 7, 0, 0, 0, 8, 1, 2, 0, 3, 0, 0, 0, 6, 13, 1, 0, 7, 0, 0, 0, 7, 0, 0, 0, 6, 15, 1, 0, 1, 0, 0, 0]"
277,"[1, 0, 0, 0, 1, 0, 0, 0, 8, 3, 2, 0, 7, 0, 0, 0, 2, 0, 0, 0, 5, 0, 0, 0, 3, 0, 0, 0, 7, 0, 0, 0, 8, 1, 2, 0, 4, 117, 0, 0, 4, 121, 0, 0, 8, 2, 2, 0]"
278,"[6, 11, 0, 0, 0, 11, 0, 0, 6, 11, 0, 0, 6, 12, 0, 0, 1, 0, 0, 0, 3, 0, 0, 0, 8, 2, 2, 0, 4, 60, 0, 0, 6, 15, 0, 0, 5, 0, 0, 0, 4, 13, 0, 0, 0, 4, 0, 0]"
279,"[4, 11, 0, 0, 0, 7, 0, 0, 7, 0, 0, 0, 5, 0, 0, 0, 8, 1, 1, 0, 4, 81, 0, 0, 3, 0, 0, 0, 3, 0, 0, 0, 7, 0, 0, 0, 2, 1, 0, 0, 7, 0, 0, 0, 5, 0, 0, 0]"
280,"[1, 0, 0, 0, 5, 0, 0, 0, 4, 18, 0, 0, 5, 0, 0, 0, 3, 0, 0, 0, 3, 0, 0, 0, 2, 0, 0, 0, 4, 59, 0, 0, 5, 0, 0, 0, 8, 2, 2, 0, 7, 0, 0, 0, 4, 2, 0, 0]"
281,"[5, 0, 0, 0, 1, 0, 0, 0, 1, 0, 0, 0, 3, 0, 0, 0, 0, 13, 0, 0, 7, 0, 0, 0, 0, 6, 0, 0, 7, 0, 0, 0, 1, 0, 0, 0, 2, 0, 0, 0, 1, 0, 0, 0, 6, 13, 1, 0]"
282,"[1, 0, 0, 0, 4, 4, 0, 0, 7, 0, 0, 0, 5, 0, 0, 0, 3, 0, 0, 0, 0, 11, 0, 0, 5, 0, 0, 0, 6, 4, 0, 0, 1, 0, 0, 0, 8, 3, 2, 0, 4, 120, 0, 0, 1, 0, 0, 0]"
283,"[8, 3, 2, 0, 8, 1, 1, 0, 4, 74, 0, 0, 3, 0, 0, 0, 3, 0, 0, 0, 2, 1, 0, 0, 1, 0, 0, 0, 2, 0, 0, 0, 8, 1, 2, 0, 6, 6, 1, 0, 4, 17, 0, 0, 4, 114, 0, 0]"
284,"[2, 0, 0, 0, 0, 12, 0, 0, 3, 0, 0, 0, 0, 9, 0, 0, 6, 13, 0, 0, 8, 2, 1, 0, 5, 0, 0, 0, 4, 52, 0, 0, 5, 0, 0, 0, 2, 0, 0, 0, 7, 0, 0, 0, 2, 0, 0, 0]"
285,"[1, 0, 0, 0, 2, 0, 0, 0, 8, 3, 1, 0, 8, 2, 2, 0, 6, 8, 0, 0, 2, 1, 0, 0, 8, 1, 2, 0, 2, 1, 0, 0, 8, 1, 1, 0, 6, 10, 1, 0, 7, 0, 0, 0, 5, 0, 0, 0]"
286,"[5, 0, 0, 0, 4, 107, 0, 0, 8, 1, 2, 0, 2, 1, 0, 0, 8, 3, 2, 0, 4, 102, 0, 0, 8, 2, 1, 0, 2, 0, 0, 0, 3, 0, 0, 0, 4, 42, 0, 0, 1, 0, 0, 0, 2, 1, 0, 0]"
287,"[3, 0, 0, 0, 2, 0, 0, 0, 0, 6, 1, 0, 7, 0, 0, 0, 2, 1, 0, 0, 2, 0, 0, 0, 5, 0, 0, 0, 1, 0, 0, 0, 0, 8, 0, 0, 5, 0, 0, 0, 7, 0, 0, 0, 3, 0, 0, 0]"
288,"[3, 0, 0, 0, 3, 0, 0, 0, 7, 0, 0, 0, 5, 0, 0, 0, 5, 0, 0, 0, 4, 86, 0, 0, 7, 0, 0, 0, 5, 0, 0, 0, 4, 119, 0, 0, 8, 3, 2, 0, 0, 6, 0, 0, 2, 0, 0, 0]"
289,"[5, 0, 0, 0, 1, 0, 0, 0, 3, 0, 0, 0, 6, 14, 0, 0, 0, 15, 1, 0, 2, 1, 0, 0, 0, 12, 0, 0, 3, 0, 0, 0, 1, 0, 0, 0, 2, 1, 0, 0, 8, 3, 1, 0, 7, 0, 0, 0]"
290,"[7, 0, 0, 0, 1, 0, 0, 0, 6, 12, 1, 0, 8, 3, 1, 0, 1, 0, 0, 0, 2, 1, 0, 0, 3, 0, 0, 0, 0, 4, 1, 0, 8, 2, 1, 0, 8, 1, 2, 0, 2, 0, 0, 0, 5, 0, 0, 0]"
291,"[7, 0, 0, 0, 4, 65, 0, 0, 2, 1, 0, 0, 4, 110, 0, 0, 5, 0, 0, 0, 5, 0, 0, 0, 2, 0, 0, 0, 8, 1, 2, 0, 3, 0, 0, 0, 8, 3, 1, 0, 2, 0, 0, 0, 8, 2, 1, 0]"
292,"[0, 4, 1, 0, 4, 106, 0, 0, 0, 10, 1, 0, 3, 0, 0, 0, 8, 3, 2, 0, 8, 1, 2, 0, 3, 0, 0, 0, 2, 1, 0, 0, 2, 1, 0, 0, 1, 0, 0, 0, 3, 0, 0, 0, 3, 0, 0, 0]"
293,"[6, 5, 1, 0, 7, 0, 0, 0, 3, 0, 0, 0, 5, 0, 0, 0, 4, 27, 0, 0, 1, 0, 0, 0, 1, 0, 0, 0, 2, 1, 0, 0, 5, 0, 0, 0, 1, 0, 0, 0, 5, 0, 0, 0, 6, 9, 1, 0]"
294,"[0, 11, 1, 0, 3, 0, 0, 0, 8, 3, 2, 0, 6, 15, 1, 0, 6, 6, 1, 0, 7, 0, 0, 0, 0, 9, 0, 0, 8, 3, 1, 0, 3, 0, 0, 0, 8, 2, 2, 0, 0, 4, 0, 0, 7, 0, 0, 0]"
295,"[5, 0, 0, 0, 8, 2, 1, 0, 6, 7, 1, 0, 7, 0, 0, 0, 4, 62, 0, 0, 1, 0, 0, 0, 5, 0, 0, 0, 7, 0, 0, 0, 2, 1, 0, 0, 3, 0, 0, 0, 6, 8, 1, 0, 0, 15, 1, 0]"
296,"[6, 12, 1, 0, 3, 0, 0, 0, 6, 12, 1, 0, 5, 0, 0, 0, 1, 0, 0, 0, 8, 2, 1, 0, 8, 2, 1, 0, 6, 4, 1, 0, 5, 0, 0, 0, 0, 14, 0, 0, 8, 2, 2, 0, 7, 0, 0, 0]"
297,"[2, 0, 0, 0, 4, 79, 0, 0, 8, 2, 1, 0, 4, 90, 0, 0, 2, 0, 0, 0, 0, 8, 0, 0, 5, 0, 0, 0, 4, 62, 0, 0, 2, 0, 0, 0, 6, 10, 0, 0, 2, 0, 0, 0, 4, 94, 0, 0]"
298,"[2, 0, 0, 0, 6, 9, 0, 0, 6, 13, 1, 0, 7, 0, 0, 0, 4, 6, 0, 0, 1, 0, 0, 0, 5, 0, 0, 0, 7, 0, 0, 0, 0, 5, 0, 0, 2, 0, 0, 0, 2, 1, 0, 0, 8, 2, 1, 0]"
299,"[0, 15, 0, 0, 5, 0, 0, 0, 3, 0, 0, 0, 6, 7, 0, 0, 1, 0, 0, 0, 6, 4, 0, 0, 8, 3, 2, 0, 1, 0, 0, 0, 0, 13, 1, 0, 8, 1, 2, 0, 8, 3, 1, 0, 4, 15, 0, 0]"
300,"[7, 0, 0, 0, 2, 1, 0, 0, 8, 1, 2, 0, 6, 9, 1, 0, 0, 10, 0, 0, 0, 8, 0, 0, 6, 12, 1, 0, 7, 0, 0, 0, 2, 1, 0, 0, 0, 11, 1, 0, 4, 62, 0, 0, 4, 125, 0, 0]"
301,"[5, 0, 0, 0, 0, 8, 0, 0, 4, 84, 0, 0, 8, 1, 2, 0, 2, 1, 0, 0, 0, 15, 0, 0, 7, 0, 0, 0, 1, 0, 0, 0, 7, 0, 0, 0, 5, 0, 0, 0, 3, 0, 0, 0, 2, 0, 0, 0]"
302,"[4, 21, 0, 0, 7, 0, 0, 0, 2, 1, 0, 0, 5, 0, 0, 0, 4, 35, 0, 0, 7, 0, 0, 0, 3, 0, 0, 0, 5, 0, 0, 0, 8, 1, 1, 0, 6, 12, 1, 0, 5, 0, 0, 0, 2, 1, 0, 0]"
303,"[3, 0, 0, 0, 0, 11, 0, 0, 0, 11, 0, 0, 8, 3, 2, 0, 6, 5, 0, 0, 0, 7, 0, 0, 1, 0, 0, 0, 7, 0, 0, 0, 2, 1, 0, 0, 5, 0, 0, 0, 0, 4, 0, 0, 7, 0, 0, 0]"
304,"[8, 2, 2, 0, 3, 0, 0, 0, 8, 1, 2, 0, 6, 11, 1, 0, 8, 2, 2, 0, 8, 1, 1, 0, 2, 1, 0, 0, 5, 0, 0, 0, 8, 3, 1, 0, 7, 0, 0, 0, 4, 126, 0, 0, 0, 9, 0, 0]"
305,"[6, 5, 0, 0, 8, 1, 2, 0, 2, 1, 0, 0, 3, 0, 0, 0, 5, 0, 0, 0, 3, 0, 0, 0, 7, 0, 0, 0, 0, 8, 1, 0, 1, 0, 0, 0, 5, 0, 0, 0, 8, 2, 1, 0, 4, 44, 0, 0]"
306,"[1, 0, 0, 0, 4, 58, 0, 0, 8, 1, 1, 0, 4, 21, 0, 0, 0, 6, 1, 0, 0, 9, 1, 0, 7, 0, 0, 0, 5, 0, 0, 0, 4, 37, 0, 0, 2, 1, 0, 0, 6, 15, 0, 0, 2, 0, 0, 0]"
307,"[8, 1, 2, 0, 7, 0, 0, 0, 3, 0, 0, 0, 4, 124, 0, 0, 0, 4, 0, 0, 3, 0, 0, 0, 0, 14, 0, 0, 6, 11, 1, 0, 1, 0, 0, 0, 5, 0, 0, 0, 6, 10, 1, 0, 7, 0, 0, 0]"
308,"[1, 0, 0, 0, 6, 14, 0, 0, 7, 0, 0, 0, 6, 10, 1, 0, 7, 0, 0, 0, 5, 0, 0, 0, 1, 0, 0, 0, 3, 0, 0, 0, 0, 13, 1, 0, 1, 0, 0, 0, 4, 123, 0, 0, 7, 0, 0, 0]"
309,"[6, 13, 1, 0, 7, 0, 0, 0, 7, 0, 0, 0, 5, 0, 0, 0, 3, 0, 0, 0, 7, 0, 0, 0, 1, 0, 0, 0, 5, 0, 0, 0, 3, 0, 0, 0, 6, 13, 0, 0, 4, 25, 0, 0, 8, 3, 1, 0]"
310,"[1, 0, 0, 0, 8, 3, 2, 0, 1, 0, 0, 0, 7, 0, 0, 0, 1, 0, 0, 0, 8, 3, 1, 0, 5, 0, 0, 0, 7, 0, 0, 0, 4, 71, 0, 0, 1, 0, 0, 0, 2, 0, 0, 0, 1, 0, 0, 0]"
311,"[5, 0, 0, 0, 3, 0, 0, 0, 6, 10, 0, 0, 5, 0, 0, 0, 4, 52, 0, 0, 2, 1, 0, 0, 3, 0, 0, 0, 6, 13, 0, 0, 8, 2, 2, 0, 4, 33, 0, 0, 3, 0, 0, 0, 8, 3, 2, 0]"
312,"[4, 60, 0, 0, 4, 74, 0, 0, 5, 0, 0, 0, 5, 0, 0, 0, 0, 15, 0, 0, 1, 0, 0, 0, 4, 101, 0, 0, 8, 3, 1, 0, 0, 6, 0, 0, 7, 0, 0, 0, 7, 0, 0, 0, 2, 0, 0, 0]"
313,"[6, 9, 1, 0, 2, 0, 0, 0, 5, 0, 0, 0, 1, 0, 0, 0, 8, 2, 2, 0, 5, 0, 0, 0, 4, 81, 0, 0, 8, 2, 2, 0, 1, 0, 0, 0, 8, 3, 2, 0, 7, 0, 0, 0, 4, 8, 0, 0]"
314,"[7, 0, 0, 0, 6, 15, 1, 0, 1, 0, 0, 0, 0, 9, 0, 0, 6, 11, 1, 0, 3, 0, 0, 0, 2, 0, 0, 0, 8, 1, 1, 0, 0, 12, 0, 0, 7, 0, 0, 0, 7, 0, 0, 0, 7, 0, 0, 0]"
315,"[4, 51, 0, 0, 7, 0, 0, 0, 5, 0, 0, 0, 8, 1, 2, 0, 7, 0, 0, 0, 0, 10, 1, 0, 8, 1, 2, 0, 4, 121, 0, 0, 0, 11, 0, 0, 6, 4, 0, 0, 1, 0, 0, 0, 0, 12, 0, 0]"
316,"[0, 7, 1, 0, 4, 55, 0, 0, 5, 0, 0, 0, 4, 31, 0, 0, 7, 0, 0, 0, 3, 0, 0, 0, 7, 0, 0, 0, 8, 3, 2, 0, 6, 15, 1, 0, 6, 15, 0, 0, 2, 0, 0, 0, 1, 0, 0, 0]"
317,"[4, 44, 0, 0, 8, 2, 1, 0, 2, 1, 0, 0, 0, 13, 1, 0, 5, 0, 0, 0, 5, 0, 0, 0, 8, 3, 2, 0, 7, 0, 0, 0, 3, 0, 0, 0, 8, 2, 1, 0, 7, 0, 0, 0, 8, 2, 2, 0]"
318,"[1, 0, 0, 0, 4, 10, 0, 0, 6, 14, 1, 0, 2, 0, 0, 0, 4, 76, 0, 0, 6, 7, 0, 0, 2, 1, 0, 0, 7, 0, 0, 0, 2, 0, 0, 0, 0, 11, 0, 0, 4, 93, 0, 0, 1, 0, 0, 0]"
319,"[4, 75, 0, 0, 2, 1, 0, 0, 1, 0, 0, 0, 7, 0, 0, 0, 7, 0, 0, 0, 1, 0, 0, 0, 3, 0, 0, 0, 5, 0, 0, 0, 3, 0, 0, 0, 7, 0, 0, 0, 0, 14, 1, 0, 0, 12, 1, 0]"
320,"[0, 13, 0, 0, 2, 1, 0, 0, 8, 1, 2, 0, 6, 7, 1, 0, 5, 0, 0, 0, 2, 0, 0, 0, 2, 1, 0, 0, 5, 0, 0, 0, 7, 0, 0, 0, 7, 0, 0, 0, 7, 0, 0, 0, 8, 2, 2, 0]"
321,"[5, 0, 0, 0, 2, 1, 0, 0, 1, 0, 0, 0, 8, 2, 1, 0, 1, 0, 0, 0, 0, 10, 1, 0, 2, 1, 0, 0, 1, 0, 0, 0, 5, 0, 0, 0, 4, 69, 0, 0, 8, 1, 2, 0, 4, 97, 0, 0]"
322,"[2, 0, 0, 0, 5, 0, 0, 0, 8, 2, 1, 0, 0, 4, 0, 0, 4, 27, 0, 0, 1, 0, 0, 0, 6, 11, 1, 0, 0, 14, 1, 0, 8, 3, 1, 0, 7, 0, 0, 0, 7, 0, 0, 0, 6, 15, 0, 0]"
323,"[5, 0, 0, 0, 2, 0, 0, 0, 7, 0, 0, 0, 1, 0, 0, 0, 6, 13, 1, 0, 0, 6, 0, 0, 6, 10, 1, 0, 0, 5, 0, 0, 8, 1, 1, 0, 8, 3, 1, 0, 6, 14, 1, 0, 2, 1, 0, 0]"
324,"[0, 6, 0, 0, 4, 49, 0, 0, 8, 2, 1, 0, 7, 0, 0, 0, 0, 6, 1, 0, 1, 0, 0, 0, 5, 0, 0, 0, 1, 0, 0, 0, 0, 14, 0, 0, 8, 3, 2, 0, 2, 1, 0, 0, 5, 0, 0, 0]"
325,"[1, 0, 0, 0, 5, 0, 0, 0, 6, 12, 0, 0, 3, 0, 0, 0, 1, 0, 0, 0, 3, 0, 0, 0, 1, 0, 0, 0, 7, 0, 0, 0, 4, 74, 0, 0, 4, 55, 0, 0, 7, 0, 0, 0, 2, 0, 0, 0]"
326,"[2, 1, 0, 0, 6, 4, 0, 0, 5, 0, 0, 0, 4, 12, 0, 0, 6, 5, 1, 0, 4, 50, 0, 0, 5, 0, 0, 0, 7, 0, 0, 0, 4, 13, 0, 0, 4, 116, 0, 0, 2, 1, 0, 0, 4, 54, 0, 0]"
327,"[6, 13, 1, 0, 1, 0, 0, 0, 0, 5, 0, 0, 1, 0, 0, 0, 7, 0, 0, 0, 1, 0, 0, 0, 2, 0, 0, 0, 1, 0, 0, 0, 1, 0, 0, 0, 3, 0, 0, 0, 3, 0, 0, 0, 4, 34, 0, 0]"
328,"[8, 2, 2, 0, 6, 8, 1, 0, 6, 8, 1, 0, 2, 1, 0, 0, 5, 0, 0, 0, 0, 6, 0, 0, 1, 0, 0, 0, 4, 83, 0, 0, 2, 1, 0, 0, 3, 0, 0, 0, 5, 0, 0, 0, 8, 3, 1, 0]"
329,"[8, 2, 2, 0, 5, 0, 0, 0, 7, 0, 0, 0, 4, 70, 0, 0, 1, 0, 0, 0, 6, 11, 0, 0, 2, 0, 0, 0, 3, 0, 0, 0, 3, 0, 0, 0, 7, 0, 0, 0, 3, 0, 0, 0, 8, 2, 2, 0]"
330,"[3, 0, 0, 0, 6, 6, 1, 0, 7, 0, 0, 0, 8, 1, 2, 0, 7, 0, 0, 0, 6, 7, 1, 0, 2, 1, 0, 0, 1, 0, 0, 0, 6, 5, 1, 0, 6, 4, 1, 0, 4, 43, 0, 0, 6, 10, 1, 0]"
331,"[1, 0, 0, 0, 1, 0, 0, 0, 0, 15, 1, 0, 7, 0, 0, 0, 8, 3, 1, 0, 7, 0, 0, 0, 0, 15, 1, 0, 0, 5, 0, 0, 0, 5, 0, 0, 1, 0, 0, 0, 2, 0, 0, 0, 1, 0, 0, 0]"
332,"[7, 0, 0, 0, 8, 2, 2, 0, 5, 0, 0, 0, 1, 0, 0, 0, 3, 0, 0, 0, 1, 0, 0, 0, 6, 4, 0, 0, 7, 0, 0, 0, 3, 0, 0, 0, 7, 0, 0, 0, 5, 0, 0, 0, 5, 0, 0, 0]"
333,"[8, 2, 2, 0, 5, 0, 0, 0, 7, 0, 0, 0, 4, 106, 0, 0, 5, 0, 0, 0, 1, 0, 0, 0, 8, 3, 2, 0, 6, 11, 0, 0, 0, 6, 1, 0, 1, 0, 0, 0, 0, 12, 0, 0, 3, 0, 0, 0]"
334,"[4, 45, 0, 0, 4, 64, 0, 0, 7, 0, 0, 0, 6, 8, 0, 0, 8, 3, 1, 0, 6, 15, 0, 0, 5, 0, 0, 0, 4, 26, 0, 0, 8, 2, 2, 0, 2, 0, 0, 0, 7, 0, 0, 0, 8, 2, 2, 0]"
335,"[2, 1, 0, 0, 1, 0, 0, 0, 6, 5, 1, 0, 5, 0, 0, 0, 3, 0, 0, 0, 7, 0, 0, 0, 3, 0, 0, 0, 2, 1, 0, 0, 7, 0, 0, 0, 8, 1, 1, 0, 4, 53, 0, 0, 8, 2, 1, 0]"
336,"[3, 0, 0, 0, 1, 0, 0, 0, 3, 0, 0, 0, 1, 0, 0, 0, 5, 0, 0, 0, 6, 4, 1, 0, 1, 0, 0, 0, 0, 10, 1, 0, 6, 9, 1, 0, 3, 0, 0, 0, 7, 0, 0, 0, 0, 15, 0, 0]"
337,"[8, 1, 2, 0, 8, 3, 2, 0, 8, 2, 1, 0, 8, 3, 1, 0, 8, 1, 2, 0, 2, 1, 0, 0, 0, 10, 1, 0, 6, 12, 1, 0, 1, 0, 0, 0, 6, 6, 1, 0, 5, 0, 0, 0, 4, 95, 0, 0]"
338,"[0, 14, 1, 0, 4, 67, 0, 0, 6, 6, 0, 0, 3, 0, 0, 0, 4, 99, 0, 0, 4, 127, 0, 0, 0, 11, 1, 0, 8, 1, 1, 0, 5, 0, 0, 0, 7, 0, 0, 0, 4, 22, 0, 0, 3, 0, 0, 0]"
339,"[5, 0, 0, 0, 0, 6, 1, 0, 2, 1, 0, 0, 7, 0, 0, 0, 6, 11, 1, 0, 5, 0, 0, 0, 8, 3, 2, 0, 3, 0, 0, 0, 2, 1, 0, 0, 3, 0, 0, 0, 6, 8, 0, 0, 4, 99, 0, 0]"
340,"[6, 7, 1, 0, 1, 0, 0, 0, 5, 0, 0, 0, 0, 5, 1, 0, 6, 5, 1, 0, 1, 0, 0, 0, 0, 5, 0, 0, 3, 0, 0, 0, 4, 41, 0, 0, 6, 6, 1, 0, 0, 8, 1, 0, 6, 12, 1, 0]"
341,"[0, 14, 1, 0, 0, 6, 0, 0, 1, 0, 0, 0, 4, 123, 0, 0, 6, 11, 0, 0, 6, 12, 0, 0, 7, 0, 0, 0, 5, 0, 0, 0, 8, 2, 1, 0, 1, 0, 0, 0, 2, 1, 0, 0, 7, 0, 0, 0]"
342,"[5, 0, 0, 0, 5, 0, 0, 0, 4, 90, 0, 0, 3, 0, 0, 0, 1, 0, 0, 0, 5, 0, 0, 0, 4, 33, 0, 0, 6, 10, 0, 0, 6, 12, 0, 0, 4, 111, 0, 0, 0, 5, 1, 0, 6, 13, 0, 0]"
343,"[7, 0, 0, 0, 7, 0, 0, 0, 8, 2, 2, 0, 5, 0, 0, 0, 8, 2, 1, 0, 1, 0, 0, 0, 3, 0, 0, 0, 0, 11, 1, 0, 1, 0, 0, 0, 0, 8, 0, 0, 3, 0, 0, 0, 1, 0, 0, 0]"
344,"[5, 0, 0, 0, 7, 0, 0, 0, 6, 7, 1, 0, 8, 1, 2, 0, 8, 3, 1, 0, 3, 0, 0, 0, 0, 6, 1, 0, 8, 2, 1, 0, 6, 7, 1, 0, 5, 0, 0, 0, 7, 0, 0, 0, 2, 0, 0, 0]"
345,"[7, 0, 0, 0, 1, 0, 0, 0, 4, 61, 0, 0, 5, 0, 0, 0, 7, 0, 0, 0, 8, 2, 2, 0, 4, 86, 0, 0, 2, 1, 0, 0, 2, 0, 0, 0, 1, 0, 0, 0, 2, 0, 0, 0, 2, 1, 0, 0]"
346,"[6, 8, 1, 0, 0, 14, 1, 0, 4, 46, 0, 0, 2, 0, 0, 0, 3, 0, 0, 0, 4, 52, 0, 0, 3, 0, 0, 0, 2, 1, 0, 0, 2, 0, 0, 0, 4, 106, 0, 0, 4, 69, 0, 0, 4, 51, 0, 0]"
347,"[8, 1, 1, 0, 0, 14, 0, 0, 5, 0, 0, 0, 0, 10, 0, 0, 7, 0, 0, 0, 7, 0, 0, 0, 3, 0, 0, 0, 4, 73, 0, 0, 8, 3, 2, 0, 3, 0, 0, 0, 8, 3, 1, 0, 8, 3, 1, 0]"
348,"[3, 0, 0, 0, 6, 13, 1, 0, 0, 14, 1, 0, 3, 0, 0, 0, 4, 122, 0, 0, 2, 1, 0, 0, 0, 15, 0, 0, 3, 0, 0, 0, 7, 0, 0, 0, 2, 1, 0, 0, 8, 1, 1, 0, 4, 57, 0, 0]"
349,"[4, 114, 0, 0, 0, 15, 1, 0, 4, 119, 0, 0, 8, 1, 2, 0, 5, 0, 0, 0, 7, 0, 0, 0, 2, 1, 0, 0, 5, 0, 0, 0, 7, 0, 0, 0, 7, 0, 0, 0, 5, 0, 0, 0, 7, 0, 0, 0]"
350,"[6, 10, 1, 0, 7, 0, 0, 0, 1, 0, 0, 0, 0, 10, 0, 0, 1, 0, 0, 0, 7, 0, 0, 0, 2, 1, 0, 0, 5, 0, 0, 0, 6, 6, 1, 0, 0, 4, 0, 0, 8, 2, 1, 0, 7, 0, 0, 0]"
351,"[8, 3, 1, 0, 2, 0, 0, 0, 5, 0, 0, 0, 0, 7, 1, 0, 5, 0, 0, 0, 2, 0, 0, 0, 8, 1, 1, 0, 2, 1, 0, 0, 1, 0, 0, 0, 8, 3, 1, 0, 0, 12, 1, 0, 8, 3, 2, 0]"
352,"[1, 0, 0, 0, 2, 0, 0, 0, 1, 0, 0, 0, 1, 0, 0, 0, 5, 0, 0, 0, 4, 90, 0, 0, 2, 1, 0, 0, 4, 94, 0, 0, 7, 0, 0, 0, 6, 4, 1, 0, 5, 0, 0, 0, 4, 125, 0, 0]"
353,"[1, 0, 0, 0, 7, 0, 0, 0, 2, 0, 0, 0, 2, 1, 0, 0, 1, 0, 0, 0, 7, 0, 0, 0, 7, 0, 0, 0, 4, 28, 0, 0, 6, 8, 0, 0, 5, 0, 0, 0, 7, 0, 0, 0, 8, 2, 1, 0]"
354,"[0, 6, 1, 0, 4, 46, 0, 0, 4, 107, 0, 0, 2, 1, 0, 0, 2, 0, 0, 0, 0, 12, 1, 0, 4, 13, 0, 0, 7, 0, 0, 0, 4, 14, 0, 0, 2, 0, 0, 0, 5, 0, 0, 0, 5, 0, 0, 0]"
355,"[6, 15, 0, 0, 8, 2, 2, 0, 0, 13, 1, 0, 8, 3, 2, 0, 3, 0, 0, 0, 4, 55, 0, 0, 2, 1, 0, 0, 5, 0, 0, 0, 5, 0, 0, 0, 2, 1, 0, 0, 3, 0, 0, 0, 5, 0, 0, 0]"
356,"[3, 0, 0, 0, 2, 1, 0, 0, 2, 1, 0, 0, 1, 0, 0, 0, 1, 0, 0, 0, 4, 5, 0, 0, 6, 5, 1, 0, 4, 83, 0, 0, 2, 0, 0, 0, 5, 0, 0, 0, 3, 0, 0, 0, 1, 0, 0, 0]"
357,"[7, 0, 0, 0, 8, 3, 1, 0, 0, 6, 1, 0, 6, 12, 1, 0, 1, 0, 0, 0, 5, 0, 0, 0, 8, 2, 2, 0, 6, 4, 0, 0, 1, 0, 0, 0, 3, 0, 0, 0, 8, 1, 2, 0, 1, 0, 0, 0]"
358,"[1, 0, 0, 0, 3, 0, 0, 0, 2, 0, 0, 0, 8, 2, 2, 0, 7, 0, 0, 0, 6, 14, 0, 0, 8, 2, 2, 0, 2, 0, 0, 0, 5, 0, 0, 0, 7, 0, 0, 0, 0, 9, 0, 0, 0, 14, 1, 0]"
359,"[1, 0, 0, 0, 5, 0, 0, 0, 8, 1, 1, 0, 7, 0, 0, 0, 8, 3, 2, 0, 0, 4, 0, 0, 2, 1, 0, 0, 3, 0, 0, 0, 3, 0, 0, 0, 1, 0, 0, 0, 1, 0, 0, 0, 3, 0, 0, 0]"
360,"[8, 1, 1, 0, 0, 9, 0, 0, 6, 11, 1, 0, 7, 0, 0, 0, 3, 0, 0, 0, 3, 0, 0, 0, 8, 3, 1, 0, 4, 53, 0, 0, 7, 0, 0, 0, 3, 0, 0, 0, 8, 3, 1, 0, 0, 14, 0, 0]"
361,"[3, 0, 0, 0, 8, 3, 2, 0, 6, 7, 1, 0, 2, 1, 0, 0, 2, 0, 0, 0, 3, 0, 0, 0, 2, 0, 0, 0, 5, 0, 0, 0, 2, 1, 0, 0, 6, 14, 0, 0, 2, 0, 0, 0, 3, 0, 0, 0]"
362,"[7, 0, 0, 0, 8, 2, 1, 0, 1, 0, 0, 0, 4, 110, 0, 0, 3, 0, 0, 0, 4, 79, 0, 0, 3, 0, 0, 0, 6, 6, 1, 0, 7, 0, 0, 0, 5, 0, 0, 0, 2, 0, 0, 0, 5, 0, 0, 0]"
363,"[5, 0, 0, 0, 6, 7, 0, 0, 5, 0, 0, 0, 8, 2, 1, 0, 2, 1, 0, 0, 1, 0, 0, 0, 1, 0, 0, 0, 6, 7, 1, 0, 4, 82, 0, 0, 8, 1, 2, 0, 2, 0, 0, 0, 5, 0, 0, 0]"
364,"[3, 0, 0, 0, 2, 1, 0, 0, 1, 0, 0, 0, 3, 0, 0, 0, 7, 0, 0, 0, 0, 6, 1, 0, 0, 5, 1, 0, 6, 15, 1, 0, 3, 0, 0, 0, 2, 1, 0, 0, 6, 13, 1, 0, 7, 0, 0, 0]"
365,"[7, 0, 0, 0, 7, 0, 0, 0, 0, 5, 1, 0, 5, 0, 0, 0, 8, 2, 2, 0, 6, 6, 0, 0, 5, 0, 0, 0, 8, 2, 1, 0, 7, 0, 0, 0, 1, 0, 0, 0, 4, 86, 0, 0, 2, 0, 0, 0]"
366,"[3, 0, 0, 0, 6, 5, 1, 0, 2, 0, 0, 0, 3, 0, 0, 0, 5, 0, 0, 0, 5, 0, 0, 0, 6, 13, 0, 0, 5, 0, 0, 0, 2, 1, 0, 0, 1, 0, 0, 0, 2, 1, 0, 0, 6, 8, 0, 0]"
367,"[1, 0, 0, 0, 7, 0, 0, 0, 1, 0, 0, 0, 6, 8, 1, 0, 2, 1, 0, 0, 4, 83, 0, 0, 1, 0, 0, 0, 6, 14, 0, 0, 3, 0, 0, 0, 8, 3, 1, 0, 6, 6, 0, 0, 6, 13, 0, 0]"
368,"[8, 2, 1, 0, 3, 0, 0, 0, 2, 1, 0, 0, 8, 3, 2, 0, 1, 0, 0, 0, 7, 0, 0, 0, 5, 0, 0, 0, 5, 0, 0, 0, 2, 0, 0, 0, 5, 0, 0, 0, 2, 1, 0, 0, 3, 0, 0, 0]"
369,"[4, 120, 0, 0, 0, 13, 1, 0, 5, 0, 0, 0, 2, 0, 0, 0, 8, 1, 1, 0, 8, 3, 1, 0, 0, 8, 1, 0, 2, 1, 0, 0, 8, 3, 2, 0, 1, 0, 0, 0, 1, 0, 0, 0, 3, 0, 0, 0]"
370,"[5, 0, 0, 0, 2, 0, 0, 0, 4, 95, 0, 0, 6, 6, 0, 0, 7, 0, 0, 0, 7, 0, 0, 0, 4, 91, 0, 0, 0, 7, 0, 0, 4, 21, 0, 0, 4, 12, 0, 0, 1, 0, 0, 0, 1, 0, 0, 0]"
371,"[2, 0, 0, 0, 3, 0, 0, 0, 1, 0, 0, 0, 7, 0, 0, 0, 4, 69, 0, 0, 0, 15, 1, 0, 8, 3, 1, 0, 8, 2, 2, 0, 1, 0, 0, 0, 2, 1, 0, 0, 0, 13, 1, 0, 3, 0, 0, 0]"
372,"[2, 0, 0, 0, 6, 6, 0, 0, 2, 1, 0, 0, 2, 0, 0, 0, 6, 5, 0, 0, 8, 3, 2, 0, 4, 58, 0, 0, 8, 2, 1, 0, 0, 13, 1, 0, 8, 1, 2, 0, 5, 0, 0, 0, 7, 0, 0, 0]"
373,"[3, 0, 0, 0, 2, 1, 0, 0, 6, 12, 1, 0, 6, 4, 1, 0, 1, 0, 0, 0, 0, 12, 0, 0, 8, 1, 2, 0, 4, 102, 0, 0, 4, 92, 0, 0, 4, 80, 0, 0, 6, 6, 0, 0, 7, 0, 0, 0]"
374,"[4, 100, 0, 0, 1, 0, 0, 0, 3, 0, 0, 0, 0, 5, 0, 0, 4, 76, 0, 0, 3, 0, 0, 0, 4, 58, 0, 0, 8, 3, 1, 0, 7, 0, 0, 0, 0, 13, 1, 0, 8, 3, 1, 0, 2, 1, 0, 0]"
375,"[5, 0, 0, 0, 2, 1, 0, 0, 5, 0, 0, 0, 2, 1, 0, 0, 0, 7, 0, 0, 1, 0, 0, 0, 1, 0, 0, 0, 2, 1, 0, 0, 0, 9, 0, 0, 2, 0, 0, 0, 1, 0, 0, 0, 6, 4, 0, 0]"
376,"[1, 0, 0, 0, 6, 12, 1, 0, 0, 5, 0, 0, 4, 125, 0, 0, 6, 9, 0, 0, 1, 0, 0, 0, 7, 0, 0, 0, 4, 91, 0, 0, 6, 10, 1, 0, 4, 22, 0, 0, 0, 5, 0, 0, 5, 0, 0, 0]"
377,"[7, 0, 0, 0, 4, 100, 0, 0, 4, 61, 0, 0, 5, 0, 0, 0, 5, 0, 0, 0, 7, 0, 0, 0, 2, 0, 0, 0, 3, 0, 0, 0, 5, 0, 0, 0, 7, 0, 0, 0, 5, 0, 0, 0, 0, 15, 1, 0]"
378,"[6, 14, 0, 0, 0, 14, 1, 0, 0, 5, 0, 0, 2, 1, 0, 0, 6, 13, 0, 0, 2, 1, 0, 0, 8, 1, 2, 0, 4, 48, 0, 0, 0, 9, 1, 0, 7, 0, 0, 0, 8, 3, 2, 0, 5, 0, 0, 0]"
379,"[4, 117, 0, 0, 4, 28, 0, 0, 1, 0, 0, 0, 6, 8, 0, 0, 2, 0, 0, 0, 3, 0, 0, 0, 7, 0, 0, 0, 6, 4, 1, 0, 2, 0, 0, 0, 8, 2, 1, 0, 8, 1, 2, 0, 5, 0, 0, 0]"
380,"[5, 0, 0, 0, 5, 0, 0, 0, 0, 14, 0, 0, 8, 2, 1, 0, 3, 0, 0, 0, 5, 0, 0, 0, 2, 1, 0, 0, 3, 0, 0, 0, 3, 0, 0, 0, 6, 4, 0, 0, 1, 0, 0, 0, 5, 0, 0, 0]"
381,"[7, 0, 0, 0, 2, 1, 0, 0, 6, 5, 0, 0, 7, 0, 0, 0, 6, 13, 1, 0, 2, 0, 0, 0, 2, 1, 0, 0, 0, 9, 0, 0, 3, 0, 0, 0, 7, 0, 0, 0, 7, 0, 0, 0, 0, 8, 0, 0]"
382,"[1, 0, 0, 0, 3, 0, 0, 0, 0, 10, 0, 0, 2, 0, 0, 0, 6, 8, 1, 0, 4, 36, 0, 0, 4, 127, 0, 0, 7, 0, 0, 0, 1, 0, 0, 0, 4, 115, 0, 0, 0, 11, 0, 0, 6, 7, 1, 0]"
383,"[7, 0, 0, 0, 1, 0, 0, 0, 8, 2, 2, 0, 0, 6, 1, 0, 3, 0, 0, 0, 2, 1, 0, 0, 7, 0, 0, 0, 4, 43, 0, 0, 4, 65, 0, 0, 4, 80, 0, 0, 6, 9, 0, 0, 7, 0, 0, 0]"
384,"[4, 38, 0, 0, 3, 0, 0, 0, 4, 88, 0, 0, 6, 13, 0, 0, 1, 0, 0, 0, 4, 56, 0, 0, 8, 2, 1, 0, 6, 6, 1, 0, 3, 0, 0, 0, 0, 7, 0, 0, 5, 0, 0, 0, 3, 0, 0, 0]"
385,"[3, 0, 0, 0, 4, 121, 0, 0, 4, 72, 0, 0, 6, 7, 1, 0, 5, 0, 0, 0, 1, 0, 0, 0, 0, 12, 0, 0, 1, 0, 0, 0, 5, 0, 0, 0, 5, 0, 0, 0, 8, 3, 1, 0, 4, 37, 0, 0]"
386,"[4, 7, 0, 0, 8, 1, 1, 0, 8, 1, 2, 0, 7, 0, 0, 0, 8, 1, 1, 0, 2, 1, 0, 0, 3, 0, 0, 0, 5, 0, 0, 0, 4, 78, 0, 0, 3, 0, 0, 0, 1, 0, 0, 0, 2, 0, 0, 0]"
387,"[8, 1, 1, 0, 3, 0, 0, 0, 2, 0, 0, 0, 6, 4, 1, 0, 6, 12, 0, 0, 5, 0, 0, 0, 1, 0, 0, 0, 4, 114, 0, 0, 2, 0, 0, 0, 6, 11, 0, 0, 6, 7, 0, 0, 1, 0, 0, 0]"
388,"[2, 1, 0, 0, 7, 0, 0, 0, 0, 8, 0, 0, 4, 63, 0, 0, 8, 3, 1, 0, 2, 0, 0, 0, 2, 0, 0, 0, 1, 0, 0, 0, 7, 0, 0, 0, 0, 4, 1, 0, 7, 0, 0, 0, 3, 0, 0, 0]"
389,"[1, 0, 0, 0, 8, 1, 2, 0, 5, 0, 0, 0, 3, 0, 0, 0, 2, 1, 0, 0, 7, 0, 0, 0, 2, 1, 0, 0, 4, 127, 0, 0, 8, 1, 2, 0, 0, 5, 1, 0, 8, 1, 1, 0, 6, 5, 1, 0]"
390,"[0, 6, 1, 0, 6, 9, 1, 0, 0, 11, 0, 0, 1, 0, 0, 0, 5, 0, 0, 0, 6, 14, 0, 0, 3, 0, 0, 0, 3, 0, 0, 0, 2, 0, 0, 0, 8, 3, 2, 0, 7, 0, 0, 0, 8, 2, 2, 0]"
391,"[3, 0, 0, 0, 8, 1, 1, 0, 1, 0, 0, 0, 1, 0, 0, 0, 0, 11, 1, 0, 3, 0, 0, 0, 2, 0, 0, 0, 5, 0, 0, 0, 1, 0, 0, 0, 0, 7, 0, 0, 6, 7, 0, 0, 0, 4, 1, 0]"
392,"[8, 2, 1, 0, 5, 0, 0, 0, 7, 0, 0, 0, 1, 0, 0, 0, 7, 0, 0, 0, 4, 44, 0, 0, 5, 0, 0, 0, 5, 0, 0, 0, 8, 1, 1, 0, 5, 0, 0, 0, 6, 9, 0, 0, 1, 0, 0, 0]"
393,"[1, 0, 0, 0, 5, 0, 0, 0, 8, 2, 2, 0, 7, 0, 0, 0, 0, 10, 0, 0, 0, 11, 0, 0, 7, 0, 0, 0, 7, 0, 0, 0, 5, 0, 0, 0, 7, 0, 0, 0, 7, 0, 0, 0, 4, 59, 0, 0]"
394,"[8, 3, 1, 0, 1, 0, 0, 0, 1, 0, 0, 0, 5, 0, 0, 0, 7, 0, 0, 0, 5, 0, 0, 0, 1, 0, 0, 0, 0, 8, 1, 0, 2, 1, 0, 0, 5, 0, 0, 0, 4, 28, 0, 0, 1, 0, 0, 0]"
395,"[4, 29, 0, 0, 8, 1, 1, 0, 2, 0, 0, 0, 1, 0, 0, 0, 0, 12, 1, 0, 8, 1, 2, 0, 5, 0, 0, 0, 1, 0, 0, 0, 7, 0, 0, 0, 8, 1, 2, 0, 3, 0, 0, 0, 2, 1, 0, 0]"
396,"[3, 0, 0, 0, 6, 11, 1, 0, 4, 90, 0, 0, 4, 10, 0, 0, 5, 0, 0, 0, 6, 4, 1, 0, 8, 1, 1, 0, 3, 0, 0, 0, 4, 57, 0, 0, 7, 0, 0, 0, 3, 0, 0, 0, 7, 0, 0, 0]"
397,"[4, 3, 0, 0, 2, 1, 0, 0, 2, 1, 0, 0, 3, 0, 0, 0, 7, 0, 0, 0, 4, 50, 0, 0, 1, 0, 0, 0, 5, 0, 0, 0, 2, 0, 0, 0, 1, 0, 0, 0, 0, 14, 0, 0, 8, 1, 2, 0]"
398,"[6, 5, 0, 0, 0, 14, 0, 0, 2, 0, 0, 0, 2, 1, 0, 0, 4, 20, 0, 0, 5, 0, 0, 0, 0, 14, 1, 0, 6, 8, 0, 0, 7, 0, 0, 0, 1, 0, 0, 0, 8, 3, 1, 0, 1, 0, 0, 0]"
399,"[4, 24, 0, 0, 4, 95, 0, 0, 6, 8, 1, 0, 3, 0, 0, 0, 2, 1, 0, 0, 5, 0, 0, 0, 3, 0, 0, 0, 0, 8, 1, 0, 1, 0, 0, 0, 2, 0, 0, 0, 4, 78, 0, 0, 8, 1, 2, 0]"
400,"[8, 1, 1, 0, 0, 7, 0, 0, 4, 67, 0, 0, 0, 4, 0, 0, 8, 3, 1, 0, 2, 0, 0, 0, 4, 59, 0, 0, 1, 0, 0, 0, 3, 0, 0, 0, 4, 57, 0, 0, 6, 12, 1, 0, 0, 14, 0, 0]"
401,"[0, 12, 0, 0, 8, 3, 2, 0, 2, 0, 0, 0, 0, 12, 0, 0, 5, 0, 0, 0, 5, 0, 0, 0, 7, 0, 0, 0, 2, 0, 0, 0, 7, 0, 0, 0, 2, 1, 0, 0, 3, 0, 0, 0, 7, 0, 0, 0]"
402,"[6, 9, 0, 0, 3, 0, 0, 0, 0, 4, 1, 0, 0, 4, 0, 0, 8, 1, 2, 0, 0, 4, 1, 0, 6, 15, 1, 0, 0, 5, 0, 0, 8, 1, 1, 0, 2, 1, 0, 0, 7, 0, 0, 0, 8, 3, 1, 0]"
403,"[8, 2, 2, 0, 5, 0, 0, 0, 4, 15, 0, 0, 4, 102, 0, 0, 8, 2, 1, 0, 3, 0, 0, 0, 3, 0, 0, 0, 0, 12, 0, 0, 5, 0, 0, 0, 8, 2, 2, 0, 3, 0, 0, 0, 7, 0, 0, 0]"
404,"[0, 10, 1, 0, 6, 8, 0, 0, 8, 1, 1, 0, 4, 125, 0, 0, 6, 7, 1, 0, 3, 0, 0, 0, 2, 0, 0, 0, 3, 0, 0, 0, 0, 14, 0, 0, 8, 1, 2, 0, 6, 15, 0, 0, 5, 0, 0, 0]"
405,"[0, 13, 1, 0, 2, 1, 0, 0, 0, 9, 0, 0, 6, 12, 1, 0, 8, 2, 2, 0, 7, 0, 0, 0, 5, 0, 0, 0, 3, 0, 0, 0, 7, 0, 0, 0, 2, 1, 0, 0, 4, 74, 0, 0, 8, 2, 2, 0]"
406,"[5, 0, 0, 0, 6, 7, 1, 0, 7, 0, 0, 0, 0, 9, 1, 0, 6, 9, 0, 0, 1, 0, 0, 0, 8, 3, 2, 0, 1, 0, 0, 0, 2, 1, 0, 0, 0, 11, 1, 0, 6, 8, 1, 0, 1, 0, 0, 0]"
407,"[6, 9, 1, 0, 3, 0, 0, 0, 6, 14, 1, 0, 8, 2, 1, 0, 2, 0, 0, 0, 1, 0, 0, 0, 3, 0, 0, 0, 8, 2, 1, 0, 7, 0, 0, 0, 6, 11, 1, 0, 2, 1, 0, 0, 8, 3, 1, 0]"
408,"[4, 8, 0, 0, 7, 0, 0, 0, 0, 14, 1, 0, 4, 103, 0, 0, 6, 4, 1, 0, 6, 8, 0, 0, 4, 106, 0, 0, 1, 0, 0, 0, 2, 0, 0, 0, 8, 1, 2, 0, 3, 0, 0, 0, 8, 3, 2, 0]"
409,"[8, 3, 2, 0, 7, 0, 0, 0, 1, 0, 0, 0, 4, 102, 0, 0, 4, 95, 0, 0, 5, 0, 0, 0, 2, 0, 0, 0, 8, 3, 2, 0, 1, 0, 0, 0, 4, 48, 0, 0, 0, 12, 0, 0, 3, 0, 0, 0]"
410,"[0, 5, 0, 0, 6, 8, 0, 0, 7, 0, 0, 0, 7, 0, 0, 0, 8, 3, 1, 0, 6, 15, 0, 0, 3, 0, 0, 0, 6, 9, 1, 0, 0, 7, 0, 0, 2, 1, 0, 0, 1, 0, 0, 0, 5, 0, 0, 0]"
411,"[3, 0, 0, 0, 1, 0, 0, 0, 3, 0, 0, 0, 6, 4, 0, 0, 6, 7, 0, 0, 0, 4, 0, 0, 8, 3, 1, 0, 2, 1, 0, 0, 5, 0, 0, 0, 6, 5, 0, 0, 1, 0, 0, 0, 7, 0, 0, 0]"
412,"[1, 0, 0, 0, 2, 1, 0, 0, 4, 70, 0, 0, 3, 0, 0, 0, 1, 0, 0, 0, 2, 1, 0, 0, 5, 0, 0, 0, 2, 1, 0, 0, 1, 0, 0, 0, 1, 0, 0, 0, 8, 1, 2, 0, 2, 1, 0, 0]"
413,"[5, 0, 0, 0, 2, 1, 0, 0, 5, 0, 0, 0, 3, 0, 0, 0, 3, 0, 0, 0, 1, 0, 0, 0, 5, 0, 0, 0, 2, 0, 0, 0, 7, 0, 0, 0, 8, 1, 1, 0, 5, 0, 0, 0, 6, 15, 1, 0]"
414,"[2, 1, 0, 0, 7, 0, 0, 0, 6, 12, 0, 0, 3, 0, 0, 0, 3, 0, 0, 0, 2, 1, 0, 0, 4, 19, 0, 0, 5, 0, 0, 0, 2, 1, 0, 0, 5, 0, 0, 0, 6, 15, 1, 0, 0, 11, 1, 0]"
415,"[0, 13, 0, 0, 2, 0, 0, 0, 3, 0, 0, 0, 6, 12, 0, 0, 3, 0, 0, 0, 3, 0, 0, 0, 4, 70, 0, 0, 4, 48, 0, 0, 0, 14, 0, 0, 3, 0, 0, 0, 2, 0, 0, 0, 4, 69, 0, 0]"
416,"[5, 0, 0, 0, 7, 0, 0, 0, 2, 0, 0, 0, 8, 1, 1, 0, 5, 0, 0, 0, 5, 0, 0, 0, 6, 12, 1, 0, 0, 4, 1, 0, 6, 6, 0, 0, 7, 0, 0, 0, 1, 0, 0, 0, 2, 0, 0, 0]"
417,"[8, 3, 1, 0, 3, 0, 0, 0, 0, 6, 0, 0, 3, 0, 0, 0, 5, 0, 0, 0, 7, 0, 0, 0, 8, 3, 2, 0, 6, 7, 1, 0, 5, 0, 0, 0, 0, 8, 0, 0, 5, 0, 0, 0, 1, 0, 0, 0]"
418,"[5, 0, 0, 0, 3, 0, 0, 0, 7, 0, 0, 0, 3, 0, 0, 0, 3, 0, 0, 0, 5, 0, 0, 0, 7, 0, 0, 0, 3, 0, 0, 0, 8, 3, 1, 0, 3, 0, 0, 0, 8, 1, 1, 0, 5, 0, 0, 0]"
419,"[3, 0, 0, 0, 3, 0, 0, 0, 1, 0, 0, 0, 1, 0, 0, 0, 6, 7, 1, 0, 1, 0, 0, 0, 1, 0, 0, 0, 4, 7, 0, 0, 7, 0, 0, 0, 5, 0, 0, 0, 7, 0, 0, 0, 0, 13, 1, 0]"
420,"[7, 0, 0, 0, 8, 1, 1, 0, 3, 0, 0, 0, 1, 0, 0, 0, 2, 0, 0, 0, 1, 0, 0, 0, 7, 0, 0, 0, 2, 1, 0, 0, 4, 76, 0, 0, 4, 5, 0, 0, 4, 76, 0, 0, 2, 1, 0, 0]"
421,"[6, 10, 0, 0, 0, 11, 1, 0, 5, 0, 0, 0, 8, 2, 2, 0, 1, 0, 0, 0, 8, 3, 2, 0, 7, 0, 0, 0, 6, 6, 0, 0, 7, 0, 0, 0, 2, 1, 0, 0, 4, 114, 0, 0, 7, 0, 0, 0]"
422,"[7, 0, 0, 0, 7, 0, 0, 0, 7, 0, 0, 0, 0, 4, 1, 0, 8, 1, 1, 0, 0, 11, 1, 0, 1, 0, 0, 0, 7, 0, 0, 0, 6, 6, 1, 0, 2, 1, 0, 0, 0, 8, 0, 0, 1, 0, 0, 0]"
423,"[2, 0, 0, 0, 3, 0, 0, 0, 3, 0, 0, 0, 4, 69, 0, 0, 8, 2, 2, 0, 0, 4, 1, 0, 4, 5, 0, 0, 5, 0, 0, 0, 8, 3, 1, 0, 0, 12, 0, 0, 3, 0, 0, 0, 4, 40, 0, 0]"
424,"[8, 3, 2, 0, 7, 0, 0, 0, 0, 11, 0, 0, 3, 0, 0, 0, 5, 0, 0, 0, 4, 78, 0, 0, 5, 0, 0, 0, 6, 9, 0, 0, 5, 0, 0, 0, 2, 0, 0, 0, 6, 11, 1, 0, 8, 2, 1, 0]"
425,"[2, 1, 0, 0, 6, 10, 0, 0, 4, 35, 0, 0, 4, 51, 0, 0, 1, 0, 0, 0, 2, 0, 0, 0, 0, 5, 1, 0, 8, 3, 2, 0, 8, 1, 1, 0, 1, 0, 0, 0, 4, 52, 0, 0, 8, 3, 1, 0]"
426,"[0, 15, 1, 0, 1, 0, 0, 0, 2, 0, 0, 0, 4, 43, 0, 0, 1, 0, 0, 0, 7, 0, 0, 0, 3, 0, 0, 0, 2, 1, 0, 0, 7, 0, 0, 0, 2, 1, 0, 0, 3, 0, 0, 0, 7, 0, 0, 0]"
427,"[5, 0, 0, 0, 2, 1, 0, 0, 7, 0, 0, 0, 5, 0, 0, 0, 5, 0, 0, 0, 7, 0, 0, 0, 6, 4, 1, 0, 8, 1, 1, 0, 6, 6, 0, 0, 1, 0, 0, 0, 5, 0, 0, 0, 2, 1, 0, 0]"
428,"[8, 1, 1, 0, 7, 0, 0, 0, 4, 55, 0, 0, 7, 0, 0, 0, 0, 7, 0, 0, 7, 0, 0, 0, 4, 41, 0, 0, 5, 0, 0, 0, 7, 0, 0, 0, 5, 0, 0, 0, 1, 0, 0, 0, 5, 0, 0, 0]"
429,"[3, 0, 0, 0, 6, 15, 1, 0, 2, 0, 0, 0, 6, 4, 0, 0, 6, 5, 0, 0, 8, 3, 2, 0, 7, 0, 0, 0, 8, 3, 2, 0, 5, 0, 0, 0, 6, 12, 0, 0, 5, 0, 0, 0, 4, 37, 0, 0]"
430,"[8, 3, 2, 0, 6, 8, 0, 0, 5, 0, 0, 0, 1, 0, 0, 0, 1, 0, 0, 0, 4, 119, 0, 0, 4, 68, 0, 0, 7, 0, 0, 0, 1, 0, 0, 0, 5, 0, 0, 0, 3, 0, 0, 0, 1, 0, 0, 0]"
431,"[3, 0, 0, 0, 5, 0, 0, 0, 8, 1, 1, 0, 3, 0, 0, 0, 0, 10, 0, 0, 3, 0, 0, 0, 5, 0, 0, 0, 3, 0, 0, 0, 1, 0, 0, 0, 6, 4, 1, 0, 3, 0, 0, 0, 6, 13, 1, 0]"
432,"[0, 4, 0, 0, 0, 14, 0, 0, 7, 0, 0, 0, 1, 0, 0, 0, 5, 0, 0, 0, 0, 10, 0, 0, 1, 0, 0, 0, 1, 0, 0, 0, 3, 0, 0, 0, 0, 4, 0, 0, 2, 1, 0, 0, 3, 0, 0, 0]"
433,"[4, 105, 0, 0, 7, 0, 0, 0, 3, 0, 0, 0, 8, 3, 2, 0, 2, 0, 0, 0, 3, 0, 0, 0, 1, 0, 0, 0, 1, 0, 0, 0, 6, 9, 0, 0, 1, 0, 0, 0, 6, 11, 1, 0, 7, 0, 0, 0]"
434,"[7, 0, 0, 0, 2, 0, 0, 0, 3, 0, 0, 0, 6, 12, 0, 0, 4, 20, 0, 0, 3, 0, 0, 0, 8, 2, 2, 0, 4, 92, 0, 0, 1, 0, 0, 0, 1, 0, 0, 0, 0, 5, 0, 0, 7, 0, 0, 0]"
435,"[0, 7, 0, 0, 5, 0, 0, 0, 2, 0, 0, 0, 7, 0, 0, 0, 5, 0, 0, 0, 7, 0, 0, 0, 4, 40, 0, 0, 1, 0, 0, 0, 0, 8, 1, 0, 3, 0, 0, 0, 3, 0, 0, 0, 5, 0, 0, 0]"
436,"[5, 0, 0, 0, 0, 10, 0, 0, 5, 0, 0, 0, 2, 0, 0, 0, 0, 4, 0, 0, 2, 1, 0, 0, 6, 6, 1, 0, 0, 14, 1, 0, 6, 13, 0, 0, 8, 1, 1, 0, 7, 0, 0, 0, 0, 15, 1, 0]"
437,"[8, 3, 2, 0, 5, 0, 0, 0, 8, 2, 1, 0, 2, 1, 0, 0, 8, 3, 2, 0, 3, 0, 0, 0, 4, 44, 0, 0, 1, 0, 0, 0, 8, 2, 1, 0, 6, 13, 0, 0, 8, 2, 2, 0, 0, 9, 0, 0]"
438,"[6, 5, 1, 0, 1, 0, 0, 0, 3, 0, 0, 0, 7, 0, 0, 0, 0, 10, 1, 0, 2, 1, 0, 0, 0, 6, 0, 0, 7, 0, 0, 0, 4, 9, 0, 0, 0, 8, 1, 0, 1, 0, 0, 0, 0, 4, 0, 0]"
439,"[6, 12, 0, 0, 0, 8, 1, 0, 2, 0, 0, 0, 5, 0, 0, 0, 2, 1, 0, 0, 2, 0, 0, 0, 7, 0, 0, 0, 1, 0, 0, 0, 1, 0, 0, 0, 7, 0, 0, 0, 6, 4, 1, 0, 4, 91, 0, 0]"
440,"[4, 81, 0, 0, 4, 99, 0, 0, 2, 0, 0, 0, 6, 11, 0, 0, 2, 1, 0, 0, 2, 0, 0, 0, 5, 0, 0, 0, 0, 4, 1, 0, 2, 1, 0, 0, 4, 62, 0, 0, 2, 1, 0, 0, 4, 33, 0, 0]"
441,"[1, 0, 0, 0, 8, 2, 1, 0, 1, 0, 0, 0, 2, 1, 0, 0, 8, 2, 1, 0, 3, 0, 0, 0, 3, 0, 0, 0, 2, 1, 0, 0, 7, 0, 0, 0, 8, 2, 1, 0, 4, 44, 0, 0, 8, 1, 2, 0]"
442,"[8, 2, 2, 0, 3, 0, 0, 0, 6, 4, 0, 0, 2, 1, 0, 0, 1, 0, 0, 0, 2, 0, 0, 0, 5, 0, 0, 0, 4, 44, 0, 0, 3, 0, 0, 0, 1, 0, 0, 0, 1, 0, 0, 0, 2, 1, 0, 0]"
443,"[1, 0, 0, 0, 7, 0, 0, 0, 2, 0, 0, 0, 0, 8, 1, 0, 5, 0, 0, 0, 3, 0, 0, 0, 0, 12, 1, 0, 5, 0, 0, 0, 5, 0, 0, 0, 4, 100, 0, 0, 7, 0, 0, 0, 1, 0, 0, 0]"
444,"[1, 0, 0, 0, 3, 0, 0, 0, 5, 0, 0, 0, 6, 4, 1, 0, 0, 14, 1, 0, 2, 0, 0, 0, 5, 0, 0, 0, 3, 0, 0, 0, 0, 9, 0, 0, 4, 3, 0, 0, 8, 2, 2, 0, 6, 4, 0, 0]"
445,"[6, 15, 1, 0, 5, 0, 0, 0, 5, 0, 0, 0, 5, 0, 0, 0, 4, 54, 0, 0, 3, 0, 0, 0, 6, 8, 0, 0, 4, 114, 0, 0, 2, 0, 0, 0, 3, 0, 0, 0, 8, 2, 2, 0, 2, 1, 0, 0]"
446,"[6, 14, 1, 0, 6, 12, 0, 0, 1, 0, 0, 0, 3, 0, 0, 0, 5, 0, 0, 0, 3, 0, 0, 0, 3, 0, 0, 0, 0, 13, 1, 0, 3, 0, 0, 0, 4, 19, 0, 0, 6, 6, 0, 0, 0, 6, 1, 0]"
447,"[1, 0, 0, 0, 5, 0, 0, 0, 0, 8, 1, 0, 1, 0, 0, 0, 6, 13, 1, 0, 1, 0, 0, 0, 8, 1, 2, 0, 2, 0, 0, 0, 3, 0, 0, 0, 4, 1, 0, 0, 1, 0, 0, 0, 2, 1, 0, 0]"
448,"[4, 11, 0, 0, 6, 15, 1, 0, 4, 56, 0, 0, 5, 0, 0, 0, 6, 10, 1, 0, 2, 0, 0, 0, 8, 3, 2, 0, 4, 122, 0, 0, 1, 0, 0, 0, 1, 0, 0, 0, 4, 35, 0, 0, 4, 27, 0, 0]"
449,"[6, 10, 1, 0, 5, 0, 0, 0, 7, 0, 0, 0, 8, 1, 1, 0, 0, 13, 0, 0, 3, 0, 0, 0, 0, 4, 1, 0, 1, 0, 0, 0, 7, 0, 0, 0, 1, 0, 0, 0, 1, 0, 0, 0, 0, 14, 1, 0]"
450,"[0, 11, 0, 0, 0, 13, 1, 0, 1, 0, 0, 0, 5, 0, 0, 0, 4, 10, 0, 0, 3, 0, 0, 0, 6, 4, 1, 0, 2, 0, 0, 0, 5, 0, 0, 0, 8, 3, 1, 0, 4, 30, 0, 0, 2, 1, 0, 0]"
451,"[5, 0, 0, 0, 2, 0, 0, 0, 0, 14, 1, 0, 4, 48, 0, 0, 8, 1, 2, 0, 1, 0, 0, 0, 6, 8, 0, 0, 7, 0, 0, 0, 2, 1, 0, 0, 1, 0, 0, 0, 1, 0, 0, 0, 4, 84, 0, 0]"
452,"[8, 2, 1, 0, 5, 0, 0, 0, 2, 1, 0, 0, 5, 0, 0, 0, 6, 10, 1, 0, 1, 0, 0, 0, 2, 1, 0, 0, 6, 7, 0, 0, 4, 56, 0, 0, 6, 12, 1, 0, 1, 0, 0, 0, 7, 0, 0, 0]"
453,"[6, 7, 1, 0, 6, 14, 0, 0, 0, 6, 1, 0, 7, 0, 0, 0, 6, 4, 0, 0, 4, 2, 0, 0, 2, 1, 0, 0, 5, 0, 0, 0, 2, 0, 0, 0, 7, 0, 0, 0, 3, 0, 0, 0, 3, 0, 0, 0]"
454,"[6, 4, 0, 0, 7, 0, 0, 0, 3, 0, 0, 0, 7, 0, 0, 0, 0, 7, 0, 0, 8, 3, 2, 0, 2, 0, 0, 0, 6, 5, 0, 0, 1, 0, 0, 0, 7, 0, 0, 0, 6, 4, 0, 0, 8, 1, 2, 0]"
455,"[4, 35, 0, 0, 8, 3, 1, 0, 4, 8, 0, 0, 3, 0, 0, 0, 4, 107, 0, 0, 4, 114, 0, 0, 4, 12, 0, 0, 3, 0, 0, 0, 8, 2, 2, 0, 1, 0, 0, 0, 0, 7, 0, 0, 7, 0, 0, 0]"
456,"[4, 107, 0, 0, 5, 0, 0, 0, 8, 2, 1, 0, 0, 13, 0, 0, 1, 0, 0, 0, 3, 0, 0, 0, 8, 2, 2, 0, 4, 11, 0, 0, 1, 0, 0, 0, 5, 0, 0, 0, 5, 0, 0, 0, 1, 0, 0, 0]"
457,"[8, 3, 2, 0, 3, 0, 0, 0, 7, 0, 0, 0, 7, 0, 0, 0, 7, 0, 0, 0, 1, 0, 0, 0, 7, 0, 0, 0, 3, 0, 0, 0, 1, 0, 0, 0, 0, 7, 0, 0, 1, 0, 0, 0, 0, 6, 1, 0]"
458,"[7, 0, 0, 0, 5, 0, 0, 0, 7, 0, 0, 0, 6, 15, 0, 0, 7, 0, 0, 0, 7, 0, 0, 0, 4, 98, 0, 0, 0, 12, 1, 0, 1, 0, 0, 0, 2, 0, 0, 0, 5, 0, 0, 0, 2, 0, 0, 0]"
459,"[5, 0, 0, 0, 6, 9, 0, 0, 7, 0, 0, 0, 3, 0, 0, 0, 3, 0, 0, 0, 5, 0, 0, 0, 6, 5, 0, 0, 1, 0, 0, 0, 4, 22, 0, 0, 3, 0, 0, 0, 8, 2, 1, 0, 5, 0, 0, 0]"
460,"[1, 0, 0, 0, 2, 0, 0, 0, 4, 57, 0, 0, 4, 11, 0, 0, 7, 0, 0, 0, 7, 0, 0, 0, 5, 0, 0, 0, 8, 3, 2, 0, 4, 6, 0, 0, 1, 0, 0, 0, 6, 14, 0, 0, 8, 1, 1, 0]"
461,"[5, 0, 0, 0, 6, 9, 1, 0, 0, 15, 0, 0, 6, 11, 1, 0, 6, 11, 1, 0, 6, 5, 1, 0, 8, 1, 1, 0, 6, 4, 0, 0, 8, 3, 2, 0, 2, 1, 0, 0, 1, 0, 0, 0, 3, 0, 0, 0]"
462,"[5, 0, 0, 0, 8, 1, 1, 0, 2, 1, 0, 0, 1, 0, 0, 0, 8, 2, 2, 0, 6, 14, 0, 0, 1, 0, 0, 0, 6, 5, 0, 0, 0, 6, 0, 0, 6, 11, 1, 0, 3, 0, 0, 0, 0, 11, 1, 0]"
463,"[5, 0, 0, 0, 5, 0, 0, 0, 2, 1, 0, 0, 2, 0, 0, 0, 5, 0, 0, 0, 6, 5, 0, 0, 1, 0, 0, 0, 0, 12, 0, 0, 4, 111, 0, 0, 7, 0, 0, 0, 0, 7, 1, 0, 7, 0, 0, 0]"
464,"[6, 6, 1, 0, 4, 34, 0, 0, 8, 3, 2, 0, 5, 0, 0, 0, 8, 2, 1, 0, 3, 0, 0, 0, 8, 1, 1, 0, 8, 2, 2, 0, 8, 2, 1, 0, 6, 8, 1, 0, 3, 0, 0, 0, 5, 0, 0, 0]"
465,"[8, 1, 2, 0, 7, 0, 0, 0, 7, 0, 0, 0, 3, 0, 0, 0, 7, 0, 0, 0, 7, 0, 0, 0, 1, 0, 0, 0, 4, 123, 0, 0, 0, 7, 0, 0, 8, 3, 1, 0, 7, 0, 0, 0, 6, 12, 1, 0]"
466,"[2, 0, 0, 0, 5, 0, 0, 0, 1, 0, 0, 0, 4, 49, 0, 0, 4, 86, 0, 0, 8, 1, 2, 0, 1, 0, 0, 0, 3, 0, 0, 0, 5, 0, 0, 0, 7, 0, 0, 0, 5, 0, 0, 0, 2, 0, 0, 0]"
467,"[0, 9, 0, 0, 8, 1, 1, 0, 5, 0, 0, 0, 4, 106, 0, 0, 1, 0, 0, 0, 2, 0, 0, 0, 8, 3, 1, 0, 0, 8, 0, 0, 3, 0, 0, 0, 8, 3, 1, 0, 5, 0, 0, 0, 1, 0, 0, 0]"
468,"[4, 100, 0, 0, 2, 1, 0, 0, 6, 11, 1, 0, 0, 8, 0, 0, 6, 8, 0, 0, 0, 10, 1, 0, 1, 0, 0, 0, 0, 6, 1, 0, 6, 7, 1, 0, 6, 10, 0, 0, 1, 0, 0, 0, 6, 12, 1, 0]"
469,"[6, 15, 0, 0, 7, 0, 0, 0, 6, 8, 0, 0, 3, 0, 0, 0, 2, 1, 0, 0, 5, 0, 0, 0, 3, 0, 0, 0, 8, 1, 2, 0, 8, 2, 2, 0, 2, 0, 0, 0, 8, 2, 2, 0, 5, 0, 0, 0]"
470,"[4, 22, 0, 0, 0, 7, 0, 0, 3, 0, 0, 0, 2, 0, 0, 0, 4, 96, 0, 0, 0, 15, 0, 0, 6, 6, 1, 0, 1, 0, 0, 0, 3, 0, 0, 0, 8, 3, 2, 0, 8, 3, 2, 0, 1, 0, 0, 0]"
471,"[5, 0, 0, 0, 4, 57, 0, 0, 1, 0, 0, 0, 7, 0, 0, 0, 2, 0, 0, 0, 5, 0, 0, 0, 7, 0, 0, 0, 6, 5, 0, 0, 0, 9, 0, 0, 7, 0, 0, 0, 1, 0, 0, 0, 7, 0, 0, 0]"
472,"[2, 0, 0, 0, 2, 0, 0, 0, 8, 3, 1, 0, 7, 0, 0, 0, 2, 0, 0, 0, 6, 7, 1, 0, 8, 3, 1, 0, 5, 0, 0, 0, 0, 8, 0, 0, 0, 4, 1, 0, 3, 0, 0, 0, 0, 7, 0, 0]"
473,"[1, 0, 0, 0, 2, 1, 0, 0, 2, 0, 0, 0, 2, 0, 0, 0, 1, 0, 0, 0, 6, 13, 0, 0, 0, 8, 1, 0, 1, 0, 0, 0, 5, 0, 0, 0, 3, 0, 0, 0, 0, 15, 1, 0, 7, 0, 0, 0]"
474,"[7, 0, 0, 0, 2, 1, 0, 0, 2, 1, 0, 0, 8, 3, 2, 0, 8, 1, 2, 0, 7, 0, 0, 0, 4, 79, 0, 0, 7, 0, 0, 0, 0, 4, 0, 0, 2, 0, 0, 0, 3, 0, 0, 0, 0, 10, 0, 0]"
475,"[0, 13, 1, 0, 8, 1, 2, 0, 8, 2, 2, 0, 3, 0, 0, 0, 3, 0, 0, 0, 8, 3, 1, 0, 2, 1, 0, 0, 4, 89, 0, 0, 2, 1, 0, 0, 4, 101, 0, 0, 2, 0, 0, 0, 8, 2, 2, 0]"
476,"[3, 0, 0, 0, 6, 7, 1, 0, 2, 1, 0, 0, 1, 0, 0, 0, 3, 0, 0, 0, 7, 0, 0, 0, 5, 0, 0, 0, 6, 10, 1, 0, 7, 0, 0, 0, 5, 0, 0, 0, 8, 1, 2, 0, 7, 0, 0, 0]"
477,"[8, 2, 2, 0, 0, 7, 0, 0, 0, 14, 0, 0, 1, 0, 0, 0, 2, 0, 0, 0, 2, 0, 0, 0, 6, 11, 1, 0, 6, 4, 1, 0, 0, 11, 1, 0, 3, 0, 0, 0, 5, 0, 0, 0, 2, 1, 0, 0]"
478,"[7, 0, 0, 0, 4, 85, 0, 0, 0, 12, 0, 0, 7, 0, 0, 0, 0, 7, 1, 0, 1, 0, 0, 0, 6, 10, 0, 0, 2, 1, 0, 0, 4, 94, 0, 0, 1, 0, 0, 0, 4, 88, 0, 0, 4, 61, 0, 0]"
479,"[4, 109, 0, 0, 7, 0, 0, 0, 8, 2, 2, 0, 8, 3, 1, 0, 0, 11, 1, 0, 7, 0, 0, 0, 7, 0, 0, 0, 1, 0, 0, 0, 4, 25, 0, 0, 4, 31, 0, 0, 6, 4, 0, 0, 6, 15, 1, 0]"
480,"[4, 49, 0, 0, 0, 13, 0, 0, 4, 54, 0, 0, 8, 3, 1, 0, 5, 0, 0, 0, 7, 0, 0, 0, 4, 80, 0, 0, 8, 2, 2, 0, 8, 1, 2, 0, 6, 4, 0, 0, 0, 8, 1, 0, 4, 73, 0, 0]"
481,"[1, 0, 0, 0, 2, 1, 0, 0, 2, 0, 0, 0, 8, 2, 1, 0, 0, 10, 0, 0, 1, 0, 0, 0, 4, 70, 0, 0, 5, 0, 0, 0, 6, 6, 1, 0, 0, 4, 1, 0, 4, 104, 0, 0, 1, 0, 0, 0]"
482,"[6, 5, 1, 0, 0, 15, 1, 0, 2, 0, 0, 0, 5, 0, 0, 0, 8, 1, 1, 0, 7, 0, 0, 0, 8, 2, 1, 0, 7, 0, 0, 0, 2, 0, 0, 0, 8, 3, 1, 0, 5, 0, 0, 0, 0, 8, 0, 0]"
483,"[1, 0, 0, 0, 3, 0, 0, 0, 3, 0, 0, 0, 0, 6, 0, 0, 3, 0, 0, 0, 1, 0, 0, 0, 0, 8, 0, 0, 6, 7, 0, 0, 7, 0, 0, 0, 7, 0, 0, 0, 1, 0, 0, 0, 4, 121, 0, 0]"
484,"[1, 0, 0, 0, 7, 0, 0, 0, 4, 113, 0, 0, 3, 0, 0, 0, 7, 0, 0, 0, 8, 2, 2, 0, 0, 8, 0, 0, 1, 0, 0, 0, 1, 0, 0, 0, 5, 0, 0, 0, 5, 0, 0, 0, 5, 0, 0, 0]"
485,"[0, 6, 0, 0, 3, 0, 0, 0, 1, 0, 0, 0, 5, 0, 0, 0, 5, 0, 0, 0, 5, 0, 0, 0, 4, 31, 0, 0, 4, 81, 0, 0, 6, 6, 1, 0, 4, 43, 0, 0, 4, 81, 0, 0, 6, 11, 0, 0]"
486,"[7, 0, 0, 0, 7, 0, 0, 0, 0, 5, 1, 0, 4, 127, 0, 0, 4, 27, 0, 0, 4, 115, 0, 0, 6, 12, 0, 0, 2, 1, 0, 0, 5, 0, 0, 0, 0, 11, 1, 0, 2, 1, 0, 0, 8, 1, 1, 0]"
487,"[1, 0, 0, 0, 7, 0, 0, 0, 0, 9, 1, 0, 5, 0, 0, 0, 5, 0, 0, 0, 1, 0, 0, 0, 1, 0, 0, 0, 4, 66, 0, 0, 0, 7, 0, 0, 5, 0, 0, 0, 2, 1, 0, 0, 3, 0, 0, 0]"
488,"[8, 2, 1, 0, 4, 96, 0, 0, 6, 15, 0, 0, 5, 0, 0, 0, 6, 15, 1, 0, 4, 46, 0, 0, 0, 15, 0, 0, 7, 0, 0, 0, 3, 0, 0, 0, 0, 6, 0, 0, 7, 0, 0, 0, 1, 0, 0, 0]"
489,"[5, 0, 0, 0, 0, 13, 0, 0, 0, 8, 0, 0, 3, 0, 0, 0, 6, 14, 1, 0, 3, 0, 0, 0, 7, 0, 0, 0, 6, 6, 0, 0, 5, 0, 0, 0, 7, 0, 0, 0, 5, 0, 0, 0, 5, 0, 0, 0]"
490,"[0, 10, 1, 0, 4, 65, 0, 0, 7, 0, 0, 0, 7, 0, 0, 0, 3, 0, 0, 0, 5, 0, 0, 0, 1, 0, 0, 0, 8, 3, 1, 0, 4, 16, 0, 0, 2, 0, 0, 0, 7, 0, 0, 0, 0, 8, 1, 0]"
491,"[3, 0, 0, 0, 6, 8, 1, 0, 4, 86, 0, 0, 4, 19, 0, 0, 4, 24, 0, 0, 8, 3, 2, 0, 3, 0, 0, 0, 8, 3, 1, 0, 3, 0, 0, 0, 6, 5, 0, 0, 8, 3, 1, 0, 7, 0, 0, 0]"
492,"[1, 0, 0, 0, 4, 38, 0, 0, 5, 0, 0, 0, 0, 7, 1, 0, 3, 0, 0, 0, 2, 0, 0, 0, 0, 5, 0, 0, 0, 4, 0, 0, 4, 31, 0, 0, 7, 0, 0, 0, 8, 1, 2, 0, 5, 0, 0, 0]"
493,"[7, 0, 0, 0, 4, 22, 0, 0, 1, 0, 0, 0, 4, 127, 0, 0, 0, 14, 0, 0, 3, 0, 0, 0, 2, 0, 0, 0, 3, 0, 0, 0, 4, 88, 0, 0, 1, 0, 0, 0, 4, 79, 0, 0, 2, 1, 0, 0]"
494,"[2, 0, 0, 0, 7, 0, 0, 0, 6, 12, 0, 0, 1, 0, 0, 0, 5, 0, 0, 0, 2, 0, 0, 0, 4, 84, 0, 0, 3, 0, 0, 0, 3, 0, 0, 0, 4, 7, 0, 0, 2, 0, 0, 0, 2, 1, 0, 0]"
495,"[5, 0, 0, 0, 3, 0, 0, 0, 6, 11, 1, 0, 3, 0, 0, 0, 2, 1, 0, 0, 3, 0, 0, 0, 1, 0, 0, 0, 6, 10, 1, 0, 0, 14, 0, 0, 6, 9, 0, 0, 7, 0, 0, 0, 6, 13, 0, 0]"
496,"[1, 0, 0, 0, 7, 0, 0, 0, 1, 0, 0, 0, 5, 0, 0, 0, 2, 0, 0, 0, 2, 1, 0, 0, 8, 2, 2, 0, 7, 0, 0, 0, 3, 0, 0, 0, 6, 6, 1, 0, 2, 1, 0, 0, 0, 9, 0, 0]"
497,"[6, 13, 0, 0, 1, 0, 0, 0, 7, 0, 0, 0, 3, 0, 0, 0, 8, 1, 1, 0, 1, 0, 0, 0, 3, 0, 0, 0, 6, 7, 0, 0, 8, 2, 1, 0, 1, 0, 0, 0, 1, 0, 0, 0, 8, 3, 1, 0]"
498,"[3, 0, 0, 0, 6, 4, 1, 0, 4, 61, 0, 0, 1, 0, 0, 0, 7, 0, 0, 0, 5, 0, 0, 0, 1, 0, 0, 0, 8, 1, 2, 0, 2, 0, 0, 0, 4, 53, 0, 0, 3, 0, 0, 0, 4, 110, 0, 0]"
499,"[2, 0, 0, 0, 2, 0, 0, 0, 6, 9, 0, 0, 1, 0, 0, 0, 2, 0, 0, 0, 6, 13, 0, 0, 7, 0, 0, 0, 1, 0, 0, 0, 5, 0, 0, 0, 8, 2, 1, 0, 7, 0, 0, 0, 7, 0, 0, 0]"
500,"[7, 0, 0, 0, 3, 0, 0, 0, 3, 0, 0, 0, 8, 1, 1, 0, 7, 0, 0, 0, 5, 0, 0, 0, 7, 0, 0, 0, 6, 9, 0, 0, 3, 0, 0, 0, 2, 0, 0, 0, 3, 0, 0, 0, 2, 0, 0, 0]"
501,"[8, 2, 1, 0, 6, 14, 1, 0, 2, 1, 0, 0, 6, 13, 1, 0, 2, 0, 0, 0, 7, 0, 0, 0, 1, 0, 0, 0, 4, 113, 0, 0, 6, 5, 0, 0, 4, 78, 0, 0, 4, 64, 0, 0, 7, 0, 0, 0]"
502,"[8, 1, 1, 0, 6, 9, 1, 0, 4, 98, 0, 0, 7, 0, 0, 0, 3, 0, 0, 0, 7, 0, 0, 0, 0, 6, 1, 0, 8, 1, 2, 0, 7, 0, 0, 0, 4, 31, 0, 0, 3, 0, 0, 0, 3, 0, 0, 0]"
503,"[0, 5, 0, 0, 5, 0, 0, 0, 0, 12, 0, 0, 8, 2, 1, 0, 0, 7, 0, 0, 1, 0, 0, 0, 5, 0, 0, 0, 4, 115, 0, 0, 7, 0, 0, 0, 2, 0, 0, 0, 0, 12, 0, 0, 0, 13, 0, 0]"
504,"[0, 9, 1, 0, 0, 10, 1, 0, 6, 8, 0, 0, 2, 1, 0, 0, 2, 1, 0, 0, 2, 0, 0, 0, 6, 14, 1, 0, 4, 42, 0, 0, 2, 1, 0, 0, 3, 0, 0, 0, 3, 0, 0, 0, 2, 1, 0, 0]"
505,"[7, 0, 0, 0, 3, 0, 0, 0, 4, 56, 0, 0, 5, 0, 0, 0, 0, 10, 0, 0, 6, 6, 1, 0, 4, 104, 0, 0, 0, 7, 1, 0, 6, 7, 1, 0, 6, 12, 1, 0, 4, 82, 0, 0, 2, 1, 0, 0]"
506,"[5, 0, 0, 0, 2, 1, 0, 0, 0, 5, 0, 0, 2, 1, 0, 0, 2, 0, 0, 0, 0, 10, 0, 0, 6, 14, 0, 0, 0, 6, 0, 0, 8, 1, 1, 0, 2, 0, 0, 0, 8, 1, 1, 0, 4, 35, 0, 0]"
507,"[5, 0, 0, 0, 2, 1, 0, 0, 5, 0, 0, 0, 5, 0, 0, 0, 8, 1, 2, 0, 1, 0, 0, 0, 6, 11, 1, 0, 6, 11, 1, 0, 3, 0, 0, 0, 2, 0, 0, 0, 6, 13, 0, 0, 7, 0, 0, 0]"
508,"[5, 0, 0, 0, 6, 8, 1, 0, 6, 5, 1, 0, 0, 5, 0, 0, 5, 0, 0, 0, 5, 0, 0, 0, 1, 0, 0, 0, 3, 0, 0, 0, 7, 0, 0, 0, 7, 0, 0, 0, 2, 1, 0, 0, 7, 0, 0, 0]"
509,"[6, 10, 1, 0, 6, 11, 0, 0, 1, 0, 0, 0, 0, 6, 1, 0, 7, 0, 0, 0, 3, 0, 0, 0, 3, 0, 0, 0, 4, 1, 0, 0, 3, 0, 0, 0, 0, 7, 1, 0, 1, 0, 0, 0, 3, 0, 0, 0]"
510,"[7, 0, 0, 0, 5, 0, 0, 0, 2, 1, 0, 0, 1, 0, 0, 0, 2, 0, 0, 0, 7, 0, 0, 0, 7, 0, 0, 0, 7, 0, 0, 0, 7, 0, 0, 0, 7, 0, 0, 0, 3, 0, 0, 0, 0, 5, 0, 0]"
511,"[0, 4, 1, 0, 1, 0, 0, 0, 3, 0, 0, 0, 2, 0, 0, 0, 3, 0, 0, 0, 3, 0, 0, 0, 3, 0, 0, 0, 3, 0, 0, 0, 4, 69, 0, 0, 7, 0, 0, 0, 2, 1, 0, 0, 3, 0, 0, 0]"
512,"[7, 0, 0, 0, 4, 38, 0, 0, 3, 0, 0, 0, 7, 0, 0, 0, 7, 0, 0, 0, 7, 0, 0, 0, 5, 0, 0, 0, 4, 24, 0, 0, 0, 8, 0, 0, 7, 0, 0, 0, 7, 0, 0, 0, 6, 14, 1, 0]"
513,"[2, 1, 0, 0, 8, 1, 2, 0, 3, 0, 0, 0, 1, 0, 0, 0, 7, 0, 0, 0, 2, 0, 0, 0, 7, 0, 0, 0, 2, 0, 0, 0, 1, 0, 0, 0, 0, 5, 0, 0, 4, 83, 0, 0, 3, 0, 0, 0]"
514,"[4, 50, 0, 0, 4, 117, 0, 0, 3, 0, 0, 0, 6, 11, 1, 0, 3, 0, 0, 0, 0, 14, 1, 0, 0, 14, 1, 0, 4, 4, 0, 0, 5, 0, 0, 0, 1, 0, 0, 0, 5, 0, 0, 0, 5, 0, 0, 0]"
515,"[0, 9, 0, 0, 3, 0, 0, 0, 6, 7, 1, 0, 3, 0, 0, 0, 5, 0, 0, 0, 7, 0, 0, 0, 2, 1, 0, 0, 8, 1, 1, 0, 7, 0, 0, 0, 2, 0, 0, 0, 2, 1, 0, 0, 3, 0, 0, 0]"
516,"[6, 8, 1, 0, 1, 0, 0, 0, 5, 0, 0, 0, 0, 10, 1, 0, 3, 0, 0, 0, 5, 0, 0, 0, 3, 0, 0, 0, 5, 0, 0, 0, 6, 8, 1, 0, 0, 8, 1, 0, 1, 0, 0, 0, 3, 0, 0, 0]"
517,"[6, 10, 0, 0, 5, 0, 0, 0, 2, 0, 0, 0, 7, 0, 0, 0, 2, 1, 0, 0, 3, 0, 0, 0, 1, 0, 0, 0, 4, 14, 0, 0, 5, 0, 0, 0, 2, 1, 0, 0, 2, 1, 0, 0, 3, 0, 0, 0]"
518,"[6, 9, 0, 0, 6, 14, 1, 0, 2, 0, 0, 0, 8, 1, 2, 0, 3, 0, 0, 0, 2, 0, 0, 0, 1, 0, 0, 0, 1, 0, 0, 0, 7, 0, 0, 0, 5, 0, 0, 0, 5, 0, 0, 0, 7, 0, 0, 0]"
519,"[4, 127, 0, 0, 1, 0, 0, 0, 1, 0, 0, 0, 6, 4, 0, 0, 7, 0, 0, 0, 6, 5, 0, 0, 8, 2, 1, 0, 5, 0, 0, 0, 3, 0, 0, 0, 6, 14, 0, 0, 5, 0, 0, 0, 4, 97, 0, 0]"
520,"[6, 4, 0, 0, 1, 0, 0, 0, 3, 0, 0, 0, 0, 6, 0, 0, 7, 0, 0, 0, 4, 54, 0, 0, 3, 0, 0, 0, 8, 3, 2, 0, 5, 0, 0, 0, 7, 0, 0, 0, 5, 0, 0, 0, 0, 9, 0, 0]"
521,"[4, 118, 0, 0, 1, 0, 0, 0, 5, 0, 0, 0, 5, 0, 0, 0, 0, 5, 0, 0, 1, 0, 0, 0, 5, 0, 0, 0, 0, 11, 0, 0, 0, 11, 0, 0, 0, 11, 0, 0, 0, 13, 0, 0, 8, 1, 2, 0]"
522,"[7, 0, 0, 0, 3, 0, 0, 0, 4, 89, 0, 0, 5, 0, 0, 0, 0, 5, 0, 0, 7, 0, 0, 0, 7, 0, 0, 0, 0, 11, 0, 0, 8, 1, 2, 0, 1, 0, 0, 0, 4, 9, 0, 0, 6, 12, 0, 0]"
523,"[8, 2, 2, 0, 5, 0, 0, 0, 5, 0, 0, 0, 6, 14, 1, 0, 6, 5, 1, 0, 3, 0, 0, 0, 4, 11, 0, 0, 4, 72, 0, 0, 3, 0, 0, 0, 8, 2, 2, 0, 7, 0, 0, 0, 4, 122, 0, 0]"
524,"[8, 1, 1, 0, 0, 6, 0, 0, 8, 3, 2, 0, 5, 0, 0, 0, 3, 0, 0, 0, 4, 12, 0, 0, 0, 9, 0, 0, 3, 0, 0, 0, 5, 0, 0, 0, 2, 1, 0, 0, 3, 0, 0, 0, 7, 0, 0, 0]"
525,"[2, 1, 0, 0, 6, 14, 0, 0, 1, 0, 0, 0, 4, 39, 0, 0, 3, 0, 0, 0, 2, 1, 0, 0, 1, 0, 0, 0, 5, 0, 0, 0, 5, 0, 0, 0, 0, 13, 0, 0, 0, 14, 0, 0, 7, 0, 0, 0]"
526,"[3, 0, 0, 0, 1, 0, 0, 0, 6, 6, 1, 0, 2, 0, 0, 0, 3, 0, 0, 0, 3, 0, 0, 0, 7, 0, 0, 0, 3, 0, 0, 0, 2, 1, 0, 0, 0, 15, 0, 0, 2, 0, 0, 0, 7, 0, 0, 0]"
527,"[3, 0, 0, 0, 6, 9, 1, 0, 6, 10, 0, 0, 6, 12, 0, 0, 1, 0, 0, 0, 6, 15, 0, 0, 8, 1, 1, 0, 3, 0, 0, 0, 5, 0, 0, 0, 7, 0, 0, 0, 6, 8, 1, 0, 2, 1, 0, 0]"
528,"[0, 14, 1, 0, 8, 1, 2, 0, 0, 7, 1, 0, 7, 0, 0, 0, 1, 0, 0, 0, 6, 15, 0, 0, 3, 0, 0, 0, 7, 0, 0, 0, 5, 0, 0, 0, 6, 15, 0, 0, 7, 0, 0, 0, 0, 9, 1, 0]"
529,"[1, 0, 0, 0, 4, 8, 0, 0, 1, 0, 0, 0, 1, 0, 0, 0, 5, 0, 0, 0, 2, 0, 0, 0, 0, 4, 1, 0, 8, 1, 1, 0, 8, 2, 1, 0, 1, 0, 0, 0, 8, 2, 1, 0, 6, 5, 1, 0]"
530,"[4, 89, 0, 0, 1, 0, 0, 0, 6, 13, 0, 0, 6, 6, 0, 0, 1, 0, 0, 0, 0, 12, 1, 0, 0, 8, 0, 0, 6, 7, 0, 0, 8, 3, 2, 0, 0, 6, 0, 0, 1, 0, 0, 0, 1, 0, 0, 0]"
531,"[1, 0, 0, 0, 1, 0, 0, 0, 1, 0, 0, 0, 2, 1, 0, 0, 6, 5, 0, 0, 3, 0, 0, 0, 0, 15, 0, 0, 2, 1, 0, 0, 6, 14, 0, 0, 6, 6, 0, 0, 0, 15, 0, 0, 2, 0, 0, 0]"
532,"[8, 3, 1, 0, 0, 6, 0, 0, 3, 0, 0, 0, 1, 0, 0, 0, 3, 0, 0, 0, 7, 0, 0, 0, 4, 45, 0, 0, 3, 0, 0, 0, 8, 3, 2, 0, 3, 0, 0, 0, 8, 3, 1, 0, 0, 15, 1, 0]"
533,"[7, 0, 0, 0, 4, 54, 0, 0, 7, 0, 0, 0, 0, 7, 1, 0, 4, 109, 0, 0, 3, 0, 0, 0, 4, 94, 0, 0, 0, 10, 0, 0, 7, 0, 0, 0, 1, 0, 0, 0, 1, 0, 0, 0, 5, 0, 0, 0]"
534,"[5, 0, 0, 0, 0, 7, 0, 0, 0, 4, 1, 0, 7, 0, 0, 0, 4, 121, 0, 0, 4, 29, 0, 0, 2, 0, 0, 0, 6, 12, 0, 0, 6, 11, 0, 0, 8, 3, 2, 0, 0, 5, 1, 0, 3, 0, 0, 0]"
535,"[2, 1, 0, 0, 4, 29, 0, 0, 1, 0, 0, 0, 7, 0, 0, 0, 7, 0, 0, 0, 6, 11, 1, 0, 5, 0, 0, 0, 1, 0, 0, 0, 6, 13, 1, 0, 7, 0, 0, 0, 2, 0, 0, 0, 1, 0, 0, 0]"
536,"[5, 0, 0, 0, 2, 1, 0, 0, 5, 0, 0, 0, 4, 95, 0, 0, 5, 0, 0, 0, 5, 0, 0, 0, 4, 82, 0, 0, 5, 0, 0, 0, 1, 0, 0, 0, 8, 1, 1, 0, 2, 1, 0, 0, 1, 0, 0, 0]"
537,"[1, 0, 0, 0, 3, 0, 0, 0, 8, 2, 2, 0, 7, 0, 0, 0, 1, 0, 0, 0, 2, 0, 0, 0, 2, 1, 0, 0, 8, 3, 2, 0, 2, 0, 0, 0, 7, 0, 0, 0, 1, 0, 0, 0, 8, 3, 2, 0]"
538,"[0, 11, 0, 0, 3, 0, 0, 0, 1, 0, 0, 0, 7, 0, 0, 0, 0, 9, 1, 0, 8, 3, 2, 0, 3, 0, 0, 0, 3, 0, 0, 0, 3, 0, 0, 0, 2, 1, 0, 0, 1, 0, 0, 0, 6, 13, 1, 0]"
539,"[5, 0, 0, 0, 1, 0, 0, 0, 2, 1, 0, 0, 5, 0, 0, 0, 0, 4, 1, 0, 0, 4, 0, 0, 4, 120, 0, 0, 1, 0, 0, 0, 7, 0, 0, 0, 3, 0, 0, 0, 7, 0, 0, 0, 2, 0, 0, 0]"
540,"[0, 12, 0, 0, 6, 15, 1, 0, 1, 0, 0, 0, 2, 1, 0, 0, 2, 0, 0, 0, 3, 0, 0, 0, 3, 0, 0, 0, 0, 14, 1, 0, 8, 3, 1, 0, 8, 3, 2, 0, 8, 3, 1, 0, 7, 0, 0, 0]"
541,"[6, 4, 0, 0, 2, 1, 0, 0, 8, 1, 2, 0, 8, 2, 1, 0, 4, 110, 0, 0, 3, 0, 0, 0, 1, 0, 0, 0, 4, 92, 0, 0, 8, 1, 2, 0, 7, 0, 0, 0, 3, 0, 0, 0, 6, 14, 0, 0]"
542,"[4, 78, 0, 0, 1, 0, 0, 0, 3, 0, 0, 0, 1, 0, 0, 0, 0, 14, 1, 0, 0, 11, 0, 0, 1, 0, 0, 0, 0, 15, 1, 0, 0, 7, 0, 0, 6, 5, 1, 0, 5, 0, 0, 0, 0, 11, 0, 0]"
543,"[1, 0, 0, 0, 4, 123, 0, 0, 1, 0, 0, 0, 8, 2, 2, 0, 8, 3, 2, 0, 8, 2, 2, 0, 0, 7, 0, 0, 8, 2, 2, 0, 8, 3, 1, 0, 5, 0, 0, 0, 1, 0, 0, 0, 1, 0, 0, 0]"
544,"[8, 2, 2, 0, 8, 2, 2, 0, 0, 7, 1, 0, 8, 3, 1, 0, 6, 7, 1, 0, 2, 0, 0, 0, 6, 9, 1, 0, 5, 0, 0, 0, 7, 0, 0, 0, 5, 0, 0, 0, 7, 0, 0, 0, 2, 0, 0, 0]"
545,"[3, 0, 0, 0, 7, 0, 0, 0, 4, 35, 0, 0, 3, 0, 0, 0, 2, 1, 0, 0, 6, 14, 1, 0, 6, 11, 1, 0, 2, 0, 0, 0, 8, 2, 1, 0, 8, 2, 2, 0, 6, 5, 0, 0, 4, 4, 0, 0]"
546,"[0, 13, 1, 0, 0, 6, 0, 0, 7, 0, 0, 0, 4, 80, 0, 0, 0, 13, 1, 0, 3, 0, 0, 0, 7, 0, 0, 0, 4, 122, 0, 0, 8, 3, 1, 0, 4, 58, 0, 0, 1, 0, 0, 0, 6, 5, 0, 0]"
547,"[8, 2, 1, 0, 0, 11, 1, 0, 1, 0, 0, 0, 7, 0, 0, 0, 3, 0, 0, 0, 8, 3, 1, 0, 6, 15, 0, 0, 2, 0, 0, 0, 3, 0, 0, 0, 6, 8, 1, 0, 6, 9, 0, 0, 2, 1, 0, 0]"
548,"[0, 11, 0, 0, 6, 14, 0, 0, 1, 0, 0, 0, 4, 87, 0, 0, 5, 0, 0, 0, 7, 0, 0, 0, 2, 1, 0, 0, 5, 0, 0, 0, 1, 0, 0, 0, 2, 0, 0, 0, 8, 1, 1, 0, 2, 1, 0, 0]"
549,"[3, 0, 0, 0, 0, 14, 1, 0, 2, 0, 0, 0, 0, 6, 0, 0, 8, 2, 2, 0, 1, 0, 0, 0, 7, 0, 0, 0, 0, 4, 0, 0, 3, 0, 0, 0, 1, 0, 0, 0, 4, 69, 0, 0, 1, 0, 0, 0]"
550,"[7, 0, 0, 0, 0, 5, 0, 0, 6, 5, 1, 0, 7, 0, 0, 0, 1, 0, 0, 0, 5, 0, 0, 0, 7, 0, 0, 0, 6, 13, 0, 0, 8, 1, 1, 0, 8, 3, 2, 0, 7, 0, 0, 0, 4, 33, 0, 0]"
551,"[1, 0, 0, 0, 3, 0, 0, 0, 6, 10, 1, 0, 0, 15, 0, 0, 5, 0, 0, 0, 6, 12, 1, 0, 8, 3, 2, 0, 5, 0, 0, 0, 4, 100, 0, 0, 8, 1, 1, 0, 3, 0, 0, 0, 0, 12, 1, 0]"
552,"[4, 60, 0, 0, 1, 0, 0, 0, 0, 13, 0, 0, 0, 6, 0, 0, 7, 0, 0, 0, 2, 0, 0, 0, 7, 0, 0, 0, 4, 108, 0, 0, 1, 0, 0, 0, 6, 6, 1, 0, 8, 2, 2, 0, 1, 0, 0, 0]"
553,"[8, 1, 1, 0, 1, 0, 0, 0, 0, 13, 0, 0, 4, 47, 0, 0, 0, 8, 1, 0, 6, 15, 0, 0, 2, 1, 0, 0, 7, 0, 0, 0, 6, 5, 1, 0, 2, 1, 0, 0, 7, 0, 0, 0, 0, 8, 0, 0]"
554,"[4, 96, 0, 0, 6, 5, 0, 0, 7, 0, 0, 0, 5, 0, 0, 0, 8, 2, 1, 0, 1, 0, 0, 0, 3, 0, 0, 0, 7, 0, 0, 0, 0, 6, 0, 0, 3, 0, 0, 0, 5, 0, 0, 0, 2, 1, 0, 0]"
555,"[5, 0, 0, 0, 0, 11, 1, 0, 6, 15, 1, 0, 1, 0, 0, 0, 6, 6, 1, 0, 0, 5, 0, 0, 3, 0, 0, 0, 7, 0, 0, 0, 3, 0, 0, 0, 0, 15, 0, 0, 8, 3, 1, 0, 8, 1, 2, 0]"
556,"[0, 8, 0, 0, 4, 79, 0, 0, 8, 3, 1, 0, 2, 1, 0, 0, 3, 0, 0, 0, 4, 120, 0, 0, 0, 10, 1, 0, 4, 49, 0, 0, 2, 0, 0, 0, 3, 0, 0, 0, 7, 0, 0, 0, 7, 0, 0, 0]"
557,"[0, 11, 0, 0, 8, 3, 1, 0, 6, 8, 1, 0, 1, 0, 0, 0, 2, 0, 0, 0, 5, 0, 0, 0, 3, 0, 0, 0, 8, 3, 2, 0, 5, 0, 0, 0, 7, 0, 0, 0, 4, 24, 0, 0, 6, 14, 0, 0]"
558,"[4, 56, 0, 0, 8, 3, 2, 0, 2, 1, 0, 0, 3, 0, 0, 0, 8, 3, 2, 0, 0, 5, 0, 0, 6, 9, 0, 0, 5, 0, 0, 0, 7, 0, 0, 0, 3, 0, 0, 0, 6, 5, 1, 0, 3, 0, 0, 0]"
559,"[8, 3, 2, 0, 3, 0, 0, 0, 7, 0, 0, 0, 8, 3, 2, 0, 7, 0, 0, 0, 3, 0, 0, 0, 6, 15, 0, 0, 1, 0, 0, 0, 5, 0, 0, 0, 8, 2, 2, 0, 4, 38, 0, 0, 1, 0, 0, 0]"
560,"[7, 0, 0, 0, 8, 2, 1, 0, 7, 0, 0, 0, 8, 1, 1, 0, 8, 1, 2, 0, 0, 9, 1, 0, 5, 0, 0, 0, 8, 1, 1, 0, 5, 0, 0, 0, 3, 0, 0, 0, 2, 0, 0, 0, 8, 1, 1, 0]"
561,"[8, 2, 1, 0, 0, 13, 1, 0, 1, 0, 0, 0, 0, 4, 1, 0, 2, 0, 0, 0, 6, 4, 0, 0, 4, 27, 0, 0, 0, 7, 0, 0, 1, 0, 0, 0, 7, 0, 0, 0, 2, 0, 0, 0, 7, 0, 0, 0]"
562,"[5, 0, 0, 0, 4, 79, 0, 0, 0, 12, 1, 0, 2, 1, 0, 0, 3, 0, 0, 0, 3, 0, 0, 0, 2, 1, 0, 0, 6, 10, 1, 0, 5, 0, 0, 0, 5, 0, 0, 0, 3, 0, 0, 0, 6, 7, 0, 0]"
563,"[8, 1, 1, 0, 5, 0, 0, 0, 0, 10, 1, 0, 8, 1, 1, 0, 6, 15, 0, 0, 3, 0, 0, 0, 3, 0, 0, 0, 1, 0, 0, 0, 7, 0, 0, 0, 7, 0, 0, 0, 1, 0, 0, 0, 0, 8, 1, 0]"
564,"[2, 1, 0, 0, 8, 2, 1, 0, 4, 124, 0, 0, 1, 0, 0, 0, 7, 0, 0, 0, 8, 1, 1, 0, 7, 0, 0, 0, 1, 0, 0, 0, 7, 0, 0, 0, 4, 5, 0, 0, 6, 8, 1, 0, 1, 0, 0, 0]"
565,"[3, 0, 0, 0, 0, 6, 1, 0, 7, 0, 0, 0, 6, 15, 1, 0, 4, 90, 0, 0, 5, 0, 0, 0, 8, 3, 1, 0, 0, 11, 1, 0, 1, 0, 0, 0, 1, 0, 0, 0, 7, 0, 0, 0, 1, 0, 0, 0]"
566,"[4, 115, 0, 0, 1, 0, 0, 0, 6, 11, 0, 0, 3, 0, 0, 0, 5, 0, 0, 0, 7, 0, 0, 0, 8, 2, 2, 0, 6, 8, 0, 0, 4, 14, 0, 0, 0, 7, 1, 0, 2, 1, 0, 0, 3, 0, 0, 0]"
567,"[4, 44, 0, 0, 1, 0, 0, 0, 3, 0, 0, 0, 2, 1, 0, 0, 4, 9, 0, 0, 2, 1, 0, 0, 7, 0, 0, 0, 2, 0, 0, 0, 6, 9, 1, 0, 6, 14, 1, 0, 0, 13, 1, 0, 5, 0, 0, 0]"
568,"[5, 0, 0, 0, 0, 5, 1, 0, 4, 31, 0, 0, 4, 16, 0, 0, 0, 11, 1, 0, 8, 3, 2, 0, 6, 11, 1, 0, 6, 13, 0, 0, 3, 0, 0, 0, 8, 3, 1, 0, 4, 58, 0, 0, 0, 13, 1, 0]"
569,"[1, 0, 0, 0, 6, 8, 1, 0, 8, 2, 1, 0, 3, 0, 0, 0, 7, 0, 0, 0, 3, 0, 0, 0, 0, 11, 1, 0, 1, 0, 0, 0, 7, 0, 0, 0, 7, 0, 0, 0, 4, 27, 0, 0, 8, 3, 2, 0]"
570,"[0, 8, 1, 0, 1, 0, 0, 0, 4, 54, 0, 0, 6, 6, 0, 0, 8, 3, 1, 0, 3, 0, 0, 0, 6, 6, 1, 0, 6, 15, 1, 0, 5, 0, 0, 0, 4, 103, 0, 0, 4, 41, 0, 0, 5, 0, 0, 0]"
571,"[6, 14, 1, 0, 2, 1, 0, 0, 3, 0, 0, 0, 3, 0, 0, 0, 2, 0, 0, 0, 8, 1, 1, 0, 1, 0, 0, 0, 6, 15, 1, 0, 4, 3, 0, 0, 8, 1, 1, 0, 4, 16, 0, 0, 6, 5, 0, 0]"
572,"[0, 6, 1, 0, 7, 0, 0, 0, 5, 0, 0, 0, 3, 0, 0, 0, 3, 0, 0, 0, 8, 3, 2, 0, 4, 8, 0, 0, 6, 9, 1, 0, 1, 0, 0, 0, 5, 0, 0, 0, 4, 58, 0, 0, 3, 0, 0, 0]"
573,"[4, 104, 0, 0, 1, 0, 0, 0, 5, 0, 0, 0, 8, 2, 1, 0, 1, 0, 0, 0, 1, 0, 0, 0, 0, 15, 0, 0, 1, 0, 0, 0, 1, 0, 0, 0, 5, 0, 0, 0, 7, 0, 0, 0, 6, 7, 0, 0]"
574,"[0, 12, 0, 0, 5, 0, 0, 0, 6, 15, 0, 0, 7, 0, 0, 0, 5, 0, 0, 0, 0, 5, 1, 0, 4, 10, 0, 0, 5, 0, 0, 0, 7, 0, 0, 0, 6, 13, 1, 0, 2, 1, 0, 0, 7, 0, 0, 0]"
575,"[4, 47, 0, 0, 6, 5, 1, 0, 0, 4, 0, 0, 5, 0, 0, 0, 1, 0, 0, 0, 6, 12, 1, 0, 6, 6, 1, 0, 4, 58, 0, 0, 7, 0, 0, 0, 3, 0, 0, 0, 0, 12, 0, 0, 1, 0, 0, 0]"
576,"[1, 0, 0, 0, 6, 4, 0, 0, 3, 0, 0, 0, 4, 13, 0, 0, 2, 1, 0, 0, 6, 11, 0, 0, 2, 1, 0, 0, 2, 1, 0, 0, 5, 0, 0, 0, 8, 1, 2, 0, 1, 0, 0, 0, 8, 3, 1, 0]"
577,"[4, 13, 0, 0, 0, 8, 0, 0, 6, 6, 1, 0, 1, 0, 0, 0, 2, 1, 0, 0, 7, 0, 0, 0, 3, 0, 0, 0, 1, 0, 0, 0, 3, 0, 0, 0, 3, 0, 0, 0, 8, 2, 2, 0, 3, 0, 0, 0]"
578,"[0, 9, 0, 0, 6, 10, 1, 0, 7, 0, 0, 0, 3, 0, 0, 0, 7, 0, 0, 0, 6, 9, 1, 0, 2, 0, 0, 0, 3, 0, 0, 0, 1, 0, 0, 0, 0, 4, 0, 0, 6, 8, 0, 0, 7, 0, 0, 0]"
579,"[8, 3, 2, 0, 4, 95, 0, 0, 6, 7, 1, 0, 8, 3, 1, 0, 5, 0, 0, 0, 3, 0, 0, 0, 2, 1, 0, 0, 4, 111, 0, 0, 8, 2, 2, 0, 4, 36, 0, 0, 6, 9, 0, 0, 2, 0, 0, 0]"
580,"[0, 7, 0, 0, 8, 2, 2, 0, 7, 0, 0, 0, 1, 0, 0, 0, 5, 0, 0, 0, 0, 7, 0, 0, 7, 0, 0, 0, 4, 15, 0, 0, 7, 0, 0, 0, 8, 1, 2, 0, 8, 3, 2, 0, 0, 15, 0, 0]"
581,"[0, 9, 1, 0, 2, 0, 0, 0, 2, 1, 0, 0, 0, 8, 0, 0, 5, 0, 0, 0, 5, 0, 0, 0, 0, 8, 1, 0, 7, 0, 0, 0, 6, 7, 1, 0, 3, 0, 0, 0, 5, 0, 0, 0, 2, 1, 0, 0]"
582,"[6, 8, 1, 0, 2, 0, 0, 0, 0, 11, 0, 0, 7, 0, 0, 0, 2, 0, 0, 0, 6, 8, 0, 0, 3, 0, 0, 0, 0, 15, 1, 0, 4, 72, 0, 0, 6, 11, 0, 0, 4, 46, 0, 0, 0, 9, 0, 0]"
583,"[4, 112, 0, 0, 0, 9, 0, 0, 4, 88, 0, 0, 0, 6, 0, 0, 3, 0, 0, 0, 6, 14, 1, 0, 1, 0, 0, 0, 0, 11, 1, 0, 0, 12, 0, 0, 2, 0, 0, 0, 2, 0, 0, 0, 7, 0, 0, 0]"
584,"[4, 29, 0, 0, 2, 0, 0, 0, 2, 0, 0, 0, 2, 1, 0, 0, 3, 0, 0, 0, 7, 0, 0, 0, 2, 0, 0, 0, 5, 0, 0, 0, 6, 10, 1, 0, 1, 0, 0, 0, 6, 12, 0, 0, 2, 1, 0, 0]"
585,"[7, 0, 0, 0, 6, 10, 0, 0, 7, 0, 0, 0, 6, 11, 0, 0, 6, 4, 0, 0, 0, 6, 0, 0, 5, 0, 0, 0, 2, 0, 0, 0, 6, 11, 0, 0, 8, 3, 1, 0, 1, 0, 0, 0, 1, 0, 0, 0]"
586,"[6, 12, 0, 0, 6, 11, 1, 0, 2, 0, 0, 0, 7, 0, 0, 0, 3, 0, 0, 0, 1, 0, 0, 0, 1, 0, 0, 0, 7, 0, 0, 0, 7, 0, 0, 0, 4, 23, 0, 0, 0, 9, 0, 0, 0, 12, 0, 0]"
587,"[1, 0, 0, 0, 3, 0, 0, 0, 2, 0, 0, 0, 7, 0, 0, 0, 7, 0, 0, 0, 2, 1, 0, 0, 1, 0, 0, 0, 5, 0, 0, 0, 8, 2, 2, 0, 3, 0, 0, 0, 1, 0, 0, 0, 7, 0, 0, 0]"
588,"[6, 15, 1, 0, 7, 0, 0, 0, 0, 15, 1, 0, 2, 1, 0, 0, 2, 1, 0, 0, 6, 15, 0, 0, 4, 68, 0, 0, 6, 8, 0, 0, 3, 0, 0, 0, 1, 0, 0, 0, 2, 0, 0, 0, 2, 0, 0, 0]"
589,"[0, 14, 0, 0, 5, 0, 0, 0, 4, 60, 0, 0, 6, 8, 1, 0, 0, 14, 0, 0, 2, 1, 0, 0, 0, 13, 1, 0, 3, 0, 0, 0, 5, 0, 0, 0, 1, 0, 0, 0, 5, 0, 0, 0, 6, 14, 0, 0]"
590,"[3, 0, 0, 0, 7, 0, 0, 0, 8, 2, 1, 0, 0, 14, 1, 0, 2, 0, 0, 0, 1, 0, 0, 0, 0, 14, 1, 0, 2, 0, 0, 0, 3, 0, 0, 0, 4, 54, 0, 0, 2, 1, 0, 0, 4, 37, 0, 0]"
591,"[7, 0, 0, 0, 3, 0, 0, 0, 8, 2, 1, 0, 0, 11, 1, 0, 5, 0, 0, 0, 0, 5, 1, 0, 0, 8, 0, 0, 5, 0, 0, 0, 0, 14, 0, 0, 6, 4, 0, 0, 6, 15, 1, 0, 3, 0, 0, 0]"
592,"[5, 0, 0, 0, 6, 11, 1, 0, 8, 1, 1, 0, 8, 3, 1, 0, 2, 1, 0, 0, 8, 3, 2, 0, 7, 0, 0, 0, 3, 0, 0, 0, 7, 0, 0, 0, 4, 77, 0, 0, 7, 0, 0, 0, 5, 0, 0, 0]"
593,"[7, 0, 0, 0, 3, 0, 0, 0, 0, 8, 0, 0, 6, 7, 1, 0, 6, 7, 0, 0, 5, 0, 0, 0, 3, 0, 0, 0, 5, 0, 0, 0, 7, 0, 0, 0, 8, 3, 1, 0, 4, 118, 0, 0, 2, 1, 0, 0]"
594,"[2, 1, 0, 0, 7, 0, 0, 0, 6, 11, 0, 0, 1, 0, 0, 0, 3, 0, 0, 0, 5, 0, 0, 0, 7, 0, 0, 0, 4, 121, 0, 0, 4, 85, 0, 0, 3, 0, 0, 0, 5, 0, 0, 0, 7, 0, 0, 0]"
595,"[6, 11, 0, 0, 0, 5, 1, 0, 7, 0, 0, 0, 7, 0, 0, 0, 7, 0, 0, 0, 5, 0, 0, 0, 1, 0, 0, 0, 3, 0, 0, 0, 7, 0, 0, 0, 7, 0, 0, 0, 0, 8, 1, 0, 6, 9, 1, 0]"
596,"[0, 15, 0, 0, 2, 0, 0, 0, 6, 9, 0, 0, 6, 11, 0, 0, 6, 12, 0, 0, 4, 95, 0, 0, 8, 1, 1, 0, 4, 65, 0, 0, 7, 0, 0, 0, 2, 0, 0, 0, 8, 1, 2, 0, 1, 0, 0, 0]"
597,"[2, 0, 0, 0, 6, 14, 1, 0, 0, 9, 0, 0, 6, 6, 1, 0, 3, 0, 0, 0, 4, 6, 0, 0, 2, 0, 0, 0, 4, 17, 0, 0, 0, 8, 0, 0, 2, 1, 0, 0, 6, 15, 0, 0, 6, 11, 1, 0]"
598,"[1, 0, 0, 0, 2, 1, 0, 0, 3, 0, 0, 0, 3, 0, 0, 0, 6, 13, 0, 0, 0, 9, 0, 0, 1, 0, 0, 0, 7, 0, 0, 0, 6, 7, 0, 0, 6, 13, 1, 0, 2, 0, 0, 0, 5, 0, 0, 0]"
599,"[4, 2, 0, 0, 3, 0, 0, 0, 3, 0, 0, 0, 1, 0, 0, 0, 0, 5, 1, 0, 6, 6, 0, 0, 6, 7, 1, 0, 6, 10, 0, 0, 7, 0, 0, 0, 3, 0, 0, 0, 7, 0, 0, 0, 3, 0, 0, 0]"
600,"[0, 9, 1, 0, 3, 0, 0, 0, 0, 9, 0, 0, 7, 0, 0, 0, 7, 0, 0, 0, 7, 0, 0, 0, 8, 2, 2, 0, 3, 0, 0, 0, 5, 0, 0, 0, 4, 36, 0, 0, 5, 0, 0, 0, 1, 0, 0, 0]"
601,"[4, 2, 0, 0, 2, 1, 0, 0, 5, 0, 0, 0, 3, 0, 0, 0, 7, 0, 0, 0, 7, 0, 0, 0, 4, 116, 0, 0, 6, 7, 0, 0, 4, 94, 0, 0, 1, 0, 0, 0, 3, 0, 0, 0, 2, 1, 0, 0]"
602,"[1, 0, 0, 0, 3, 0, 0, 0, 6, 14, 0, 0, 0, 12, 1, 0, 5, 0, 0, 0, 3, 0, 0, 0, 3, 0, 0, 0, 1, 0, 0, 0, 4, 46, 0, 0, 0, 7, 1, 0, 4, 11, 0, 0, 8, 3, 2, 0]"
603,"[4, 52, 0, 0, 8, 1, 2, 0, 4, 2, 0, 0, 7, 0, 0, 0, 6, 15, 0, 0, 4, 85, 0, 0, 0, 5, 0, 0, 1, 0, 0, 0, 3, 0, 0, 0, 1, 0, 0, 0, 4, 62, 0, 0, 0, 6, 0, 0]"
604,"[7, 0, 0, 0, 5, 0, 0, 0, 1, 0, 0, 0, 4, 22, 0, 0, 5, 0, 0, 0, 3, 0, 0, 0, 4, 99, 0, 0, 3, 0, 0, 0, 7, 0, 0, 0, 6, 9, 1, 0, 3, 0, 0, 0, 5, 0, 0, 0]"
605,"[0, 10, 0, 0, 0, 8, 0, 0, 5, 0, 0, 0, 7, 0, 0, 0, 8, 1, 1, 0, 5, 0, 0, 0, 1, 0, 0, 0, 4, 12, 0, 0, 4, 119, 0, 0, 0, 5, 1, 0, 6, 8, 0, 0, 5, 0, 0, 0]"
606,"[3, 0, 0, 0, 8, 1, 1, 0, 0, 14, 1, 0, 3, 0, 0, 0, 3, 0, 0, 0, 1, 0, 0, 0, 1, 0, 0, 0, 1, 0, 0, 0, 4, 91, 0, 0, 5, 0, 0, 0, 2, 0, 0, 0, 1, 0, 0, 0]"
607,"[6, 14, 1, 0, 2, 1, 0, 0, 6, 6, 0, 0, 5, 0, 0, 0, 1, 0, 0, 0, 1, 0, 0, 0, 1, 0, 0, 0, 8, 2, 2, 0, 4, 69, 0, 0, 6, 8, 1, 0, 2, 1, 0, 0, 3, 0, 0, 0]"
608,"[7, 0, 0, 0, 1, 0, 0, 0, 7, 0, 0, 0, 2, 1, 0, 0, 4, 14, 0, 0, 7, 0, 0, 0, 7, 0, 0, 0, 6, 11, 0, 0, 7, 0, 0, 0, 7, 0, 0, 0, 5, 0, 0, 0, 7, 0, 0, 0]"
609,"[5, 0, 0, 0, 7, 0, 0, 0, 3, 0, 0, 0, 4, 126, 0, 0, 1, 0, 0, 0, 1, 0, 0, 0, 8, 3, 1, 0, 5, 0, 0, 0, 7, 0, 0, 0, 3, 0, 0, 0, 3, 0, 0, 0, 4, 108, 0, 0]"
610,"[0, 13, 1, 0, 3, 0, 0, 0, 6, 11, 1, 0, 4, 113, 0, 0, 1, 0, 0, 0, 8, 2, 1, 0, 2, 0, 0, 0, 7, 0, 0, 0, 7, 0, 0, 0, 4, 86, 0, 0, 1, 0, 0, 0, 4, 3, 0, 0]"
611,"[2, 1, 0, 0, 7, 0, 0, 0, 4, 31, 0, 0, 7, 0, 0, 0, 6, 6, 0, 0, 6, 7, 1, 0, 6, 7, 0, 0, 7, 0, 0, 0, 7, 0, 0, 0, 5, 0, 0, 0, 7, 0, 0, 0, 2, 1, 0, 0]"
612,"[4, 115, 0, 0, 3, 0, 0, 0, 6, 7, 0, 0, 7, 0, 0, 0, 6, 8, 1, 0, 1, 0, 0, 0, 5, 0, 0, 0, 2, 0, 0, 0, 4, 113, 0, 0, 2, 0, 0, 0, 1, 0, 0, 0, 1, 0, 0, 0]"
613,"[4, 32, 0, 0, 1, 0, 0, 0, 4, 1, 0, 0, 8, 2, 2, 0, 7, 0, 0, 0, 3, 0, 0, 0, 5, 0, 0, 0, 8, 2, 1, 0, 3, 0, 0, 0, 7, 0, 0, 0, 2, 1, 0, 0, 0, 10, 1, 0]"
614,"[3, 0, 0, 0, 4, 36, 0, 0, 4, 3, 0, 0, 4, 119, 0, 0, 0, 10, 1, 0, 0, 5, 0, 0, 6, 9, 0, 0, 3, 0, 0, 0, 4, 72, 0, 0, 3, 0, 0, 0, 5, 0, 0, 0, 8, 1, 2, 0]"
615,"[6, 8, 0, 0, 5, 0, 0, 0, 4, 11, 0, 0, 1, 0, 0, 0, 7, 0, 0, 0, 7, 0, 0, 0, 3, 0, 0, 0, 7, 0, 0, 0, 8, 2, 2, 0, 2, 0, 0, 0, 1, 0, 0, 0, 4, 67, 0, 0]"
616,"[6, 8, 0, 0, 2, 0, 0, 0, 6, 11, 1, 0, 8, 1, 2, 0, 8, 1, 1, 0, 4, 37, 0, 0, 1, 0, 0, 0, 3, 0, 0, 0, 5, 0, 0, 0, 7, 0, 0, 0, 3, 0, 0, 0, 0, 11, 1, 0]"
617,"[2, 0, 0, 0, 3, 0, 0, 0, 5, 0, 0, 0, 2, 0, 0, 0, 3, 0, 0, 0, 4, 10, 0, 0, 1, 0, 0, 0, 8, 1, 1, 0, 7, 0, 0, 0, 8, 3, 1, 0, 1, 0, 0, 0, 0, 4, 1, 0]"
618,"[5, 0, 0, 0, 4, 14, 0, 0, 4, 94, 0, 0, 4, 91, 0, 0, 7, 0, 0, 0, 8, 3, 2, 0, 6, 15, 0, 0, 2, 0, 0, 0, 0, 5, 0, 0, 6, 4, 0, 0, 5, 0, 0, 0, 2, 1, 0, 0]"
619,"[8, 1, 1, 0, 5, 0, 0, 0, 4, 63, 0, 0, 0, 6, 0, 0, 6, 8, 0, 0, 2, 0, 0, 0, 7, 0, 0, 0, 6, 6, 0, 0, 1, 0, 0, 0, 2, 0, 0, 0, 4, 12, 0, 0, 4, 53, 0, 0]"
620,"[2, 1, 0, 0, 5, 0, 0, 0, 4, 103, 0, 0, 6, 6, 1, 0, 4, 115, 0, 0, 4, 52, 0, 0, 1, 0, 0, 0, 1, 0, 0, 0, 3, 0, 0, 0, 1, 0, 0, 0, 3, 0, 0, 0, 8, 3, 1, 0]"
621,"[1, 0, 0, 0, 5, 0, 0, 0, 7, 0, 0, 0, 5, 0, 0, 0, 4, 108, 0, 0, 0, 11, 1, 0, 4, 56, 0, 0, 3, 0, 0, 0, 0, 10, 1, 0, 5, 0, 0, 0, 6, 12, 0, 0, 8, 3, 1, 0]"
622,"[0, 5, 0, 0, 6, 10, 0, 0, 0, 7, 0, 0, 5, 0, 0, 0, 2, 0, 0, 0, 2, 1, 0, 0, 8, 2, 1, 0, 2, 0, 0, 0, 0, 7, 1, 0, 2, 0, 0, 0, 7, 0, 0, 0, 6, 7, 0, 0]"
623,"[5, 0, 0, 0, 1, 0, 0, 0, 8, 2, 1, 0, 7, 0, 0, 0, 6, 5, 0, 0, 0, 8, 1, 0, 0, 8, 1, 0, 2, 0, 0, 0, 4, 80, 0, 0, 1, 0, 0, 0, 5, 0, 0, 0, 8, 1, 2, 0]"
624,"[0, 7, 0, 0, 3, 0, 0, 0, 4, 88, 0, 0, 2, 1, 0, 0, 4, 94, 0, 0, 0, 5, 0, 0, 2, 1, 0, 0, 0, 6, 0, 0, 6, 15, 1, 0, 5, 0, 0, 0, 6, 9, 1, 0, 1, 0, 0, 0]"
625,"[4, 46, 0, 0, 6, 12, 0, 0, 7, 0, 0, 0, 4, 75, 0, 0, 7, 0, 0, 0, 2, 1, 0, 0, 4, 42, 0, 0, 0, 10, 0, 0, 6, 11, 1, 0, 1, 0, 0, 0, 7, 0, 0, 0, 7, 0, 0, 0]"
626,"[2, 0, 0, 0, 8, 1, 2, 0, 4, 51, 0, 0, 1, 0, 0, 0, 1, 0, 0, 0, 7, 0, 0, 0, 5, 0, 0, 0, 7, 0, 0, 0, 7, 0, 0, 0, 6, 8, 1, 0, 4, 64, 0, 0, 1, 0, 0, 0]"
627,"[7, 0, 0, 0, 6, 11, 0, 0, 3, 0, 0, 0, 1, 0, 0, 0, 8, 3, 2, 0, 7, 0, 0, 0, 4, 89, 0, 0, 5, 0, 0, 0, 5, 0, 0, 0, 5, 0, 0, 0, 8, 3, 2, 0, 8, 3, 2, 0]"
628,"[4, 100, 0, 0, 2, 1, 0, 0, 0, 8, 1, 0, 8, 2, 2, 0, 2, 1, 0, 0, 2, 0, 0, 0, 8, 2, 2, 0, 2, 0, 0, 0, 1, 0, 0, 0, 7, 0, 0, 0, 4, 49, 0, 0, 8, 3, 2, 0]"
629,"[7, 0, 0, 0, 4, 95, 0, 0, 7, 0, 0, 0, 0, 12, 1, 0, 2, 1, 0, 0, 4, 97, 0, 0, 8, 3, 2, 0, 6, 10, 1, 0, 6, 6, 1, 0, 6, 7, 1, 0, 8, 2, 1, 0, 7, 0, 0, 0]"
630,"[2, 1, 0, 0, 1, 0, 0, 0, 6, 4, 1, 0, 2, 0, 0, 0, 8, 2, 1, 0, 4, 39, 0, 0, 7, 0, 0, 0, 5, 0, 0, 0, 8, 1, 1, 0, 3, 0, 0, 0, 5, 0, 0, 0, 6, 13, 0, 0]"
631,"[0, 14, 1, 0, 7, 0, 0, 0, 3, 0, 0, 0, 0, 9, 1, 0, 1, 0, 0, 0, 5, 0, 0, 0, 5, 0, 0, 0, 6, 12, 1, 0, 4, 107, 0, 0, 3, 0, 0, 0, 3, 0, 0, 0, 5, 0, 0, 0]"
632,"[1, 0, 0, 0, 8, 1, 2, 0, 3, 0, 0, 0, 6, 15, 0, 0, 1, 0, 0, 0, 7, 0, 0, 0, 0, 14, 0, 0, 4, 32, 0, 0, 2, 0, 0, 0, 4, 45, 0, 0, 1, 0, 0, 0, 8, 2, 2, 0]"
633,"[8, 2, 1, 0, 1, 0, 0, 0, 0, 9, 0, 0, 5, 0, 0, 0, 5, 0, 0, 0, 7, 0, 0, 0, 0, 15, 1, 0, 8, 1, 2, 0, 4, 52, 0, 0, 5, 0, 0, 0, 1, 0, 0, 0, 3, 0, 0, 0]"
634,"[3, 0, 0, 0, 1, 0, 0, 0, 8, 2, 2, 0, 5, 0, 0, 0, 7, 0, 0, 0, 8, 1, 2, 0, 7, 0, 0, 0, 6, 12, 0, 0, 0, 6, 1, 0, 3, 0, 0, 0, 7, 0, 0, 0, 1, 0, 0, 0]"
635,"[6, 12, 0, 0, 4, 19, 0, 0, 6, 13, 0, 0, 7, 0, 0, 0, 2, 0, 0, 0, 3, 0, 0, 0, 5, 0, 0, 0, 3, 0, 0, 0, 4, 57, 0, 0, 8, 2, 1, 0, 2, 1, 0, 0, 5, 0, 0, 0]"
636,"[7, 0, 0, 0, 7, 0, 0, 0, 3, 0, 0, 0, 1, 0, 0, 0, 1, 0, 0, 0, 7, 0, 0, 0, 5, 0, 0, 0, 2, 1, 0, 0, 4, 85, 0, 0, 5, 0, 0, 0, 6, 5, 1, 0, 5, 0, 0, 0]"
637,"[6, 10, 0, 0, 1, 0, 0, 0, 7, 0, 0, 0, 2, 0, 0, 0, 8, 3, 2, 0, 7, 0, 0, 0, 4, 106, 0, 0, 0, 6, 1, 0, 7, 0, 0, 0, 7, 0, 0, 0, 0, 4, 0, 0, 0, 9, 0, 0]"
638,"[8, 2, 1, 0, 5, 0, 0, 0, 5, 0, 0, 0, 5, 0, 0, 0, 0, 14, 1, 0, 5, 0, 0, 0, 0, 14, 0, 0, 2, 0, 0, 0, 2, 0, 0, 0, 5, 0, 0, 0, 5, 0, 0, 0, 5, 0, 0, 0]"
639,"[7, 0, 0, 0, 8, 2, 1, 0, 3, 0, 0, 0, 7, 0, 0, 0, 0, 15, 1, 0, 4, 8, 0, 0, 0, 5, 1, 0, 0, 13, 1, 0, 1, 0, 0, 0, 8, 1, 1, 0, 8, 1, 2, 0, 3, 0, 0, 0]"
640,"[3, 0, 0, 0, 0, 13, 0, 0, 8, 2, 1, 0, 6, 7, 1, 0, 1, 0, 0, 0, 7, 0, 0, 0, 0, 5, 0, 0, 2, 0, 0, 0, 8, 2, 1, 0, 5, 0, 0, 0, 6, 12, 0, 0, 5, 0, 0, 0]"
641,"[1, 0, 0, 0, 8, 1, 1, 0, 3, 0, 0, 0, 7, 0, 0, 0, 4, 29, 0, 0, 7, 0, 0, 0, 3, 0, 0, 0, 8, 2, 1, 0, 4, 13, 0, 0, 5, 0, 0, 0, 6, 10, 1, 0, 6, 12, 1, 0]"
642,"[0, 15, 1, 0, 1, 0, 0, 0, 7, 0, 0, 0, 7, 0, 0, 0, 5, 0, 0, 0, 6, 6, 0, 0, 6, 12, 1, 0, 7, 0, 0, 0, 8, 2, 1, 0, 8, 2, 2, 0, 8, 3, 2, 0, 8, 1, 2, 0]"
643,"[4, 19, 0, 0, 4, 19, 0, 0, 8, 1, 1, 0, 0, 8, 0, 0, 8, 2, 2, 0, 3, 0, 0, 0, 5, 0, 0, 0, 5, 0, 0, 0, 2, 1, 0, 0, 5, 0, 0, 0, 8, 1, 2, 0, 1, 0, 0, 0]"
644,"[2, 0, 0, 0, 4, 22, 0, 0, 3, 0, 0, 0, 4, 110, 0, 0, 5, 0, 0, 0, 7, 0, 0, 0, 4, 105, 0, 0, 2, 1, 0, 0, 4, 47, 0, 0, 3, 0, 0, 0, 6, 9, 0, 0, 4, 56, 0, 0]"
645,"[5, 0, 0, 0, 5, 0, 0, 0, 7, 0, 0, 0, 2, 1, 0, 0, 4, 94, 0, 0, 7, 0, 0, 0, 0, 13, 1, 0, 7, 0, 0, 0, 6, 14, 1, 0, 0, 8, 0, 0, 6, 6, 0, 0, 2, 0, 0, 0]"
646,"[3, 0, 0, 0, 7, 0, 0, 0, 1, 0, 0, 0, 5, 0, 0, 0, 1, 0, 0, 0, 7, 0, 0, 0, 5, 0, 0, 0, 2, 0, 0, 0, 3, 0, 0, 0, 3, 0, 0, 0, 2, 1, 0, 0, 3, 0, 0, 0]"
647,"[8, 1, 1, 0, 6, 7, 1, 0, 1, 0, 0, 0, 7, 0, 0, 0, 6, 15, 1, 0, 0, 14, 1, 0, 7, 0, 0, 0, 2, 0, 0, 0, 7, 0, 0, 0, 0, 12, 1, 0, 7, 0, 0, 0, 7, 0, 0, 0]"
648,"[8, 2, 2, 0, 5, 0, 0, 0, 0, 12, 0, 0, 1, 0, 0, 0, 4, 95, 0, 0, 7, 0, 0, 0, 4, 105, 0, 0, 5, 0, 0, 0, 7, 0, 0, 0, 2, 0, 0, 0, 8, 2, 1, 0, 0, 11, 0, 0]"
649,"[6, 14, 0, 0, 4, 25, 0, 0, 1, 0, 0, 0, 0, 7, 1, 0, 4, 86, 0, 0, 4, 81, 0, 0, 0, 14, 0, 0, 3, 0, 0, 0, 1, 0, 0, 0, 7, 0, 0, 0, 5, 0, 0, 0, 2, 0, 0, 0]"
650,"[1, 0, 0, 0, 3, 0, 0, 0, 1, 0, 0, 0, 1, 0, 0, 0, 5, 0, 0, 0, 6, 4, 0, 0, 8, 3, 1, 0, 3, 0, 0, 0, 0, 14, 1, 0, 5, 0, 0, 0, 7, 0, 0, 0, 7, 0, 0, 0]"
651,"[2, 0, 0, 0, 8, 2, 2, 0, 5, 0, 0, 0, 4, 64, 0, 0, 6, 15, 1, 0, 7, 0, 0, 0, 5, 0, 0, 0, 8, 2, 2, 0, 0, 14, 1, 0, 7, 0, 0, 0, 3, 0, 0, 0, 3, 0, 0, 0]"
652,"[6, 12, 0, 0, 8, 3, 1, 0, 6, 5, 0, 0, 4, 75, 0, 0, 5, 0, 0, 0, 7, 0, 0, 0, 7, 0, 0, 0, 8, 3, 2, 0, 6, 9, 0, 0, 8, 2, 1, 0, 6, 11, 0, 0, 8, 3, 2, 0]"
653,"[5, 0, 0, 0, 8, 2, 1, 0, 8, 1, 2, 0, 1, 0, 0, 0, 8, 2, 1, 0, 0, 12, 0, 0, 1, 0, 0, 0, 4, 80, 0, 0, 5, 0, 0, 0, 0, 11, 1, 0, 6, 15, 0, 0, 3, 0, 0, 0]"
654,"[3, 0, 0, 0, 8, 2, 1, 0, 8, 1, 1, 0, 3, 0, 0, 0, 4, 10, 0, 0, 2, 0, 0, 0, 4, 121, 0, 0, 3, 0, 0, 0, 3, 0, 0, 0, 1, 0, 0, 0, 2, 0, 0, 0, 0, 13, 0, 0]"
655,"[7, 0, 0, 0, 7, 0, 0, 0, 3, 0, 0, 0, 6, 7, 1, 0, 3, 0, 0, 0, 4, 32, 0, 0, 6, 9, 0, 0, 6, 6, 0, 0, 3, 0, 0, 0, 1, 0, 0, 0, 1, 0, 0, 0, 8, 3, 1, 0]"
656,"[6, 11, 0, 0, 8, 1, 2, 0, 0, 10, 1, 0, 7, 0, 0, 0, 7, 0, 0, 0, 4, 102, 0, 0, 5, 0, 0, 0, 3, 0, 0, 0, 0, 7, 0, 0, 7, 0, 0, 0, 3, 0, 0, 0, 1, 0, 0, 0]"
657,"[1, 0, 0, 0, 6, 8, 1, 0, 8, 2, 1, 0, 6, 12, 1, 0, 0, 5, 1, 0, 4, 44, 0, 0, 0, 6, 0, 0, 7, 0, 0, 0, 2, 1, 0, 0, 1, 0, 0, 0, 6, 14, 0, 0, 8, 1, 2, 0]"
658,"[2, 1, 0, 0, 8, 2, 1, 0, 2, 1, 0, 0, 8, 3, 1, 0, 7, 0, 0, 0, 7, 0, 0, 0, 6, 11, 1, 0, 1, 0, 0, 0, 4, 37, 0, 0, 0, 15, 1, 0, 5, 0, 0, 0, 2, 1, 0, 0]"
659,"[5, 0, 0, 0, 1, 0, 0, 0, 6, 15, 1, 0, 2, 0, 0, 0, 2, 1, 0, 0, 3, 0, 0, 0, 8, 1, 2, 0, 7, 0, 0, 0, 6, 14, 0, 0, 0, 8, 0, 0, 1, 0, 0, 0, 0, 12, 0, 0]"
660,"[6, 9, 0, 0, 2, 1, 0, 0, 3, 0, 0, 0, 1, 0, 0, 0, 8, 2, 2, 0, 4, 12, 0, 0, 0, 4, 1, 0, 2, 0, 0, 0, 2, 1, 0, 0, 3, 0, 0, 0, 3, 0, 0, 0, 2, 0, 0, 0]"
661,"[4, 2, 0, 0, 6, 6, 0, 0, 8, 3, 1, 0, 1, 0, 0, 0, 7, 0, 0, 0, 5, 0, 0, 0, 2, 1, 0, 0, 5, 0, 0, 0, 4, 125, 0, 0, 5, 0, 0, 0, 3, 0, 0, 0, 8, 3, 2, 0]"
662,"[3, 0, 0, 0, 0, 15, 0, 0, 4, 110, 0, 0, 6, 5, 1, 0, 7, 0, 0, 0, 8, 3, 1, 0, 8, 3, 2, 0, 8, 3, 2, 0, 1, 0, 0, 0, 6, 4, 1, 0, 8, 3, 1, 0, 1, 0, 0, 0]"
663,"[1, 0, 0, 0, 5, 0, 0, 0, 2, 0, 0, 0, 8, 3, 2, 0, 4, 104, 0, 0, 2, 1, 0, 0, 1, 0, 0, 0, 3, 0, 0, 0, 6, 12, 1, 0, 1, 0, 0, 0, 5, 0, 0, 0, 1, 0, 0, 0]"
664,"[5, 0, 0, 0, 5, 0, 0, 0, 6, 12, 0, 0, 3, 0, 0, 0, 5, 0, 0, 0, 2, 0, 0, 0, 3, 0, 0, 0, 1, 0, 0, 0, 0, 15, 0, 0, 6, 5, 1, 0, 5, 0, 0, 0, 8, 3, 2, 0]"
665,"[7, 0, 0, 0, 5, 0, 0, 0, 0, 8, 1, 0, 7, 0, 0, 0, 3, 0, 0, 0, 3, 0, 0, 0, 8, 3, 1, 0, 5, 0, 0, 0, 4, 28, 0, 0, 0, 9, 0, 0, 2, 1, 0, 0, 3, 0, 0, 0]"
666,"[3, 0, 0, 0, 8, 3, 2, 0, 2, 1, 0, 0, 7, 0, 0, 0, 6, 14, 0, 0, 1, 0, 0, 0, 7, 0, 0, 0, 4, 66, 0, 0, 5, 0, 0, 0, 6, 15, 0, 0, 5, 0, 0, 0, 2, 1, 0, 0]"
667,"[2, 1, 0, 0, 6, 7, 0, 0, 2, 0, 0, 0, 1, 0, 0, 0, 5, 0, 0, 0, 8, 3, 1, 0, 4, 76, 0, 0, 6, 8, 1, 0, 3, 0, 0, 0, 6, 14, 1, 0, 7, 0, 0, 0, 0, 13, 1, 0]"
668,"[2, 1, 0, 0, 7, 0, 0, 0, 2, 0, 0, 0, 1, 0, 0, 0, 8, 1, 2, 0, 6, 14, 0, 0, 3, 0, 0, 0, 4, 33, 0, 0, 4, 93, 0, 0, 2, 1, 0, 0, 4, 29, 0, 0, 3, 0, 0, 0]"
669,"[8, 2, 2, 0, 0, 10, 1, 0, 3, 0, 0, 0, 4, 99, 0, 0, 4, 22, 0, 0, 5, 0, 0, 0, 5, 0, 0, 0, 7, 0, 0, 0, 3, 0, 0, 0, 5, 0, 0, 0, 7, 0, 0, 0, 2, 1, 0, 0]"
670,"[7, 0, 0, 0, 7, 0, 0, 0, 8, 1, 1, 0, 8, 2, 1, 0, 8, 1, 2, 0, 5, 0, 0, 0, 6, 15, 0, 0, 8, 3, 2, 0, 5, 0, 0, 0, 6, 10, 1, 0, 0, 14, 0, 0, 2, 1, 0, 0]"
671,"[2, 1, 0, 0, 4, 126, 0, 0, 0, 5, 0, 0, 2, 0, 0, 0, 1, 0, 0, 0, 7, 0, 0, 0, 3, 0, 0, 0, 3, 0, 0, 0, 5, 0, 0, 0, 7, 0, 0, 0, 0, 7, 0, 0, 3, 0, 0, 0]"
672,"[2, 0, 0, 0, 1, 0, 0, 0, 6, 13, 1, 0, 1, 0, 0, 0, 2, 1, 0, 0, 7, 0, 0, 0, 0, 11, 1, 0, 2, 0, 0, 0, 5, 0, 0, 0, 1, 0, 0, 0, 8, 1, 1, 0, 7, 0, 0, 0]"
673,"[2, 1, 0, 0, 6, 6, 0, 0, 8, 2, 1, 0, 8, 2, 2, 0, 2, 1, 0, 0, 0, 5, 1, 0, 2, 0, 0, 0, 5, 0, 0, 0, 0, 14, 0, 0, 8, 2, 2, 0, 1, 0, 0, 0, 0, 7, 1, 0]"
674,"[5, 0, 0, 0, 7, 0, 0, 0, 1, 0, 0, 0, 0, 11, 0, 0, 1, 0, 0, 0, 2, 0, 0, 0, 0, 13, 1, 0, 8, 1, 2, 0, 6, 9, 1, 0, 8, 2, 2, 0, 2, 0, 0, 0, 4, 105, 0, 0]"
675,"[1, 0, 0, 0, 8, 3, 1, 0, 7, 0, 0, 0, 2, 1, 0, 0, 8, 2, 1, 0, 5, 0, 0, 0, 7, 0, 0, 0, 8, 1, 2, 0, 6, 4, 0, 0, 8, 2, 1, 0, 1, 0, 0, 0, 0, 7, 0, 0]"
676,"[4, 7, 0, 0, 5, 0, 0, 0, 7, 0, 0, 0, 3, 0, 0, 0, 5, 0, 0, 0, 7, 0, 0, 0, 6, 10, 0, 0, 7, 0, 0, 0, 6, 6, 1, 0, 2, 1, 0, 0, 8, 1, 2, 0, 5, 0, 0, 0]"
677,"[3, 0, 0, 0, 6, 8, 1, 0, 4, 29, 0, 0, 3, 0, 0, 0, 6, 5, 1, 0, 1, 0, 0, 0, 6, 10, 1, 0, 6, 15, 1, 0, 7, 0, 0, 0, 7, 0, 0, 0, 6, 15, 0, 0, 6, 9, 0, 0]"
678,"[3, 0, 0, 0, 5, 0, 0, 0, 8, 1, 1, 0, 0, 14, 0, 0, 5, 0, 0, 0, 6, 9, 1, 0, 3, 0, 0, 0, 7, 0, 0, 0, 3, 0, 0, 0, 6, 8, 1, 0, 6, 8, 1, 0, 0, 7, 0, 0]"
679,"[8, 3, 1, 0, 0, 15, 0, 0, 1, 0, 0, 0, 3, 0, 0, 0, 1, 0, 0, 0, 2, 0, 0, 0, 0, 4, 0, 0, 3, 0, 0, 0, 2, 0, 0, 0, 3, 0, 0, 0, 8, 1, 2, 0, 4, 38, 0, 0]"
680,"[7, 0, 0, 0, 3, 0, 0, 0, 8, 1, 1, 0, 0, 15, 1, 0, 6, 8, 1, 0, 6, 8, 0, 0, 6, 11, 1, 0, 4, 30, 0, 0, 8, 2, 2, 0, 0, 15, 1, 0, 3, 0, 0, 0, 3, 0, 0, 0]"
681,"[0, 5, 0, 0, 7, 0, 0, 0, 0, 5, 1, 0, 3, 0, 0, 0, 1, 0, 0, 0, 3, 0, 0, 0, 3, 0, 0, 0, 2, 1, 0, 0, 1, 0, 0, 0, 4, 112, 0, 0, 3, 0, 0, 0, 4, 106, 0, 0]"
682,"[2, 1, 0, 0, 0, 11, 1, 0, 7, 0, 0, 0, 7, 0, 0, 0, 7, 0, 0, 0, 4, 21, 0, 0, 7, 0, 0, 0, 7, 0, 0, 0, 6, 11, 1, 0, 2, 0, 0, 0, 5, 0, 0, 0, 2, 1, 0, 0]"
683,"[8, 3, 1, 0, 8, 3, 1, 0, 5, 0, 0, 0, 6, 14, 1, 0, 3, 0, 0, 0, 5, 0, 0, 0, 1, 0, 0, 0, 6, 7, 0, 0, 2, 1, 0, 0, 4, 36, 0, 0, 1, 0, 0, 0, 8, 1, 2, 0]"
684,"[1, 0, 0, 0, 8, 3, 1, 0, 4, 79, 0, 0, 1, 0, 0, 0, 4, 45, 0, 0, 2, 1, 0, 0, 0, 13, 1, 0, 4, 57, 0, 0, 2, 1, 0, 0, 0, 6, 0, 0, 0, 13, 1, 0, 2, 1, 0, 0]"
685,"[7, 0, 0, 0, 7, 0, 0, 0, 7, 0, 0, 0, 3, 0, 0, 0, 0, 15, 1, 0, 2, 1, 0, 0, 7, 0, 0, 0, 8, 3, 1, 0, 8, 3, 1, 0, 1, 0, 0, 0, 3, 0, 0, 0, 3, 0, 0, 0]"
686,"[3, 0, 0, 0, 2, 0, 0, 0, 6, 15, 0, 0, 3, 0, 0, 0, 5, 0, 0, 0, 5, 0, 0, 0, 3, 0, 0, 0, 7, 0, 0, 0, 3, 0, 0, 0, 8, 2, 2, 0, 5, 0, 0, 0, 0, 4, 1, 0]"
687,"[4, 86, 0, 0, 0, 6, 1, 0, 5, 0, 0, 0, 1, 0, 0, 0, 4, 66, 0, 0, 1, 0, 0, 0, 5, 0, 0, 0, 1, 0, 0, 0, 3, 0, 0, 0, 0, 7, 0, 0, 6, 8, 1, 0, 7, 0, 0, 0]"
688,"[6, 10, 1, 0, 3, 0, 0, 0, 4, 83, 0, 0, 8, 3, 1, 0, 5, 0, 0, 0, 8, 1, 2, 0, 6, 15, 1, 0, 6, 5, 1, 0, 0, 8, 1, 0, 2, 0, 0, 0, 7, 0, 0, 0, 5, 0, 0, 0]"
689,"[5, 0, 0, 0, 7, 0, 0, 0, 4, 61, 0, 0, 2, 0, 0, 0, 4, 119, 0, 0, 3, 0, 0, 0, 1, 0, 0, 0, 2, 0, 0, 0, 6, 9, 0, 0, 0, 4, 0, 0, 0, 10, 1, 0, 0, 11, 0, 0]"
690,"[5, 0, 0, 0, 4, 104, 0, 0, 4, 22, 0, 0, 7, 0, 0, 0, 5, 0, 0, 0, 2, 1, 0, 0, 2, 0, 0, 0, 5, 0, 0, 0, 2, 1, 0, 0, 0, 12, 1, 0, 6, 13, 1, 0, 6, 12, 1, 0]"
691,"[6, 9, 0, 0, 7, 0, 0, 0, 8, 2, 2, 0, 7, 0, 0, 0, 3, 0, 0, 0, 1, 0, 0, 0, 6, 6, 1, 0, 6, 8, 1, 0, 5, 0, 0, 0, 0, 7, 1, 0, 1, 0, 0, 0, 6, 7, 1, 0]"
692,"[2, 0, 0, 0, 4, 69, 0, 0, 5, 0, 0, 0, 5, 0, 0, 0, 1, 0, 0, 0, 7, 0, 0, 0, 7, 0, 0, 0, 6, 11, 0, 0, 8, 2, 1, 0, 5, 0, 0, 0, 4, 92, 0, 0, 1, 0, 0, 0]"
693,"[2, 0, 0, 0, 0, 5, 1, 0, 5, 0, 0, 0, 3, 0, 0, 0, 0, 12, 1, 0, 3, 0, 0, 0, 1, 0, 0, 0, 4, 16, 0, 0, 0, 11, 0, 0, 3, 0, 0, 0, 7, 0, 0, 0, 7, 0, 0, 0]"
694,"[4, 29, 0, 0, 2, 1, 0, 0, 3, 0, 0, 0, 6, 13, 0, 0, 1, 0, 0, 0, 8, 1, 2, 0, 4, 8, 0, 0, 1, 0, 0, 0, 6, 9, 1, 0, 4, 127, 0, 0, 3, 0, 0, 0, 7, 0, 0, 0]"
695,"[3, 0, 0, 0, 4, 124, 0, 0, 2, 0, 0, 0, 8, 1, 1, 0, 1, 0, 0, 0, 4, 32, 0, 0, 5, 0, 0, 0, 3, 0, 0, 0, 1, 0, 0, 0, 7, 0, 0, 0, 6, 5, 1, 0, 0, 4, 0, 0]"
696,"[5, 0, 0, 0, 6, 13, 0, 0, 2, 0, 0, 0, 3, 0, 0, 0, 5, 0, 0, 0, 8, 2, 2, 0, 5, 0, 0, 0, 5, 0, 0, 0, 4, 117, 0, 0, 1, 0, 0, 0, 7, 0, 0, 0, 4, 42, 0, 0]"
697,"[4, 27, 0, 0, 8, 3, 1, 0, 5, 0, 0, 0, 7, 0, 0, 0, 8, 2, 1, 0, 4, 103, 0, 0, 2, 0, 0, 0, 6, 4, 0, 0, 6, 8, 0, 0, 1, 0, 0, 0, 1, 0, 0, 0, 1, 0, 0, 0]"
698,"[8, 2, 2, 0, 8, 3, 1, 0, 5, 0, 0, 0, 3, 0, 0, 0, 7, 0, 0, 0, 8, 1, 1, 0, 3, 0, 0, 0, 0, 11, 1, 0, 6, 13, 1, 0, 8, 3, 1, 0, 6, 8, 0, 0, 8, 1, 2, 0]"
699,"[8, 3, 2, 0, 3, 0, 0, 0, 5, 0, 0, 0, 5, 0, 0, 0, 0, 13, 1, 0, 5, 0, 0, 0, 5, 0, 0, 0, 4, 127, 0, 0, 6, 10, 1, 0, 3, 0, 0, 0, 6, 11, 1, 0, 1, 0, 0, 0]"
700,"[5, 0, 0, 0, 1, 0, 0, 0, 4, 101, 0, 0, 0, 5, 1, 0, 4, 49, 0, 0, 1, 0, 0, 0, 5, 0, 0, 0, 3, 0, 0, 0, 0, 11, 0, 0, 1, 0, 0, 0, 2, 0, 0, 0, 6, 10, 0, 0]"
701,"[7, 0, 0, 0, 1, 0, 0, 0, 6, 6, 1, 0, 5, 0, 0, 0, 6, 12, 1, 0, 2, 1, 0, 0, 7, 0, 0, 0, 4, 117, 0, 0, 8, 1, 2, 0, 7, 0, 0, 0, 6, 10, 0, 0, 1, 0, 0, 0]"
702,"[5, 0, 0, 0, 5, 0, 0, 0, 2, 1, 0, 0, 8, 3, 1, 0, 5, 0, 0, 0, 5, 0, 0, 0, 3, 0, 0, 0, 8, 2, 1, 0, 1, 0, 0, 0, 4, 96, 0, 0, 6, 13, 0, 0, 1, 0, 0, 0]"
703,"[7, 0, 0, 0, 4, 107, 0, 0, 0, 11, 1, 0, 6, 5, 1, 0, 2, 1, 0, 0, 1, 0, 0, 0, 5, 0, 0, 0, 7, 0, 0, 0, 3, 0, 0, 0, 0, 11, 0, 0, 7, 0, 0, 0, 2, 0, 0, 0]"
704,"[2, 1, 0, 0, 6, 12, 1, 0, 3, 0, 0, 0, 2, 0, 0, 0, 6, 8, 1, 0, 6, 5, 1, 0, 7, 0, 0, 0, 5, 0, 0, 0, 6, 15, 1, 0, 4, 77, 0, 0, 4, 76, 0, 0, 4, 46, 0, 0]"
705,"[2, 0, 0, 0, 0, 10, 1, 0, 7, 0, 0, 0, 5, 0, 0, 0, 2, 0, 0, 0, 3, 0, 0, 0, 7, 0, 0, 0, 1, 0, 0, 0, 2, 0, 0, 0, 0, 7, 1, 0, 4, 64, 0, 0, 4, 44, 0, 0]"
706,"[4, 38, 0, 0, 4, 97, 0, 0, 0, 5, 0, 0, 5, 0, 0, 0, 5, 0, 0, 0, 3, 0, 0, 0, 6, 4, 0, 0, 2, 0, 0, 0, 0, 13, 1, 0, 2, 0, 0, 0, 0, 9, 1, 0, 3, 0, 0, 0]"
707,"[5, 0, 0, 0, 5, 0, 0, 0, 2, 0, 0, 0, 4, 64, 0, 0, 2, 1, 0, 0, 2, 1, 0, 0, 3, 0, 0, 0, 5, 0, 0, 0, 1, 0, 0, 0, 0, 10, 0, 0, 8, 1, 2, 0, 4, 39, 0, 0]"
708,"[1, 0, 0, 0, 6, 7, 0, 0, 8, 2, 1, 0, 4, 16, 0, 0, 8, 3, 1, 0, 5, 0, 0, 0, 0, 12, 0, 0, 4, 78, 0, 0, 2, 0, 0, 0, 3, 0, 0, 0, 4, 63, 0, 0, 7, 0, 0, 0]"
709,"[3, 0, 0, 0, 3, 0, 0, 0, 2, 0, 0, 0, 0, 13, 1, 0, 8, 2, 2, 0, 3, 0, 0, 0, 4, 96, 0, 0, 1, 0, 0, 0, 2, 0, 0, 0, 7, 0, 0, 0, 1, 0, 0, 0, 6, 6, 1, 0]"
710,"[6, 7, 1, 0, 4, 81, 0, 0, 5, 0, 0, 0, 0, 4, 0, 0, 8, 1, 1, 0, 1, 0, 0, 0, 0, 14, 0, 0, 3, 0, 0, 0, 0, 13, 0, 0, 4, 13, 0, 0, 0, 11, 0, 0, 5, 0, 0, 0]"
711,"[6, 11, 0, 0, 2, 1, 0, 0, 4, 73, 0, 0, 6, 13, 1, 0, 2, 0, 0, 0, 3, 0, 0, 0, 2, 0, 0, 0, 1, 0, 0, 0, 2, 1, 0, 0, 0, 15, 1, 0, 1, 0, 0, 0, 5, 0, 0, 0]"
712,"[1, 0, 0, 0, 5, 0, 0, 0, 3, 0, 0, 0, 6, 7, 1, 0, 2, 0, 0, 0, 0, 7, 1, 0, 0, 7, 1, 0, 4, 101, 0, 0, 5, 0, 0, 0, 5, 0, 0, 0, 8, 2, 1, 0, 8, 2, 2, 0]"
713,"[4, 60, 0, 0, 6, 8, 1, 0, 2, 1, 0, 0, 5, 0, 0, 0, 7, 0, 0, 0, 8, 3, 1, 0, 8, 3, 1, 0, 4, 4, 0, 0, 4, 55, 0, 0, 1, 0, 0, 0, 5, 0, 0, 0, 6, 11, 1, 0]"
714,"[8, 2, 2, 0, 6, 5, 1, 0, 7, 0, 0, 0, 6, 15, 1, 0, 8, 1, 2, 0, 8, 2, 2, 0, 0, 7, 1, 0, 1, 0, 0, 0, 7, 0, 0, 0, 0, 14, 1, 0, 3, 0, 0, 0, 1, 0, 0, 0]"
715,"[5, 0, 0, 0, 1, 0, 0, 0, 5, 0, 0, 0, 3, 0, 0, 0, 7, 0, 0, 0, 8, 3, 2, 0, 7, 0, 0, 0, 7, 0, 0, 0, 6, 9, 0, 0, 5, 0, 0, 0, 6, 9, 1, 0, 0, 11, 0, 0]"
716,"[6, 6, 1, 0, 8, 2, 2, 0, 1, 0, 0, 0, 0, 7, 0, 0, 5, 0, 0, 0, 2, 0, 0, 0, 6, 8, 1, 0, 2, 0, 0, 0, 6, 15, 1, 0, 4, 91, 0, 0, 7, 0, 0, 0, 3, 0, 0, 0]"
717,"[3, 0, 0, 0, 4, 38, 0, 0, 2, 1, 0, 0, 8, 2, 1, 0, 5, 0, 0, 0, 2, 1, 0, 0, 0, 5, 1, 0, 8, 3, 2, 0, 0, 6, 0, 0, 2, 0, 0, 0, 4, 57, 0, 0, 5, 0, 0, 0]"
718,"[3, 0, 0, 0, 4, 39, 0, 0, 3, 0, 0, 0, 2, 1, 0, 0, 0, 8, 1, 0, 7, 0, 0, 0, 3, 0, 0, 0, 4, 26, 0, 0, 2, 0, 0, 0, 8, 3, 2, 0, 6, 12, 0, 0, 3, 0, 0, 0]"
719,"[2, 0, 0, 0, 4, 3, 0, 0, 3, 0, 0, 0, 0, 14, 1, 0, 4, 68, 0, 0, 0, 5, 0, 0, 8, 1, 1, 0, 0, 12, 0, 0, 5, 0, 0, 0, 5, 0, 0, 0, 3, 0, 0, 0, 6, 7, 0, 0]"
720,"[0, 9, 1, 0, 4, 9, 0, 0, 2, 0, 0, 0, 8, 2, 1, 0, 1, 0, 0, 0, 2, 0, 0, 0, 5, 0, 0, 0, 8, 3, 2, 0, 8, 3, 1, 0, 6, 15, 1, 0, 3, 0, 0, 0, 8, 1, 1, 0]"
721,"[0, 10, 1, 0, 0, 11, 0, 0, 7, 0, 0, 0, 2, 1, 0, 0, 5, 0, 0, 0, 4, 53, 0, 0, 8, 1, 2, 0, 2, 1, 0, 0, 0, 4, 0, 0, 2, 1, 0, 0, 2, 0, 0, 0, 0, 8, 1, 0]"
722,"[3, 0, 0, 0, 1, 0, 0, 0, 1, 0, 0, 0, 8, 1, 1, 0, 2, 1, 0, 0, 2, 0, 0, 0, 1, 0, 0, 0, 1, 0, 0, 0, 7, 0, 0, 0, 4, 27, 0, 0, 0, 14, 0, 0, 5, 0, 0, 0]"
723,"[6, 12, 0, 0, 2, 1, 0, 0, 0, 5, 1, 0, 3, 0, 0, 0, 5, 0, 0, 0, 5, 0, 0, 0, 7, 0, 0, 0, 3, 0, 0, 0, 1, 0, 0, 0, 6, 5, 1, 0, 0, 11, 1, 0, 5, 0, 0, 0]"
724,"[7, 0, 0, 0, 2, 1, 0, 0, 6, 11, 1, 0, 1, 0, 0, 0, 1, 0, 0, 0, 8, 1, 2, 0, 4, 41, 0, 0, 2, 0, 0, 0, 6, 4, 0, 0, 8, 3, 2, 0, 2, 1, 0, 0, 5, 0, 0, 0]"
725,"[2, 0, 0, 0, 2, 0, 0, 0, 7, 0, 0, 0, 6, 14, 0, 0, 3, 0, 0, 0, 7, 0, 0, 0, 4, 125, 0, 0, 0, 14, 0, 0, 8, 2, 1, 0, 0, 9, 0, 0, 4, 19, 0, 0, 5, 0, 0, 0]"
726,"[2, 0, 0, 0, 1, 0, 0, 0, 8, 2, 1, 0, 0, 15, 1, 0, 3, 0, 0, 0, 0, 9, 0, 0, 1, 0, 0, 0, 1, 0, 0, 0, 7, 0, 0, 0, 3, 0, 0, 0, 7, 0, 0, 0, 3, 0, 0, 0]"
727,"[0, 4, 0, 0, 0, 12, 1, 0, 1, 0, 0, 0, 0, 11, 1, 0, 3, 0, 0, 0, 5, 0, 0, 0, 7, 0, 0, 0, 2, 1, 0, 0, 6, 9, 0, 0, 5, 0, 0, 0, 7, 0, 0, 0, 1, 0, 0, 0]"
728,"[1, 0, 0, 0, 1, 0, 0, 0, 7, 0, 0, 0, 1, 0, 0, 0, 1, 0, 0, 0, 8, 3, 2, 0, 6, 4, 1, 0, 7, 0, 0, 0, 6, 15, 0, 0, 0, 11, 1, 0, 3, 0, 0, 0, 6, 7, 0, 0]"
729,"[3, 0, 0, 0, 2, 0, 0, 0, 1, 0, 0, 0, 1, 0, 0, 0, 5, 0, 0, 0, 4, 126, 0, 0, 5, 0, 0, 0, 7, 0, 0, 0, 4, 2, 0, 0, 2, 0, 0, 0, 5, 0, 0, 0, 8, 2, 1, 0]"
730,"[8, 1, 2, 0, 8, 1, 1, 0, 5, 0, 0, 0, 3, 0, 0, 0, 1, 0, 0, 0, 0, 7, 1, 0, 3, 0, 0, 0, 1, 0, 0, 0, 5, 0, 0, 0, 1, 0, 0, 0, 1, 0, 0, 0, 3, 0, 0, 0]"
731,"[7, 0, 0, 0, 4, 60, 0, 0, 7, 0, 0, 0, 1, 0, 0, 0, 0, 14, 0, 0, 8, 3, 1, 0, 4, 35, 0, 0, 3, 0, 0, 0, 7, 0, 0, 0, 6, 5, 1, 0, 5, 0, 0, 0, 7, 0, 0, 0]"
732,"[6, 6, 0, 0, 3, 0, 0, 0, 5, 0, 0, 0, 5, 0, 0, 0, 8, 2, 2, 0, 4, 119, 0, 0, 3, 0, 0, 0, 3, 0, 0, 0, 0, 4, 0, 0, 1, 0, 0, 0, 7, 0, 0, 0, 5, 0, 0, 0]"
733,"[1, 0, 0, 0, 8, 1, 1, 0, 1, 0, 0, 0, 7, 0, 0, 0, 5, 0, 0, 0, 1, 0, 0, 0, 7, 0, 0, 0, 2, 0, 0, 0, 4, 80, 0, 0, 5, 0, 0, 0, 3, 0, 0, 0, 1, 0, 0, 0]"
734,"[2, 0, 0, 0, 4, 19, 0, 0, 7, 0, 0, 0, 0, 6, 0, 0, 7, 0, 0, 0, 0, 7, 0, 0, 0, 15, 0, 0, 8, 1, 1, 0, 0, 13, 1, 0, 5, 0, 0, 0, 7, 0, 0, 0, 0, 12, 1, 0]"
735,"[5, 0, 0, 0, 5, 0, 0, 0, 3, 0, 0, 0, 0, 7, 0, 0, 7, 0, 0, 0, 5, 0, 0, 0, 4, 95, 0, 0, 2, 0, 0, 0, 3, 0, 0, 0, 5, 0, 0, 0, 0, 9, 1, 0, 7, 0, 0, 0]"
736,"[0, 5, 1, 0, 3, 0, 0, 0, 1, 0, 0, 0, 2, 1, 0, 0, 1, 0, 0, 0, 1, 0, 0, 0, 1, 0, 0, 0, 2, 0, 0, 0, 5, 0, 0, 0, 6, 13, 0, 0, 4, 32, 0, 0, 2, 1, 0, 0]"
737,"[7, 0, 0, 0, 5, 0, 0, 0, 1, 0, 0, 0, 0, 15, 0, 0, 3, 0, 0, 0, 5, 0, 0, 0, 7, 0, 0, 0, 2, 0, 0, 0, 2, 0, 0, 0, 2, 1, 0, 0, 5, 0, 0, 0, 0, 11, 0, 0]"
738,"[4, 14, 0, 0, 7, 0, 0, 0, 8, 1, 2, 0, 6, 15, 1, 0, 0, 7, 1, 0, 5, 0, 0, 0, 4, 54, 0, 0, 3, 0, 0, 0, 6, 8, 0, 0, 0, 5, 1, 0, 0, 12, 0, 0, 8, 2, 1, 0]"
739,"[0, 14, 1, 0, 2, 1, 0, 0, 2, 0, 0, 0, 2, 1, 0, 0, 4, 59, 0, 0, 0, 12, 1, 0, 3, 0, 0, 0, 0, 7, 0, 0, 3, 0, 0, 0, 1, 0, 0, 0, 6, 10, 0, 0, 2, 0, 0, 0]"
740,"[2, 1, 0, 0, 3, 0, 0, 0, 8, 3, 2, 0, 2, 0, 0, 0, 7, 0, 0, 0, 7, 0, 0, 0, 0, 11, 0, 0, 7, 0, 0, 0, 3, 0, 0, 0, 1, 0, 0, 0, 1, 0, 0, 0, 3, 0, 0, 0]"
741,"[7, 0, 0, 0, 7, 0, 0, 0, 4, 30, 0, 0, 8, 3, 1, 0, 0, 12, 1, 0, 5, 0, 0, 0, 2, 0, 0, 0, 6, 14, 1, 0, 5, 0, 0, 0, 2, 1, 0, 0, 4, 14, 0, 0, 4, 102, 0, 0]"
742,"[3, 0, 0, 0, 1, 0, 0, 0, 5, 0, 0, 0, 3, 0, 0, 0, 2, 1, 0, 0, 4, 67, 0, 0, 2, 0, 0, 0, 8, 3, 2, 0, 3, 0, 0, 0, 5, 0, 0, 0, 0, 7, 1, 0, 6, 8, 0, 0]"
743,"[2, 1, 0, 0, 8, 1, 1, 0, 8, 3, 1, 0, 1, 0, 0, 0, 5, 0, 0, 0, 7, 0, 0, 0, 7, 0, 0, 0, 1, 0, 0, 0, 7, 0, 0, 0, 0, 13, 1, 0, 2, 0, 0, 0, 5, 0, 0, 0]"
744,"[0, 4, 1, 0, 7, 0, 0, 0, 8, 2, 2, 0, 6, 14, 0, 0, 6, 13, 1, 0, 5, 0, 0, 0, 4, 51, 0, 0, 8, 2, 2, 0, 2, 1, 0, 0, 3, 0, 0, 0, 3, 0, 0, 0, 5, 0, 0, 0]"
745,"[2, 1, 0, 0, 0, 4, 1, 0, 2, 0, 0, 0, 2, 0, 0, 0, 4, 106, 0, 0, 0, 10, 1, 0, 1, 0, 0, 0, 6, 14, 1, 0, 8, 3, 1, 0, 4, 51, 0, 0, 1, 0, 0, 0, 7, 0, 0, 0]"
746,"[8, 3, 1, 0, 1, 0, 0, 0, 2, 1, 0, 0, 3, 0, 0, 0, 2, 1, 0, 0, 7, 0, 0, 0, 7, 0, 0, 0, 8, 1, 1, 0, 2, 1, 0, 0, 8, 3, 2, 0, 4, 93, 0, 0, 0, 7, 1, 0]"
747,"[3, 0, 0, 0, 0, 7, 0, 0, 4, 46, 0, 0, 2, 1, 0, 0, 0, 12, 1, 0, 3, 0, 0, 0, 0, 11, 0, 0, 0, 9, 1, 0, 6, 12, 1, 0, 4, 105, 0, 0, 7, 0, 0, 0, 2, 1, 0, 0]"
748,"[4, 30, 0, 0, 1, 0, 0, 0, 0, 8, 0, 0, 1, 0, 0, 0, 1, 0, 0, 0, 7, 0, 0, 0, 8, 2, 2, 0, 3, 0, 0, 0, 6, 14, 1, 0, 8, 3, 1, 0, 4, 109, 0, 0, 1, 0, 0, 0]"
749,"[3, 0, 0, 0, 7, 0, 0, 0, 1, 0, 0, 0, 5, 0, 0, 0, 2, 1, 0, 0, 8, 1, 2, 0, 7, 0, 0, 0, 8, 2, 1, 0, 2, 0, 0, 0, 0, 10, 1, 0, 5, 0, 0, 0, 3, 0, 0, 0]"
750,"[0, 4, 0, 0, 2, 0, 0, 0, 3, 0, 0, 0, 2, 0, 0, 0, 0, 15, 0, 0, 7, 0, 0, 0, 8, 3, 2, 0, 3, 0, 0, 0, 5, 0, 0, 0, 8, 1, 2, 0, 5, 0, 0, 0, 8, 1, 2, 0]"
751,"[0, 4, 1, 0, 5, 0, 0, 0, 6, 6, 0, 0, 7, 0, 0, 0, 1, 0, 0, 0, 2, 1, 0, 0, 8, 2, 2, 0, 0, 7, 0, 0, 7, 0, 0, 0, 3, 0, 0, 0, 3, 0, 0, 0, 3, 0, 0, 0]"
752,"[3, 0, 0, 0, 3, 0, 0, 0, 5, 0, 0, 0, 6, 7, 1, 0, 7, 0, 0, 0, 6, 4, 0, 0, 5, 0, 0, 0, 8, 2, 1, 0, 3, 0, 0, 0, 8, 3, 2, 0, 5, 0, 0, 0, 6, 5, 0, 0]"
753,"[6, 4, 0, 0, 2, 1, 0, 0, 4, 75, 0, 0, 7, 0, 0, 0, 0, 4, 1, 0, 8, 3, 2, 0, 7, 0, 0, 0, 0, 13, 0, 0, 5, 0, 0, 0, 2, 0, 0, 0, 0, 4, 0, 0, 5, 0, 0, 0]"
754,"[1, 0, 0, 0, 7, 0, 0, 0, 5, 0, 0, 0, 7, 0, 0, 0, 4, 70, 0, 0, 3, 0, 0, 0, 0, 9, 0, 0, 5, 0, 0, 0, 4, 51, 0, 0, 8, 3, 2, 0, 4, 103, 0, 0, 7, 0, 0, 0]"
755,"[6, 13, 1, 0, 2, 1, 0, 0, 0, 4, 1, 0, 4, 61, 0, 0, 4, 85, 0, 0, 3, 0, 0, 0, 5, 0, 0, 0, 0, 11, 0, 0, 4, 108, 0, 0, 2, 1, 0, 0, 5, 0, 0, 0, 2, 0, 0, 0]"
756,"[8, 3, 2, 0, 1, 0, 0, 0, 5, 0, 0, 0, 3, 0, 0, 0, 8, 3, 1, 0, 5, 0, 0, 0, 3, 0, 0, 0, 5, 0, 0, 0, 6, 5, 0, 0, 0, 15, 0, 0, 5, 0, 0, 0, 0, 11, 1, 0]"
757,"[6, 14, 0, 0, 8, 3, 2, 0, 2, 1, 0, 0, 0, 15, 0, 0, 3, 0, 0, 0, 5, 0, 0, 0, 5, 0, 0, 0, 8, 3, 1, 0, 1, 0, 0, 0, 4, 18, 0, 0, 5, 0, 0, 0, 5, 0, 0, 0]"
758,"[8, 1, 1, 0, 3, 0, 0, 0, 3, 0, 0, 0, 3, 0, 0, 0, 6, 7, 1, 0, 8, 3, 2, 0, 3, 0, 0, 0, 4, 52, 0, 0, 7, 0, 0, 0, 5, 0, 0, 0, 1, 0, 0, 0, 0, 10, 0, 0]"
759,"[0, 12, 1, 0, 2, 0, 0, 0, 6, 11, 1, 0, 3, 0, 0, 0, 8, 1, 1, 0, 1, 0, 0, 0, 0, 5, 0, 0, 8, 1, 1, 0, 3, 0, 0, 0, 0, 4, 0, 0, 0, 6, 0, 0, 0, 5, 1, 0]"
760,"[8, 3, 1, 0, 8, 3, 1, 0, 5, 0, 0, 0, 1, 0, 0, 0, 8, 1, 1, 0, 6, 5, 1, 0, 1, 0, 0, 0, 1, 0, 0, 0, 4, 77, 0, 0, 4, 52, 0, 0, 4, 3, 0, 0, 2, 1, 0, 0]"
761,"[0, 6, 1, 0, 2, 0, 0, 0, 7, 0, 0, 0, 7, 0, 0, 0, 6, 12, 0, 0, 0, 14, 1, 0, 6, 6, 0, 0, 4, 3, 0, 0, 6, 10, 0, 0, 0, 10, 0, 0, 2, 0, 0, 0, 5, 0, 0, 0]"
762,"[1, 0, 0, 0, 6, 5, 0, 0, 8, 3, 2, 0, 0, 8, 1, 0, 7, 0, 0, 0, 8, 2, 2, 0, 7, 0, 0, 0, 3, 0, 0, 0, 2, 1, 0, 0, 5, 0, 0, 0, 5, 0, 0, 0, 2, 1, 0, 0]"
763,"[7, 0, 0, 0, 7, 0, 0, 0, 5, 0, 0, 0, 3, 0, 0, 0, 6, 12, 0, 0, 4, 93, 0, 0, 2, 0, 0, 0, 2, 0, 0, 0, 8, 2, 2, 0, 1, 0, 0, 0, 2, 0, 0, 0, 1, 0, 0, 0]"
764,"[7, 0, 0, 0, 4, 111, 0, 0, 1, 0, 0, 0, 2, 0, 0, 0, 4, 20, 0, 0, 3, 0, 0, 0, 6, 10, 0, 0, 3, 0, 0, 0, 6, 15, 0, 0, 5, 0, 0, 0, 0, 6, 0, 0, 7, 0, 0, 0]"
765,"[0, 9, 0, 0, 7, 0, 0, 0, 7, 0, 0, 0, 8, 2, 2, 0, 7, 0, 0, 0, 5, 0, 0, 0, 3, 0, 0, 0, 3, 0, 0, 0, 1, 0, 0, 0, 1, 0, 0, 0, 6, 8, 1, 0, 3, 0, 0, 0]"
766,"[7, 0, 0, 0, 7, 0, 0, 0, 4, 104, 0, 0, 8, 1, 2, 0, 1, 0, 0, 0, 6, 13, 0, 0, 2, 1, 0, 0, 0, 15, 1, 0, 1, 0, 0, 0, 2, 1, 0, 0, 4, 27, 0, 0, 7, 0, 0, 0]"
767,"[5, 0, 0, 0, 2, 1, 0, 0, 0, 12, 1, 0, 3, 0, 0, 0, 4, 110, 0, 0, 6, 5, 0, 0, 8, 3, 2, 0, 0, 5, 0, 0, 0, 14, 1, 0, 8, 1, 2, 0, 3, 0, 0, 0, 6, 15, 0, 0]"
768,"[7, 0, 0, 0, 8, 3, 2, 0, 5, 0, 0, 0, 1, 0, 0, 0, 1, 0, 0, 0, 5, 0, 0, 0, 4, 44, 0, 0, 0, 10, 1, 0, 4, 53, 0, 0, 5, 0, 0, 0, 7, 0, 0, 0, 5, 0, 0, 0]"
769,"[8, 3, 2, 0, 4, 124, 0, 0, 7, 0, 0, 0, 0, 5, 1, 0, 0, 5, 1, 0, 8, 1, 1, 0, 4, 101, 0, 0, 8, 3, 1, 0, 0, 14, 0, 0, 3, 0, 0, 0, 1, 0, 0, 0, 3, 0, 0, 0]"
770,"[5, 0, 0, 0, 8, 3, 2, 0, 4, 36, 0, 0, 5, 0, 0, 0, 7, 0, 0, 0, 4, 102, 0, 0, 1, 0, 0, 0, 8, 1, 1, 0, 2, 0, 0, 0, 4, 120, 0, 0, 5, 0, 0, 0, 4, 101, 0, 0]"
771,"[5, 0, 0, 0, 8, 1, 1, 0, 2, 1, 0, 0, 4, 73, 0, 0, 2, 1, 0, 0, 8, 3, 1, 0, 5, 0, 0, 0, 3, 0, 0, 0, 1, 0, 0, 0, 7, 0, 0, 0, 6, 4, 0, 0, 6, 13, 0, 0]"
772,"[8, 2, 1, 0, 3, 0, 0, 0, 2, 1, 0, 0, 2, 1, 0, 0, 7, 0, 0, 0, 7, 0, 0, 0, 3, 0, 0, 0, 8, 2, 2, 0, 3, 0, 0, 0, 2, 0, 0, 0, 0, 9, 0, 0, 0, 8, 1, 0]"
773,"[2, 1, 0, 0, 1, 0, 0, 0, 3, 0, 0, 0, 6, 4, 0, 0, 0, 7, 1, 0, 4, 88, 0, 0, 4, 116, 0, 0, 2, 1, 0, 0, 7, 0, 0, 0, 0, 7, 0, 0, 5, 0, 0, 0, 1, 0, 0, 0]"
774,"[1, 0, 0, 0, 4, 96, 0, 0, 4, 63, 0, 0, 0, 8, 1, 0, 0, 9, 1, 0, 0, 4, 0, 0, 1, 0, 0, 0, 3, 0, 0, 0, 0, 10, 1, 0, 7, 0, 0, 0, 2, 1, 0, 0, 4, 70, 0, 0]"
775,"[7, 0, 0, 0, 2, 1, 0, 0, 0, 14, 0, 0, 7, 0, 0, 0, 3, 0, 0, 0, 3, 0, 0, 0, 6, 10, 0, 0, 2, 0, 0, 0, 3, 0, 0, 0, 7, 0, 0, 0, 8, 2, 1, 0, 4, 53, 0, 0]"
776,"[8, 1, 2, 0, 0, 10, 0, 0, 6, 6, 1, 0, 3, 0, 0, 0, 2, 1, 0, 0, 2, 0, 0, 0, 5, 0, 0, 0, 4, 33, 0, 0, 0, 15, 1, 0, 7, 0, 0, 0, 7, 0, 0, 0, 0, 15, 0, 0]"
777,"[0, 11, 0, 0, 5, 0, 0, 0, 3, 0, 0, 0, 6, 8, 0, 0, 4, 46, 0, 0, 2, 1, 0, 0, 3, 0, 0, 0, 3, 0, 0, 0, 6, 12, 1, 0, 2, 1, 0, 0, 6, 4, 0, 0, 3, 0, 0, 0]"
778,"[6, 6, 1, 0, 7, 0, 0, 0, 8, 1, 1, 0, 4, 43, 0, 0, 1, 0, 0, 0, 6, 4, 1, 0, 5, 0, 0, 0, 8, 3, 1, 0, 1, 0, 0, 0, 6, 9, 0, 0, 2, 1, 0, 0, 8, 2, 1, 0]"
779,"[5, 0, 0, 0, 5, 0, 0, 0, 4, 72, 0, 0, 6, 14, 0, 0, 5, 0, 0, 0, 3, 0, 0, 0, 8, 1, 1, 0, 1, 0, 0, 0, 0, 5, 1, 0, 8, 3, 2, 0, 8, 3, 1, 0, 0, 7, 0, 0]"
780,"[0, 6, 0, 0, 1, 0, 0, 0, 2, 0, 0, 0, 5, 0, 0, 0, 3, 0, 0, 0, 6, 8, 1, 0, 4, 65, 0, 0, 2, 1, 0, 0, 0, 5, 1, 0, 2, 1, 0, 0, 4, 13, 0, 0, 6, 14, 1, 0]"
781,"[3, 0, 0, 0, 6, 11, 0, 0, 5, 0, 0, 0, 7, 0, 0, 0, 7, 0, 0, 0, 6, 8, 0, 0, 8, 1, 2, 0, 2, 0, 0, 0, 3, 0, 0, 0, 8, 2, 2, 0, 1, 0, 0, 0, 6, 12, 0, 0]"
782,"[1, 0, 0, 0, 3, 0, 0, 0, 2, 0, 0, 0, 4, 9, 0, 0, 2, 0, 0, 0, 6, 7, 1, 0, 6, 14, 0, 0, 0, 15, 1, 0, 6, 13, 0, 0, 7, 0, 0, 0, 3, 0, 0, 0, 1, 0, 0, 0]"
783,"[5, 0, 0, 0, 0, 7, 1, 0, 8, 2, 2, 0, 7, 0, 0, 0, 3, 0, 0, 0, 0, 14, 0, 0, 5, 0, 0, 0, 5, 0, 0, 0, 3, 0, 0, 0, 0, 6, 1, 0, 2, 0, 0, 0, 3, 0, 0, 0]"
784,"[3, 0, 0, 0, 2, 1, 0, 0, 4, 97, 0, 0, 6, 6, 1, 0, 1, 0, 0, 0, 0, 15, 1, 0, 6, 12, 1, 0, 5, 0, 0, 0, 0, 6, 0, 0, 6, 4, 1, 0, 1, 0, 0, 0, 5, 0, 0, 0]"
785,"[0, 15, 1, 0, 7, 0, 0, 0, 5, 0, 0, 0, 5, 0, 0, 0, 5, 0, 0, 0, 8, 1, 2, 0, 1, 0, 0, 0, 2, 1, 0, 0, 6, 14, 1, 0, 5, 0, 0, 0, 0, 5, 1, 0, 6, 5, 1, 0]"
786,"[7, 0, 0, 0, 6, 6, 1, 0, 8, 3, 1, 0, 8, 1, 1, 0, 8, 3, 2, 0, 8, 3, 1, 0, 0, 5, 0, 0, 1, 0, 0, 0, 2, 1, 0, 0, 7, 0, 0, 0, 6, 9, 1, 0, 3, 0, 0, 0]"
787,"[1, 0, 0, 0, 0, 13, 0, 0, 3, 0, 0, 0, 3, 0, 0, 0, 3, 0, 0, 0, 0, 5, 1, 0, 7, 0, 0, 0, 0, 5, 0, 0, 4, 39, 0, 0, 1, 0, 0, 0, 3, 0, 0, 0, 7, 0, 0, 0]"
788,"[5, 0, 0, 0, 6, 10, 0, 0, 3, 0, 0, 0, 6, 6, 0, 0, 5, 0, 0, 0, 2, 0, 0, 0, 0, 4, 0, 0, 3, 0, 0, 0, 0, 11, 0, 0, 7, 0, 0, 0, 8, 1, 1, 0, 1, 0, 0, 0]"
789,"[5, 0, 0, 0, 0, 14, 1, 0, 7, 0, 0, 0, 0, 5, 1, 0, 0, 5, 0, 0, 4, 109, 0, 0, 4, 46, 0, 0, 0, 6, 0, 0, 6, 9, 1, 0, 5, 0, 0, 0, 1, 0, 0, 0, 3, 0, 0, 0]"
790,"[1, 0, 0, 0, 6, 9, 1, 0, 0, 15, 0, 0, 4, 38, 0, 0, 4, 57, 0, 0, 8, 1, 1, 0, 6, 4, 1, 0, 0, 7, 1, 0, 0, 13, 0, 0, 4, 95, 0, 0, 4, 62, 0, 0, 5, 0, 0, 0]"
791,"[3, 0, 0, 0, 3, 0, 0, 0, 5, 0, 0, 0, 0, 11, 1, 0, 6, 6, 1, 0, 5, 0, 0, 0, 8, 3, 2, 0, 2, 1, 0, 0, 1, 0, 0, 0, 2, 1, 0, 0, 2, 1, 0, 0, 6, 6, 0, 0]"
792,"[0, 7, 1, 0, 1, 0, 0, 0, 6, 4, 0, 0, 1, 0, 0, 0, 2, 0, 0, 0, 7, 0, 0, 0, 3, 0, 0, 0, 6, 12, 0, 0, 0, 10, 1, 0, 4, 71, 0, 0, 3, 0, 0, 0, 4, 29, 0, 0]"
793,"[7, 0, 0, 0, 6, 14, 1, 0, 3, 0, 0, 0, 5, 0, 0, 0, 8, 2, 2, 0, 1, 0, 0, 0, 3, 0, 0, 0, 3, 0, 0, 0, 4, 119, 0, 0, 6, 14, 1, 0, 4, 8, 0, 0, 0, 4, 0, 0]"
794,"[7, 0, 0, 0, 3, 0, 0, 0, 1, 0, 0, 0, 6, 7, 0, 0, 3, 0, 0, 0, 5, 0, 0, 0, 1, 0, 0, 0, 5, 0, 0, 0, 6, 8, 1, 0, 0, 12, 0, 0, 0, 6, 0, 0, 2, 1, 0, 0]"
795,"[2, 1, 0, 0, 6, 14, 0, 0, 7, 0, 0, 0, 4, 54, 0, 0, 3, 0, 0, 0, 4, 35, 0, 0, 8, 1, 1, 0, 5, 0, 0, 0, 1, 0, 0, 0, 7, 0, 0, 0, 2, 1, 0, 0, 8, 2, 1, 0]"
796,"[5, 0, 0, 0, 6, 9, 0, 0, 5, 0, 0, 0, 3, 0, 0, 0, 2, 1, 0, 0, 8, 3, 1, 0, 6, 8, 0, 0, 2, 0, 0, 0, 8, 3, 2, 0, 0, 5, 0, 0, 3, 0, 0, 0, 7, 0, 0, 0]"
797,"[8, 1, 2, 0, 5, 0, 0, 0, 7, 0, 0, 0, 3, 0, 0, 0, 7, 0, 0, 0, 1, 0, 0, 0, 4, 79, 0, 0, 6, 4, 0, 0, 2, 0, 0, 0, 4, 60, 0, 0, 1, 0, 0, 0, 6, 4, 0, 0]"
798,"[5, 0, 0, 0, 4, 49, 0, 0, 8, 3, 1, 0, 8, 3, 2, 0, 4, 116, 0, 0, 3, 0, 0, 0, 6, 12, 1, 0, 3, 0, 0, 0, 2, 1, 0, 0, 3, 0, 0, 0, 8, 3, 1, 0, 7, 0, 0, 0]"
799,"[2, 1, 0, 0, 4, 86, 0, 0, 7, 0, 0, 0, 7, 0, 0, 0, 4, 126, 0, 0, 5, 0, 0, 0, 0, 13, 0, 0, 1, 0, 0, 0, 4, 75, 0, 0, 3, 0, 0, 0, 0, 15, 0, 0, 1, 0, 0, 0]"
800,"[7, 0, 0, 0, 7, 0, 0, 0, 2, 1, 0, 0, 4, 115, 0, 0, 5, 0, 0, 0, 0, 10, 0, 0, 6, 10, 1, 0, 5, 0, 0, 0, 8, 2, 1, 0, 6, 12, 0, 0, 1, 0, 0, 0, 5, 0, 0, 0]"
801,"[3, 0, 0, 0, 4, 108, 0, 0, 2, 0, 0, 0, 1, 0, 0, 0, 6, 8, 0, 0, 2, 1, 0, 0, 5, 0, 0, 0, 5, 0, 0, 0, 2, 0, 0, 0, 6, 6, 1, 0, 1, 0, 0, 0, 4, 2, 0, 0]"
802,"[1, 0, 0, 0, 4, 72, 0, 0, 2, 0, 0, 0, 8, 2, 1, 0, 6, 14, 0, 0, 1, 0, 0, 0, 3, 0, 0, 0, 1, 0, 0, 0, 2, 1, 0, 0, 5, 0, 0, 0, 8, 1, 1, 0, 8, 3, 1, 0]"
803,"[6, 11, 1, 0, 6, 4, 1, 0, 1, 0, 0, 0, 3, 0, 0, 0, 1, 0, 0, 0, 0, 13, 1, 0, 0, 4, 0, 0, 4, 115, 0, 0, 4, 108, 0, 0, 4, 19, 0, 0, 3, 0, 0, 0, 6, 11, 0, 0]"
804,"[8, 3, 2, 0, 1, 0, 0, 0, 2, 0, 0, 0, 8, 3, 2, 0, 0, 9, 0, 0, 5, 0, 0, 0, 1, 0, 0, 0, 3, 0, 0, 0, 5, 0, 0, 0, 0, 9, 0, 0, 5, 0, 0, 0, 6, 15, 0, 0]"
805,"[1, 0, 0, 0, 1, 0, 0, 0, 6, 5, 1, 0, 3, 0, 0, 0, 8, 1, 1, 0, 4, 12, 0, 0, 0, 6, 1, 0, 1, 0, 0, 0, 8, 3, 1, 0, 7, 0, 0, 0, 6, 13, 0, 0, 5, 0, 0, 0]"
806,"[6, 4, 1, 0, 7, 0, 0, 0, 3, 0, 0, 0, 4, 90, 0, 0, 8, 2, 1, 0, 5, 0, 0, 0, 2, 1, 0, 0, 0, 11, 0, 0, 6, 4, 0, 0, 0, 10, 0, 0, 0, 8, 0, 0, 6, 11, 0, 0]"
807,"[1, 0, 0, 0, 1, 0, 0, 0, 3, 0, 0, 0, 8, 3, 1, 0, 3, 0, 0, 0, 6, 11, 0, 0, 3, 0, 0, 0, 6, 4, 1, 0, 0, 14, 1, 0, 5, 0, 0, 0, 7, 0, 0, 0, 5, 0, 0, 0]"
808,"[8, 3, 2, 0, 1, 0, 0, 0, 4, 60, 0, 0, 5, 0, 0, 0, 2, 1, 0, 0, 6, 10, 1, 0, 7, 0, 0, 0, 0, 12, 0, 0, 8, 1, 2, 0, 3, 0, 0, 0, 1, 0, 0, 0, 6, 15, 0, 0]"
809,"[2, 1, 0, 0, 2, 1, 0, 0, 7, 0, 0, 0, 2, 1, 0, 0, 0, 12, 1, 0, 0, 7, 1, 0, 0, 7, 1, 0, 6, 14, 1, 0, 1, 0, 0, 0, 2, 1, 0, 0, 4, 44, 0, 0, 1, 0, 0, 0]"
810,"[2, 1, 0, 0, 3, 0, 0, 0, 3, 0, 0, 0, 4, 5, 0, 0, 4, 57, 0, 0, 4, 94, 0, 0, 7, 0, 0, 0, 6, 8, 0, 0, 7, 0, 0, 0, 7, 0, 0, 0, 7, 0, 0, 0, 1, 0, 0, 0]"
811,"[8, 3, 1, 0, 8, 2, 1, 0, 0, 13, 0, 0, 8, 3, 2, 0, 6, 13, 0, 0, 1, 0, 0, 0, 7, 0, 0, 0, 0, 7, 1, 0, 0, 15, 1, 0, 2, 1, 0, 0, 3, 0, 0, 0, 8, 1, 1, 0]"
812,"[2, 0, 0, 0, 0, 10, 1, 0, 2, 1, 0, 0, 7, 0, 0, 0, 8, 2, 1, 0, 6, 5, 1, 0, 4, 6, 0, 0, 8, 2, 2, 0, 7, 0, 0, 0, 1, 0, 0, 0, 0, 6, 1, 0, 6, 13, 0, 0]"
813,"[8, 2, 2, 0, 6, 15, 0, 0, 7, 0, 0, 0, 7, 0, 0, 0, 7, 0, 0, 0, 6, 15, 1, 0, 0, 6, 0, 0, 2, 1, 0, 0, 7, 0, 0, 0, 4, 102, 0, 0, 5, 0, 0, 0, 4, 111, 0, 0]"
814,"[6, 6, 0, 0, 5, 0, 0, 0, 7, 0, 0, 0, 0, 15, 0, 0, 3, 0, 0, 0, 1, 0, 0, 0, 8, 2, 2, 0, 3, 0, 0, 0, 4, 94, 0, 0, 3, 0, 0, 0, 0, 10, 1, 0, 7, 0, 0, 0]"
815,"[1, 0, 0, 0, 0, 5, 0, 0, 7, 0, 0, 0, 3, 0, 0, 0, 0, 5, 1, 0, 3, 0, 0, 0, 2, 1, 0, 0, 6, 8, 0, 0, 7, 0, 0, 0, 2, 1, 0, 0, 7, 0, 0, 0, 8, 3, 2, 0]"
816,"[3, 0, 0, 0, 3, 0, 0, 0, 1, 0, 0, 0, 5, 0, 0, 0, 7, 0, 0, 0, 6, 14, 1, 0, 5, 0, 0, 0, 3, 0, 0, 0, 1, 0, 0, 0, 3, 0, 0, 0, 5, 0, 0, 0, 7, 0, 0, 0]"
817,"[7, 0, 0, 0, 2, 1, 0, 0, 5, 0, 0, 0, 0, 12, 0, 0, 5, 0, 0, 0, 4, 73, 0, 0, 2, 0, 0, 0, 2, 0, 0, 0, 7, 0, 0, 0, 0, 6, 1, 0, 7, 0, 0, 0, 3, 0, 0, 0]"
818,"[4, 33, 0, 0, 4, 65, 0, 0, 0, 5, 0, 0, 0, 7, 1, 0, 3, 0, 0, 0, 4, 126, 0, 0, 2, 1, 0, 0, 2, 0, 0, 0, 4, 37, 0, 0, 3, 0, 0, 0, 6, 6, 0, 0, 4, 70, 0, 0]"
819,"[7, 0, 0, 0, 4, 54, 0, 0, 1, 0, 0, 0, 2, 1, 0, 0, 5, 0, 0, 0, 5, 0, 0, 0, 8, 3, 1, 0, 7, 0, 0, 0, 3, 0, 0, 0, 0, 7, 1, 0, 0, 5, 0, 0, 5, 0, 0, 0]"
820,"[2, 1, 0, 0, 6, 10, 1, 0, 1, 0, 0, 0, 3, 0, 0, 0, 5, 0, 0, 0, 5, 0, 0, 0, 1, 0, 0, 0, 7, 0, 0, 0, 5, 0, 0, 0, 2, 0, 0, 0, 0, 7, 1, 0, 6, 10, 1, 0]"
821,"[3, 0, 0, 0, 6, 14, 0, 0, 5, 0, 0, 0, 1, 0, 0, 0, 5, 0, 0, 0, 1, 0, 0, 0, 4, 33, 0, 0, 7, 0, 0, 0, 0, 9, 1, 0, 4, 57, 0, 0, 3, 0, 0, 0, 3, 0, 0, 0]"
822,"[2, 1, 0, 0, 4, 84, 0, 0, 3, 0, 0, 0, 6, 6, 0, 0, 7, 0, 0, 0, 1, 0, 0, 0, 6, 5, 1, 0, 2, 1, 0, 0, 1, 0, 0, 0, 3, 0, 0, 0, 1, 0, 0, 0, 1, 0, 0, 0]"
823,"[3, 0, 0, 0, 5, 0, 0, 0, 2, 0, 0, 0, 2, 1, 0, 0, 4, 98, 0, 0, 2, 0, 0, 0, 6, 11, 0, 0, 7, 0, 0, 0, 4, 77, 0, 0, 3, 0, 0, 0, 2, 1, 0, 0, 4, 35, 0, 0]"
824,"[5, 0, 0, 0, 1, 0, 0, 0, 7, 0, 0, 0, 6, 4, 0, 0, 8, 3, 2, 0, 0, 12, 0, 0, 5, 0, 0, 0, 5, 0, 0, 0, 7, 0, 0, 0, 7, 0, 0, 0, 1, 0, 0, 0, 2, 0, 0, 0]"
825,"[5, 0, 0, 0, 5, 0, 0, 0, 7, 0, 0, 0, 4, 109, 0, 0, 3, 0, 0, 0, 0, 13, 0, 0, 6, 15, 1, 0, 0, 13, 0, 0, 1, 0, 0, 0, 7, 0, 0, 0, 5, 0, 0, 0, 6, 4, 1, 0]"
826,"[6, 14, 1, 0, 3, 0, 0, 0, 2, 0, 0, 0, 5, 0, 0, 0, 2, 0, 0, 0, 8, 2, 1, 0, 2, 1, 0, 0, 1, 0, 0, 0, 5, 0, 0, 0, 4, 101, 0, 0, 6, 11, 0, 0, 6, 11, 0, 0]"
827,"[2, 0, 0, 0, 1, 0, 0, 0, 4, 107, 0, 0, 0, 13, 0, 0, 0, 6, 1, 0, 4, 42, 0, 0, 7, 0, 0, 0, 4, 75, 0, 0, 2, 1, 0, 0, 4, 97, 0, 0, 6, 9, 0, 0, 7, 0, 0, 0]"
828,"[1, 0, 0, 0, 6, 13, 0, 0, 8, 2, 2, 0, 3, 0, 0, 0, 1, 0, 0, 0, 5, 0, 0, 0, 6, 5, 1, 0, 0, 10, 0, 0, 1, 0, 0, 0, 5, 0, 0, 0, 7, 0, 0, 0, 5, 0, 0, 0]"
829,"[4, 29, 0, 0, 1, 0, 0, 0, 3, 0, 0, 0, 0, 10, 0, 0, 1, 0, 0, 0, 4, 1, 0, 0, 6, 5, 1, 0, 7, 0, 0, 0, 6, 4, 1, 0, 7, 0, 0, 0, 3, 0, 0, 0, 5, 0, 0, 0]"
830,"[3, 0, 0, 0, 4, 35, 0, 0, 3, 0, 0, 0, 5, 0, 0, 0, 1, 0, 0, 0, 8, 1, 1, 0, 3, 0, 0, 0, 7, 0, 0, 0, 0, 11, 0, 0, 5, 0, 0, 0, 1, 0, 0, 0, 5, 0, 0, 0]"
831,"[1, 0, 0, 0, 0, 7, 0, 0, 6, 14, 1, 0, 0, 14, 0, 0, 3, 0, 0, 0, 0, 6, 1, 0, 4, 44, 0, 0, 7, 0, 0, 0, 6, 12, 0, 0, 8, 1, 1, 0, 2, 0, 0, 0, 6, 4, 0, 0]"
832,"[6, 12, 0, 0, 6, 9, 1, 0, 8, 2, 2, 0, 4, 87, 0, 0, 5, 0, 0, 0, 2, 1, 0, 0, 0, 5, 1, 0, 0, 15, 1, 0, 0, 10, 0, 0, 3, 0, 0, 0, 0, 9, 0, 0, 2, 1, 0, 0]"
833,"[1, 0, 0, 0, 7, 0, 0, 0, 8, 2, 2, 0, 1, 0, 0, 0, 7, 0, 0, 0, 8, 3, 2, 0, 0, 15, 1, 0, 6, 7, 0, 0, 5, 0, 0, 0, 8, 1, 1, 0, 1, 0, 0, 0, 8, 2, 1, 0]"
834,"[2, 1, 0, 0, 8, 2, 1, 0, 5, 0, 0, 0, 7, 0, 0, 0, 0, 13, 1, 0, 3, 0, 0, 0, 7, 0, 0, 0, 4, 41, 0, 0, 5, 0, 0, 0, 5, 0, 0, 0, 4, 103, 0, 0, 4, 19, 0, 0]"
835,"[1, 0, 0, 0, 3, 0, 0, 0, 1, 0, 0, 0, 4, 94, 0, 0, 7, 0, 0, 0, 2, 0, 0, 0, 2, 0, 0, 0, 8, 1, 1, 0, 8, 2, 1, 0, 7, 0, 0, 0, 6, 11, 0, 0, 3, 0, 0, 0]"
836,"[2, 1, 0, 0, 7, 0, 0, 0, 7, 0, 0, 0, 4, 111, 0, 0, 4, 13, 0, 0, 2, 0, 0, 0, 1, 0, 0, 0, 1, 0, 0, 0, 1, 0, 0, 0, 5, 0, 0, 0, 2, 1, 0, 0, 5, 0, 0, 0]"
837,"[4, 84, 0, 0, 4, 86, 0, 0, 2, 1, 0, 0, 0, 9, 0, 0, 0, 8, 1, 0, 7, 0, 0, 0, 6, 4, 1, 0, 7, 0, 0, 0, 6, 9, 0, 0, 0, 4, 1, 0, 8, 1, 2, 0, 6, 7, 1, 0]"
838,"[8, 3, 2, 0, 8, 1, 1, 0, 1, 0, 0, 0, 7, 0, 0, 0, 2, 0, 0, 0, 3, 0, 0, 0, 5, 0, 0, 0, 2, 0, 0, 0, 2, 1, 0, 0, 6, 6, 1, 0, 8, 1, 1, 0, 0, 14, 0, 0]"
839,"[0, 9, 0, 0, 1, 0, 0, 0, 3, 0, 0, 0, 1, 0, 0, 0, 7, 0, 0, 0, 7, 0, 0, 0, 7, 0, 0, 0, 0, 5, 0, 0, 4, 82, 0, 0, 5, 0, 0, 0, 2, 0, 0, 0, 8, 3, 1, 0]"
840,"[4, 53, 0, 0, 1, 0, 0, 0, 7, 0, 0, 0, 4, 80, 0, 0, 7, 0, 0, 0, 3, 0, 0, 0, 0, 5, 0, 0, 1, 0, 0, 0, 3, 0, 0, 0, 0, 15, 0, 0, 7, 0, 0, 0, 5, 0, 0, 0]"
841,"[8, 1, 2, 0, 8, 1, 2, 0, 5, 0, 0, 0, 2, 1, 0, 0, 0, 12, 0, 0, 8, 2, 1, 0, 3, 0, 0, 0, 5, 0, 0, 0, 5, 0, 0, 0, 7, 0, 0, 0, 8, 1, 2, 0, 3, 0, 0, 0]"
842,"[7, 0, 0, 0, 4, 15, 0, 0, 4, 27, 0, 0, 0, 10, 0, 0, 8, 3, 2, 0, 5, 0, 0, 0, 3, 0, 0, 0, 8, 2, 1, 0, 2, 0, 0, 0, 8, 2, 2, 0, 2, 1, 0, 0, 7, 0, 0, 0]"
843,"[1, 0, 0, 0, 0, 4, 0, 0, 8, 3, 2, 0, 4, 79, 0, 0, 2, 1, 0, 0, 5, 0, 0, 0, 0, 13, 1, 0, 6, 4, 1, 0, 6, 15, 0, 0, 6, 10, 1, 0, 8, 1, 1, 0, 3, 0, 0, 0]"
844,"[4, 34, 0, 0, 7, 0, 0, 0, 4, 78, 0, 0, 6, 6, 1, 0, 8, 3, 1, 0, 0, 7, 0, 0, 2, 0, 0, 0, 3, 0, 0, 0, 1, 0, 0, 0, 2, 0, 0, 0, 2, 0, 0, 0, 8, 2, 2, 0]"
845,"[5, 0, 0, 0, 2, 1, 0, 0, 7, 0, 0, 0, 3, 0, 0, 0, 0, 11, 1, 0, 8, 3, 2, 0, 7, 0, 0, 0, 7, 0, 0, 0, 5, 0, 0, 0, 3, 0, 0, 0, 4, 98, 0, 0, 6, 12, 0, 0]"
846,"[8, 1, 2, 0, 8, 2, 2, 0, 1, 0, 0, 0, 3, 0, 0, 0, 4, 12, 0, 0, 4, 122, 0, 0, 8, 1, 2, 0, 2, 0, 0, 0, 5, 0, 0, 0, 1, 0, 0, 0, 4, 105, 0, 0, 7, 0, 0, 0]"
847,"[6, 12, 0, 0, 7, 0, 0, 0, 1, 0, 0, 0, 0, 12, 0, 0, 7, 0, 0, 0, 2, 0, 0, 0, 3, 0, 0, 0, 8, 2, 2, 0, 0, 13, 1, 0, 5, 0, 0, 0, 0, 13, 0, 0, 2, 1, 0, 0]"
848,"[1, 0, 0, 0, 8, 2, 1, 0, 7, 0, 0, 0, 1, 0, 0, 0, 5, 0, 0, 0, 2, 0, 0, 0, 8, 2, 1, 0, 5, 0, 0, 0, 2, 1, 0, 0, 0, 5, 0, 0, 0, 6, 0, 0, 6, 4, 0, 0]"
849,"[6, 11, 0, 0, 2, 1, 0, 0, 3, 0, 0, 0, 5, 0, 0, 0, 5, 0, 0, 0, 7, 0, 0, 0, 2, 1, 0, 0, 3, 0, 0, 0, 3, 0, 0, 0, 8, 1, 2, 0, 1, 0, 0, 0, 6, 6, 0, 0]"
850,"[2, 0, 0, 0, 4, 5, 0, 0, 1, 0, 0, 0, 6, 6, 1, 0, 2, 0, 0, 0, 1, 0, 0, 0, 5, 0, 0, 0, 5, 0, 0, 0, 4, 68, 0, 0, 3, 0, 0, 0, 5, 0, 0, 0, 8, 3, 1, 0]"
851,"[0, 10, 1, 0, 7, 0, 0, 0, 3, 0, 0, 0, 1, 0, 0, 0, 3, 0, 0, 0, 4, 100, 0, 0, 8, 1, 1, 0, 4, 108, 0, 0, 6, 5, 1, 0, 5, 0, 0, 0, 3, 0, 0, 0, 3, 0, 0, 0]"
852,"[8, 1, 1, 0, 2, 1, 0, 0, 3, 0, 0, 0, 2, 0, 0, 0, 8, 2, 1, 0, 6, 4, 0, 0, 3, 0, 0, 0, 5, 0, 0, 0, 3, 0, 0, 0, 4, 8, 0, 0, 4, 23, 0, 0, 7, 0, 0, 0]"
853,"[6, 4, 0, 0, 5, 0, 0, 0, 1, 0, 0, 0, 0, 12, 0, 0, 0, 5, 0, 0, 7, 0, 0, 0, 1, 0, 0, 0, 7, 0, 0, 0, 6, 7, 1, 0, 5, 0, 0, 0, 8, 1, 2, 0, 2, 0, 0, 0]"
854,"[0, 8, 1, 0, 1, 0, 0, 0, 8, 3, 1, 0, 5, 0, 0, 0, 0, 8, 0, 0, 2, 1, 0, 0, 4, 62, 0, 0, 4, 23, 0, 0, 3, 0, 0, 0, 4, 111, 0, 0, 1, 0, 0, 0, 8, 1, 2, 0]"
855,"[8, 3, 1, 0, 8, 1, 2, 0, 0, 10, 1, 0, 3, 0, 0, 0, 0, 7, 0, 0, 5, 0, 0, 0, 2, 0, 0, 0, 6, 13, 1, 0, 3, 0, 0, 0, 6, 9, 0, 0, 7, 0, 0, 0, 8, 2, 2, 0]"
856,"[3, 0, 0, 0, 5, 0, 0, 0, 4, 30, 0, 0, 7, 0, 0, 0, 8, 2, 2, 0, 3, 0, 0, 0, 8, 1, 1, 0, 5, 0, 0, 0, 1, 0, 0, 0, 2, 0, 0, 0, 5, 0, 0, 0, 5, 0, 0, 0]"
857,"[8, 3, 2, 0, 0, 4, 1, 0, 7, 0, 0, 0, 6, 7, 1, 0, 7, 0, 0, 0, 2, 0, 0, 0, 4, 77, 0, 0, 4, 3, 0, 0, 2, 0, 0, 0, 8, 2, 2, 0, 3, 0, 0, 0, 6, 13, 0, 0]"
858,"[5, 0, 0, 0, 0, 12, 1, 0, 5, 0, 0, 0, 5, 0, 0, 0, 4, 124, 0, 0, 8, 1, 1, 0, 7, 0, 0, 0, 3, 0, 0, 0, 7, 0, 0, 0, 1, 0, 0, 0, 6, 6, 0, 0, 6, 7, 1, 0]"
859,"[5, 0, 0, 0, 1, 0, 0, 0, 1, 0, 0, 0, 2, 0, 0, 0, 3, 0, 0, 0, 5, 0, 0, 0, 6, 7, 0, 0, 7, 0, 0, 0, 6, 8, 0, 0, 2, 1, 0, 0, 2, 0, 0, 0, 4, 83, 0, 0]"
860,"[5, 0, 0, 0, 2, 0, 0, 0, 0, 5, 1, 0, 1, 0, 0, 0, 4, 78, 0, 0, 7, 0, 0, 0, 8, 3, 2, 0, 0, 11, 0, 0, 6, 6, 0, 0, 7, 0, 0, 0, 1, 0, 0, 0, 3, 0, 0, 0]"
861,"[6, 5, 0, 0, 6, 14, 0, 0, 6, 7, 0, 0, 5, 0, 0, 0, 6, 6, 1, 0, 3, 0, 0, 0, 8, 3, 2, 0, 1, 0, 0, 0, 1, 0, 0, 0, 6, 14, 1, 0, 4, 6, 0, 0, 3, 0, 0, 0]"
862,"[6, 13, 0, 0, 5, 0, 0, 0, 1, 0, 0, 0, 4, 10, 0, 0, 6, 9, 0, 0, 3, 0, 0, 0, 6, 10, 1, 0, 1, 0, 0, 0, 4, 117, 0, 0, 0, 13, 1, 0, 0, 9, 0, 0, 0, 10, 1, 0]"
863,"[5, 0, 0, 0, 7, 0, 0, 0, 8, 2, 1, 0, 4, 19, 0, 0, 3, 0, 0, 0, 3, 0, 0, 0, 4, 113, 0, 0, 5, 0, 0, 0, 4, 50, 0, 0, 5, 0, 0, 0, 1, 0, 0, 0, 0, 4, 1, 0]"
864,"[7, 0, 0, 0, 7, 0, 0, 0, 5, 0, 0, 0, 8, 3, 1, 0, 5, 0, 0, 0, 1, 0, 0, 0, 1, 0, 0, 0, 6, 12, 0, 0, 7, 0, 0, 0, 1, 0, 0, 0, 7, 0, 0, 0, 4, 23, 0, 0]"
865,"[0, 10, 1, 0, 0, 6, 0, 0, 4, 74, 0, 0, 7, 0, 0, 0, 1, 0, 0, 0, 1, 0, 0, 0, 1, 0, 0, 0, 7, 0, 0, 0, 4, 114, 0, 0, 3, 0, 0, 0, 5, 0, 0, 0, 5, 0, 0, 0]"
866,"[3, 0, 0, 0, 1, 0, 0, 0, 8, 3, 1, 0, 2, 0, 0, 0, 3, 0, 0, 0, 4, 91, 0, 0, 2, 0, 0, 0, 3, 0, 0, 0, 3, 0, 0, 0, 8, 2, 1, 0, 1, 0, 0, 0, 0, 13, 0, 0]"
867,"[8, 1, 2, 0, 2, 1, 0, 0, 7, 0, 0, 0, 1, 0, 0, 0, 2, 1, 0, 0, 3, 0, 0, 0, 6, 15, 1, 0, 8, 2, 2, 0, 5, 0, 0, 0, 7, 0, 0, 0, 0, 15, 1, 0, 1, 0, 0, 0]"
868,"[4, 9, 0, 0, 3, 0, 0, 0, 4, 63, 0, 0, 3, 0, 0, 0, 4, 62, 0, 0, 3, 0, 0, 0, 4, 56, 0, 0, 4, 58, 0, 0, 6, 9, 0, 0, 1, 0, 0, 0, 8, 2, 2, 0, 8, 1, 2, 0]"
869,"[4, 40, 0, 0, 5, 0, 0, 0, 6, 5, 0, 0, 2, 0, 0, 0, 0, 14, 1, 0, 7, 0, 0, 0, 8, 1, 2, 0, 6, 9, 1, 0, 3, 0, 0, 0, 7, 0, 0, 0, 8, 2, 2, 0, 4, 76, 0, 0]"
870,"[3, 0, 0, 0, 3, 0, 0, 0, 1, 0, 0, 0, 0, 12, 1, 0, 6, 4, 0, 0, 3, 0, 0, 0, 8, 2, 2, 0, 7, 0, 0, 0, 0, 12, 0, 0, 5, 0, 0, 0, 4, 97, 0, 0, 5, 0, 0, 0]"
871,"[0, 11, 1, 0, 3, 0, 0, 0, 5, 0, 0, 0, 5, 0, 0, 0, 1, 0, 0, 0, 7, 0, 0, 0, 7, 0, 0, 0, 3, 0, 0, 0, 5, 0, 0, 0, 0, 8, 1, 0, 0, 7, 1, 0, 6, 13, 1, 0]"
872,"[5, 0, 0, 0, 8, 3, 2, 0, 3, 0, 0, 0, 3, 0, 0, 0, 0, 9, 0, 0, 7, 0, 0, 0, 5, 0, 0, 0, 6, 10, 1, 0, 8, 3, 2, 0, 6, 12, 0, 0, 5, 0, 0, 0, 0, 8, 1, 0]"
873,"[2, 1, 0, 0, 7, 0, 0, 0, 3, 0, 0, 0, 8, 2, 2, 0, 8, 1, 2, 0, 5, 0, 0, 0, 0, 14, 0, 0, 7, 0, 0, 0, 2, 1, 0, 0, 4, 88, 0, 0, 5, 0, 0, 0, 1, 0, 0, 0]"
874,"[4, 38, 0, 0, 0, 5, 0, 0, 8, 3, 1, 0, 0, 13, 1, 0, 7, 0, 0, 0, 8, 2, 1, 0, 3, 0, 0, 0, 5, 0, 0, 0, 3, 0, 0, 0, 2, 1, 0, 0, 8, 2, 2, 0, 8, 3, 2, 0]"
875,"[4, 17, 0, 0, 7, 0, 0, 0, 0, 12, 1, 0, 7, 0, 0, 0, 7, 0, 0, 0, 3, 0, 0, 0, 1, 0, 0, 0, 1, 0, 0, 0, 8, 3, 2, 0, 4, 43, 0, 0, 8, 2, 2, 0, 2, 1, 0, 0]"
876,"[1, 0, 0, 0, 4, 81, 0, 0, 1, 0, 0, 0, 5, 0, 0, 0, 8, 2, 2, 0, 1, 0, 0, 0, 0, 14, 1, 0, 0, 15, 0, 0, 7, 0, 0, 0, 3, 0, 0, 0, 5, 0, 0, 0, 2, 0, 0, 0]"
877,"[1, 0, 0, 0, 8, 3, 1, 0, 8, 1, 1, 0, 1, 0, 0, 0, 8, 1, 2, 0, 8, 1, 1, 0, 7, 0, 0, 0, 0, 11, 0, 0, 3, 0, 0, 0, 6, 5, 0, 0, 7, 0, 0, 0, 7, 0, 0, 0]"
878,"[8, 2, 2, 0, 7, 0, 0, 0, 3, 0, 0, 0, 2, 0, 0, 0, 6, 7, 0, 0, 4, 123, 0, 0, 4, 120, 0, 0, 5, 0, 0, 0, 7, 0, 0, 0, 5, 0, 0, 0, 5, 0, 0, 0, 2, 0, 0, 0]"
879,"[0, 10, 1, 0, 3, 0, 0, 0, 2, 0, 0, 0, 4, 53, 0, 0, 2, 1, 0, 0, 8, 1, 2, 0, 1, 0, 0, 0, 4, 121, 0, 0, 3, 0, 0, 0, 4, 50, 0, 0, 8, 3, 2, 0, 6, 15, 0, 0]"
880,"[4, 123, 0, 0, 6, 5, 0, 0, 5, 0, 0, 0, 1, 0, 0, 0, 4, 28, 0, 0, 6, 4, 1, 0, 3, 0, 0, 0, 6, 4, 1, 0, 2, 1, 0, 0, 3, 0, 0, 0, 3, 0, 0, 0, 3, 0, 0, 0]"
881,"[3, 0, 0, 0, 1, 0, 0, 0, 2, 1, 0, 0, 3, 0, 0, 0, 1, 0, 0, 0, 7, 0, 0, 0, 5, 0, 0, 0, 0, 10, 0, 0, 8, 3, 1, 0, 2, 1, 0, 0, 7, 0, 0, 0, 1, 0, 0, 0]"
882,"[6, 5, 1, 0, 6, 11, 1, 0, 1, 0, 0, 0, 1, 0, 0, 0, 8, 3, 1, 0, 0, 14, 0, 0, 4, 5, 0, 0, 3, 0, 0, 0, 1, 0, 0, 0, 0, 11, 1, 0, 0, 14, 0, 0, 6, 4, 0, 0]"
883,"[3, 0, 0, 0, 3, 0, 0, 0, 2, 1, 0, 0, 5, 0, 0, 0, 2, 0, 0, 0, 2, 1, 0, 0, 5, 0, 0, 0, 6, 12, 1, 0, 2, 1, 0, 0, 4, 50, 0, 0, 1, 0, 0, 0, 0, 14, 0, 0]"
884,"[7, 0, 0, 0, 5, 0, 0, 0, 8, 1, 2, 0, 6, 4, 1, 0, 8, 3, 1, 0, 0, 11, 0, 0, 7, 0, 0, 0, 5, 0, 0, 0, 8, 1, 1, 0, 6, 12, 0, 0, 0, 9, 1, 0, 3, 0, 0, 0]"
885,"[5, 0, 0, 0, 6, 12, 1, 0, 1, 0, 0, 0, 4, 13, 0, 0, 2, 1, 0, 0, 8, 2, 1, 0, 3, 0, 0, 0, 2, 1, 0, 0, 0, 9, 1, 0, 5, 0, 0, 0, 0, 5, 1, 0, 4, 45, 0, 0]"
886,"[5, 0, 0, 0, 0, 14, 0, 0, 7, 0, 0, 0, 2, 1, 0, 0, 6, 10, 1, 0, 4, 67, 0, 0, 0, 15, 0, 0, 8, 3, 2, 0, 4, 8, 0, 0, 6, 15, 1, 0, 4, 69, 0, 0, 7, 0, 0, 0]"
887,"[2, 0, 0, 0, 3, 0, 0, 0, 7, 0, 0, 0, 7, 0, 0, 0, 3, 0, 0, 0, 5, 0, 0, 0, 5, 0, 0, 0, 0, 8, 0, 0, 2, 0, 0, 0, 5, 0, 0, 0, 6, 7, 1, 0, 3, 0, 0, 0]"
888,"[7, 0, 0, 0, 8, 2, 2, 0, 0, 9, 0, 0, 8, 3, 2, 0, 5, 0, 0, 0, 1, 0, 0, 0, 3, 0, 0, 0, 1, 0, 0, 0, 2, 0, 0, 0, 0, 7, 0, 0, 7, 0, 0, 0, 1, 0, 0, 0]"
889,"[2, 0, 0, 0, 5, 0, 0, 0, 2, 0, 0, 0, 0, 6, 1, 0, 4, 111, 0, 0, 4, 125, 0, 0, 6, 6, 0, 0, 4, 27, 0, 0, 3, 0, 0, 0, 2, 0, 0, 0, 3, 0, 0, 0, 1, 0, 0, 0]"
890,"[3, 0, 0, 0, 4, 24, 0, 0, 2, 0, 0, 0, 2, 0, 0, 0, 0, 13, 0, 0, 7, 0, 0, 0, 2, 0, 0, 0, 7, 0, 0, 0, 7, 0, 0, 0, 4, 71, 0, 0, 2, 1, 0, 0, 8, 1, 2, 0]"
891,"[5, 0, 0, 0, 5, 0, 0, 0, 0, 4, 0, 0, 6, 11, 0, 0, 3, 0, 0, 0, 8, 3, 1, 0, 7, 0, 0, 0, 0, 10, 1, 0, 2, 1, 0, 0, 5, 0, 0, 0, 0, 5, 1, 0, 2, 1, 0, 0]"
892,"[0, 4, 1, 0, 0, 8, 1, 0, 2, 0, 0, 0, 8, 3, 1, 0, 0, 7, 1, 0, 8, 2, 2, 0, 5, 0, 0, 0, 4, 69, 0, 0, 4, 1, 0, 0, 3, 0, 0, 0, 8, 2, 2, 0, 4, 43, 0, 0]"
893,"[3, 0, 0, 0, 8, 3, 1, 0, 5, 0, 0, 0, 6, 6, 1, 0, 8, 2, 2, 0, 8, 1, 1, 0, 6, 5, 0, 0, 3, 0, 0, 0, 8, 2, 1, 0, 4, 68, 0, 0, 5, 0, 0, 0, 2, 0, 0, 0]"
894,"[3, 0, 0, 0, 0, 9, 1, 0, 1, 0, 0, 0, 2, 1, 0, 0, 0, 6, 1, 0, 6, 12, 1, 0, 6, 13, 1, 0, 2, 1, 0, 0, 6, 15, 1, 0, 5, 0, 0, 0, 6, 7, 0, 0, 0, 4, 1, 0]"
895,"[4, 18, 0, 0, 1, 0, 0, 0, 3, 0, 0, 0, 5, 0, 0, 0, 1, 0, 0, 0, 6, 9, 1, 0, 5, 0, 0, 0, 6, 6, 0, 0, 0, 13, 0, 0, 3, 0, 0, 0, 1, 0, 0, 0, 2, 1, 0, 0]"
896,"[6, 14, 1, 0, 0, 11, 1, 0, 6, 12, 0, 0, 0, 7, 0, 0, 5, 0, 0, 0, 6, 10, 1, 0, 0, 11, 1, 0, 8, 1, 2, 0, 1, 0, 0, 0, 4, 5, 0, 0, 8, 3, 1, 0, 4, 124, 0, 0]"
897,"[5, 0, 0, 0, 6, 13, 1, 0, 3, 0, 0, 0, 2, 0, 0, 0, 7, 0, 0, 0, 6, 11, 0, 0, 3, 0, 0, 0, 7, 0, 0, 0, 7, 0, 0, 0, 8, 3, 2, 0, 0, 12, 0, 0, 5, 0, 0, 0]"
898,"[3, 0, 0, 0, 3, 0, 0, 0, 0, 8, 0, 0, 2, 0, 0, 0, 8, 2, 1, 0, 8, 2, 1, 0, 5, 0, 0, 0, 4, 105, 0, 0, 5, 0, 0, 0, 0, 5, 0, 0, 8, 1, 1, 0, 1, 0, 0, 0]"
899,"[1, 0, 0, 0, 4, 127, 0, 0, 7, 0, 0, 0, 4, 64, 0, 0, 4, 104, 0, 0, 8, 2, 2, 0, 6, 12, 0, 0, 0, 6, 0, 0, 6, 13, 0, 0, 1, 0, 0, 0, 2, 1, 0, 0, 1, 0, 0, 0]"
900,"[6, 4, 1, 0, 4, 106, 0, 0, 2, 1, 0, 0, 4, 71, 0, 0, 4, 94, 0, 0, 1, 0, 0, 0, 7, 0, 0, 0, 7, 0, 0, 0, 0, 9, 1, 0, 8, 2, 1, 0, 7, 0, 0, 0, 2, 0, 0, 0]"
901,"[0, 12, 1, 0, 1, 0, 0, 0, 3, 0, 0, 0, 0, 7, 1, 0, 3, 0, 0, 0, 1, 0, 0, 0, 5, 0, 0, 0, 1, 0, 0, 0, 8, 1, 2, 0, 0, 4, 0, 0, 2, 1, 0, 0, 5, 0, 0, 0]"
902,"[7, 0, 0, 0, 5, 0, 0, 0, 0, 7, 1, 0, 3, 0, 0, 0, 1, 0, 0, 0, 6, 9, 0, 0, 2, 1, 0, 0, 7, 0, 0, 0, 3, 0, 0, 0, 1, 0, 0, 0, 7, 0, 0, 0, 0, 11, 1, 0]"
903,"[6, 7, 0, 0, 5, 0, 0, 0, 3, 0, 0, 0, 2, 1, 0, 0, 7, 0, 0, 0, 6, 8, 0, 0, 3, 0, 0, 0, 1, 0, 0, 0, 6, 7, 0, 0, 3, 0, 0, 0, 1, 0, 0, 0, 1, 0, 0, 0]"
904,"[1, 0, 0, 0, 2, 1, 0, 0, 2, 0, 0, 0, 7, 0, 0, 0, 0, 9, 1, 0, 5, 0, 0, 0, 1, 0, 0, 0, 1, 0, 0, 0, 2, 1, 0, 0, 4, 119, 0, 0, 4, 67, 0, 0, 0, 14, 0, 0]"
905,"[1, 0, 0, 0, 7, 0, 0, 0, 8, 1, 2, 0, 3, 0, 0, 0, 8, 1, 1, 0, 0, 10, 1, 0, 4, 83, 0, 0, 0, 15, 0, 0, 1, 0, 0, 0, 1, 0, 0, 0, 0, 11, 1, 0, 5, 0, 0, 0]"
906,"[0, 7, 1, 0, 6, 12, 1, 0, 5, 0, 0, 0, 1, 0, 0, 0, 8, 3, 2, 0, 7, 0, 0, 0, 2, 0, 0, 0, 1, 0, 0, 0, 5, 0, 0, 0, 7, 0, 0, 0, 0, 9, 0, 0, 0, 12, 1, 0]"
907,"[5, 0, 0, 0, 8, 2, 2, 0, 1, 0, 0, 0, 1, 0, 0, 0, 4, 116, 0, 0, 0, 12, 1, 0, 4, 90, 0, 0, 7, 0, 0, 0, 4, 116, 0, 0, 4, 13, 0, 0, 1, 0, 0, 0, 6, 11, 0, 0]"
908,"[1, 0, 0, 0, 1, 0, 0, 0, 5, 0, 0, 0, 1, 0, 0, 0, 1, 0, 0, 0, 8, 2, 2, 0, 8, 1, 2, 0, 7, 0, 0, 0, 3, 0, 0, 0, 1, 0, 0, 0, 0, 8, 1, 0, 4, 113, 0, 0]"
909,"[6, 6, 1, 0, 1, 0, 0, 0, 0, 7, 1, 0, 3, 0, 0, 0, 6, 9, 0, 0, 3, 0, 0, 0, 8, 3, 2, 0, 0, 14, 1, 0, 7, 0, 0, 0, 3, 0, 0, 0, 0, 5, 0, 0, 2, 0, 0, 0]"
910,"[4, 97, 0, 0, 8, 1, 2, 0, 5, 0, 0, 0, 4, 49, 0, 0, 5, 0, 0, 0, 3, 0, 0, 0, 8, 1, 2, 0, 8, 1, 2, 0, 6, 11, 0, 0, 3, 0, 0, 0, 8, 1, 1, 0, 1, 0, 0, 0]"
911,"[7, 0, 0, 0, 4, 96, 0, 0, 7, 0, 0, 0, 1, 0, 0, 0, 4, 99, 0, 0, 6, 8, 0, 0, 2, 0, 0, 0, 1, 0, 0, 0, 0, 13, 0, 0, 8, 2, 1, 0, 0, 8, 0, 0, 1, 0, 0, 0]"
912,"[3, 0, 0, 0, 3, 0, 0, 0, 1, 0, 0, 0, 5, 0, 0, 0, 1, 0, 0, 0, 8, 1, 2, 0, 0, 14, 0, 0, 4, 31, 0, 0, 5, 0, 0, 0, 7, 0, 0, 0, 0, 15, 0, 0, 0, 11, 0, 0]"
913,"[7, 0, 0, 0, 0, 14, 0, 0, 0, 8, 1, 0, 0, 7, 1, 0, 3, 0, 0, 0, 5, 0, 0, 0, 2, 1, 0, 0, 7, 0, 0, 0, 0, 12, 1, 0, 8, 2, 2, 0, 8, 3, 2, 0, 6, 7, 1, 0]"
914,"[1, 0, 0, 0, 2, 0, 0, 0, 7, 0, 0, 0, 4, 86, 0, 0, 3, 0, 0, 0, 5, 0, 0, 0, 6, 5, 1, 0, 1, 0, 0, 0, 5, 0, 0, 0, 8, 3, 1, 0, 4, 54, 0, 0, 3, 0, 0, 0]"
915,"[2, 1, 0, 0, 2, 1, 0, 0, 3, 0, 0, 0, 4, 49, 0, 0, 4, 58, 0, 0, 8, 3, 1, 0, 8, 2, 1, 0, 4, 31, 0, 0, 7, 0, 0, 0, 3, 0, 0, 0, 0, 14, 1, 0, 4, 100, 0, 0]"
916,"[3, 0, 0, 0, 1, 0, 0, 0, 0, 8, 0, 0, 5, 0, 0, 0, 1, 0, 0, 0, 4, 112, 0, 0, 6, 12, 1, 0, 1, 0, 0, 0, 0, 8, 0, 0, 0, 10, 1, 0, 8, 2, 1, 0, 2, 0, 0, 0]"
917,"[8, 2, 1, 0, 0, 9, 0, 0, 4, 79, 0, 0, 8, 3, 1, 0, 8, 2, 1, 0, 0, 12, 1, 0, 4, 126, 0, 0, 2, 0, 0, 0, 0, 14, 1, 0, 4, 107, 0, 0, 6, 12, 0, 0, 1, 0, 0, 0]"
918,"[5, 0, 0, 0, 3, 0, 0, 0, 7, 0, 0, 0, 0, 6, 1, 0, 6, 14, 0, 0, 3, 0, 0, 0, 5, 0, 0, 0, 2, 1, 0, 0, 2, 1, 0, 0, 5, 0, 0, 0, 1, 0, 0, 0, 4, 22, 0, 0]"
919,"[3, 0, 0, 0, 2, 1, 0, 0, 4, 93, 0, 0, 3, 0, 0, 0, 2, 0, 0, 0, 4, 45, 0, 0, 5, 0, 0, 0, 1, 0, 0, 0, 1, 0, 0, 0, 0, 15, 0, 0, 1, 0, 0, 0, 8, 2, 2, 0]"
920,"[7, 0, 0, 0, 6, 5, 0, 0, 8, 3, 2, 0, 4, 77, 0, 0, 0, 9, 0, 0, 6, 15, 1, 0, 5, 0, 0, 0, 7, 0, 0, 0, 0, 6, 1, 0, 2, 1, 0, 0, 2, 0, 0, 0, 2, 0, 0, 0]"
921,"[6, 13, 1, 0, 7, 0, 0, 0, 5, 0, 0, 0, 0, 7, 1, 0, 1, 0, 0, 0, 2, 0, 0, 0, 1, 0, 0, 0, 8, 3, 2, 0, 3, 0, 0, 0, 7, 0, 0, 0, 2, 1, 0, 0, 2, 0, 0, 0]"
922,"[8, 1, 2, 0, 7, 0, 0, 0, 3, 0, 0, 0, 6, 6, 1, 0, 8, 1, 1, 0, 0, 15, 0, 0, 6, 10, 1, 0, 5, 0, 0, 0, 8, 1, 2, 0, 1, 0, 0, 0, 4, 92, 0, 0, 8, 3, 2, 0]"
923,"[8, 2, 2, 0, 7, 0, 0, 0, 1, 0, 0, 0, 5, 0, 0, 0, 8, 3, 2, 0, 1, 0, 0, 0, 6, 4, 0, 0, 0, 8, 1, 0, 7, 0, 0, 0, 3, 0, 0, 0, 8, 3, 1, 0, 1, 0, 0, 0]"
924,"[7, 0, 0, 0, 0, 13, 1, 0, 6, 5, 1, 0, 4, 127, 0, 0, 3, 0, 0, 0, 7, 0, 0, 0, 2, 0, 0, 0, 5, 0, 0, 0, 8, 1, 1, 0, 5, 0, 0, 0, 2, 0, 0, 0, 3, 0, 0, 0]"
925,"[4, 28, 0, 0, 3, 0, 0, 0, 4, 99, 0, 0, 4, 101, 0, 0, 1, 0, 0, 0, 6, 14, 1, 0, 1, 0, 0, 0, 5, 0, 0, 0, 5, 0, 0, 0, 8, 3, 2, 0, 1, 0, 0, 0, 0, 6, 1, 0]"
926,"[2, 1, 0, 0, 2, 0, 0, 0, 2, 1, 0, 0, 4, 10, 0, 0, 5, 0, 0, 0, 4, 114, 0, 0, 0, 8, 0, 0, 8, 3, 2, 0, 1, 0, 0, 0, 7, 0, 0, 0, 2, 0, 0, 0, 4, 34, 0, 0]"
927,"[2, 1, 0, 0, 2, 1, 0, 0, 0, 8, 0, 0, 5, 0, 0, 0, 3, 0, 0, 0, 2, 1, 0, 0, 7, 0, 0, 0, 7, 0, 0, 0, 2, 1, 0, 0, 3, 0, 0, 0, 2, 1, 0, 0, 6, 13, 1, 0]"
928,"[7, 0, 0, 0, 0, 7, 1, 0, 5, 0, 0, 0, 5, 0, 0, 0, 6, 13, 0, 0, 3, 0, 0, 0, 7, 0, 0, 0, 5, 0, 0, 0, 1, 0, 0, 0, 6, 15, 1, 0, 6, 15, 1, 0, 8, 3, 2, 0]"
929,"[2, 0, 0, 0, 3, 0, 0, 0, 0, 13, 0, 0, 5, 0, 0, 0, 3, 0, 0, 0, 4, 116, 0, 0, 7, 0, 0, 0, 0, 11, 1, 0, 8, 3, 1, 0, 8, 2, 2, 0, 0, 12, 1, 0, 0, 9, 0, 0]"
930,"[5, 0, 0, 0, 2, 0, 0, 0, 1, 0, 0, 0, 0, 12, 0, 0, 8, 3, 2, 0, 6, 7, 1, 0, 0, 6, 1, 0, 2, 0, 0, 0, 3, 0, 0, 0, 6, 12, 0, 0, 1, 0, 0, 0, 4, 8, 0, 0]"
931,"[3, 0, 0, 0, 5, 0, 0, 0, 0, 11, 0, 0, 8, 1, 1, 0, 0, 8, 0, 0, 8, 2, 2, 0, 6, 12, 1, 0, 4, 6, 0, 0, 7, 0, 0, 0, 4, 115, 0, 0, 2, 1, 0, 0, 6, 7, 1, 0]"
932,"[1, 0, 0, 0, 8, 3, 1, 0, 7, 0, 0, 0, 3, 0, 0, 0, 0, 4, 1, 0, 5, 0, 0, 0, 1, 0, 0, 0, 6, 5, 1, 0, 2, 1, 0, 0, 6, 5, 0, 0, 5, 0, 0, 0, 3, 0, 0, 0]"
933,"[4, 100, 0, 0, 7, 0, 0, 0, 4, 114, 0, 0, 5, 0, 0, 0, 5, 0, 0, 0, 7, 0, 0, 0, 2, 0, 0, 0, 7, 0, 0, 0, 5, 0, 0, 0, 6, 13, 1, 0, 6, 11, 1, 0, 6, 15, 0, 0]"
934,"[6, 15, 1, 0, 5, 0, 0, 0, 8, 3, 2, 0, 2, 0, 0, 0, 8, 3, 1, 0, 1, 0, 0, 0, 0, 13, 0, 0, 8, 2, 2, 0, 0, 9, 0, 0, 4, 37, 0, 0, 5, 0, 0, 0, 8, 2, 2, 0]"
935,"[5, 0, 0, 0, 5, 0, 0, 0, 6, 11, 1, 0, 7, 0, 0, 0, 1, 0, 0, 0, 2, 0, 0, 0, 2, 1, 0, 0, 1, 0, 0, 0, 4, 18, 0, 0, 6, 14, 0, 0, 4, 66, 0, 0, 8, 2, 2, 0]"
936,"[5, 0, 0, 0, 6, 11, 1, 0, 5, 0, 0, 0, 5, 0, 0, 0, 1, 0, 0, 0, 0, 7, 0, 0, 6, 4, 0, 0, 1, 0, 0, 0, 1, 0, 0, 0, 3, 0, 0, 0, 3, 0, 0, 0, 2, 0, 0, 0]"
937,"[0, 13, 0, 0, 6, 9, 1, 0, 7, 0, 0, 0, 8, 1, 1, 0, 3, 0, 0, 0, 2, 1, 0, 0, 8, 1, 2, 0, 5, 0, 0, 0, 7, 0, 0, 0, 2, 0, 0, 0, 8, 2, 2, 0, 2, 1, 0, 0]"
938,"[8, 3, 2, 0, 8, 1, 2, 0, 2, 1, 0, 0, 8, 2, 2, 0, 2, 1, 0, 0, 3, 0, 0, 0, 1, 0, 0, 0, 5, 0, 0, 0, 3, 0, 0, 0, 2, 1, 0, 0, 5, 0, 0, 0, 8, 2, 2, 0]"
939,"[3, 0, 0, 0, 1, 0, 0, 0, 4, 3, 0, 0, 3, 0, 0, 0, 6, 7, 0, 0, 1, 0, 0, 0, 4, 50, 0, 0, 0, 10, 1, 0, 1, 0, 0, 0, 8, 1, 1, 0, 0, 6, 0, 0, 5, 0, 0, 0]"
940,"[2, 1, 0, 0, 5, 0, 0, 0, 5, 0, 0, 0, 2, 1, 0, 0, 5, 0, 0, 0, 8, 2, 1, 0, 2, 1, 0, 0, 3, 0, 0, 0, 7, 0, 0, 0, 4, 95, 0, 0, 7, 0, 0, 0, 5, 0, 0, 0]"
941,"[2, 0, 0, 0, 7, 0, 0, 0, 3, 0, 0, 0, 8, 2, 1, 0, 0, 7, 1, 0, 5, 0, 0, 0, 6, 5, 1, 0, 3, 0, 0, 0, 0, 6, 0, 0, 8, 3, 1, 0, 0, 13, 1, 0, 1, 0, 0, 0]"
942,"[4, 70, 0, 0, 2, 0, 0, 0, 6, 7, 1, 0, 8, 1, 2, 0, 0, 10, 1, 0, 2, 1, 0, 0, 2, 0, 0, 0, 8, 3, 1, 0, 2, 0, 0, 0, 0, 8, 0, 0, 7, 0, 0, 0, 0, 9, 0, 0]"
943,"[8, 1, 2, 0, 0, 9, 1, 0, 5, 0, 0, 0, 4, 121, 0, 0, 5, 0, 0, 0, 4, 48, 0, 0, 5, 0, 0, 0, 6, 14, 1, 0, 6, 14, 1, 0, 8, 3, 1, 0, 2, 0, 0, 0, 1, 0, 0, 0]"
944,"[0, 15, 1, 0, 3, 0, 0, 0, 3, 0, 0, 0, 6, 10, 1, 0, 5, 0, 0, 0, 5, 0, 0, 0, 7, 0, 0, 0, 5, 0, 0, 0, 2, 1, 0, 0, 2, 1, 0, 0, 8, 2, 2, 0, 8, 2, 2, 0]"
945,"[1, 0, 0, 0, 5, 0, 0, 0, 5, 0, 0, 0, 5, 0, 0, 0, 3, 0, 0, 0, 0, 10, 0, 0, 0, 7, 1, 0, 2, 1, 0, 0, 3, 0, 0, 0, 0, 9, 1, 0, 8, 2, 1, 0, 4, 33, 0, 0]"
946,"[0, 11, 1, 0, 5, 0, 0, 0, 1, 0, 0, 0, 3, 0, 0, 0, 4, 102, 0, 0, 3, 0, 0, 0, 4, 65, 0, 0, 4, 5, 0, 0, 8, 1, 2, 0, 3, 0, 0, 0, 0, 5, 1, 0, 8, 2, 1, 0]"
947,"[3, 0, 0, 0, 0, 7, 0, 0, 7, 0, 0, 0, 5, 0, 0, 0, 4, 32, 0, 0, 6, 14, 0, 0, 3, 0, 0, 0, 7, 0, 0, 0, 2, 0, 0, 0, 2, 0, 0, 0, 3, 0, 0, 0, 3, 0, 0, 0]"
948,"[8, 1, 2, 0, 0, 11, 0, 0, 1, 0, 0, 0, 5, 0, 0, 0, 2, 0, 0, 0, 7, 0, 0, 0, 8, 3, 1, 0, 4, 56, 0, 0, 7, 0, 0, 0, 0, 8, 1, 0, 3, 0, 0, 0, 7, 0, 0, 0]"
949,"[7, 0, 0, 0, 2, 1, 0, 0, 0, 11, 0, 0, 7, 0, 0, 0, 6, 6, 0, 0, 2, 0, 0, 0, 3, 0, 0, 0, 1, 0, 0, 0, 4, 98, 0, 0, 3, 0, 0, 0, 4, 110, 0, 0, 5, 0, 0, 0]"
950,"[5, 0, 0, 0, 4, 114, 0, 0, 1, 0, 0, 0, 1, 0, 0, 0, 8, 3, 2, 0, 6, 9, 0, 0, 8, 3, 1, 0, 4, 87, 0, 0, 1, 0, 0, 0, 2, 0, 0, 0, 2, 0, 0, 0, 3, 0, 0, 0]"
951,"[5, 0, 0, 0, 5, 0, 0, 0, 2, 0, 0, 0, 6, 5, 0, 0, 7, 0, 0, 0, 4, 54, 0, 0, 1, 0, 0, 0, 0, 7, 0, 0, 2, 0, 0, 0, 6, 15, 0, 0, 7, 0, 0, 0, 2, 0, 0, 0]"
952,"[0, 15, 1, 0, 7, 0, 0, 0, 6, 9, 1, 0, 7, 0, 0, 0, 0, 14, 0, 0, 5, 0, 0, 0, 7, 0, 0, 0, 6, 8, 0, 0, 3, 0, 0, 0, 8, 2, 1, 0, 8, 2, 1, 0, 6, 5, 0, 0]"
953,"[6, 15, 1, 0, 2, 0, 0, 0, 3, 0, 0, 0, 5, 0, 0, 0, 8, 3, 2, 0, 8, 2, 1, 0, 8, 3, 1, 0, 2, 0, 0, 0, 2, 1, 0, 0, 3, 0, 0, 0, 4, 107, 0, 0, 6, 9, 1, 0]"
954,"[1, 0, 0, 0, 2, 0, 0, 0, 7, 0, 0, 0, 8, 2, 1, 0, 0, 14, 0, 0, 0, 14, 0, 0, 1, 0, 0, 0, 6, 4, 0, 0, 1, 0, 0, 0, 6, 8, 0, 0, 7, 0, 0, 0, 6, 12, 1, 0]"
955,"[7, 0, 0, 0, 5, 0, 0, 0, 6, 5, 0, 0, 0, 14, 1, 0, 6, 15, 0, 0, 1, 0, 0, 0, 5, 0, 0, 0, 6, 8, 0, 0, 2, 1, 0, 0, 4, 88, 0, 0, 6, 10, 0, 0, 7, 0, 0, 0]"
956,"[2, 1, 0, 0, 0, 13, 0, 0, 5, 0, 0, 0, 8, 3, 2, 0, 0, 6, 1, 0, 5, 0, 0, 0, 5, 0, 0, 0, 3, 0, 0, 0, 5, 0, 0, 0, 0, 9, 1, 0, 0, 7, 0, 0, 3, 0, 0, 0]"
957,"[6, 5, 0, 0, 2, 1, 0, 0, 6, 9, 0, 0, 2, 0, 0, 0, 2, 0, 0, 0, 5, 0, 0, 0, 7, 0, 0, 0, 5, 0, 0, 0, 5, 0, 0, 0, 2, 1, 0, 0, 3, 0, 0, 0, 4, 84, 0, 0]"
958,"[2, 1, 0, 0, 7, 0, 0, 0, 3, 0, 0, 0, 1, 0, 0, 0, 7, 0, 0, 0, 3, 0, 0, 0, 6, 11, 0, 0, 1, 0, 0, 0, 4, 14, 0, 0, 7, 0, 0, 0, 4, 25, 0, 0, 7, 0, 0, 0]"
959,"[5, 0, 0, 0, 7, 0, 0, 0, 2, 0, 0, 0, 2, 0, 0, 0, 3, 0, 0, 0, 1, 0, 0, 0, 2, 1, 0, 0, 8, 1, 1, 0, 4, 99, 0, 0, 7, 0, 0, 0, 3, 0, 0, 0, 6, 8, 0, 0]"
960,"[4, 29, 0, 0, 5, 0, 0, 0, 4, 48, 0, 0, 4, 122, 0, 0, 2, 0, 0, 0, 8, 1, 2, 0, 1, 0, 0, 0, 2, 0, 0, 0, 4, 36, 0, 0, 0, 14, 1, 0, 5, 0, 0, 0, 3, 0, 0, 0]"
961,"[6, 13, 1, 0, 8, 3, 2, 0, 8, 3, 2, 0, 8, 3, 2, 0, 1, 0, 0, 0, 0, 10, 0, 0, 0, 14, 1, 0, 1, 0, 0, 0, 8, 2, 1, 0, 5, 0, 0, 0, 7, 0, 0, 0, 3, 0, 0, 0]"
962,"[1, 0, 0, 0, 2, 1, 0, 0, 5, 0, 0, 0, 0, 9, 0, 0, 3, 0, 0, 0, 8, 2, 2, 0, 2, 0, 0, 0, 8, 1, 1, 0, 4, 3, 0, 0, 5, 0, 0, 0, 1, 0, 0, 0, 4, 121, 0, 0]"
963,"[8, 1, 1, 0, 1, 0, 0, 0, 8, 3, 1, 0, 7, 0, 0, 0, 7, 0, 0, 0, 8, 3, 2, 0, 2, 0, 0, 0, 0, 10, 0, 0, 6, 12, 0, 0, 3, 0, 0, 0, 6, 9, 0, 0, 3, 0, 0, 0]"
964,"[1, 0, 0, 0, 2, 1, 0, 0, 1, 0, 0, 0, 1, 0, 0, 0, 8, 1, 1, 0, 5, 0, 0, 0, 3, 0, 0, 0, 1, 0, 0, 0, 4, 7, 0, 0, 6, 13, 0, 0, 0, 4, 0, 0, 8, 1, 2, 0]"
965,"[5, 0, 0, 0, 1, 0, 0, 0, 6, 10, 1, 0, 3, 0, 0, 0, 6, 7, 0, 0, 5, 0, 0, 0, 2, 0, 0, 0, 5, 0, 0, 0, 8, 2, 1, 0, 4, 52, 0, 0, 1, 0, 0, 0, 2, 1, 0, 0]"
966,"[6, 13, 1, 0, 6, 10, 1, 0, 4, 21, 0, 0, 6, 12, 0, 0, 2, 1, 0, 0, 3, 0, 0, 0, 7, 0, 0, 0, 8, 2, 1, 0, 0, 14, 1, 0, 6, 9, 0, 0, 7, 0, 0, 0, 3, 0, 0, 0]"
967,"[8, 3, 2, 0, 5, 0, 0, 0, 6, 5, 0, 0, 1, 0, 0, 0, 7, 0, 0, 0, 3, 0, 0, 0, 0, 13, 0, 0, 4, 96, 0, 0, 2, 0, 0, 0, 6, 7, 1, 0, 6, 15, 1, 0, 2, 0, 0, 0]"
968,"[4, 123, 0, 0, 1, 0, 0, 0, 5, 0, 0, 0, 3, 0, 0, 0, 4, 46, 0, 0, 6, 10, 1, 0, 8, 1, 1, 0, 3, 0, 0, 0, 5, 0, 0, 0, 7, 0, 0, 0, 6, 10, 1, 0, 0, 6, 1, 0]"
969,"[7, 0, 0, 0, 7, 0, 0, 0, 1, 0, 0, 0, 1, 0, 0, 0, 2, 0, 0, 0, 2, 1, 0, 0, 7, 0, 0, 0, 1, 0, 0, 0, 4, 122, 0, 0, 8, 1, 1, 0, 0, 15, 1, 0, 0, 4, 1, 0]"
970,"[7, 0, 0, 0, 1, 0, 0, 0, 7, 0, 0, 0, 8, 2, 2, 0, 1, 0, 0, 0, 0, 14, 0, 0, 3, 0, 0, 0, 7, 0, 0, 0, 1, 0, 0, 0, 2, 0, 0, 0, 4, 84, 0, 0, 0, 6, 1, 0]"
971,"[8, 2, 1, 0, 1, 0, 0, 0, 7, 0, 0, 0, 4, 16, 0, 0, 1, 0, 0, 0, 7, 0, 0, 0, 4, 98, 0, 0, 3, 0, 0, 0, 5, 0, 0, 0, 5, 0, 0, 0, 2, 0, 0, 0, 6, 12, 1, 0]"
972,"[5, 0, 0, 0, 6, 15, 0, 0, 0, 14, 1, 0, 0, 15, 1, 0, 6, 11, 1, 0, 0, 14, 1, 0, 7, 0, 0, 0, 0, 10, 0, 0, 0, 12, 0, 0, 3, 0, 0, 0, 3, 0, 0, 0, 7, 0, 0, 0]"
973,"[3, 0, 0, 0, 8, 2, 1, 0, 5, 0, 0, 0, 5, 0, 0, 0, 3, 0, 0, 0, 0, 8, 1, 0, 5, 0, 0, 0, 8, 1, 2, 0, 1, 0, 0, 0, 3, 0, 0, 0, 6, 7, 0, 0, 8, 1, 1, 0]"
974,"[2, 1, 0, 0, 6, 15, 0, 0, 0, 9, 1, 0, 2, 1, 0, 0, 3, 0, 0, 0, 2, 1, 0, 0, 3, 0, 0, 0, 8, 1, 1, 0, 7, 0, 0, 0, 5, 0, 0, 0, 8, 3, 2, 0, 5, 0, 0, 0]"
975,"[3, 0, 0, 0, 6, 10, 0, 0, 1, 0, 0, 0, 4, 64, 0, 0, 8, 2, 2, 0, 7, 0, 0, 0, 8, 3, 1, 0, 5, 0, 0, 0, 4, 98, 0, 0, 5, 0, 0, 0, 7, 0, 0, 0, 3, 0, 0, 0]"
976,"[4, 121, 0, 0, 0, 4, 1, 0, 4, 23, 0, 0, 0, 13, 1, 0, 6, 5, 0, 0, 4, 88, 0, 0, 2, 0, 0, 0, 8, 2, 1, 0, 8, 1, 1, 0, 3, 0, 0, 0, 3, 0, 0, 0, 0, 11, 1, 0]"
977,"[5, 0, 0, 0, 1, 0, 0, 0, 3, 0, 0, 0, 0, 4, 0, 0, 2, 1, 0, 0, 8, 2, 1, 0, 2, 1, 0, 0, 8, 3, 1, 0, 4, 34, 0, 0, 8, 3, 2, 0, 5, 0, 0, 0, 1, 0, 0, 0]"
978,"[5, 0, 0, 0, 0, 12, 1, 0, 5, 0, 0, 0, 5, 0, 0, 0, 0, 8, 0, 0, 4, 122, 0, 0, 6, 6, 1, 0, 2, 0, 0, 0, 6, 9, 0, 0, 5, 0, 0, 0, 2, 0, 0, 0, 1, 0, 0, 0]"
979,"[0, 9, 1, 0, 2, 0, 0, 0, 4, 3, 0, 0, 7, 0, 0, 0, 6, 11, 0, 0, 3, 0, 0, 0, 3, 0, 0, 0, 0, 9, 1, 0, 1, 0, 0, 0, 1, 0, 0, 0, 1, 0, 0, 0, 4, 54, 0, 0]"
980,"[0, 9, 0, 0, 4, 22, 0, 0, 6, 4, 0, 0, 5, 0, 0, 0, 2, 0, 0, 0, 8, 2, 2, 0, 8, 2, 2, 0, 2, 1, 0, 0, 6, 6, 0, 0, 3, 0, 0, 0, 5, 0, 0, 0, 4, 122, 0, 0]"
981,"[2, 1, 0, 0, 0, 12, 1, 0, 3, 0, 0, 0, 0, 4, 1, 0, 3, 0, 0, 0, 1, 0, 0, 0, 2, 1, 0, 0, 4, 55, 0, 0, 2, 1, 0, 0, 4, 16, 0, 0, 3, 0, 0, 0, 3, 0, 0, 0]"
982,"[5, 0, 0, 0, 7, 0, 0, 0, 7, 0, 0, 0, 8, 1, 2, 0, 1, 0, 0, 0, 7, 0, 0, 0, 5, 0, 0, 0, 0, 7, 1, 0, 4, 110, 0, 0, 4, 124, 0, 0, 2, 0, 0, 0, 8, 3, 2, 0]"
983,"[5, 0, 0, 0, 2, 0, 0, 0, 1, 0, 0, 0, 0, 14, 0, 0, 0, 6, 0, 0, 1, 0, 0, 0, 2, 1, 0, 0, 5, 0, 0, 0, 0, 6, 0, 0, 7, 0, 0, 0, 2, 0, 0, 0, 4, 28, 0, 0]"
984,"[1, 0, 0, 0, 8, 2, 2, 0, 1, 0, 0, 0, 2, 1, 0, 0, 3, 0, 0, 0, 7, 0, 0, 0, 2, 0, 0, 0, 6, 5, 0, 0, 8, 1, 2, 0, 1, 0, 0, 0, 3, 0, 0, 0, 4, 20, 0, 0]"
985,"[8, 1, 2, 0, 6, 9, 0, 0, 2, 1, 0, 0, 6, 9, 1, 0, 7, 0, 0, 0, 6, 10, 0, 0, 4, 31, 0, 0, 6, 6, 1, 0, 8, 3, 1, 0, 3, 0, 0, 0, 7, 0, 0, 0, 3, 0, 0, 0]"
986,"[4, 23, 0, 0, 2, 0, 0, 0, 3, 0, 0, 0, 2, 1, 0, 0, 3, 0, 0, 0, 5, 0, 0, 0, 7, 0, 0, 0, 3, 0, 0, 0, 4, 69, 0, 0, 4, 81, 0, 0, 0, 11, 1, 0, 4, 36, 0, 0]"
987,"[7, 0, 0, 0, 4, 119, 0, 0, 8, 1, 2, 0, 7, 0, 0, 0, 0, 15, 0, 0, 4, 117, 0, 0, 5, 0, 0, 0, 7, 0, 0, 0, 5, 0, 0, 0, 2, 0, 0, 0, 3, 0, 0, 0, 6, 13, 1, 0]"
988,"[7, 0, 0, 0, 8, 2, 1, 0, 2, 0, 0, 0, 0, 10, 1, 0, 0, 4, 0, 0, 0, 7, 1, 0, 3, 0, 0, 0, 1, 0, 0, 0, 5, 0, 0, 0, 5, 0, 0, 0, 1, 0, 0, 0, 7, 0, 0, 0]"
989,"[2, 1, 0, 0, 8, 1, 1, 0, 4, 37, 0, 0, 7, 0, 0, 0, 1, 0, 0, 0, 1, 0, 0, 0, 6, 13, 1, 0, 8, 2, 1, 0, 2, 1, 0, 0, 5, 0, 0, 0, 2, 0, 0, 0, 3, 0, 0, 0]"
990,"[3, 0, 0, 0, 2, 0, 0, 0, 2, 1, 0, 0, 4, 5, 0, 0, 0, 13, 1, 0, 0, 12, 1, 0, 0, 4, 1, 0, 7, 0, 0, 0, 3, 0, 0, 0, 7, 0, 0, 0, 7, 0, 0, 0, 6, 9, 1, 0]"
991,"[5, 0, 0, 0, 4, 62, 0, 0, 8, 3, 1, 0, 0, 7, 0, 0, 0, 5, 0, 0, 1, 0, 0, 0, 6, 13, 0, 0, 4, 100, 0, 0, 0, 5, 0, 0, 0, 7, 0, 0, 4, 117, 0, 0, 6, 6, 1, 0]"
992,"[7, 0, 0, 0, 7, 0, 0, 0, 1, 0, 0, 0, 4, 45, 0, 0, 6, 14, 0, 0, 4, 51, 0, 0, 7, 0, 0, 0, 0, 14, 0, 0, 4, 101, 0, 0, 6, 9, 1, 0, 3, 0, 0, 0, 5, 0, 0, 0]"
993,"[7, 0, 0, 0, 5, 0, 0, 0, 4, 118, 0, 0, 6, 6, 1, 0, 4, 114, 0, 0, 3, 0, 0, 0, 8, 2, 2, 0, 0, 6, 0, 0, 4, 48, 0, 0, 4, 119, 0, 0, 4, 119, 0, 0, 2, 0, 0, 0]"
994,"[2, 0, 0, 0, 6, 9, 0, 0, 0, 4, 1, 0, 6, 10, 0, 0, 0, 12, 0, 0, 7, 0, 0, 0, 8, 2, 2, 0, 7, 0, 0, 0, 8, 1, 2, 0, 3, 0, 0, 0, 0, 4, 1, 0, 5, 0, 0, 0]"
995,"[6, 15, 0, 0, 1, 0, 0, 0, 8, 3, 1, 0, 0, 8, 1, 0, 7, 0, 0, 0, 6, 14, 0, 0, 5, 0, 0, 0, 1, 0, 0, 0, 8, 3, 2, 0, 6, 8, 1, 0, 6, 10, 0, 0, 3, 0, 0, 0]"
996,"[1, 0, 0, 0, 3, 0, 0, 0, 4, 107, 0, 0, 7, 0, 0, 0, 6, 9, 0, 0, 7, 0, 0, 0, 4, 103, 0, 0, 2, 0, 0, 0, 3, 0, 0, 0, 5, 0, 0, 0, 7, 0, 0, 0, 5, 0, 0, 0]"
997,"[8, 2, 1, 0, 1, 0, 0, 0, 4, 63, 0, 0, 6, 8, 0, 0, 7, 0, 0, 0, 1, 0, 0, 0, 6, 13, 1, 0, 3, 0, 0, 0, 2, 1, 0, 0, 0, 5, 0, 0, 5, 0, 0, 0, 1, 0, 0, 0]"
998,"[4, 98, 0, 0, 8, 3, 2, 0, 5, 0, 0, 0, 4, 109, 0, 0, 4, 126, 0, 0, 5, 0, 0, 0, 2, 1, 0, 0, 8, 2, 1, 0, 3, 0, 0, 0, 6, 7, 1, 0, 7, 0, 0, 0, 6, 15, 0, 0]"
999,"[7, 0, 0, 0, 3, 0, 0, 0, 1, 0, 0, 0, 2, 0, 0, 0, 8, 2, 1, 0, 8, 2, 1, 0, 1, 0, 0, 0, 7, 0, 0, 0, 6, 10, 1, 0, 6, 12, 0, 0, 0, 11, 1, 0, 3, 0, 0, 0]"
1000,"[3, 0, 0, 0, 2, 0, 0, 0, 8, 3, 2, 0, 0, 11, 0, 0, 2, 0, 0, 0, 6, 12, 1, 0, 4, 69, 0, 0, 1, 0, 0, 0, 2, 1, 0, 0, 8, 3, 2, 0, 4, 104, 0, 0, 2, 0, 0, 0]"
