Model,Encoded Chromosome
1,"[8, 0, 1, 0, 1, 4, 0, 0, 5, 0, 0, 0, 4, 219, 0, 0, 7, 0, 0, 0, 7, 0, 0, 0, 4, 364, 0, 0, 7, 0, 0, 0, 7, 0, 0, 0, 1, 4, 0, 0, 7, 0, 0, 0, 7, 0, 0, 0]"
2,"[2, 1, 0, 0, 3, 0, 0, 0, 7, 0, 0, 0, 1, 4, 0, 0, 2, 0, 0, 0, 6, 28, 4, 0, 2, 1, 0, 0, 1, 4, 0, 0, 8, 2, 1, 0, 7, 0, 0, 0, 2, 1, 0, 0, 0, 13, 1, 0]"
3,"[7, 0, 0, 0, 4, 411, 0, 0, 4, 133, 0, 0, 7, 0, 0, 0, 7, 0, 0, 0, 4, 432, 0, 0, 7, 0, 0, 0, 7, 0, 0, 0, 7, 0, 0, 0, 4, 32, 0, 0, 7, 0, 0, 0, 1, 4, 0, 0]"
4,"[2, 1, 0, 0, 6, 40, 4, 0, 4, 299, 0, 0, 7, 0, 0, 0, 4, 71, 0, 0, 1, 4, 0, 0, 7, 0, 0, 0, 7, 0, 0, 0, 7, 0, 0, 0, 7, 0, 0, 0, 1, 4, 0, 0, 4, 132, 0, 0]"
5,"[2, 1, 0, 0, 0, 30, 1, 0, 3, 0, 0, 0, 2, 0, 0, 0, 7, 0, 0, 0, 7, 0, 0, 0, 1, 4, 0, 0, 8, 1, 1, 0, 4, 15, 0, 0, 7, 0, 0, 0, 7, 0, 0, 0, 7, 0, 0, 0]"
6,"[8, 0, 2, 0, 8, 1, 1, 0, 8, 2, 2, 0, 4, 25, 0, 0, 7, 0, 0, 0, 7, 0, 0, 0, 4, 325, 0, 0, 1, 4, 0, 0, 7, 0, 0, 0, 7, 0, 0, 0, 7, 0, 0, 0, 7, 0, 0, 0]"
7,"[3, 0, 0, 0, 4, 101, 0, 0, 7, 0, 0, 0, 7, 0, 0, 0, 7, 0, 0, 0, 7, 0, 0, 0, 7, 0, 0, 0, 7, 0, 0, 0, 7, 0, 0, 0, 7, 0, 0, 0, 7, 0, 0, 0, 7, 0, 0, 0]"
8,"[8, 0, 2, 0, 3, 0, 0, 0, 6, 48, 4, 0, 7, 0, 0, 0, 0, 19, 0, 0, 3, 0, 0, 0, 2, 0, 0, 0, 8, 1, 1, 0, 2, 0, 0, 0, 2, 1, 0, 0, 3, 0, 0, 0, 7, 0, 0, 0]"
9,"[0, 17, 1, 0, 4, 474, 0, 0, 7, 0, 0, 0, 4, 287, 0, 0, 7, 0, 0, 0, 7, 0, 0, 0, 7, 0, 0, 0, 7, 0, 0, 0, 1, 4, 0, 0, 7, 0, 0, 0, 7, 0, 0, 0, 7, 0, 0, 0]"
10,"[7, 0, 0, 0, 3, 0, 0, 0, 8, 2, 1, 0, 3, 0, 0, 0, 0, 27, 0, 0, 7, 0, 0, 0, 7, 0, 0, 0, 8, 1, 2, 0, 1, 4, 0, 0, 2, 0, 0, 0, 8, 2, 1, 0, 6, 33, 3, 0]"
11,"[7, 0, 0, 0, 8, 1, 1, 0, 7, 0, 0, 0, 7, 0, 0, 0, 8, 2, 2, 0, 2, 1, 0, 0, 7, 0, 0, 0, 3, 0, 0, 0, 7, 0, 0, 0, 7, 0, 0, 0, 6, 22, 1, 0, 1, 22, 0, 0]"
12,"[6, 54, 3, 0, 4, 98, 0, 0, 7, 0, 0, 0, 4, 134, 0, 0, 7, 0, 0, 0, 7, 0, 0, 0, 4, 48, 0, 0, 4, 443, 0, 0, 7, 0, 0, 0, 7, 0, 0, 0, 7, 0, 0, 0, 7, 0, 0, 0]"
13,"[8, 0, 1, 0, 4, 54, 0, 0, 1, 4, 0, 0, 7, 0, 0, 0, 1, 4, 0, 0, 7, 0, 0, 0, 7, 0, 0, 0, 7, 0, 0, 0, 1, 4, 0, 0, 7, 0, 0, 0, 4, 265, 0, 0, 7, 0, 0, 0]"
14,"[3, 0, 0, 0, 0, 16, 0, 0, 6, 56, 4, 0, 1, 56, 0, 0, 8, 1, 1, 0, 4, 503, 0, 0, 7, 0, 0, 0, 7, 0, 0, 0, 7, 0, 0, 0, 7, 0, 0, 0, 7, 0, 0, 0, 7, 0, 0, 0]"
15,"[8, 0, 1, 0, 7, 0, 0, 0, 7, 0, 0, 0, 0, 10, 0, 0, 6, 46, 1, 0, 8, 1, 1, 0, 2, 0, 0, 0, 1, 4, 0, 0, 7, 0, 0, 0, 3, 0, 0, 0, 7, 0, 0, 0, 8, 3, 1, 0]"
16,"[4, 108, 0, 0, 1, 4, 0, 0, 7, 0, 0, 0, 7, 0, 0, 0, 7, 0, 0, 0, 1, 4, 0, 0, 7, 0, 0, 0, 7, 0, 0, 0, 7, 0, 0, 0, 7, 0, 0, 0, 7, 0, 0, 0, 7, 0, 0, 0]"
17,"[3, 0, 0, 0, 6, 58, 1, 0, 3, 0, 0, 0, 7, 0, 0, 0, 8, 1, 2, 0, 1, 4, 0, 0, 5, 0, 0, 0, 7, 0, 0, 0, 7, 0, 0, 0, 3, 0, 0, 0, 1, 4, 0, 0, 7, 0, 0, 0]"
18,"[7, 0, 0, 0, 0, 31, 0, 0, 0, 14, 1, 0, 4, 194, 0, 0, 7, 0, 0, 0, 7, 0, 0, 0, 1, 4, 0, 0, 4, 12, 0, 0, 7, 0, 0, 0, 7, 0, 0, 0, 7, 0, 0, 0, 7, 0, 0, 0]"
19,"[2, 0, 0, 0, 3, 0, 0, 0, 8, 2, 1, 0, 1, 4, 0, 0, 0, 30, 1, 0, 1, 30, 0, 0, 6, 60, 4, 0, 3, 0, 0, 0, 3, 0, 0, 0, 0, 30, 0, 0, 0, 23, 0, 0, 4, 192, 0, 0]"
20,"[7, 0, 0, 0, 0, 19, 0, 0, 6, 44, 4, 0, 4, 113, 0, 0, 4, 503, 0, 0, 7, 0, 0, 0, 7, 0, 0, 0, 7, 0, 0, 0, 7, 0, 0, 0, 1, 4, 0, 0, 4, 219, 0, 0, 1, 4, 0, 0]"
21,"[8, 0, 1, 0, 4, 199, 0, 0, 7, 0, 0, 0, 7, 0, 0, 0, 7, 0, 0, 0, 7, 0, 0, 0, 7, 0, 0, 0, 7, 0, 0, 0, 7, 0, 0, 0, 7, 0, 0, 0, 7, 0, 0, 0, 7, 0, 0, 0]"
22,"[7, 0, 0, 0, 6, 32, 4, 0, 8, 2, 1, 0, 1, 4, 0, 0, 0, 6, 0, 0, 8, 1, 2, 0, 8, 1, 1, 0, 7, 0, 0, 0, 1, 4, 0, 0, 0, 23, 0, 0, 7, 0, 0, 0, 4, 264, 0, 0]"
23,"[2, 1, 0, 0, 7, 0, 0, 0, 2, 1, 0, 0, 0, 12, 0, 0, 4, 40, 0, 0, 4, 70, 0, 0, 1, 4, 0, 0, 4, 63, 0, 0, 7, 0, 0, 0, 7, 0, 0, 0, 7, 0, 0, 0, 7, 0, 0, 0]"
24,"[6, 31, 1, 0, 1, 31, 0, 0, 0, 27, 0, 0, 1, 27, 0, 0, 1, 4, 0, 0, 8, 2, 2, 0, 1, 4, 0, 0, 7, 0, 0, 0, 4, 154, 0, 0, 7, 0, 0, 0, 7, 0, 0, 0, 4, 409, 0, 0]"
25,"[2, 0, 0, 0, 6, 52, 2, 0, 3, 0, 0, 0, 2, 1, 0, 0, 0, 19, 0, 0, 7, 0, 0, 0, 4, 273, 0, 0, 7, 0, 0, 0, 7, 0, 0, 0, 7, 0, 0, 0, 7, 0, 0, 0, 4, 133, 0, 0]"
26,"[0, 10, 1, 0, 8, 1, 2, 0, 0, 14, 0, 0, 2, 1, 0, 0, 1, 4, 0, 0, 0, 19, 0, 0, 7, 0, 0, 0, 8, 1, 1, 0, 2, 0, 0, 0, 4, 165, 0, 0, 7, 0, 0, 0, 7, 0, 0, 0]"
27,"[4, 508, 0, 0, 7, 0, 0, 0, 7, 0, 0, 0, 7, 0, 0, 0, 1, 4, 0, 0, 7, 0, 0, 0, 1, 4, 0, 0, 1, 4, 0, 0, 7, 0, 0, 0, 7, 0, 0, 0, 7, 0, 0, 0, 7, 0, 0, 0]"
28,"[6, 4, 4, 0, 7, 0, 0, 0, 5, 0, 0, 0, 4, 455, 0, 0, 7, 0, 0, 0, 7, 0, 0, 0, 7, 0, 0, 0, 7, 0, 0, 0, 7, 0, 0, 0, 7, 0, 0, 0, 7, 0, 0, 0, 4, 391, 0, 0]"
29,"[6, 14, 2, 0, 2, 0, 0, 0, 0, 10, 0, 0, 1, 10, 0, 0, 4, 339, 0, 0, 7, 0, 0, 0, 1, 4, 0, 0, 7, 0, 0, 0, 7, 0, 0, 0, 7, 0, 0, 0, 1, 4, 0, 0, 7, 0, 0, 0]"
30,"[8, 0, 1, 0, 0, 30, 0, 0, 1, 30, 0, 0, 2, 1, 0, 0, 0, 15, 0, 0, 2, 1, 0, 0, 3, 0, 0, 0, 0, 13, 1, 0, 1, 13, 0, 0, 4, 84, 0, 0, 7, 0, 0, 0, 7, 0, 0, 0]"
31,"[0, 7, 0, 0, 6, 12, 4, 0, 2, 1, 0, 0, 2, 0, 0, 0, 0, 8, 0, 0, 0, 6, 1, 0, 7, 0, 0, 0, 1, 4, 0, 0, 7, 0, 0, 0, 4, 459, 0, 0, 7, 0, 0, 0, 7, 0, 0, 0]"
32,"[1, 4, 0, 0, 5, 0, 0, 0, 4, 415, 0, 0, 7, 0, 0, 0, 7, 0, 0, 0, 7, 0, 0, 0, 7, 0, 0, 0, 7, 0, 0, 0, 7, 0, 0, 0, 7, 0, 0, 0, 7, 0, 0, 0, 7, 0, 0, 0]"
33,"[7, 0, 0, 0, 2, 0, 0, 0, 3, 0, 0, 0, 2, 0, 0, 0, 0, 23, 1, 0, 6, 8, 4, 0, 7, 0, 0, 0, 8, 1, 2, 0, 4, 404, 0, 0, 7, 0, 0, 0, 7, 0, 0, 0, 7, 0, 0, 0]"
34,"[3, 0, 0, 0, 7, 0, 0, 0, 4, 149, 0, 0, 7, 0, 0, 0, 7, 0, 0, 0, 7, 0, 0, 0, 1, 4, 0, 0, 7, 0, 0, 0, 1, 4, 0, 0, 7, 0, 0, 0, 1, 4, 0, 0, 4, 177, 0, 0]"
35,"[4, 51, 0, 0, 7, 0, 0, 0, 7, 0, 0, 0, 7, 0, 0, 0, 7, 0, 0, 0, 7, 0, 0, 0, 7, 0, 0, 0, 7, 0, 0, 0, 4, 236, 0, 0, 7, 0, 0, 0, 7, 0, 0, 0, 7, 0, 0, 0]"
36,"[4, 181, 0, 0, 7, 0, 0, 0, 7, 0, 0, 0, 7, 0, 0, 0, 7, 0, 0, 0, 7, 0, 0, 0, 7, 0, 0, 0, 7, 0, 0, 0, 7, 0, 0, 0, 4, 305, 0, 0, 7, 0, 0, 0, 7, 0, 0, 0]"
37,"[4, 35, 0, 0, 7, 0, 0, 0, 7, 0, 0, 0, 7, 0, 0, 0, 7, 0, 0, 0, 7, 0, 0, 0, 7, 0, 0, 0, 7, 0, 0, 0, 7, 0, 0, 0, 7, 0, 0, 0, 7, 0, 0, 0, 1, 4, 0, 0]"
38,"[2, 0, 0, 0, 7, 0, 0, 0, 1, 4, 0, 0, 7, 0, 0, 0, 7, 0, 0, 0, 6, 12, 2, 0, 1, 12, 0, 0, 5, 0, 0, 0, 7, 0, 0, 0, 8, 2, 1, 0, 7, 0, 0, 0, 4, 425, 0, 0]"
39,"[7, 0, 0, 0, 8, 1, 2, 0, 6, 11, 1, 0, 3, 0, 0, 0, 1, 4, 0, 0, 7, 0, 0, 0, 4, 171, 0, 0, 4, 215, 0, 0, 4, 334, 0, 0, 7, 0, 0, 0, 7, 0, 0, 0, 7, 0, 0, 0]"
40,"[7, 0, 0, 0, 1, 4, 0, 0, 1, 4, 0, 0, 4, 39, 0, 0, 7, 0, 0, 0, 1, 4, 0, 0, 4, 366, 0, 0, 7, 0, 0, 0, 1, 4, 0, 0, 7, 0, 0, 0, 7, 0, 0, 0, 7, 0, 0, 0]"
41,"[8, 0, 1, 0, 6, 32, 4, 0, 2, 0, 0, 0, 0, 28, 0, 0, 0, 25, 0, 0, 3, 0, 0, 0, 7, 0, 0, 0, 5, 0, 0, 0, 7, 0, 0, 0, 4, 33, 0, 0, 1, 4, 0, 0, 7, 0, 0, 0]"
42,"[8, 0, 2, 0, 0, 18, 1, 0, 7, 0, 0, 0, 8, 3, 2, 0, 7, 0, 0, 0, 7, 0, 0, 0, 6, 48, 4, 0, 7, 0, 0, 0, 8, 2, 1, 0, 3, 0, 0, 0, 2, 1, 0, 0, 7, 0, 0, 0]"
43,"[7, 0, 0, 0, 7, 0, 0, 0, 6, 32, 4, 0, 7, 0, 0, 0, 4, 241, 0, 0, 1, 4, 0, 0, 4, 341, 0, 0, 1, 4, 0, 0, 7, 0, 0, 0, 7, 0, 0, 0, 4, 496, 0, 0, 7, 0, 0, 0]"
44,"[2, 0, 0, 0, 3, 0, 0, 0, 4, 168, 0, 0, 7, 0, 0, 0, 7, 0, 0, 0, 7, 0, 0, 0, 7, 0, 0, 0, 7, 0, 0, 0, 7, 0, 0, 0, 7, 0, 0, 0, 7, 0, 0, 0, 7, 0, 0, 0]"
45,"[1, 4, 0, 0, 3, 0, 0, 0, 7, 0, 0, 0, 7, 0, 0, 0, 1, 4, 0, 0, 7, 0, 0, 0, 5, 0, 0, 0, 4, 460, 0, 0, 7, 0, 0, 0, 7, 0, 0, 0, 7, 0, 0, 0, 7, 0, 0, 0]"
46,"[7, 0, 0, 0, 8, 1, 2, 0, 2, 1, 0, 0, 2, 1, 0, 0, 7, 0, 0, 0, 8, 3, 1, 0, 6, 4, 4, 0, 7, 0, 0, 0, 2, 0, 0, 0, 7, 0, 0, 0, 7, 0, 0, 0, 5, 0, 0, 0]"
47,"[6, 52, 4, 0, 0, 6, 1, 0, 7, 0, 0, 0, 0, 10, 0, 0, 7, 0, 0, 0, 0, 23, 0, 0, 7, 0, 0, 0, 7, 0, 0, 0, 0, 17, 0, 0, 2, 0, 0, 0, 2, 0, 0, 0, 7, 0, 0, 0]"
48,"[0, 20, 0, 0, 3, 0, 0, 0, 3, 0, 0, 0, 6, 46, 2, 0, 8, 1, 1, 0, 7, 0, 0, 0, 7, 0, 0, 0, 8, 1, 1, 0, 7, 0, 0, 0, 0, 21, 1, 0, 8, 3, 1, 0, 8, 2, 2, 0]"
49,"[1, 4, 0, 0, 3, 0, 0, 0, 4, 324, 0, 0, 7, 0, 0, 0, 7, 0, 0, 0, 7, 0, 0, 0, 7, 0, 0, 0, 7, 0, 0, 0, 7, 0, 0, 0, 7, 0, 0, 0, 7, 0, 0, 0, 7, 0, 0, 0]"
50,"[3, 0, 0, 0, 4, 380, 0, 0, 7, 0, 0, 0, 7, 0, 0, 0, 7, 0, 0, 0, 1, 4, 0, 0, 7, 0, 0, 0, 4, 510, 0, 0, 7, 0, 0, 0, 7, 0, 0, 0, 7, 0, 0, 0, 7, 0, 0, 0]"
51,"[1, 4, 0, 0, 7, 0, 0, 0, 8, 1, 1, 0, 4, 459, 0, 0, 7, 0, 0, 0, 1, 4, 0, 0, 7, 0, 0, 0, 7, 0, 0, 0, 7, 0, 0, 0, 7, 0, 0, 0, 7, 0, 0, 0, 7, 0, 0, 0]"
52,"[3, 0, 0, 0, 8, 1, 2, 0, 3, 0, 0, 0, 8, 2, 2, 0, 6, 56, 2, 0, 0, 30, 1, 0, 4, 7, 0, 0, 1, 4, 0, 0, 7, 0, 0, 0, 7, 0, 0, 0, 7, 0, 0, 0, 7, 0, 0, 0]"
53,"[1, 4, 0, 0, 7, 0, 0, 0, 2, 1, 0, 0, 1, 4, 0, 0, 1, 4, 0, 0, 0, 15, 1, 0, 0, 30, 1, 0, 6, 28, 4, 0, 8, 2, 1, 0, 7, 0, 0, 0, 2, 1, 0, 0, 2, 1, 0, 0]"
54,"[7, 0, 0, 0, 0, 23, 1, 0, 7, 0, 0, 0, 1, 4, 0, 0, 0, 25, 0, 0, 3, 0, 0, 0, 7, 0, 0, 0, 2, 1, 0, 0, 1, 4, 0, 0, 2, 1, 0, 0, 4, 112, 0, 0, 7, 0, 0, 0]"
55,"[2, 1, 0, 0, 0, 8, 1, 0, 3, 0, 0, 0, 2, 1, 0, 0, 8, 3, 2, 0, 2, 1, 0, 0, 0, 22, 1, 0, 6, 44, 4, 0, 3, 0, 0, 0, 0, 19, 1, 0, 8, 3, 2, 0, 5, 0, 0, 0]"
56,"[1, 4, 0, 0, 4, 161, 0, 0, 7, 0, 0, 0, 7, 0, 0, 0, 7, 0, 0, 0, 7, 0, 0, 0, 1, 4, 0, 0, 7, 0, 0, 0, 7, 0, 0, 0, 7, 0, 0, 0, 7, 0, 0, 0, 7, 0, 0, 0]"
57,"[8, 0, 2, 0, 0, 27, 0, 0, 3, 0, 0, 0, 1, 4, 0, 0, 7, 0, 0, 0, 1, 4, 0, 0, 0, 9, 1, 0, 7, 0, 0, 0, 0, 31, 1, 0, 1, 31, 0, 0, 1, 4, 0, 0, 2, 0, 0, 0]"
58,"[0, 5, 1, 0, 8, 1, 2, 0, 1, 4, 0, 0, 1, 4, 0, 0, 4, 73, 0, 0, 7, 0, 0, 0, 7, 0, 0, 0, 7, 0, 0, 0, 7, 0, 0, 0, 4, 422, 0, 0, 7, 0, 0, 0, 7, 0, 0, 0]"
59,"[7, 0, 0, 0, 7, 0, 0, 0, 7, 0, 0, 0, 1, 4, 0, 0, 2, 1, 0, 0, 1, 4, 0, 0, 7, 0, 0, 0, 8, 3, 2, 0, 1, 4, 0, 0, 1, 4, 0, 0, 7, 0, 0, 0, 3, 0, 0, 0]"
60,"[8, 0, 1, 0, 3, 0, 0, 0, 4, 446, 0, 0, 7, 0, 0, 0, 7, 0, 0, 0, 7, 0, 0, 0, 4, 229, 0, 0, 4, 67, 0, 0, 7, 0, 0, 0, 7, 0, 0, 0, 7, 0, 0, 0, 4, 200, 0, 0]"
61,"[7, 0, 0, 0, 1, 4, 0, 0, 2, 0, 0, 0, 2, 1, 0, 0, 6, 4, 4, 0, 5, 0, 0, 0, 4, 188, 0, 0, 7, 0, 0, 0, 7, 0, 0, 0, 7, 0, 0, 0, 1, 4, 0, 0, 7, 0, 0, 0]"
62,"[3, 0, 0, 0, 2, 0, 0, 0, 2, 1, 0, 0, 1, 4, 0, 0, 7, 0, 0, 0, 6, 4, 4, 0, 4, 415, 0, 0, 7, 0, 0, 0, 7, 0, 0, 0, 4, 360, 0, 0, 7, 0, 0, 0, 7, 0, 0, 0]"
63,"[7, 0, 0, 0, 0, 5, 0, 0, 3, 0, 0, 0, 3, 0, 0, 0, 1, 4, 0, 0, 7, 0, 0, 0, 6, 52, 4, 0, 4, 212, 0, 0, 7, 0, 0, 0, 7, 0, 0, 0, 7, 0, 0, 0, 1, 4, 0, 0]"
64,"[0, 28, 1, 0, 4, 453, 0, 0, 7, 0, 0, 0, 7, 0, 0, 0, 7, 0, 0, 0, 7, 0, 0, 0, 7, 0, 0, 0, 7, 0, 0, 0, 7, 0, 0, 0, 1, 4, 0, 0, 1, 4, 0, 0, 7, 0, 0, 0]"
65,"[7, 0, 0, 0, 2, 1, 0, 0, 3, 0, 0, 0, 7, 0, 0, 0, 2, 0, 0, 0, 7, 0, 0, 0, 1, 4, 0, 0, 4, 1, 0, 0, 7, 0, 0, 0, 7, 0, 0, 0, 7, 0, 0, 0, 1, 4, 0, 0]"
66,"[3, 0, 0, 0, 2, 1, 0, 0, 4, 122, 0, 0, 7, 0, 0, 0, 7, 0, 0, 0, 7, 0, 0, 0, 7, 0, 0, 0, 7, 0, 0, 0, 4, 353, 0, 0, 7, 0, 0, 0, 7, 0, 0, 0, 4, 362, 0, 0]"
67,"[8, 0, 2, 0, 6, 4, 4, 0, 1, 4, 0, 0, 0, 8, 1, 0, 2, 0, 0, 0, 7, 0, 0, 0, 2, 0, 0, 0, 7, 0, 0, 0, 3, 0, 0, 0, 7, 0, 0, 0, 0, 8, 1, 0, 1, 8, 0, 0]"
68,"[4, 394, 0, 0, 7, 0, 0, 0, 7, 0, 0, 0, 7, 0, 0, 0, 7, 0, 0, 0, 7, 0, 0, 0, 7, 0, 0, 0, 7, 0, 0, 0, 7, 0, 0, 0, 7, 0, 0, 0, 7, 0, 0, 0, 7, 0, 0, 0]"
69,"[4, 44, 0, 0, 7, 0, 0, 0, 7, 0, 0, 0, 7, 0, 0, 0, 7, 0, 0, 0, 7, 0, 0, 0, 7, 0, 0, 0, 7, 0, 0, 0, 7, 0, 0, 0, 7, 0, 0, 0, 7, 0, 0, 0, 7, 0, 0, 0]"
70,"[6, 20, 4, 0, 3, 0, 0, 0, 7, 0, 0, 0, 8, 1, 2, 0, 8, 3, 1, 0, 5, 0, 0, 0, 7, 0, 0, 0, 7, 0, 0, 0, 7, 0, 0, 0, 4, 74, 0, 0, 7, 0, 0, 0, 7, 0, 0, 0]"
71,"[5, 0, 0, 0, 4, 493, 0, 0, 7, 0, 0, 0, 7, 0, 0, 0, 1, 4, 0, 0, 7, 0, 0, 0, 7, 0, 0, 0, 7, 0, 0, 0, 7, 0, 0, 0, 7, 0, 0, 0, 1, 4, 0, 0, 7, 0, 0, 0]"
72,"[1, 4, 0, 0, 1, 4, 0, 0, 2, 1, 0, 0, 0, 25, 1, 0, 4, 385, 0, 0, 7, 0, 0, 0, 7, 0, 0, 0, 7, 0, 0, 0, 7, 0, 0, 0, 7, 0, 0, 0, 7, 0, 0, 0, 7, 0, 0, 0]"
73,"[3, 0, 0, 0, 3, 0, 0, 0, 7, 0, 0, 0, 8, 2, 2, 0, 3, 0, 0, 0, 7, 0, 0, 0, 2, 1, 0, 0, 8, 2, 1, 0, 6, 24, 3, 0, 7, 0, 0, 0, 3, 0, 0, 0, 0, 30, 1, 0]"
74,"[1, 4, 0, 0, 8, 1, 2, 0, 7, 0, 0, 0, 2, 0, 0, 0, 2, 1, 0, 0, 7, 0, 0, 0, 6, 54, 3, 0, 2, 0, 0, 0, 1, 4, 0, 0, 1, 4, 0, 0, 5, 0, 0, 0, 4, 115, 0, 0]"
75,"[2, 0, 0, 0, 6, 9, 3, 0, 1, 9, 0, 0, 1, 4, 0, 0, 7, 0, 0, 0, 0, 18, 0, 0, 7, 0, 0, 0, 3, 0, 0, 0, 0, 30, 1, 0, 1, 30, 0, 0, 8, 1, 2, 0, 1, 4, 0, 0]"
76,"[3, 0, 0, 0, 6, 28, 4, 0, 3, 0, 0, 0, 4, 475, 0, 0, 1, 4, 0, 0, 7, 0, 0, 0, 7, 0, 0, 0, 7, 0, 0, 0, 7, 0, 0, 0, 4, 346, 0, 0, 7, 0, 0, 0, 1, 4, 0, 0]"
77,"[4, 195, 0, 0, 4, 27, 0, 0, 7, 0, 0, 0, 7, 0, 0, 0, 7, 0, 0, 0, 1, 4, 0, 0, 7, 0, 0, 0, 7, 0, 0, 0, 7, 0, 0, 0, 7, 0, 0, 0, 4, 492, 0, 0, 1, 4, 0, 0]"
78,"[4, 170, 0, 0, 7, 0, 0, 0, 1, 4, 0, 0, 4, 218, 0, 0, 7, 0, 0, 0, 7, 0, 0, 0, 7, 0, 0, 0, 1, 4, 0, 0, 7, 0, 0, 0, 4, 161, 0, 0, 4, 119, 0, 0, 7, 0, 0, 0]"
79,"[8, 0, 1, 0, 5, 0, 0, 0, 4, 122, 0, 0, 4, 250, 0, 0, 7, 0, 0, 0, 1, 4, 0, 0, 7, 0, 0, 0, 7, 0, 0, 0, 7, 0, 0, 0, 7, 0, 0, 0, 7, 0, 0, 0, 7, 0, 0, 0]"
80,"[6, 32, 4, 0, 2, 0, 0, 0, 7, 0, 0, 0, 7, 0, 0, 0, 7, 0, 0, 0, 1, 4, 0, 0, 2, 1, 0, 0, 8, 3, 2, 0, 1, 4, 0, 0, 3, 0, 0, 0, 3, 0, 0, 0, 5, 0, 0, 0]"
81,"[0, 24, 1, 0, 0, 7, 1, 0, 1, 7, 0, 0, 7, 0, 0, 0, 6, 21, 3, 0, 4, 93, 0, 0, 7, 0, 0, 0, 7, 0, 0, 0, 1, 4, 0, 0, 1, 4, 0, 0, 7, 0, 0, 0, 7, 0, 0, 0]"
82,"[0, 26, 1, 0, 6, 46, 1, 0, 0, 23, 0, 0, 0, 19, 1, 0, 8, 2, 2, 0, 7, 0, 0, 0, 8, 3, 2, 0, 3, 0, 0, 0, 3, 0, 0, 0, 0, 7, 1, 0, 2, 0, 0, 0, 4, 397, 0, 0]"
83,"[7, 0, 0, 0, 6, 4, 3, 0, 1, 4, 0, 0, 0, 12, 1, 0, 7, 0, 0, 0, 3, 0, 0, 0, 1, 4, 0, 0, 8, 1, 2, 0, 7, 0, 0, 0, 2, 1, 0, 0, 1, 4, 0, 0, 4, 406, 0, 0]"
84,"[4, 418, 0, 0, 7, 0, 0, 0, 7, 0, 0, 0, 7, 0, 0, 0, 7, 0, 0, 0, 1, 4, 0, 0, 7, 0, 0, 0, 1, 4, 0, 0, 7, 0, 0, 0, 7, 0, 0, 0, 7, 0, 0, 0, 4, 424, 0, 0]"
85,"[4, 164, 0, 0, 7, 0, 0, 0, 7, 0, 0, 0, 7, 0, 0, 0, 7, 0, 0, 0, 7, 0, 0, 0, 7, 0, 0, 0, 4, 162, 0, 0, 7, 0, 0, 0, 7, 0, 0, 0, 7, 0, 0, 0, 7, 0, 0, 0]"
86,"[5, 0, 0, 0, 7, 0, 0, 0, 7, 0, 0, 0, 7, 0, 0, 0, 7, 0, 0, 0, 1, 4, 0, 0, 4, 39, 0, 0, 7, 0, 0, 0, 7, 0, 0, 0, 7, 0, 0, 0, 7, 0, 0, 0, 7, 0, 0, 0]"
87,"[8, 0, 2, 0, 6, 8, 4, 0, 2, 1, 0, 0, 2, 1, 0, 0, 7, 0, 0, 0, 3, 0, 0, 0, 7, 0, 0, 0, 7, 0, 0, 0, 7, 0, 0, 0, 2, 1, 0, 0, 7, 0, 0, 0, 7, 0, 0, 0]"
88,"[1, 4, 0, 0, 7, 0, 0, 0, 8, 1, 1, 0, 1, 4, 0, 0, 1, 4, 0, 0, 0, 30, 0, 0, 4, 181, 0, 0, 7, 0, 0, 0, 7, 0, 0, 0, 7, 0, 0, 0, 7, 0, 0, 0, 7, 0, 0, 0]"
89,"[7, 0, 0, 0, 2, 1, 0, 0, 8, 2, 2, 0, 4, 261, 0, 0, 4, 271, 0, 0, 4, 337, 0, 0, 7, 0, 0, 0, 7, 0, 0, 0, 7, 0, 0, 0, 7, 0, 0, 0, 7, 0, 0, 0, 7, 0, 0, 0]"
90,"[4, 393, 0, 0, 7, 0, 0, 0, 7, 0, 0, 0, 7, 0, 0, 0, 7, 0, 0, 0, 7, 0, 0, 0, 7, 0, 0, 0, 7, 0, 0, 0, 7, 0, 0, 0, 7, 0, 0, 0, 4, 416, 0, 0, 7, 0, 0, 0]"
91,"[3, 0, 0, 0, 1, 4, 0, 0, 1, 4, 0, 0, 0, 12, 1, 0, 7, 0, 0, 0, 2, 0, 0, 0, 0, 28, 0, 0, 8, 2, 2, 0, 1, 4, 0, 0, 3, 0, 0, 0, 4, 274, 0, 0, 4, 307, 0, 0]"
92,"[7, 0, 0, 0, 7, 0, 0, 0, 2, 0, 0, 0, 0, 9, 0, 0, 6, 57, 3, 0, 8, 3, 1, 0, 8, 1, 2, 0, 7, 0, 0, 0, 4, 223, 0, 0, 7, 0, 0, 0, 4, 90, 0, 0, 7, 0, 0, 0]"
93,"[4, 184, 0, 0, 7, 0, 0, 0, 7, 0, 0, 0, 4, 434, 0, 0, 7, 0, 0, 0, 7, 0, 0, 0, 7, 0, 0, 0, 7, 0, 0, 0, 7, 0, 0, 0, 7, 0, 0, 0, 7, 0, 0, 0, 1, 4, 0, 0]"
94,"[7, 0, 0, 0, 7, 0, 0, 0, 6, 12, 4, 0, 8, 3, 2, 0, 7, 0, 0, 0, 2, 0, 0, 0, 4, 233, 0, 0, 7, 0, 0, 0, 7, 0, 0, 0, 7, 0, 0, 0, 1, 4, 0, 0, 7, 0, 0, 0]"
95,"[6, 12, 4, 0, 2, 1, 0, 0, 8, 2, 2, 0, 7, 0, 0, 0, 7, 0, 0, 0, 1, 4, 0, 0, 8, 1, 2, 0, 7, 0, 0, 0, 2, 0, 0, 0, 7, 0, 0, 0, 8, 3, 2, 0, 1, 4, 0, 0]"
96,"[6, 12, 3, 0, 7, 0, 0, 0, 2, 0, 0, 0, 1, 4, 0, 0, 7, 0, 0, 0, 7, 0, 0, 0, 8, 2, 2, 0, 2, 1, 0, 0, 0, 5, 0, 0, 8, 3, 2, 0, 3, 0, 0, 0, 5, 0, 0, 0]"
97,"[7, 0, 0, 0, 3, 0, 0, 0, 2, 0, 0, 0, 0, 14, 0, 0, 3, 0, 0, 0, 8, 1, 1, 0, 6, 28, 4, 0, 2, 0, 0, 0, 7, 0, 0, 0, 1, 4, 0, 0, 7, 0, 0, 0, 0, 16, 0, 0]"
98,"[6, 24, 4, 0, 7, 0, 0, 0, 0, 5, 1, 0, 2, 0, 0, 0, 1, 4, 0, 0, 7, 0, 0, 0, 7, 0, 0, 0, 1, 4, 0, 0, 0, 27, 1, 0, 1, 27, 0, 0, 1, 4, 0, 0, 5, 0, 0, 0]"
99,"[0, 17, 0, 0, 4, 429, 0, 0, 7, 0, 0, 0, 7, 0, 0, 0, 7, 0, 0, 0, 1, 4, 0, 0, 7, 0, 0, 0, 7, 0, 0, 0, 7, 0, 0, 0, 7, 0, 0, 0, 7, 0, 0, 0, 7, 0, 0, 0]"
100,"[0, 4, 0, 0, 0, 14, 1, 0, 6, 36, 4, 0, 7, 0, 0, 0, 7, 0, 0, 0, 8, 2, 2, 0, 8, 2, 1, 0, 7, 0, 0, 0, 7, 0, 0, 0, 4, 71, 0, 0, 7, 0, 0, 0, 7, 0, 0, 0]"
101,"[7, 0, 0, 0, 3, 0, 0, 0, 1, 4, 0, 0, 2, 1, 0, 0, 7, 0, 0, 0, 0, 14, 0, 0, 0, 14, 1, 0, 7, 0, 0, 0, 7, 0, 0, 0, 1, 4, 0, 0, 6, 32, 4, 0, 7, 0, 0, 0]"
102,"[2, 0, 0, 0, 6, 29, 1, 0, 8, 2, 2, 0, 7, 0, 0, 0, 8, 1, 2, 0, 8, 1, 2, 0, 5, 0, 0, 0, 4, 508, 0, 0, 4, 430, 0, 0, 7, 0, 0, 0, 7, 0, 0, 0, 7, 0, 0, 0]"
103,"[0, 30, 1, 0, 6, 60, 3, 0, 0, 16, 1, 0, 4, 56, 0, 0, 7, 0, 0, 0, 7, 0, 0, 0, 7, 0, 0, 0, 7, 0, 0, 0, 7, 0, 0, 0, 7, 0, 0, 0, 7, 0, 0, 0, 7, 0, 0, 0]"
104,"[2, 1, 0, 0, 8, 1, 1, 0, 7, 0, 0, 0, 7, 0, 0, 0, 8, 3, 1, 0, 3, 0, 0, 0, 4, 327, 0, 0, 7, 0, 0, 0, 7, 0, 0, 0, 7, 0, 0, 0, 7, 0, 0, 0, 4, 436, 0, 0]"
105,"[4, 86, 0, 0, 4, 96, 0, 0, 7, 0, 0, 0, 4, 70, 0, 0, 7, 0, 0, 0, 7, 0, 0, 0, 7, 0, 0, 0, 7, 0, 0, 0, 7, 0, 0, 0, 1, 4, 0, 0, 7, 0, 0, 0, 7, 0, 0, 0]"
106,"[1, 4, 0, 0, 3, 0, 0, 0, 0, 28, 1, 0, 2, 1, 0, 0, 3, 0, 0, 0, 4, 118, 0, 0, 7, 0, 0, 0, 7, 0, 0, 0, 7, 0, 0, 0, 7, 0, 0, 0, 7, 0, 0, 0, 7, 0, 0, 0]"
107,"[4, 441, 0, 0, 7, 0, 0, 0, 7, 0, 0, 0, 4, 405, 0, 0, 7, 0, 0, 0, 7, 0, 0, 0, 7, 0, 0, 0, 7, 0, 0, 0, 7, 0, 0, 0, 1, 4, 0, 0, 7, 0, 0, 0, 1, 4, 0, 0]"
108,"[8, 0, 1, 0, 4, 30, 0, 0, 7, 0, 0, 0, 7, 0, 0, 0, 1, 4, 0, 0, 7, 0, 0, 0, 7, 0, 0, 0, 7, 0, 0, 0, 7, 0, 0, 0, 7, 0, 0, 0, 7, 0, 0, 0, 4, 396, 0, 0]"
109,"[7, 0, 0, 0, 1, 4, 0, 0, 3, 0, 0, 0, 8, 1, 1, 0, 1, 4, 0, 0, 2, 0, 0, 0, 7, 0, 0, 0, 0, 30, 1, 0, 1, 30, 0, 0, 3, 0, 0, 0, 3, 0, 0, 0, 8, 3, 1, 0]"
110,"[7, 0, 0, 0, 7, 0, 0, 0, 0, 4, 0, 0, 7, 0, 0, 0, 6, 32, 4, 0, 1, 32, 0, 0, 8, 2, 1, 0, 7, 0, 0, 0, 3, 0, 0, 0, 7, 0, 0, 0, 4, 53, 0, 0, 4, 309, 0, 0]"
111,"[5, 0, 0, 0, 4, 456, 0, 0, 1, 4, 0, 0, 7, 0, 0, 0, 7, 0, 0, 0, 7, 0, 0, 0, 7, 0, 0, 0, 7, 0, 0, 0, 7, 0, 0, 0, 1, 4, 0, 0, 7, 0, 0, 0, 7, 0, 0, 0]"
112,"[4, 103, 0, 0, 7, 0, 0, 0, 4, 256, 0, 0, 4, 447, 0, 0, 7, 0, 0, 0, 7, 0, 0, 0, 7, 0, 0, 0, 7, 0, 0, 0, 7, 0, 0, 0, 7, 0, 0, 0, 7, 0, 0, 0, 7, 0, 0, 0]"
113,"[5, 0, 0, 0, 7, 0, 0, 0, 1, 4, 0, 0, 4, 272, 0, 0, 7, 0, 0, 0, 7, 0, 0, 0, 7, 0, 0, 0, 1, 4, 0, 0, 1, 4, 0, 0, 7, 0, 0, 0, 7, 0, 0, 0, 7, 0, 0, 0]"
114,"[3, 0, 0, 0, 3, 0, 0, 0, 0, 31, 1, 0, 7, 0, 0, 0, 7, 0, 0, 0, 6, 6, 3, 0, 7, 0, 0, 0, 3, 0, 0, 0, 7, 0, 0, 0, 8, 1, 1, 0, 8, 3, 1, 0, 3, 0, 0, 0]"
115,"[1, 4, 0, 0, 2, 1, 0, 0, 7, 0, 0, 0, 1, 4, 0, 0, 7, 0, 0, 0, 1, 4, 0, 0, 2, 0, 0, 0, 4, 457, 0, 0, 4, 442, 0, 0, 7, 0, 0, 0, 7, 0, 0, 0, 7, 0, 0, 0]"
116,"[8, 0, 1, 0, 3, 0, 0, 0, 7, 0, 0, 0, 7, 0, 0, 0, 7, 0, 0, 0, 7, 0, 0, 0, 3, 0, 0, 0, 2, 1, 0, 0, 1, 4, 0, 0, 6, 20, 4, 0, 8, 1, 2, 0, 7, 0, 0, 0]"
117,"[6, 8, 4, 0, 1, 8, 0, 0, 0, 23, 1, 0, 7, 0, 0, 0, 1, 4, 0, 0, 7, 0, 0, 0, 7, 0, 0, 0, 7, 0, 0, 0, 7, 0, 0, 0, 8, 3, 2, 0, 7, 0, 0, 0, 5, 0, 0, 0]"
118,"[8, 0, 2, 0, 6, 47, 1, 0, 2, 1, 0, 0, 7, 0, 0, 0, 3, 0, 0, 0, 3, 0, 0, 0, 7, 0, 0, 0, 3, 0, 0, 0, 3, 0, 0, 0, 3, 0, 0, 0, 7, 0, 0, 0, 3, 0, 0, 0]"
119,"[7, 0, 0, 0, 2, 0, 0, 0, 4, 118, 0, 0, 7, 0, 0, 0, 1, 4, 0, 0, 7, 0, 0, 0, 7, 0, 0, 0, 7, 0, 0, 0, 7, 0, 0, 0, 7, 0, 0, 0, 4, 247, 0, 0, 7, 0, 0, 0]"
120,"[3, 0, 0, 0, 8, 1, 2, 0, 5, 0, 0, 0, 4, 154, 0, 0, 7, 0, 0, 0, 7, 0, 0, 0, 7, 0, 0, 0, 7, 0, 0, 0, 4, 69, 0, 0, 7, 0, 0, 0, 4, 237, 0, 0, 7, 0, 0, 0]"
121,"[1, 4, 0, 0, 7, 0, 0, 0, 1, 4, 0, 0, 6, 32, 4, 0, 7, 0, 0, 0, 7, 0, 0, 0, 2, 0, 0, 0, 7, 0, 0, 0, 3, 0, 0, 0, 4, 106, 0, 0, 4, 267, 0, 0, 7, 0, 0, 0]"
122,"[1, 4, 0, 0, 2, 0, 0, 0, 2, 1, 0, 0, 1, 4, 0, 0, 3, 0, 0, 0, 2, 0, 0, 0, 2, 0, 0, 0, 7, 0, 0, 0, 3, 0, 0, 0, 4, 246, 0, 0, 7, 0, 0, 0, 7, 0, 0, 0]"
123,"[7, 0, 0, 0, 8, 1, 2, 0, 8, 2, 2, 0, 2, 1, 0, 0, 4, 121, 0, 0, 7, 0, 0, 0, 7, 0, 0, 0, 7, 0, 0, 0, 1, 4, 0, 0, 7, 0, 0, 0, 7, 0, 0, 0, 7, 0, 0, 0]"
124,"[6, 40, 4, 0, 0, 14, 0, 0, 4, 133, 0, 0, 7, 0, 0, 0, 7, 0, 0, 0, 7, 0, 0, 0, 7, 0, 0, 0, 7, 0, 0, 0, 7, 0, 0, 0, 7, 0, 0, 0, 7, 0, 0, 0, 7, 0, 0, 0]"
125,"[8, 0, 2, 0, 0, 4, 0, 0, 4, 421, 0, 0, 7, 0, 0, 0, 7, 0, 0, 0, 7, 0, 0, 0, 7, 0, 0, 0, 7, 0, 0, 0, 7, 0, 0, 0, 1, 4, 0, 0, 7, 0, 0, 0, 7, 0, 0, 0]"
126,"[2, 0, 0, 0, 4, 313, 0, 0, 7, 0, 0, 0, 7, 0, 0, 0, 4, 313, 0, 0, 7, 0, 0, 0, 1, 4, 0, 0, 4, 156, 0, 0, 7, 0, 0, 0, 7, 0, 0, 0, 7, 0, 0, 0, 7, 0, 0, 0]"
127,"[4, 107, 0, 0, 7, 0, 0, 0, 7, 0, 0, 0, 4, 312, 0, 0, 1, 4, 0, 0, 1, 4, 0, 0, 7, 0, 0, 0, 7, 0, 0, 0, 7, 0, 0, 0, 7, 0, 0, 0, 7, 0, 0, 0, 4, 472, 0, 0]"
128,"[7, 0, 0, 0, 4, 25, 0, 0, 7, 0, 0, 0, 7, 0, 0, 0, 1, 4, 0, 0, 7, 0, 0, 0, 1, 4, 0, 0, 7, 0, 0, 0, 7, 0, 0, 0, 7, 0, 0, 0, 7, 0, 0, 0, 7, 0, 0, 0]"
129,"[4, 492, 0, 0, 7, 0, 0, 0, 7, 0, 0, 0, 7, 0, 0, 0, 7, 0, 0, 0, 7, 0, 0, 0, 7, 0, 0, 0, 7, 0, 0, 0, 7, 0, 0, 0, 7, 0, 0, 0, 7, 0, 0, 0, 7, 0, 0, 0]"
130,"[0, 21, 1, 0, 6, 44, 4, 0, 7, 0, 0, 0, 8, 1, 2, 0, 1, 4, 0, 0, 0, 6, 1, 0, 2, 1, 0, 0, 3, 0, 0, 0, 4, 498, 0, 0, 4, 316, 0, 0, 7, 0, 0, 0, 7, 0, 0, 0]"
131,"[0, 4, 1, 0, 4, 145, 0, 0, 7, 0, 0, 0, 7, 0, 0, 0, 7, 0, 0, 0, 7, 0, 0, 0, 7, 0, 0, 0, 7, 0, 0, 0, 1, 4, 0, 0, 7, 0, 0, 0, 4, 328, 0, 0, 4, 227, 0, 0]"
132,"[3, 0, 0, 0, 8, 1, 1, 0, 8, 2, 2, 0, 4, 340, 0, 0, 7, 0, 0, 0, 7, 0, 0, 0, 7, 0, 0, 0, 7, 0, 0, 0, 4, 1, 0, 0, 7, 0, 0, 0, 7, 0, 0, 0, 7, 0, 0, 0]"
133,"[8, 0, 1, 0, 0, 13, 1, 0, 6, 30, 3, 0, 7, 0, 0, 0, 7, 0, 0, 0, 7, 0, 0, 0, 7, 0, 0, 0, 8, 1, 2, 0, 8, 2, 1, 0, 4, 153, 0, 0, 7, 0, 0, 0, 7, 0, 0, 0]"
134,"[4, 454, 0, 0, 7, 0, 0, 0, 4, 20, 0, 0, 4, 196, 0, 0, 7, 0, 0, 0, 7, 0, 0, 0, 7, 0, 0, 0, 7, 0, 0, 0, 7, 0, 0, 0, 7, 0, 0, 0, 7, 0, 0, 0, 4, 225, 0, 0]"
135,"[7, 0, 0, 0, 1, 4, 0, 0, 6, 12, 4, 0, 7, 0, 0, 0, 0, 17, 0, 0, 7, 0, 0, 0, 2, 1, 0, 0, 1, 4, 0, 0, 8, 2, 2, 0, 1, 4, 0, 0, 7, 0, 0, 0, 8, 1, 1, 0]"
136,"[8, 0, 2, 0, 7, 0, 0, 0, 4, 177, 0, 0, 7, 0, 0, 0, 7, 0, 0, 0, 7, 0, 0, 0, 7, 0, 0, 0, 4, 379, 0, 0, 7, 0, 0, 0, 7, 0, 0, 0, 1, 4, 0, 0, 1, 4, 0, 0]"
137,"[5, 0, 0, 0, 4, 261, 0, 0, 4, 510, 0, 0, 7, 0, 0, 0, 7, 0, 0, 0, 1, 4, 0, 0, 1, 4, 0, 0, 1, 4, 0, 0, 7, 0, 0, 0, 7, 0, 0, 0, 7, 0, 0, 0, 7, 0, 0, 0]"
138,"[7, 0, 0, 0, 2, 1, 0, 0, 6, 32, 2, 0, 4, 414, 0, 0, 4, 84, 0, 0, 7, 0, 0, 0, 7, 0, 0, 0, 7, 0, 0, 0, 1, 4, 0, 0, 7, 0, 0, 0, 7, 0, 0, 0, 7, 0, 0, 0]"
139,"[7, 0, 0, 0, 2, 1, 0, 0, 1, 4, 0, 0, 6, 20, 4, 0, 7, 0, 0, 0, 0, 20, 0, 0, 7, 0, 0, 0, 7, 0, 0, 0, 0, 23, 1, 0, 7, 0, 0, 0, 2, 0, 0, 0, 0, 30, 1, 0]"
140,"[0, 28, 0, 0, 0, 29, 0, 0, 2, 1, 0, 0, 0, 23, 1, 0, 0, 8, 1, 0, 6, 48, 2, 0, 7, 0, 0, 0, 7, 0, 0, 0, 3, 0, 0, 0, 7, 0, 0, 0, 8, 1, 2, 0, 0, 20, 0, 0]"
141,"[6, 18, 3, 0, 4, 442, 0, 0, 7, 0, 0, 0, 1, 4, 0, 0, 7, 0, 0, 0, 7, 0, 0, 0, 7, 0, 0, 0, 7, 0, 0, 0, 7, 0, 0, 0, 1, 4, 0, 0, 7, 0, 0, 0, 7, 0, 0, 0]"
142,"[3, 0, 0, 0, 3, 0, 0, 0, 8, 1, 1, 0, 2, 1, 0, 0, 7, 0, 0, 0, 4, 201, 0, 0, 7, 0, 0, 0, 1, 4, 0, 0, 4, 410, 0, 0, 7, 0, 0, 0, 7, 0, 0, 0, 7, 0, 0, 0]"
143,"[7, 0, 0, 0, 6, 20, 1, 0, 3, 0, 0, 0, 4, 396, 0, 0, 7, 0, 0, 0, 7, 0, 0, 0, 7, 0, 0, 0, 7, 0, 0, 0, 7, 0, 0, 0, 7, 0, 0, 0, 7, 0, 0, 0, 7, 0, 0, 0]"
144,"[4, 13, 0, 0, 7, 0, 0, 0, 7, 0, 0, 0, 7, 0, 0, 0, 7, 0, 0, 0, 7, 0, 0, 0, 7, 0, 0, 0, 7, 0, 0, 0, 1, 4, 0, 0, 7, 0, 0, 0, 4, 352, 0, 0, 7, 0, 0, 0]"
145,"[6, 4, 4, 0, 1, 4, 0, 0, 0, 11, 0, 0, 7, 0, 0, 0, 7, 0, 0, 0, 2, 0, 0, 0, 1, 4, 0, 0, 3, 0, 0, 0, 0, 6, 1, 0, 7, 0, 0, 0, 2, 1, 0, 0, 8, 1, 1, 0]"
146,"[4, 95, 0, 0, 7, 0, 0, 0, 7, 0, 0, 0, 7, 0, 0, 0, 7, 0, 0, 0, 7, 0, 0, 0, 4, 295, 0, 0, 7, 0, 0, 0, 7, 0, 0, 0, 4, 395, 0, 0, 7, 0, 0, 0, 7, 0, 0, 0]"
147,"[8, 0, 1, 0, 0, 4, 0, 0, 1, 4, 0, 0, 7, 0, 0, 0, 8, 1, 2, 0, 2, 1, 0, 0, 8, 3, 1, 0, 7, 0, 0, 0, 3, 0, 0, 0, 0, 5, 0, 0, 2, 1, 0, 0, 2, 1, 0, 0]"
148,"[1, 4, 0, 0, 7, 0, 0, 0, 8, 2, 2, 0, 0, 7, 0, 0, 5, 0, 0, 0, 7, 0, 0, 0, 7, 0, 0, 0, 8, 1, 2, 0, 3, 0, 0, 0, 7, 0, 0, 0, 1, 4, 0, 0, 1, 4, 0, 0]"
149,"[4, 343, 0, 0, 7, 0, 0, 0, 7, 0, 0, 0, 7, 0, 0, 0, 7, 0, 0, 0, 4, 31, 0, 0, 7, 0, 0, 0, 1, 4, 0, 0, 7, 0, 0, 0, 7, 0, 0, 0, 7, 0, 0, 0, 7, 0, 0, 0]"
150,"[0, 7, 0, 0, 7, 0, 0, 0, 6, 60, 4, 0, 1, 60, 0, 0, 2, 0, 0, 0, 8, 3, 2, 0, 7, 0, 0, 0, 8, 3, 1, 0, 8, 1, 2, 0, 7, 0, 0, 0, 1, 4, 0, 0, 2, 1, 0, 0]"
151,"[7, 0, 0, 0, 4, 459, 0, 0, 7, 0, 0, 0, 7, 0, 0, 0, 7, 0, 0, 0, 1, 4, 0, 0, 7, 0, 0, 0, 7, 0, 0, 0, 7, 0, 0, 0, 7, 0, 0, 0, 7, 0, 0, 0, 7, 0, 0, 0]"
152,"[4, 417, 0, 0, 1, 4, 0, 0, 7, 0, 0, 0, 1, 4, 0, 0, 7, 0, 0, 0, 7, 0, 0, 0, 7, 0, 0, 0, 7, 0, 0, 0, 7, 0, 0, 0, 4, 419, 0, 0, 1, 4, 0, 0, 7, 0, 0, 0]"
153,"[0, 18, 0, 0, 6, 48, 4, 0, 7, 0, 0, 0, 3, 0, 0, 0, 7, 0, 0, 0, 3, 0, 0, 0, 8, 1, 1, 0, 7, 0, 0, 0, 4, 96, 0, 0, 1, 4, 0, 0, 7, 0, 0, 0, 7, 0, 0, 0]"
154,"[3, 0, 0, 0, 0, 10, 1, 0, 7, 0, 0, 0, 8, 2, 1, 0, 3, 0, 0, 0, 2, 0, 0, 0, 2, 0, 0, 0, 3, 0, 0, 0, 1, 4, 0, 0, 6, 16, 4, 0, 8, 1, 2, 0, 7, 0, 0, 0]"
155,"[6, 4, 4, 0, 3, 0, 0, 0, 8, 2, 1, 0, 7, 0, 0, 0, 3, 0, 0, 0, 5, 0, 0, 0, 7, 0, 0, 0, 7, 0, 0, 0, 7, 0, 0, 0, 4, 77, 0, 0, 7, 0, 0, 0, 7, 0, 0, 0]"
156,"[1, 4, 0, 0, 3, 0, 0, 0, 7, 0, 0, 0, 3, 0, 0, 0, 0, 6, 1, 0, 2, 1, 0, 0, 3, 0, 0, 0, 4, 166, 0, 0, 7, 0, 0, 0, 7, 0, 0, 0, 7, 0, 0, 0, 7, 0, 0, 0]"
157,"[6, 48, 4, 0, 1, 48, 0, 0, 7, 0, 0, 0, 7, 0, 0, 0, 1, 4, 0, 0, 7, 0, 0, 0, 3, 0, 0, 0, 3, 0, 0, 0, 0, 28, 1, 0, 0, 7, 1, 0, 7, 0, 0, 0, 8, 3, 1, 0]"
158,"[0, 5, 0, 0, 3, 0, 0, 0, 0, 27, 1, 0, 8, 2, 1, 0, 1, 4, 0, 0, 4, 436, 0, 0, 7, 0, 0, 0, 1, 4, 0, 0, 1, 4, 0, 0, 1, 4, 0, 0, 7, 0, 0, 0, 4, 328, 0, 0]"
159,"[5, 0, 0, 0, 4, 14, 0, 0, 7, 0, 0, 0, 1, 4, 0, 0, 7, 0, 0, 0, 7, 0, 0, 0, 7, 0, 0, 0, 4, 507, 0, 0, 7, 0, 0, 0, 7, 0, 0, 0, 1, 4, 0, 0, 7, 0, 0, 0]"
160,"[8, 0, 2, 0, 2, 1, 0, 0, 7, 0, 0, 0, 6, 40, 2, 0, 8, 2, 2, 0, 0, 8, 0, 0, 8, 1, 2, 0, 1, 4, 0, 0, 1, 4, 0, 0, 3, 0, 0, 0, 2, 1, 0, 0, 0, 5, 1, 0]"
161,"[1, 4, 0, 0, 2, 0, 0, 0, 0, 31, 1, 0, 1, 31, 0, 0, 3, 0, 0, 0, 2, 0, 0, 0, 8, 3, 1, 0, 4, 96, 0, 0, 1, 4, 0, 0, 7, 0, 0, 0, 1, 4, 0, 0, 7, 0, 0, 0]"
162,"[3, 0, 0, 0, 7, 0, 0, 0, 6, 56, 2, 0, 1, 56, 0, 0, 1, 4, 0, 0, 1, 4, 0, 0, 2, 1, 0, 0, 0, 23, 1, 0, 0, 9, 1, 0, 3, 0, 0, 0, 5, 0, 0, 0, 7, 0, 0, 0]"
163,"[1, 4, 0, 0, 6, 21, 3, 0, 5, 0, 0, 0, 4, 341, 0, 0, 7, 0, 0, 0, 7, 0, 0, 0, 7, 0, 0, 0, 7, 0, 0, 0, 7, 0, 0, 0, 7, 0, 0, 0, 1, 4, 0, 0, 7, 0, 0, 0]"
164,"[8, 0, 2, 0, 0, 26, 0, 0, 0, 15, 0, 0, 1, 15, 0, 0, 2, 1, 0, 0, 4, 29, 0, 0, 7, 0, 0, 0, 1, 4, 0, 0, 7, 0, 0, 0, 7, 0, 0, 0, 7, 0, 0, 0, 4, 423, 0, 0]"
165,"[1, 4, 0, 0, 0, 28, 1, 0, 0, 22, 0, 0, 7, 0, 0, 0, 8, 1, 1, 0, 6, 8, 4, 0, 4, 1, 0, 0, 7, 0, 0, 0, 7, 0, 0, 0, 7, 0, 0, 0, 7, 0, 0, 0, 4, 384, 0, 0]"
166,"[7, 0, 0, 0, 6, 24, 3, 0, 0, 22, 0, 0, 2, 1, 0, 0, 8, 1, 1, 0, 2, 0, 0, 0, 1, 4, 0, 0, 7, 0, 0, 0, 0, 18, 0, 0, 5, 0, 0, 0, 7, 0, 0, 0, 7, 0, 0, 0]"
167,"[0, 22, 0, 0, 3, 0, 0, 0, 0, 29, 1, 0, 7, 0, 0, 0, 6, 60, 4, 0, 8, 3, 1, 0, 5, 0, 0, 0, 7, 0, 0, 0, 3, 0, 0, 0, 7, 0, 0, 0, 8, 1, 1, 0, 8, 1, 2, 0]"
168,"[8, 0, 2, 0, 1, 4, 0, 0, 3, 0, 0, 0, 3, 0, 0, 0, 3, 0, 0, 0, 0, 5, 0, 0, 4, 153, 0, 0, 7, 0, 0, 0, 7, 0, 0, 0, 7, 0, 0, 0, 1, 4, 0, 0, 4, 140, 0, 0]"
169,"[2, 1, 0, 0, 7, 0, 0, 0, 7, 0, 0, 0, 0, 10, 0, 0, 1, 10, 0, 0, 2, 0, 0, 0, 7, 0, 0, 0, 7, 0, 0, 0, 0, 7, 1, 0, 0, 30, 0, 0, 7, 0, 0, 0, 4, 207, 0, 0]"
170,"[1, 4, 0, 0, 3, 0, 0, 0, 6, 28, 2, 0, 8, 3, 1, 0, 7, 0, 0, 0, 7, 0, 0, 0, 8, 1, 2, 0, 4, 104, 0, 0, 7, 0, 0, 0, 7, 0, 0, 0, 7, 0, 0, 0, 7, 0, 0, 0]"
171,"[7, 0, 0, 0, 1, 4, 0, 0, 1, 4, 0, 0, 8, 3, 1, 0, 6, 56, 4, 0, 1, 56, 0, 0, 2, 0, 0, 0, 8, 2, 2, 0, 7, 0, 0, 0, 3, 0, 0, 0, 5, 0, 0, 0, 7, 0, 0, 0]"
172,"[1, 4, 0, 0, 2, 0, 0, 0, 6, 60, 4, 0, 0, 12, 0, 0, 8, 2, 1, 0, 4, 510, 0, 0, 7, 0, 0, 0, 7, 0, 0, 0, 7, 0, 0, 0, 7, 0, 0, 0, 4, 187, 0, 0, 7, 0, 0, 0]"
173,"[2, 0, 0, 0, 1, 4, 0, 0, 6, 15, 1, 0, 2, 1, 0, 0, 2, 0, 0, 0, 7, 0, 0, 0, 1, 4, 0, 0, 8, 3, 2, 0, 0, 31, 0, 0, 4, 103, 0, 0, 7, 0, 0, 0, 4, 153, 0, 0]"
174,"[5, 0, 0, 0, 4, 131, 0, 0, 7, 0, 0, 0, 7, 0, 0, 0, 7, 0, 0, 0, 4, 410, 0, 0, 7, 0, 0, 0, 7, 0, 0, 0, 7, 0, 0, 0, 7, 0, 0, 0, 7, 0, 0, 0, 4, 387, 0, 0]"
175,"[0, 10, 0, 0, 3, 0, 0, 0, 8, 1, 2, 0, 2, 0, 0, 0, 7, 0, 0, 0, 0, 21, 0, 0, 1, 21, 0, 0, 4, 270, 0, 0, 7, 0, 0, 0, 4, 354, 0, 0, 1, 4, 0, 0, 7, 0, 0, 0]"
176,"[7, 0, 0, 0, 1, 4, 0, 0, 2, 0, 0, 0, 7, 0, 0, 0, 2, 1, 0, 0, 2, 0, 0, 0, 0, 16, 0, 0, 2, 1, 0, 0, 8, 1, 1, 0, 0, 24, 0, 0, 8, 2, 2, 0, 6, 52, 4, 0]"
177,"[2, 1, 0, 0, 2, 0, 0, 0, 8, 1, 1, 0, 2, 0, 0, 0, 2, 1, 0, 0, 1, 4, 0, 0, 0, 23, 0, 0, 7, 0, 0, 0, 3, 0, 0, 0, 7, 0, 0, 0, 8, 3, 1, 0, 3, 0, 0, 0]"
178,"[4, 389, 0, 0, 7, 0, 0, 0, 7, 0, 0, 0, 7, 0, 0, 0, 7, 0, 0, 0, 7, 0, 0, 0, 7, 0, 0, 0, 7, 0, 0, 0, 7, 0, 0, 0, 7, 0, 0, 0, 7, 0, 0, 0, 4, 129, 0, 0]"
179,"[1, 4, 0, 0, 8, 1, 1, 0, 6, 13, 1, 0, 2, 0, 0, 0, 3, 0, 0, 0, 7, 0, 0, 0, 1, 4, 0, 0, 7, 0, 0, 0, 0, 30, 1, 0, 3, 0, 0, 0, 7, 0, 0, 0, 7, 0, 0, 0]"
180,"[1, 4, 0, 0, 4, 205, 0, 0, 7, 0, 0, 0, 7, 0, 0, 0, 7, 0, 0, 0, 7, 0, 0, 0, 7, 0, 0, 0, 1, 4, 0, 0, 7, 0, 0, 0, 4, 116, 0, 0, 7, 0, 0, 0, 7, 0, 0, 0]"
181,"[0, 14, 1, 0, 7, 0, 0, 0, 5, 0, 0, 0, 7, 0, 0, 0, 7, 0, 0, 0, 7, 0, 0, 0, 3, 0, 0, 0, 7, 0, 0, 0, 1, 4, 0, 0, 1, 4, 0, 0, 7, 0, 0, 0, 7, 0, 0, 0]"
182,"[7, 0, 0, 0, 3, 0, 0, 0, 2, 0, 0, 0, 1, 4, 0, 0, 3, 0, 0, 0, 2, 0, 0, 0, 8, 3, 1, 0, 3, 0, 0, 0, 2, 0, 0, 0, 7, 0, 0, 0, 4, 149, 0, 0, 7, 0, 0, 0]"
183,"[1, 4, 0, 0, 4, 285, 0, 0, 7, 0, 0, 0, 7, 0, 0, 0, 7, 0, 0, 0, 7, 0, 0, 0, 7, 0, 0, 0, 7, 0, 0, 0, 7, 0, 0, 0, 7, 0, 0, 0, 7, 0, 0, 0, 4, 352, 0, 0]"
184,"[8, 0, 1, 0, 6, 52, 4, 0, 0, 22, 1, 0, 3, 0, 0, 0, 0, 14, 0, 0, 4, 450, 0, 0, 7, 0, 0, 0, 7, 0, 0, 0, 7, 0, 0, 0, 7, 0, 0, 0, 7, 0, 0, 0, 1, 4, 0, 0]"
185,"[0, 16, 1, 0, 8, 1, 1, 0, 3, 0, 0, 0, 1, 4, 0, 0, 0, 31, 0, 0, 2, 1, 0, 0, 2, 0, 0, 0, 4, 345, 0, 0, 7, 0, 0, 0, 7, 0, 0, 0, 7, 0, 0, 0, 7, 0, 0, 0]"
186,"[8, 0, 1, 0, 0, 28, 0, 0, 4, 442, 0, 0, 7, 0, 0, 0, 7, 0, 0, 0, 7, 0, 0, 0, 7, 0, 0, 0, 7, 0, 0, 0, 4, 81, 0, 0, 7, 0, 0, 0, 7, 0, 0, 0, 7, 0, 0, 0]"
187,"[3, 0, 0, 0, 4, 57, 0, 0, 7, 0, 0, 0, 7, 0, 0, 0, 7, 0, 0, 0, 7, 0, 0, 0, 7, 0, 0, 0, 7, 0, 0, 0, 1, 4, 0, 0, 7, 0, 0, 0, 7, 0, 0, 0, 7, 0, 0, 0]"
188,"[2, 0, 0, 0, 8, 1, 1, 0, 7, 0, 0, 0, 4, 271, 0, 0, 4, 166, 0, 0, 7, 0, 0, 0, 7, 0, 0, 0, 7, 0, 0, 0, 7, 0, 0, 0, 7, 0, 0, 0, 7, 0, 0, 0, 7, 0, 0, 0]"
189,"[0, 28, 1, 0, 4, 508, 0, 0, 7, 0, 0, 0, 7, 0, 0, 0, 7, 0, 0, 0, 7, 0, 0, 0, 7, 0, 0, 0, 7, 0, 0, 0, 7, 0, 0, 0, 7, 0, 0, 0, 7, 0, 0, 0, 7, 0, 0, 0]"
190,"[6, 8, 4, 0, 5, 0, 0, 0, 4, 436, 0, 0, 7, 0, 0, 0, 7, 0, 0, 0, 4, 377, 0, 0, 7, 0, 0, 0, 7, 0, 0, 0, 7, 0, 0, 0, 7, 0, 0, 0, 7, 0, 0, 0, 7, 0, 0, 0]"
191,"[7, 0, 0, 0, 0, 29, 1, 0, 7, 0, 0, 0, 8, 1, 2, 0, 0, 17, 1, 0, 6, 33, 3, 0, 3, 0, 0, 0, 7, 0, 0, 0, 0, 4, 1, 0, 7, 0, 0, 0, 7, 0, 0, 0, 5, 0, 0, 0]"
192,"[7, 0, 0, 0, 2, 1, 0, 0, 8, 1, 2, 0, 0, 25, 1, 0, 6, 56, 4, 0, 7, 0, 0, 0, 3, 0, 0, 0, 7, 0, 0, 0, 2, 0, 0, 0, 0, 10, 1, 0, 1, 10, 0, 0, 0, 13, 0, 0]"
193,"[4, 82, 0, 0, 7, 0, 0, 0, 7, 0, 0, 0, 7, 0, 0, 0, 4, 282, 0, 0, 4, 242, 0, 0, 7, 0, 0, 0, 7, 0, 0, 0, 4, 328, 0, 0, 7, 0, 0, 0, 7, 0, 0, 0, 7, 0, 0, 0]"
194,"[2, 1, 0, 0, 1, 4, 0, 0, 1, 4, 0, 0, 8, 2, 1, 0, 4, 182, 0, 0, 7, 0, 0, 0, 7, 0, 0, 0, 1, 4, 0, 0, 7, 0, 0, 0, 1, 4, 0, 0, 7, 0, 0, 0, 7, 0, 0, 0]"
195,"[7, 0, 0, 0, 2, 1, 0, 0, 7, 0, 0, 0, 7, 0, 0, 0, 7, 0, 0, 0, 6, 40, 4, 0, 3, 0, 0, 0, 7, 0, 0, 0, 4, 289, 0, 0, 7, 0, 0, 0, 7, 0, 0, 0, 7, 0, 0, 0]"
196,"[2, 0, 0, 0, 2, 0, 0, 0, 5, 0, 0, 0, 4, 46, 0, 0, 7, 0, 0, 0, 4, 397, 0, 0, 4, 312, 0, 0, 7, 0, 0, 0, 7, 0, 0, 0, 7, 0, 0, 0, 7, 0, 0, 0, 1, 4, 0, 0]"
197,"[7, 0, 0, 0, 4, 337, 0, 0, 7, 0, 0, 0, 7, 0, 0, 0, 4, 333, 0, 0, 7, 0, 0, 0, 7, 0, 0, 0, 7, 0, 0, 0, 7, 0, 0, 0, 7, 0, 0, 0, 7, 0, 0, 0, 7, 0, 0, 0]"
198,"[6, 40, 4, 0, 1, 40, 0, 0, 8, 2, 1, 0, 2, 0, 0, 0, 3, 0, 0, 0, 7, 0, 0, 0, 7, 0, 0, 0, 0, 23, 1, 0, 7, 0, 0, 0, 3, 0, 0, 0, 7, 0, 0, 0, 7, 0, 0, 0]"
199,"[1, 4, 0, 0, 1, 4, 0, 0, 8, 2, 2, 0, 7, 0, 0, 0, 0, 11, 0, 0, 8, 2, 2, 0, 1, 4, 0, 0, 8, 2, 2, 0, 7, 0, 0, 0, 0, 8, 0, 0, 7, 0, 0, 0, 5, 0, 0, 0]"
200,"[6, 20, 4, 0, 8, 1, 1, 0, 8, 2, 2, 0, 1, 4, 0, 0, 4, 397, 0, 0, 7, 0, 0, 0, 7, 0, 0, 0, 1, 4, 0, 0, 7, 0, 0, 0, 4, 302, 0, 0, 1, 4, 0, 0, 7, 0, 0, 0]"
201,"[7, 0, 0, 0, 8, 1, 1, 0, 1, 4, 0, 0, 3, 0, 0, 0, 0, 14, 0, 0, 7, 0, 0, 0, 1, 4, 0, 0, 1, 4, 0, 0, 4, 441, 0, 0, 7, 0, 0, 0, 7, 0, 0, 0, 7, 0, 0, 0]"
202,"[0, 4, 0, 0, 4, 403, 0, 0, 7, 0, 0, 0, 1, 4, 0, 0, 7, 0, 0, 0, 7, 0, 0, 0, 1, 4, 0, 0, 4, 368, 0, 0, 7, 0, 0, 0, 7, 0, 0, 0, 7, 0, 0, 0, 7, 0, 0, 0]"
203,"[3, 0, 0, 0, 4, 258, 0, 0, 4, 228, 0, 0, 7, 0, 0, 0, 7, 0, 0, 0, 7, 0, 0, 0, 7, 0, 0, 0, 1, 4, 0, 0, 7, 0, 0, 0, 7, 0, 0, 0, 7, 0, 0, 0, 7, 0, 0, 0]"
204,"[4, 194, 0, 0, 7, 0, 0, 0, 7, 0, 0, 0, 7, 0, 0, 0, 7, 0, 0, 0, 7, 0, 0, 0, 7, 0, 0, 0, 7, 0, 0, 0, 7, 0, 0, 0, 7, 0, 0, 0, 7, 0, 0, 0, 1, 4, 0, 0]"
205,"[4, 76, 0, 0, 7, 0, 0, 0, 1, 4, 0, 0, 7, 0, 0, 0, 7, 0, 0, 0, 7, 0, 0, 0, 7, 0, 0, 0, 7, 0, 0, 0, 7, 0, 0, 0, 4, 152, 0, 0, 7, 0, 0, 0, 7, 0, 0, 0]"
206,"[4, 38, 0, 0, 4, 292, 0, 0, 7, 0, 0, 0, 7, 0, 0, 0, 7, 0, 0, 0, 7, 0, 0, 0, 7, 0, 0, 0, 7, 0, 0, 0, 1, 4, 0, 0, 4, 313, 0, 0, 7, 0, 0, 0, 7, 0, 0, 0]"
207,"[0, 8, 0, 0, 1, 8, 0, 0, 8, 2, 2, 0, 6, 46, 1, 0, 7, 0, 0, 0, 0, 5, 1, 0, 2, 1, 0, 0, 7, 0, 0, 0, 7, 0, 0, 0, 7, 0, 0, 0, 1, 4, 0, 0, 3, 0, 0, 0]"
208,"[2, 1, 0, 0, 7, 0, 0, 0, 1, 4, 0, 0, 6, 52, 4, 0, 7, 0, 0, 0, 4, 405, 0, 0, 7, 0, 0, 0, 7, 0, 0, 0, 7, 0, 0, 0, 7, 0, 0, 0, 4, 103, 0, 0, 7, 0, 0, 0]"
209,"[8, 0, 1, 0, 3, 0, 0, 0, 1, 4, 0, 0, 4, 467, 0, 0, 7, 0, 0, 0, 7, 0, 0, 0, 7, 0, 0, 0, 7, 0, 0, 0, 4, 510, 0, 0, 7, 0, 0, 0, 7, 0, 0, 0, 7, 0, 0, 0]"
210,"[0, 11, 0, 0, 6, 6, 2, 0, 2, 0, 0, 0, 4, 383, 0, 0, 7, 0, 0, 0, 4, 44, 0, 0, 7, 0, 0, 0, 7, 0, 0, 0, 7, 0, 0, 0, 7, 0, 0, 0, 1, 4, 0, 0, 1, 4, 0, 0]"
211,"[4, 242, 0, 0, 1, 4, 0, 0, 1, 4, 0, 0, 7, 0, 0, 0, 7, 0, 0, 0, 4, 66, 0, 0, 7, 0, 0, 0, 7, 0, 0, 0, 7, 0, 0, 0, 7, 0, 0, 0, 7, 0, 0, 0, 7, 0, 0, 0]"
212,"[4, 256, 0, 0, 4, 319, 0, 0, 7, 0, 0, 0, 7, 0, 0, 0, 4, 92, 0, 0, 7, 0, 0, 0, 7, 0, 0, 0, 7, 0, 0, 0, 7, 0, 0, 0, 7, 0, 0, 0, 4, 246, 0, 0, 7, 0, 0, 0]"
213,"[1, 4, 0, 0, 1, 4, 0, 0, 6, 32, 1, 0, 7, 0, 0, 0, 0, 21, 1, 0, 3, 0, 0, 0, 3, 0, 0, 0, 0, 28, 0, 0, 2, 0, 0, 0, 7, 0, 0, 0, 7, 0, 0, 0, 8, 1, 1, 0]"
214,"[8, 0, 1, 0, 7, 0, 0, 0, 6, 8, 4, 0, 7, 0, 0, 0, 3, 0, 0, 0, 8, 2, 2, 0, 5, 0, 0, 0, 7, 0, 0, 0, 4, 340, 0, 0, 7, 0, 0, 0, 7, 0, 0, 0, 7, 0, 0, 0]"
215,"[3, 0, 0, 0, 8, 1, 1, 0, 7, 0, 0, 0, 5, 0, 0, 0, 4, 193, 0, 0, 4, 263, 0, 0, 7, 0, 0, 0, 7, 0, 0, 0, 7, 0, 0, 0, 7, 0, 0, 0, 7, 0, 0, 0, 7, 0, 0, 0]"
216,"[7, 0, 0, 0, 7, 0, 0, 0, 0, 28, 1, 0, 0, 12, 0, 0, 1, 12, 0, 0, 7, 0, 0, 0, 8, 3, 1, 0, 3, 0, 0, 0, 8, 1, 2, 0, 2, 1, 0, 0, 6, 12, 3, 0, 8, 2, 2, 0]"
217,"[3, 0, 0, 0, 8, 1, 2, 0, 7, 0, 0, 0, 8, 3, 2, 0, 5, 0, 0, 0, 7, 0, 0, 0, 8, 1, 2, 0, 7, 0, 0, 0, 7, 0, 0, 0, 7, 0, 0, 0, 8, 1, 2, 0, 7, 0, 0, 0]"
218,"[7, 0, 0, 0, 2, 1, 0, 0, 7, 0, 0, 0, 0, 12, 0, 0, 8, 1, 2, 0, 3, 0, 0, 0, 8, 3, 2, 0, 5, 0, 0, 0, 4, 153, 0, 0, 7, 0, 0, 0, 7, 0, 0, 0, 7, 0, 0, 0]"
219,"[7, 0, 0, 0, 0, 15, 0, 0, 3, 0, 0, 0, 3, 0, 0, 0, 6, 52, 4, 0, 0, 16, 0, 0, 3, 0, 0, 0, 7, 0, 0, 0, 3, 0, 0, 0, 4, 196, 0, 0, 7, 0, 0, 0, 7, 0, 0, 0]"
220,"[4, 109, 0, 0, 7, 0, 0, 0, 7, 0, 0, 0, 7, 0, 0, 0, 7, 0, 0, 0, 7, 0, 0, 0, 7, 0, 0, 0, 7, 0, 0, 0, 1, 4, 0, 0, 7, 0, 0, 0, 4, 240, 0, 0, 4, 285, 0, 0]"
221,"[4, 129, 0, 0, 7, 0, 0, 0, 7, 0, 0, 0, 7, 0, 0, 0, 4, 449, 0, 0, 4, 477, 0, 0, 4, 486, 0, 0, 7, 0, 0, 0, 7, 0, 0, 0, 1, 4, 0, 0, 1, 4, 0, 0, 1, 4, 0, 0]"
222,"[8, 0, 2, 0, 0, 26, 1, 0, 4, 217, 0, 0, 7, 0, 0, 0, 7, 0, 0, 0, 7, 0, 0, 0, 7, 0, 0, 0, 7, 0, 0, 0, 7, 0, 0, 0, 4, 320, 0, 0, 7, 0, 0, 0, 7, 0, 0, 0]"
223,"[2, 0, 0, 0, 1, 4, 0, 0, 3, 0, 0, 0, 7, 0, 0, 0, 0, 26, 1, 0, 6, 28, 2, 0, 2, 1, 0, 0, 1, 4, 0, 0, 7, 0, 0, 0, 1, 4, 0, 0, 4, 281, 0, 0, 7, 0, 0, 0]"
224,"[2, 1, 0, 0, 3, 0, 0, 0, 1, 4, 0, 0, 7, 0, 0, 0, 6, 25, 1, 0, 7, 0, 0, 0, 7, 0, 0, 0, 2, 0, 0, 0, 0, 21, 1, 0, 4, 428, 0, 0, 7, 0, 0, 0, 7, 0, 0, 0]"
225,"[0, 14, 1, 0, 0, 18, 1, 0, 6, 12, 3, 0, 4, 479, 0, 0, 7, 0, 0, 0, 7, 0, 0, 0, 7, 0, 0, 0, 7, 0, 0, 0, 4, 107, 0, 0, 7, 0, 0, 0, 7, 0, 0, 0, 1, 4, 0, 0]"
226,"[7, 0, 0, 0, 7, 0, 0, 0, 2, 0, 0, 0, 2, 1, 0, 0, 2, 1, 0, 0, 1, 4, 0, 0, 0, 24, 1, 0, 1, 24, 0, 0, 6, 26, 1, 0, 0, 7, 1, 0, 2, 1, 0, 0, 0, 27, 1, 0]"
227,"[6, 12, 4, 0, 3, 0, 0, 0, 4, 382, 0, 0, 7, 0, 0, 0, 7, 0, 0, 0, 7, 0, 0, 0, 7, 0, 0, 0, 7, 0, 0, 0, 7, 0, 0, 0, 7, 0, 0, 0, 7, 0, 0, 0, 1, 4, 0, 0]"
228,"[7, 0, 0, 0, 7, 0, 0, 0, 6, 4, 4, 0, 7, 0, 0, 0, 2, 1, 0, 0, 7, 0, 0, 0, 1, 4, 0, 0, 8, 1, 2, 0, 2, 1, 0, 0, 0, 22, 1, 0, 8, 3, 1, 0, 4, 10, 0, 0]"
229,"[7, 0, 0, 0, 6, 48, 1, 0, 8, 2, 2, 0, 7, 0, 0, 0, 7, 0, 0, 0, 0, 30, 0, 0, 7, 0, 0, 0, 3, 0, 0, 0, 7, 0, 0, 0, 7, 0, 0, 0, 0, 20, 0, 0, 8, 1, 1, 0]"
230,"[6, 4, 4, 0, 7, 0, 0, 0, 2, 1, 0, 0, 0, 4, 0, 0, 1, 4, 0, 0, 1, 4, 0, 0, 7, 0, 0, 0, 4, 60, 0, 0, 7, 0, 0, 0, 4, 196, 0, 0, 7, 0, 0, 0, 7, 0, 0, 0]"
231,"[6, 36, 4, 0, 2, 1, 0, 0, 1, 4, 0, 0, 4, 43, 0, 0, 7, 0, 0, 0, 7, 0, 0, 0, 7, 0, 0, 0, 7, 0, 0, 0, 7, 0, 0, 0, 7, 0, 0, 0, 7, 0, 0, 0, 7, 0, 0, 0]"
232,"[7, 0, 0, 0, 8, 1, 1, 0, 3, 0, 0, 0, 2, 0, 0, 0, 3, 0, 0, 0, 3, 0, 0, 0, 8, 3, 2, 0, 0, 18, 1, 0, 0, 17, 0, 0, 7, 0, 0, 0, 8, 1, 1, 0, 5, 0, 0, 0]"
233,"[1, 4, 0, 0, 0, 21, 0, 0, 3, 0, 0, 0, 2, 1, 0, 0, 3, 0, 0, 0, 7, 0, 0, 0, 6, 36, 4, 0, 2, 1, 0, 0, 8, 3, 1, 0, 2, 0, 0, 0, 1, 4, 0, 0, 1, 4, 0, 0]"
234,"[4, 156, 0, 0, 7, 0, 0, 0, 7, 0, 0, 0, 7, 0, 0, 0, 7, 0, 0, 0, 7, 0, 0, 0, 4, 85, 0, 0, 7, 0, 0, 0, 1, 4, 0, 0, 7, 0, 0, 0, 7, 0, 0, 0, 4, 427, 0, 0]"
235,"[3, 0, 0, 0, 2, 1, 0, 0, 3, 0, 0, 0, 6, 60, 4, 0, 3, 0, 0, 0, 8, 1, 1, 0, 7, 0, 0, 0, 0, 27, 1, 0, 1, 27, 0, 0, 7, 0, 0, 0, 8, 1, 1, 0, 2, 1, 0, 0]"
236,"[6, 28, 4, 0, 7, 0, 0, 0, 0, 17, 1, 0, 1, 17, 0, 0, 7, 0, 0, 0, 1, 4, 0, 0, 3, 0, 0, 0, 8, 2, 2, 0, 7, 0, 0, 0, 8, 2, 1, 0, 4, 366, 0, 0, 4, 291, 0, 0]"
237,"[7, 0, 0, 0, 7, 0, 0, 0, 8, 2, 2, 0, 8, 1, 2, 0, 7, 0, 0, 0, 1, 4, 0, 0, 4, 149, 0, 0, 1, 4, 0, 0, 7, 0, 0, 0, 7, 0, 0, 0, 4, 81, 0, 0, 7, 0, 0, 0]"
238,"[3, 0, 0, 0, 3, 0, 0, 0, 4, 481, 0, 0, 7, 0, 0, 0, 7, 0, 0, 0, 7, 0, 0, 0, 7, 0, 0, 0, 7, 0, 0, 0, 7, 0, 0, 0, 7, 0, 0, 0, 7, 0, 0, 0, 7, 0, 0, 0]"
239,"[0, 12, 1, 0, 8, 1, 2, 0, 6, 56, 2, 0, 1, 56, 0, 0, 4, 434, 0, 0, 7, 0, 0, 0, 7, 0, 0, 0, 7, 0, 0, 0, 7, 0, 0, 0, 7, 0, 0, 0, 7, 0, 0, 0, 7, 0, 0, 0]"
240,"[7, 0, 0, 0, 2, 0, 0, 0, 1, 4, 0, 0, 3, 0, 0, 0, 2, 0, 0, 0, 7, 0, 0, 0, 8, 3, 2, 0, 7, 0, 0, 0, 6, 38, 2, 0, 8, 2, 1, 0, 2, 1, 0, 0, 5, 0, 0, 0]"
241,"[1, 4, 0, 0, 7, 0, 0, 0, 8, 2, 1, 0, 2, 1, 0, 0, 7, 0, 0, 0, 1, 4, 0, 0, 7, 0, 0, 0, 2, 1, 0, 0, 7, 0, 0, 0, 6, 12, 4, 0, 4, 239, 0, 0, 7, 0, 0, 0]"
242,"[8, 0, 2, 0, 1, 4, 0, 0, 6, 28, 4, 0, 3, 0, 0, 0, 7, 0, 0, 0, 0, 15, 1, 0, 2, 1, 0, 0, 4, 21, 0, 0, 7, 0, 0, 0, 7, 0, 0, 0, 7, 0, 0, 0, 7, 0, 0, 0]"
243,"[2, 1, 0, 0, 2, 0, 0, 0, 4, 50, 0, 0, 1, 4, 0, 0, 7, 0, 0, 0, 7, 0, 0, 0, 1, 4, 0, 0, 4, 129, 0, 0, 7, 0, 0, 0, 7, 0, 0, 0, 1, 4, 0, 0, 7, 0, 0, 0]"
244,"[2, 0, 0, 0, 8, 1, 2, 0, 4, 424, 0, 0, 7, 0, 0, 0, 7, 0, 0, 0, 7, 0, 0, 0, 7, 0, 0, 0, 7, 0, 0, 0, 7, 0, 0, 0, 7, 0, 0, 0, 7, 0, 0, 0, 7, 0, 0, 0]"
245,"[1, 4, 0, 0, 7, 0, 0, 0, 4, 305, 0, 0, 1, 4, 0, 0, 7, 0, 0, 0, 7, 0, 0, 0, 7, 0, 0, 0, 7, 0, 0, 0, 7, 0, 0, 0, 7, 0, 0, 0, 7, 0, 0, 0, 7, 0, 0, 0]"
246,"[4, 347, 0, 0, 7, 0, 0, 0, 7, 0, 0, 0, 7, 0, 0, 0, 7, 0, 0, 0, 7, 0, 0, 0, 7, 0, 0, 0, 7, 0, 0, 0, 7, 0, 0, 0, 7, 0, 0, 0, 7, 0, 0, 0, 1, 4, 0, 0]"
247,"[6, 6, 2, 0, 7, 0, 0, 0, 3, 0, 0, 0, 3, 0, 0, 0, 7, 0, 0, 0, 3, 0, 0, 0, 7, 0, 0, 0, 3, 0, 0, 0, 0, 29, 0, 0, 4, 48, 0, 0, 7, 0, 0, 0, 1, 4, 0, 0]"
248,"[0, 29, 1, 0, 1, 29, 0, 0, 3, 0, 0, 0, 2, 1, 0, 0, 6, 16, 1, 0, 8, 3, 1, 0, 7, 0, 0, 0, 7, 0, 0, 0, 8, 2, 1, 0, 7, 0, 0, 0, 3, 0, 0, 0, 3, 0, 0, 0]"
249,"[6, 40, 4, 0, 7, 0, 0, 0, 5, 0, 0, 0, 4, 95, 0, 0, 7, 0, 0, 0, 1, 4, 0, 0, 4, 265, 0, 0, 7, 0, 0, 0, 4, 503, 0, 0, 1, 4, 0, 0, 7, 0, 0, 0, 7, 0, 0, 0]"
250,"[7, 0, 0, 0, 0, 30, 0, 0, 7, 0, 0, 0, 7, 0, 0, 0, 2, 0, 0, 0, 5, 0, 0, 0, 7, 0, 0, 0, 7, 0, 0, 0, 4, 439, 0, 0, 7, 0, 0, 0, 7, 0, 0, 0, 7, 0, 0, 0]"
251,"[3, 0, 0, 0, 0, 23, 1, 0, 1, 23, 0, 0, 0, 20, 0, 0, 5, 0, 0, 0, 7, 0, 0, 0, 4, 311, 0, 0, 7, 0, 0, 0, 7, 0, 0, 0, 4, 295, 0, 0, 7, 0, 0, 0, 7, 0, 0, 0]"
252,"[3, 0, 0, 0, 4, 200, 0, 0, 7, 0, 0, 0, 1, 4, 0, 0, 7, 0, 0, 0, 4, 175, 0, 0, 1, 4, 0, 0, 7, 0, 0, 0, 7, 0, 0, 0, 7, 0, 0, 0, 7, 0, 0, 0, 7, 0, 0, 0]"
253,"[2, 0, 0, 0, 0, 19, 0, 0, 7, 0, 0, 0, 7, 0, 0, 0, 8, 2, 1, 0, 8, 3, 1, 0, 7, 0, 0, 0, 4, 229, 0, 0, 7, 0, 0, 0, 7, 0, 0, 0, 4, 266, 0, 0, 7, 0, 0, 0]"
254,"[3, 0, 0, 0, 2, 1, 0, 0, 4, 286, 0, 0, 7, 0, 0, 0, 7, 0, 0, 0, 7, 0, 0, 0, 4, 29, 0, 0, 7, 0, 0, 0, 7, 0, 0, 0, 7, 0, 0, 0, 7, 0, 0, 0, 7, 0, 0, 0]"
255,"[2, 0, 0, 0, 0, 24, 0, 0, 7, 0, 0, 0, 8, 2, 2, 0, 6, 18, 2, 0, 7, 0, 0, 0, 8, 1, 1, 0, 8, 2, 2, 0, 2, 1, 0, 0, 8, 1, 2, 0, 7, 0, 0, 0, 8, 2, 1, 0]"
256,"[1, 4, 0, 0, 8, 1, 2, 0, 7, 0, 0, 0, 4, 126, 0, 0, 7, 0, 0, 0, 7, 0, 0, 0, 1, 4, 0, 0, 7, 0, 0, 0, 7, 0, 0, 0, 7, 0, 0, 0, 1, 4, 0, 0, 1, 4, 0, 0]"
257,"[0, 13, 0, 0, 6, 24, 3, 0, 2, 1, 0, 0, 4, 123, 0, 0, 7, 0, 0, 0, 7, 0, 0, 0, 7, 0, 0, 0, 7, 0, 0, 0, 7, 0, 0, 0, 7, 0, 0, 0, 7, 0, 0, 0, 4, 435, 0, 0]"
258,"[4, 235, 0, 0, 7, 0, 0, 0, 7, 0, 0, 0, 4, 205, 0, 0, 1, 4, 0, 0, 4, 429, 0, 0, 7, 0, 0, 0, 1, 4, 0, 0, 4, 478, 0, 0, 1, 4, 0, 0, 7, 0, 0, 0, 7, 0, 0, 0]"
259,"[8, 0, 2, 0, 7, 0, 0, 0, 2, 0, 0, 0, 3, 0, 0, 0, 2, 0, 0, 0, 3, 0, 0, 0, 3, 0, 0, 0, 0, 8, 1, 0, 2, 1, 0, 0, 5, 0, 0, 0, 4, 36, 0, 0, 7, 0, 0, 0]"
260,"[4, 297, 0, 0, 7, 0, 0, 0, 7, 0, 0, 0, 7, 0, 0, 0, 7, 0, 0, 0, 7, 0, 0, 0, 7, 0, 0, 0, 7, 0, 0, 0, 1, 4, 0, 0, 7, 0, 0, 0, 7, 0, 0, 0, 7, 0, 0, 0]"
261,"[2, 1, 0, 0, 6, 60, 4, 0, 7, 0, 0, 0, 7, 0, 0, 0, 0, 7, 1, 0, 1, 7, 0, 0, 7, 0, 0, 0, 3, 0, 0, 0, 5, 0, 0, 0, 7, 0, 0, 0, 4, 497, 0, 0, 7, 0, 0, 0]"
262,"[1, 4, 0, 0, 7, 0, 0, 0, 2, 1, 0, 0, 7, 0, 0, 0, 6, 56, 4, 0, 0, 21, 0, 0, 7, 0, 0, 0, 0, 20, 1, 0, 8, 1, 1, 0, 7, 0, 0, 0, 7, 0, 0, 0, 1, 4, 0, 0]"
263,"[3, 0, 0, 0, 2, 1, 0, 0, 8, 1, 2, 0, 6, 16, 4, 0, 0, 29, 0, 0, 1, 29, 0, 0, 5, 0, 0, 0, 7, 0, 0, 0, 3, 0, 0, 0, 4, 9, 0, 0, 7, 0, 0, 0, 1, 4, 0, 0]"
264,"[7, 0, 0, 0, 1, 4, 0, 0, 2, 1, 0, 0, 2, 1, 0, 0, 7, 0, 0, 0, 1, 4, 0, 0, 3, 0, 0, 0, 2, 0, 0, 0, 7, 0, 0, 0, 3, 0, 0, 0, 2, 1, 0, 0, 7, 0, 0, 0]"
265,"[1, 4, 0, 0, 7, 0, 0, 0, 2, 1, 0, 0, 7, 0, 0, 0, 0, 30, 1, 0, 1, 30, 0, 0, 4, 418, 0, 0, 7, 0, 0, 0, 7, 0, 0, 0, 7, 0, 0, 0, 4, 444, 0, 0, 1, 4, 0, 0]"
266,"[7, 0, 0, 0, 7, 0, 0, 0, 8, 2, 1, 0, 7, 0, 0, 0, 4, 6, 0, 0, 7, 0, 0, 0, 7, 0, 0, 0, 7, 0, 0, 0, 7, 0, 0, 0, 7, 0, 0, 0, 7, 0, 0, 0, 7, 0, 0, 0]"
267,"[7, 0, 0, 0, 2, 1, 0, 0, 5, 0, 0, 0, 4, 20, 0, 0, 7, 0, 0, 0, 1, 4, 0, 0, 4, 279, 0, 0, 7, 0, 0, 0, 7, 0, 0, 0, 7, 0, 0, 0, 7, 0, 0, 0, 1, 4, 0, 0]"
268,"[5, 0, 0, 0, 7, 0, 0, 0, 3, 0, 0, 0, 7, 0, 0, 0, 3, 0, 0, 0, 3, 0, 0, 0, 7, 0, 0, 0, 7, 0, 0, 0, 8, 2, 2, 0, 7, 0, 0, 0, 8, 2, 2, 0, 7, 0, 0, 0]"
269,"[6, 4, 4, 0, 0, 8, 1, 0, 7, 0, 0, 0, 8, 1, 1, 0, 0, 10, 1, 0, 3, 0, 0, 0, 7, 0, 0, 0, 7, 0, 0, 0, 8, 1, 1, 0, 5, 0, 0, 0, 4, 72, 0, 0, 7, 0, 0, 0]"
270,"[7, 0, 0, 0, 0, 7, 0, 0, 7, 0, 0, 0, 3, 0, 0, 0, 4, 476, 0, 0, 1, 4, 0, 0, 7, 0, 0, 0, 7, 0, 0, 0, 7, 0, 0, 0, 7, 0, 0, 0, 7, 0, 0, 0, 1, 4, 0, 0]"
271,"[6, 32, 1, 0, 3, 0, 0, 0, 0, 8, 0, 0, 7, 0, 0, 0, 0, 25, 0, 0, 0, 31, 1, 0, 8, 2, 1, 0, 0, 8, 1, 0, 7, 0, 0, 0, 0, 10, 1, 0, 3, 0, 0, 0, 2, 0, 0, 0]"
272,"[3, 0, 0, 0, 4, 335, 0, 0, 7, 0, 0, 0, 7, 0, 0, 0, 7, 0, 0, 0, 7, 0, 0, 0, 4, 185, 0, 0, 7, 0, 0, 0, 7, 0, 0, 0, 7, 0, 0, 0, 1, 4, 0, 0, 7, 0, 0, 0]"
273,"[0, 16, 1, 0, 6, 62, 2, 0, 7, 0, 0, 0, 1, 4, 0, 0, 4, 455, 0, 0, 7, 0, 0, 0, 7, 0, 0, 0, 7, 0, 0, 0, 4, 194, 0, 0, 7, 0, 0, 0, 7, 0, 0, 0, 7, 0, 0, 0]"
274,"[1, 4, 0, 0, 0, 7, 1, 0, 2, 1, 0, 0, 1, 4, 0, 0, 0, 15, 0, 0, 3, 0, 0, 0, 2, 1, 0, 0, 2, 0, 0, 0, 3, 0, 0, 0, 4, 190, 0, 0, 7, 0, 0, 0, 7, 0, 0, 0]"
275,"[1, 4, 0, 0, 7, 0, 0, 0, 7, 0, 0, 0, 0, 25, 0, 0, 7, 0, 0, 0, 0, 26, 0, 0, 0, 12, 0, 0, 2, 0, 0, 0, 6, 32, 4, 0, 8, 2, 1, 0, 2, 1, 0, 0, 4, 54, 0, 0]"
276,"[4, 90, 0, 0, 7, 0, 0, 0, 1, 4, 0, 0, 7, 0, 0, 0, 7, 0, 0, 0, 7, 0, 0, 0, 7, 0, 0, 0, 7, 0, 0, 0, 7, 0, 0, 0, 4, 181, 0, 0, 7, 0, 0, 0, 7, 0, 0, 0]"
277,"[0, 30, 0, 0, 1, 30, 0, 0, 7, 0, 0, 0, 3, 0, 0, 0, 1, 4, 0, 0, 2, 1, 0, 0, 3, 0, 0, 0, 7, 0, 0, 0, 1, 4, 0, 0, 4, 414, 0, 0, 1, 4, 0, 0, 7, 0, 0, 0]"
278,"[7, 0, 0, 0, 1, 4, 0, 0, 6, 4, 4, 0, 2, 0, 0, 0, 0, 5, 0, 0, 7, 0, 0, 0, 4, 289, 0, 0, 7, 0, 0, 0, 7, 0, 0, 0, 7, 0, 0, 0, 7, 0, 0, 0, 7, 0, 0, 0]"
279,"[2, 1, 0, 0, 1, 4, 0, 0, 0, 26, 1, 0, 3, 0, 0, 0, 0, 22, 0, 0, 0, 16, 1, 0, 2, 1, 0, 0, 3, 0, 0, 0, 8, 2, 1, 0, 3, 0, 0, 0, 3, 0, 0, 0, 8, 3, 1, 0]"
280,"[3, 0, 0, 0, 3, 0, 0, 0, 7, 0, 0, 0, 7, 0, 0, 0, 5, 0, 0, 0, 4, 302, 0, 0, 7, 0, 0, 0, 4, 413, 0, 0, 1, 4, 0, 0, 7, 0, 0, 0, 7, 0, 0, 0, 7, 0, 0, 0]"
281,"[8, 0, 1, 0, 6, 13, 1, 0, 4, 144, 0, 0, 1, 4, 0, 0, 1, 4, 0, 0, 7, 0, 0, 0, 7, 0, 0, 0, 7, 0, 0, 0, 7, 0, 0, 0, 1, 4, 0, 0, 7, 0, 0, 0, 7, 0, 0, 0]"
282,"[7, 0, 0, 0, 3, 0, 0, 0, 7, 0, 0, 0, 8, 1, 2, 0, 6, 38, 1, 0, 7, 0, 0, 0, 0, 29, 0, 0, 4, 493, 0, 0, 7, 0, 0, 0, 1, 4, 0, 0, 4, 198, 0, 0, 7, 0, 0, 0]"
283,"[7, 0, 0, 0, 7, 0, 0, 0, 7, 0, 0, 0, 7, 0, 0, 0, 7, 0, 0, 0, 2, 0, 0, 0, 5, 0, 0, 0, 7, 0, 0, 0, 7, 0, 0, 0, 1, 4, 0, 0, 7, 0, 0, 0, 8, 3, 2, 0]"
284,"[2, 0, 0, 0, 2, 1, 0, 0, 0, 25, 0, 0, 2, 0, 0, 0, 4, 27, 0, 0, 7, 0, 0, 0, 7, 0, 0, 0, 4, 506, 0, 0, 7, 0, 0, 0, 1, 4, 0, 0, 7, 0, 0, 0, 7, 0, 0, 0]"
285,"[1, 4, 0, 0, 6, 48, 3, 0, 7, 0, 0, 0, 1, 4, 0, 0, 1, 4, 0, 0, 7, 0, 0, 0, 4, 102, 0, 0, 7, 0, 0, 0, 1, 4, 0, 0, 4, 340, 0, 0, 4, 308, 0, 0, 7, 0, 0, 0]"
286,"[4, 250, 0, 0, 7, 0, 0, 0, 7, 0, 0, 0, 7, 0, 0, 0, 7, 0, 0, 0, 4, 443, 0, 0, 1, 4, 0, 0, 7, 0, 0, 0, 7, 0, 0, 0, 1, 4, 0, 0, 4, 139, 0, 0, 7, 0, 0, 0]"
287,"[4, 39, 0, 0, 1, 4, 0, 0, 7, 0, 0, 0, 7, 0, 0, 0, 7, 0, 0, 0, 1, 4, 0, 0, 7, 0, 0, 0, 1, 4, 0, 0, 4, 313, 0, 0, 7, 0, 0, 0, 7, 0, 0, 0, 4, 412, 0, 0]"
288,"[1, 4, 0, 0, 6, 52, 4, 0, 8, 1, 1, 0, 0, 7, 0, 0, 7, 0, 0, 0, 4, 399, 0, 0, 4, 374, 0, 0, 7, 0, 0, 0, 7, 0, 0, 0, 7, 0, 0, 0, 4, 482, 0, 0, 4, 145, 0, 0]"
289,"[2, 1, 0, 0, 7, 0, 0, 0, 2, 0, 0, 0, 5, 0, 0, 0, 7, 0, 0, 0, 7, 0, 0, 0, 4, 75, 0, 0, 7, 0, 0, 0, 7, 0, 0, 0, 7, 0, 0, 0, 7, 0, 0, 0, 7, 0, 0, 0]"
290,"[7, 0, 0, 0, 7, 0, 0, 0, 5, 0, 0, 0, 4, 451, 0, 0, 7, 0, 0, 0, 7, 0, 0, 0, 7, 0, 0, 0, 7, 0, 0, 0, 7, 0, 0, 0, 7, 0, 0, 0, 7, 0, 0, 0, 7, 0, 0, 0]"
291,"[6, 20, 4, 0, 4, 214, 0, 0, 7, 0, 0, 0, 7, 0, 0, 0, 7, 0, 0, 0, 1, 4, 0, 0, 7, 0, 0, 0, 7, 0, 0, 0, 7, 0, 0, 0, 7, 0, 0, 0, 7, 0, 0, 0, 7, 0, 0, 0]"
292,"[1, 4, 0, 0, 7, 0, 0, 0, 1, 4, 0, 0, 0, 22, 0, 0, 6, 28, 4, 0, 3, 0, 0, 0, 3, 0, 0, 0, 3, 0, 0, 0, 7, 0, 0, 0, 2, 0, 0, 0, 7, 0, 0, 0, 5, 0, 0, 0]"
293,"[0, 12, 0, 0, 7, 0, 0, 0, 0, 14, 1, 0, 4, 182, 0, 0, 7, 0, 0, 0, 1, 4, 0, 0, 7, 0, 0, 0, 7, 0, 0, 0, 7, 0, 0, 0, 7, 0, 0, 0, 7, 0, 0, 0, 7, 0, 0, 0]"
294,"[6, 12, 4, 0, 8, 1, 1, 0, 8, 2, 1, 0, 7, 0, 0, 0, 7, 0, 0, 0, 7, 0, 0, 0, 2, 0, 0, 0, 4, 220, 0, 0, 4, 366, 0, 0, 7, 0, 0, 0, 7, 0, 0, 0, 7, 0, 0, 0]"
295,"[4, 256, 0, 0, 7, 0, 0, 0, 7, 0, 0, 0, 7, 0, 0, 0, 7, 0, 0, 0, 7, 0, 0, 0, 7, 0, 0, 0, 4, 324, 0, 0, 7, 0, 0, 0, 7, 0, 0, 0, 1, 4, 0, 0, 7, 0, 0, 0]"
296,"[0, 12, 1, 0, 4, 20, 0, 0, 7, 0, 0, 0, 7, 0, 0, 0, 7, 0, 0, 0, 7, 0, 0, 0, 1, 4, 0, 0, 1, 4, 0, 0, 7, 0, 0, 0, 7, 0, 0, 0, 1, 4, 0, 0, 4, 457, 0, 0]"
297,"[8, 0, 2, 0, 8, 1, 1, 0, 7, 0, 0, 0, 3, 0, 0, 0, 7, 0, 0, 0, 7, 0, 0, 0, 8, 1, 1, 0, 8, 1, 2, 0, 4, 211, 0, 0, 7, 0, 0, 0, 4, 312, 0, 0, 7, 0, 0, 0]"
298,"[6, 10, 2, 0, 8, 1, 2, 0, 7, 0, 0, 0, 2, 1, 0, 0, 8, 1, 1, 0, 7, 0, 0, 0, 4, 507, 0, 0, 1, 4, 0, 0, 7, 0, 0, 0, 4, 58, 0, 0, 7, 0, 0, 0, 7, 0, 0, 0]"
299,"[1, 4, 0, 0, 7, 0, 0, 0, 6, 4, 4, 0, 3, 0, 0, 0, 0, 12, 0, 0, 7, 0, 0, 0, 3, 0, 0, 0, 7, 0, 0, 0, 2, 1, 0, 0, 8, 3, 1, 0, 8, 3, 2, 0, 3, 0, 0, 0]"
300,"[3, 0, 0, 0, 8, 1, 1, 0, 4, 90, 0, 0, 7, 0, 0, 0, 7, 0, 0, 0, 7, 0, 0, 0, 7, 0, 0, 0, 7, 0, 0, 0, 7, 0, 0, 0, 7, 0, 0, 0, 7, 0, 0, 0, 7, 0, 0, 0]"
301,"[7, 0, 0, 0, 7, 0, 0, 0, 8, 1, 1, 0, 1, 4, 0, 0, 7, 0, 0, 0, 5, 0, 0, 0, 4, 172, 0, 0, 7, 0, 0, 0, 1, 4, 0, 0, 4, 484, 0, 0, 7, 0, 0, 0, 7, 0, 0, 0]"
302,"[1, 4, 0, 0, 7, 0, 0, 0, 3, 0, 0, 0, 7, 0, 0, 0, 2, 0, 0, 0, 3, 0, 0, 0, 1, 4, 0, 0, 1, 4, 0, 0, 5, 0, 0, 0, 7, 0, 0, 0, 4, 422, 0, 0, 7, 0, 0, 0]"
303,"[2, 1, 0, 0, 0, 30, 1, 0, 6, 28, 1, 0, 1, 28, 0, 0, 2, 0, 0, 0, 3, 0, 0, 0, 1, 4, 0, 0, 2, 0, 0, 0, 2, 0, 0, 0, 7, 0, 0, 0, 7, 0, 0, 0, 5, 0, 0, 0]"
304,"[2, 1, 0, 0, 6, 4, 4, 0, 7, 0, 0, 0, 8, 2, 1, 0, 0, 12, 1, 0, 2, 1, 0, 0, 1, 4, 0, 0, 7, 0, 0, 0, 5, 0, 0, 0, 4, 104, 0, 0, 7, 0, 0, 0, 7, 0, 0, 0]"
305,"[7, 0, 0, 0, 8, 1, 1, 0, 8, 2, 1, 0, 5, 0, 0, 0, 4, 99, 0, 0, 7, 0, 0, 0, 1, 4, 0, 0, 7, 0, 0, 0, 7, 0, 0, 0, 1, 4, 0, 0, 1, 4, 0, 0, 4, 362, 0, 0]"
306,"[0, 25, 1, 0, 1, 25, 0, 0, 1, 4, 0, 0, 7, 0, 0, 0, 6, 8, 4, 0, 7, 0, 0, 0, 7, 0, 0, 0, 0, 17, 1, 0, 4, 368, 0, 0, 1, 4, 0, 0, 7, 0, 0, 0, 1, 4, 0, 0]"
307,"[1, 4, 0, 0, 4, 329, 0, 0, 7, 0, 0, 0, 7, 0, 0, 0, 7, 0, 0, 0, 4, 72, 0, 0, 7, 0, 0, 0, 1, 4, 0, 0, 4, 491, 0, 0, 7, 0, 0, 0, 7, 0, 0, 0, 7, 0, 0, 0]"
308,"[3, 0, 0, 0, 7, 0, 0, 0, 7, 0, 0, 0, 8, 1, 2, 0, 1, 4, 0, 0, 7, 0, 0, 0, 6, 28, 4, 0, 7, 0, 0, 0, 0, 5, 0, 0, 7, 0, 0, 0, 2, 1, 0, 0, 7, 0, 0, 0]"
309,"[4, 414, 0, 0, 7, 0, 0, 0, 1, 4, 0, 0, 7, 0, 0, 0, 7, 0, 0, 0, 7, 0, 0, 0, 4, 186, 0, 0, 7, 0, 0, 0, 1, 4, 0, 0, 7, 0, 0, 0, 7, 0, 0, 0, 7, 0, 0, 0]"
310,"[7, 0, 0, 0, 1, 4, 0, 0, 7, 0, 0, 0, 0, 30, 1, 0, 2, 1, 0, 0, 4, 292, 0, 0, 7, 0, 0, 0, 7, 0, 0, 0, 1, 4, 0, 0, 4, 107, 0, 0, 7, 0, 0, 0, 7, 0, 0, 0]"
311,"[0, 30, 1, 0, 7, 0, 0, 0, 6, 52, 4, 0, 4, 193, 0, 0, 7, 0, 0, 0, 4, 475, 0, 0, 7, 0, 0, 0, 1, 4, 0, 0, 7, 0, 0, 0, 4, 122, 0, 0, 7, 0, 0, 0, 4, 509, 0, 0]"
312,"[7, 0, 0, 0, 7, 0, 0, 0, 0, 5, 1, 0, 1, 5, 0, 0, 6, 45, 3, 0, 1, 45, 0, 0, 7, 0, 0, 0, 3, 0, 0, 0, 7, 0, 0, 0, 4, 376, 0, 0, 1, 4, 0, 0, 7, 0, 0, 0]"
313,"[4, 230, 0, 0, 7, 0, 0, 0, 7, 0, 0, 0, 7, 0, 0, 0, 7, 0, 0, 0, 1, 4, 0, 0, 7, 0, 0, 0, 7, 0, 0, 0, 7, 0, 0, 0, 7, 0, 0, 0, 4, 337, 0, 0, 7, 0, 0, 0]"
314,"[1, 4, 0, 0, 7, 0, 0, 0, 7, 0, 0, 0, 7, 0, 0, 0, 1, 4, 0, 0, 4, 65, 0, 0, 7, 0, 0, 0, 1, 4, 0, 0, 7, 0, 0, 0, 7, 0, 0, 0, 7, 0, 0, 0, 7, 0, 0, 0]"
315,"[2, 1, 0, 0, 7, 0, 0, 0, 1, 4, 0, 0, 6, 56, 4, 0, 1, 56, 0, 0, 4, 380, 0, 0, 4, 250, 0, 0, 7, 0, 0, 0, 7, 0, 0, 0, 7, 0, 0, 0, 7, 0, 0, 0, 1, 4, 0, 0]"
316,"[8, 0, 1, 0, 3, 0, 0, 0, 0, 31, 0, 0, 7, 0, 0, 0, 4, 303, 0, 0, 1, 4, 0, 0, 7, 0, 0, 0, 4, 43, 0, 0, 1, 4, 0, 0, 7, 0, 0, 0, 7, 0, 0, 0, 7, 0, 0, 0]"
317,"[1, 4, 0, 0, 7, 0, 0, 0, 3, 0, 0, 0, 0, 13, 1, 0, 8, 3, 2, 0, 1, 4, 0, 0, 2, 1, 0, 0, 0, 10, 0, 0, 8, 3, 2, 0, 0, 20, 0, 0, 7, 0, 0, 0, 4, 482, 0, 0]"
318,"[0, 12, 1, 0, 0, 15, 0, 0, 8, 1, 1, 0, 7, 0, 0, 0, 3, 0, 0, 0, 6, 28, 4, 0, 3, 0, 0, 0, 2, 0, 0, 0, 4, 439, 0, 0, 7, 0, 0, 0, 7, 0, 0, 0, 7, 0, 0, 0]"
319,"[0, 27, 0, 0, 3, 0, 0, 0, 8, 2, 2, 0, 7, 0, 0, 0, 8, 2, 2, 0, 7, 0, 0, 0, 1, 4, 0, 0, 0, 15, 0, 0, 6, 52, 1, 0, 7, 0, 0, 0, 7, 0, 0, 0, 4, 492, 0, 0]"
320,"[0, 14, 0, 0, 6, 9, 1, 0, 7, 0, 0, 0, 0, 26, 1, 0, 1, 26, 0, 0, 4, 469, 0, 0, 7, 0, 0, 0, 7, 0, 0, 0, 1, 4, 0, 0, 4, 18, 0, 0, 7, 0, 0, 0, 1, 4, 0, 0]"
321,"[8, 0, 1, 0, 7, 0, 0, 0, 6, 12, 4, 0, 3, 0, 0, 0, 8, 3, 2, 0, 7, 0, 0, 0, 3, 0, 0, 0, 1, 4, 0, 0, 7, 0, 0, 0, 3, 0, 0, 0, 2, 0, 0, 0, 8, 1, 1, 0]"
322,"[8, 0, 2, 0, 1, 4, 0, 0, 7, 0, 0, 0, 6, 48, 4, 0, 0, 7, 0, 0, 2, 1, 0, 0, 7, 0, 0, 0, 7, 0, 0, 0, 2, 1, 0, 0, 2, 0, 0, 0, 7, 0, 0, 0, 2, 0, 0, 0]"
323,"[8, 0, 2, 0, 1, 4, 0, 0, 2, 1, 0, 0, 4, 329, 0, 0, 7, 0, 0, 0, 7, 0, 0, 0, 7, 0, 0, 0, 7, 0, 0, 0, 7, 0, 0, 0, 1, 4, 0, 0, 1, 4, 0, 0, 7, 0, 0, 0]"
324,"[7, 0, 0, 0, 2, 0, 0, 0, 2, 1, 0, 0, 6, 48, 3, 0, 7, 0, 0, 0, 1, 4, 0, 0, 3, 0, 0, 0, 0, 25, 1, 0, 0, 15, 0, 0, 2, 1, 0, 0, 0, 11, 0, 0, 0, 9, 0, 0]"
325,"[4, 272, 0, 0, 7, 0, 0, 0, 7, 0, 0, 0, 7, 0, 0, 0, 1, 4, 0, 0, 7, 0, 0, 0, 7, 0, 0, 0, 7, 0, 0, 0, 7, 0, 0, 0, 7, 0, 0, 0, 7, 0, 0, 0, 4, 436, 0, 0]"
326,"[6, 24, 2, 0, 7, 0, 0, 0, 7, 0, 0, 0, 7, 0, 0, 0, 1, 4, 0, 0, 3, 0, 0, 0, 7, 0, 0, 0, 8, 1, 1, 0, 4, 230, 0, 0, 7, 0, 0, 0, 7, 0, 0, 0, 7, 0, 0, 0]"
327,"[6, 50, 2, 0, 7, 0, 0, 0, 7, 0, 0, 0, 0, 23, 0, 0, 7, 0, 0, 0, 4, 203, 0, 0, 1, 4, 0, 0, 1, 4, 0, 0, 1, 4, 0, 0, 7, 0, 0, 0, 7, 0, 0, 0, 7, 0, 0, 0]"
328,"[7, 0, 0, 0, 1, 4, 0, 0, 0, 29, 0, 0, 3, 0, 0, 0, 4, 476, 0, 0, 4, 182, 0, 0, 1, 4, 0, 0, 4, 11, 0, 0, 7, 0, 0, 0, 7, 0, 0, 0, 7, 0, 0, 0, 7, 0, 0, 0]"
329,"[2, 0, 0, 0, 2, 0, 0, 0, 1, 4, 0, 0, 3, 0, 0, 0, 4, 19, 0, 0, 7, 0, 0, 0, 7, 0, 0, 0, 4, 393, 0, 0, 7, 0, 0, 0, 1, 4, 0, 0, 7, 0, 0, 0, 7, 0, 0, 0]"
330,"[7, 0, 0, 0, 1, 4, 0, 0, 3, 0, 0, 0, 5, 0, 0, 0, 4, 20, 0, 0, 7, 0, 0, 0, 7, 0, 0, 0, 7, 0, 0, 0, 7, 0, 0, 0, 7, 0, 0, 0, 1, 4, 0, 0, 7, 0, 0, 0]"
331,"[8, 0, 1, 0, 7, 0, 0, 0, 0, 28, 1, 0, 7, 0, 0, 0, 7, 0, 0, 0, 7, 0, 0, 0, 5, 0, 0, 0, 4, 117, 0, 0, 7, 0, 0, 0, 7, 0, 0, 0, 1, 4, 0, 0, 7, 0, 0, 0]"
332,"[8, 0, 2, 0, 4, 100, 0, 0, 7, 0, 0, 0, 7, 0, 0, 0, 7, 0, 0, 0, 7, 0, 0, 0, 7, 0, 0, 0, 7, 0, 0, 0, 1, 4, 0, 0, 7, 0, 0, 0, 7, 0, 0, 0, 7, 0, 0, 0]"
333,"[8, 0, 2, 0, 6, 24, 3, 0, 1, 24, 0, 0, 7, 0, 0, 0, 8, 1, 1, 0, 7, 0, 0, 0, 1, 4, 0, 0, 7, 0, 0, 0, 2, 0, 0, 0, 7, 0, 0, 0, 0, 30, 1, 0, 4, 386, 0, 0]"
334,"[2, 1, 0, 0, 4, 234, 0, 0, 7, 0, 0, 0, 7, 0, 0, 0, 7, 0, 0, 0, 7, 0, 0, 0, 7, 0, 0, 0, 7, 0, 0, 0, 4, 345, 0, 0, 7, 0, 0, 0, 7, 0, 0, 0, 7, 0, 0, 0]"
335,"[0, 14, 0, 0, 1, 14, 0, 0, 8, 1, 1, 0, 7, 0, 0, 0, 0, 31, 0, 0, 5, 0, 0, 0, 7, 0, 0, 0, 7, 0, 0, 0, 3, 0, 0, 0, 7, 0, 0, 0, 3, 0, 0, 0, 7, 0, 0, 0]"
336,"[4, 429, 0, 0, 7, 0, 0, 0, 7, 0, 0, 0, 4, 310, 0, 0, 4, 230, 0, 0, 7, 0, 0, 0, 4, 473, 0, 0, 7, 0, 0, 0, 4, 415, 0, 0, 7, 0, 0, 0, 7, 0, 0, 0, 4, 99, 0, 0]"
337,"[2, 0, 0, 0, 1, 4, 0, 0, 7, 0, 0, 0, 7, 0, 0, 0, 2, 0, 0, 0, 8, 1, 2, 0, 7, 0, 0, 0, 0, 7, 0, 0, 6, 48, 4, 0, 4, 423, 0, 0, 7, 0, 0, 0, 7, 0, 0, 0]"
338,"[4, 59, 0, 0, 7, 0, 0, 0, 1, 4, 0, 0, 1, 4, 0, 0, 7, 0, 0, 0, 7, 0, 0, 0, 4, 248, 0, 0, 4, 503, 0, 0, 4, 272, 0, 0, 7, 0, 0, 0, 7, 0, 0, 0, 7, 0, 0, 0]"
339,"[7, 0, 0, 0, 0, 8, 0, 0, 4, 77, 0, 0, 7, 0, 0, 0, 7, 0, 0, 0, 4, 311, 0, 0, 7, 0, 0, 0, 4, 280, 0, 0, 7, 0, 0, 0, 7, 0, 0, 0, 7, 0, 0, 0, 7, 0, 0, 0]"
340,"[1, 4, 0, 0, 7, 0, 0, 0, 3, 0, 0, 0, 3, 0, 0, 0, 7, 0, 0, 0, 3, 0, 0, 0, 2, 0, 0, 0, 1, 4, 0, 0, 7, 0, 0, 0, 1, 4, 0, 0, 7, 0, 0, 0, 8, 1, 2, 0]"
341,"[3, 0, 0, 0, 8, 1, 1, 0, 8, 1, 2, 0, 2, 0, 0, 0, 7, 0, 0, 0, 3, 0, 0, 0, 1, 4, 0, 0, 0, 23, 1, 0, 7, 0, 0, 0, 7, 0, 0, 0, 8, 1, 2, 0, 3, 0, 0, 0]"
342,"[2, 0, 0, 0, 7, 0, 0, 0, 7, 0, 0, 0, 2, 1, 0, 0, 2, 1, 0, 0, 6, 44, 4, 0, 7, 0, 0, 0, 3, 0, 0, 0, 7, 0, 0, 0, 7, 0, 0, 0, 3, 0, 0, 0, 3, 0, 0, 0]"
343,"[6, 8, 4, 0, 8, 1, 2, 0, 4, 406, 0, 0, 7, 0, 0, 0, 7, 0, 0, 0, 7, 0, 0, 0, 1, 4, 0, 0, 7, 0, 0, 0, 7, 0, 0, 0, 1, 4, 0, 0, 7, 0, 0, 0, 7, 0, 0, 0]"
344,"[4, 316, 0, 0, 7, 0, 0, 0, 4, 457, 0, 0, 7, 0, 0, 0, 7, 0, 0, 0, 7, 0, 0, 0, 1, 4, 0, 0, 7, 0, 0, 0, 4, 215, 0, 0, 7, 0, 0, 0, 7, 0, 0, 0, 7, 0, 0, 0]"
345,"[4, 462, 0, 0, 7, 0, 0, 0, 7, 0, 0, 0, 4, 298, 0, 0, 7, 0, 0, 0, 7, 0, 0, 0, 7, 0, 0, 0, 7, 0, 0, 0, 7, 0, 0, 0, 4, 114, 0, 0, 7, 0, 0, 0, 7, 0, 0, 0]"
346,"[0, 26, 0, 0, 7, 0, 0, 0, 0, 12, 1, 0, 6, 36, 4, 0, 3, 0, 0, 0, 5, 0, 0, 0, 4, 111, 0, 0, 7, 0, 0, 0, 7, 0, 0, 0, 7, 0, 0, 0, 7, 0, 0, 0, 7, 0, 0, 0]"
347,"[3, 0, 0, 0, 2, 0, 0, 0, 2, 0, 0, 0, 3, 0, 0, 0, 3, 0, 0, 0, 1, 4, 0, 0, 4, 178, 0, 0, 1, 4, 0, 0, 7, 0, 0, 0, 7, 0, 0, 0, 7, 0, 0, 0, 7, 0, 0, 0]"
348,"[3, 0, 0, 0, 0, 26, 0, 0, 2, 1, 0, 0, 3, 0, 0, 0, 8, 3, 2, 0, 7, 0, 0, 0, 8, 2, 1, 0, 7, 0, 0, 0, 7, 0, 0, 0, 8, 3, 1, 0, 3, 0, 0, 0, 2, 1, 0, 0]"
349,"[6, 52, 4, 0, 2, 1, 0, 0, 7, 0, 0, 0, 7, 0, 0, 0, 4, 12, 0, 0, 1, 4, 0, 0, 1, 4, 0, 0, 7, 0, 0, 0, 7, 0, 0, 0, 7, 0, 0, 0, 7, 0, 0, 0, 7, 0, 0, 0]"
350,"[6, 57, 3, 0, 7, 0, 0, 0, 2, 0, 0, 0, 7, 0, 0, 0, 4, 422, 0, 0, 7, 0, 0, 0, 7, 0, 0, 0, 7, 0, 0, 0, 1, 4, 0, 0, 7, 0, 0, 0, 7, 0, 0, 0, 7, 0, 0, 0]"
351,"[1, 4, 0, 0, 3, 0, 0, 0, 0, 10, 0, 0, 6, 8, 4, 0, 4, 493, 0, 0, 7, 0, 0, 0, 1, 4, 0, 0, 4, 151, 0, 0, 7, 0, 0, 0, 7, 0, 0, 0, 7, 0, 0, 0, 7, 0, 0, 0]"
352,"[8, 0, 2, 0, 4, 492, 0, 0, 7, 0, 0, 0, 7, 0, 0, 0, 1, 4, 0, 0, 1, 4, 0, 0, 7, 0, 0, 0, 7, 0, 0, 0, 4, 477, 0, 0, 7, 0, 0, 0, 1, 4, 0, 0, 7, 0, 0, 0]"
353,"[4, 323, 0, 0, 7, 0, 0, 0, 7, 0, 0, 0, 7, 0, 0, 0, 4, 53, 0, 0, 7, 0, 0, 0, 7, 0, 0, 0, 7, 0, 0, 0, 7, 0, 0, 0, 7, 0, 0, 0, 7, 0, 0, 0, 7, 0, 0, 0]"
354,"[7, 0, 0, 0, 3, 0, 0, 0, 7, 0, 0, 0, 8, 3, 1, 0, 1, 4, 0, 0, 4, 299, 0, 0, 7, 0, 0, 0, 1, 4, 0, 0, 7, 0, 0, 0, 7, 0, 0, 0, 1, 4, 0, 0, 7, 0, 0, 0]"
355,"[3, 0, 0, 0, 7, 0, 0, 0, 3, 0, 0, 0, 3, 0, 0, 0, 6, 27, 3, 0, 3, 0, 0, 0, 7, 0, 0, 0, 0, 18, 1, 0, 4, 68, 0, 0, 7, 0, 0, 0, 7, 0, 0, 0, 7, 0, 0, 0]"
356,"[8, 0, 2, 0, 8, 1, 2, 0, 8, 2, 2, 0, 6, 42, 2, 0, 2, 0, 0, 0, 3, 0, 0, 0, 4, 400, 0, 0, 7, 0, 0, 0, 7, 0, 0, 0, 7, 0, 0, 0, 7, 0, 0, 0, 7, 0, 0, 0]"
357,"[6, 58, 1, 0, 7, 0, 0, 0, 2, 0, 0, 0, 1, 4, 0, 0, 7, 0, 0, 0, 8, 1, 1, 0, 1, 4, 0, 0, 2, 0, 0, 0, 1, 4, 0, 0, 2, 0, 0, 0, 7, 0, 0, 0, 3, 0, 0, 0]"
358,"[4, 312, 0, 0, 7, 0, 0, 0, 4, 300, 0, 0, 7, 0, 0, 0, 7, 0, 0, 0, 1, 4, 0, 0, 7, 0, 0, 0, 4, 240, 0, 0, 7, 0, 0, 0, 7, 0, 0, 0, 7, 0, 0, 0, 7, 0, 0, 0]"
359,"[1, 4, 0, 0, 3, 0, 0, 0, 7, 0, 0, 0, 0, 27, 1, 0, 2, 1, 0, 0, 3, 0, 0, 0, 7, 0, 0, 0, 7, 0, 0, 0, 5, 0, 0, 0, 7, 0, 0, 0, 8, 2, 1, 0, 7, 0, 0, 0]"
360,"[2, 0, 0, 0, 1, 4, 0, 0, 1, 4, 0, 0, 7, 0, 0, 0, 3, 0, 0, 0, 1, 4, 0, 0, 1, 4, 0, 0, 1, 4, 0, 0, 3, 0, 0, 0, 7, 0, 0, 0, 8, 1, 1, 0, 0, 23, 0, 0]"
361,"[2, 1, 0, 0, 7, 0, 0, 0, 6, 6, 3, 0, 3, 0, 0, 0, 0, 7, 0, 0, 4, 506, 0, 0, 7, 0, 0, 0, 7, 0, 0, 0, 7, 0, 0, 0, 7, 0, 0, 0, 7, 0, 0, 0, 7, 0, 0, 0]"
362,"[7, 0, 0, 0, 7, 0, 0, 0, 2, 0, 0, 0, 1, 4, 0, 0, 4, 462, 0, 0, 7, 0, 0, 0, 1, 4, 0, 0, 7, 0, 0, 0, 1, 4, 0, 0, 7, 0, 0, 0, 7, 0, 0, 0, 7, 0, 0, 0]"
363,"[2, 0, 0, 0, 8, 1, 2, 0, 6, 13, 1, 0, 5, 0, 0, 0, 7, 0, 0, 0, 7, 0, 0, 0, 7, 0, 0, 0, 4, 458, 0, 0, 7, 0, 0, 0, 7, 0, 0, 0, 4, 495, 0, 0, 7, 0, 0, 0]"
364,"[7, 0, 0, 0, 3, 0, 0, 0, 7, 0, 0, 0, 3, 0, 0, 0, 8, 1, 2, 0, 8, 3, 2, 0, 4, 411, 0, 0, 7, 0, 0, 0, 7, 0, 0, 0, 4, 455, 0, 0, 7, 0, 0, 0, 7, 0, 0, 0]"
365,"[1, 4, 0, 0, 3, 0, 0, 0, 8, 1, 2, 0, 2, 1, 0, 0, 7, 0, 0, 0, 6, 32, 4, 0, 7, 0, 0, 0, 7, 0, 0, 0, 7, 0, 0, 0, 7, 0, 0, 0, 3, 0, 0, 0, 1, 4, 0, 0]"
366,"[2, 1, 0, 0, 8, 1, 2, 0, 1, 4, 0, 0, 7, 0, 0, 0, 4, 389, 0, 0, 1, 4, 0, 0, 7, 0, 0, 0, 7, 0, 0, 0, 7, 0, 0, 0, 7, 0, 0, 0, 7, 0, 0, 0, 7, 0, 0, 0]"
367,"[1, 4, 0, 0, 0, 8, 0, 0, 7, 0, 0, 0, 3, 0, 0, 0, 2, 0, 0, 0, 6, 52, 4, 0, 1, 52, 0, 0, 7, 0, 0, 0, 8, 2, 1, 0, 1, 4, 0, 0, 0, 12, 1, 0, 4, 489, 0, 0]"
368,"[5, 0, 0, 0, 7, 0, 0, 0, 7, 0, 0, 0, 7, 0, 0, 0, 7, 0, 0, 0, 7, 0, 0, 0, 7, 0, 0, 0, 7, 0, 0, 0, 7, 0, 0, 0, 7, 0, 0, 0, 8, 3, 1, 0, 7, 0, 0, 0]"
369,"[8, 0, 1, 0, 2, 0, 0, 0, 7, 0, 0, 0, 6, 14, 2, 0, 7, 0, 0, 0, 3, 0, 0, 0, 7, 0, 0, 0, 8, 2, 1, 0, 7, 0, 0, 0, 7, 0, 0, 0, 7, 0, 0, 0, 2, 1, 0, 0]"
370,"[8, 0, 1, 0, 1, 4, 0, 0, 2, 0, 0, 0, 4, 368, 0, 0, 7, 0, 0, 0, 7, 0, 0, 0, 7, 0, 0, 0, 7, 0, 0, 0, 7, 0, 0, 0, 1, 4, 0, 0, 7, 0, 0, 0, 7, 0, 0, 0]"
371,"[4, 50, 0, 0, 7, 0, 0, 0, 7, 0, 0, 0, 7, 0, 0, 0, 4, 195, 0, 0, 4, 11, 0, 0, 7, 0, 0, 0, 7, 0, 0, 0, 7, 0, 0, 0, 7, 0, 0, 0, 1, 4, 0, 0, 7, 0, 0, 0]"
372,"[8, 0, 1, 0, 0, 28, 1, 0, 6, 22, 2, 0, 7, 0, 0, 0, 2, 1, 0, 0, 7, 0, 0, 0, 7, 0, 0, 0, 3, 0, 0, 0, 7, 0, 0, 0, 7, 0, 0, 0, 3, 0, 0, 0, 3, 0, 0, 0]"
373,"[1, 4, 0, 0, 2, 1, 0, 0, 0, 4, 1, 0, 8, 3, 2, 0, 6, 28, 4, 0, 8, 1, 2, 0, 0, 8, 1, 0, 1, 8, 0, 0, 7, 0, 0, 0, 8, 1, 1, 0, 7, 0, 0, 0, 2, 0, 0, 0]"
374,"[4, 245, 0, 0, 7, 0, 0, 0, 7, 0, 0, 0, 7, 0, 0, 0, 7, 0, 0, 0, 1, 4, 0, 0, 1, 4, 0, 0, 7, 0, 0, 0, 7, 0, 0, 0, 4, 222, 0, 0, 7, 0, 0, 0, 1, 4, 0, 0]"
375,"[7, 0, 0, 0, 0, 4, 1, 0, 7, 0, 0, 0, 5, 0, 0, 0, 4, 33, 0, 0, 1, 4, 0, 0, 1, 4, 0, 0, 7, 0, 0, 0, 4, 98, 0, 0, 4, 464, 0, 0, 7, 0, 0, 0, 7, 0, 0, 0]"
376,"[0, 14, 0, 0, 7, 0, 0, 0, 3, 0, 0, 0, 8, 3, 1, 0, 7, 0, 0, 0, 8, 3, 1, 0, 2, 1, 0, 0, 0, 28, 1, 0, 3, 0, 0, 0, 3, 0, 0, 0, 7, 0, 0, 0, 1, 4, 0, 0]"
377,"[8, 0, 1, 0, 6, 20, 4, 0, 2, 1, 0, 0, 7, 0, 0, 0, 4, 35, 0, 0, 4, 52, 0, 0, 1, 4, 0, 0, 7, 0, 0, 0, 7, 0, 0, 0, 7, 0, 0, 0, 7, 0, 0, 0, 1, 4, 0, 0]"
378,"[3, 0, 0, 0, 6, 28, 2, 0, 7, 0, 0, 0, 2, 1, 0, 0, 7, 0, 0, 0, 0, 7, 1, 0, 3, 0, 0, 0, 0, 29, 0, 0, 4, 374, 0, 0, 7, 0, 0, 0, 7, 0, 0, 0, 7, 0, 0, 0]"
379,"[7, 0, 0, 0, 7, 0, 0, 0, 0, 15, 0, 0, 3, 0, 0, 0, 2, 1, 0, 0, 1, 4, 0, 0, 7, 0, 0, 0, 6, 26, 2, 0, 4, 425, 0, 0, 1, 4, 0, 0, 7, 0, 0, 0, 7, 0, 0, 0]"
380,"[1, 4, 0, 0, 2, 0, 0, 0, 4, 8, 0, 0, 7, 0, 0, 0, 7, 0, 0, 0, 7, 0, 0, 0, 1, 4, 0, 0, 7, 0, 0, 0, 7, 0, 0, 0, 7, 0, 0, 0, 4, 320, 0, 0, 7, 0, 0, 0]"
381,"[3, 0, 0, 0, 8, 1, 1, 0, 0, 31, 0, 0, 0, 17, 0, 0, 3, 0, 0, 0, 0, 29, 1, 0, 1, 29, 0, 0, 3, 0, 0, 0, 6, 12, 4, 0, 3, 0, 0, 0, 1, 4, 0, 0, 7, 0, 0, 0]"
382,"[6, 28, 4, 0, 4, 274, 0, 0, 7, 0, 0, 0, 7, 0, 0, 0, 7, 0, 0, 0, 7, 0, 0, 0, 7, 0, 0, 0, 1, 4, 0, 0, 7, 0, 0, 0, 7, 0, 0, 0, 1, 4, 0, 0, 7, 0, 0, 0]"
383,"[3, 0, 0, 0, 6, 4, 3, 0, 2, 0, 0, 0, 2, 1, 0, 0, 4, 360, 0, 0, 7, 0, 0, 0, 7, 0, 0, 0, 7, 0, 0, 0, 7, 0, 0, 0, 7, 0, 0, 0, 4, 423, 0, 0, 7, 0, 0, 0]"
384,"[7, 0, 0, 0, 8, 1, 1, 0, 2, 1, 0, 0, 8, 2, 2, 0, 8, 2, 2, 0, 3, 0, 0, 0, 7, 0, 0, 0, 2, 0, 0, 0, 0, 26, 1, 0, 3, 0, 0, 0, 7, 0, 0, 0, 2, 0, 0, 0]"
385,"[6, 28, 4, 0, 7, 0, 0, 0, 3, 0, 0, 0, 8, 1, 1, 0, 4, 477, 0, 0, 7, 0, 0, 0, 7, 0, 0, 0, 4, 205, 0, 0, 7, 0, 0, 0, 7, 0, 0, 0, 7, 0, 0, 0, 7, 0, 0, 0]"
386,"[7, 0, 0, 0, 3, 0, 0, 0, 8, 1, 1, 0, 6, 56, 4, 0, 4, 94, 0, 0, 7, 0, 0, 0, 7, 0, 0, 0, 7, 0, 0, 0, 7, 0, 0, 0, 4, 285, 0, 0, 7, 0, 0, 0, 7, 0, 0, 0]"
387,"[7, 0, 0, 0, 3, 0, 0, 0, 7, 0, 0, 0, 7, 0, 0, 0, 4, 292, 0, 0, 7, 0, 0, 0, 7, 0, 0, 0, 7, 0, 0, 0, 7, 0, 0, 0, 7, 0, 0, 0, 7, 0, 0, 0, 7, 0, 0, 0]"
388,"[3, 0, 0, 0, 7, 0, 0, 0, 8, 2, 2, 0, 2, 0, 0, 0, 3, 0, 0, 0, 8, 3, 1, 0, 8, 2, 1, 0, 6, 58, 1, 0, 0, 21, 1, 0, 3, 0, 0, 0, 3, 0, 0, 0, 8, 1, 1, 0]"
389,"[8, 0, 1, 0, 7, 0, 0, 0, 0, 23, 1, 0, 2, 0, 0, 0, 8, 2, 2, 0, 3, 0, 0, 0, 4, 497, 0, 0, 7, 0, 0, 0, 7, 0, 0, 0, 1, 4, 0, 0, 7, 0, 0, 0, 1, 4, 0, 0]"
390,"[2, 0, 0, 0, 7, 0, 0, 0, 8, 2, 1, 0, 6, 52, 4, 0, 0, 18, 0, 0, 7, 0, 0, 0, 0, 20, 0, 0, 4, 419, 0, 0, 7, 0, 0, 0, 7, 0, 0, 0, 7, 0, 0, 0, 1, 4, 0, 0]"
391,"[2, 0, 0, 0, 5, 0, 0, 0, 7, 0, 0, 0, 3, 0, 0, 0, 7, 0, 0, 0, 7, 0, 0, 0, 7, 0, 0, 0, 7, 0, 0, 0, 7, 0, 0, 0, 3, 0, 0, 0, 4, 226, 0, 0, 7, 0, 0, 0]"
392,"[8, 0, 2, 0, 8, 1, 2, 0, 5, 0, 0, 0, 4, 267, 0, 0, 7, 0, 0, 0, 4, 52, 0, 0, 1, 4, 0, 0, 7, 0, 0, 0, 4, 62, 0, 0, 1, 4, 0, 0, 7, 0, 0, 0, 7, 0, 0, 0]"
393,"[4, 83, 0, 0, 4, 443, 0, 0, 7, 0, 0, 0, 7, 0, 0, 0, 7, 0, 0, 0, 7, 0, 0, 0, 4, 53, 0, 0, 4, 344, 0, 0, 7, 0, 0, 0, 7, 0, 0, 0, 7, 0, 0, 0, 7, 0, 0, 0]"
394,"[1, 4, 0, 0, 4, 305, 0, 0, 7, 0, 0, 0, 7, 0, 0, 0, 7, 0, 0, 0, 7, 0, 0, 0, 7, 0, 0, 0, 7, 0, 0, 0, 7, 0, 0, 0, 7, 0, 0, 0, 4, 142, 0, 0, 4, 63, 0, 0]"
395,"[7, 0, 0, 0, 4, 433, 0, 0, 1, 4, 0, 0, 7, 0, 0, 0, 7, 0, 0, 0, 7, 0, 0, 0, 7, 0, 0, 0, 7, 0, 0, 0, 7, 0, 0, 0, 7, 0, 0, 0, 1, 4, 0, 0, 7, 0, 0, 0]"
396,"[4, 473, 0, 0, 1, 4, 0, 0, 7, 0, 0, 0, 1, 4, 0, 0, 7, 0, 0, 0, 7, 0, 0, 0, 7, 0, 0, 0, 4, 132, 0, 0, 7, 0, 0, 0, 7, 0, 0, 0, 7, 0, 0, 0, 1, 4, 0, 0]"
397,"[1, 4, 0, 0, 8, 1, 1, 0, 8, 2, 2, 0, 6, 48, 4, 0, 2, 1, 0, 0, 0, 7, 0, 0, 3, 0, 0, 0, 7, 0, 0, 0, 2, 0, 0, 0, 8, 3, 2, 0, 1, 4, 0, 0, 0, 13, 0, 0]"
398,"[7, 0, 0, 0, 8, 1, 2, 0, 4, 226, 0, 0, 1, 4, 0, 0, 4, 342, 0, 0, 7, 0, 0, 0, 7, 0, 0, 0, 7, 0, 0, 0, 4, 166, 0, 0, 7, 0, 0, 0, 7, 0, 0, 0, 1, 4, 0, 0]"
399,"[1, 4, 0, 0, 0, 22, 0, 0, 7, 0, 0, 0, 2, 1, 0, 0, 3, 0, 0, 0, 2, 1, 0, 0, 0, 6, 1, 0, 0, 9, 1, 0, 6, 20, 2, 0, 7, 0, 0, 0, 2, 0, 0, 0, 7, 0, 0, 0]"
400,"[8, 0, 2, 0, 1, 4, 0, 0, 8, 2, 1, 0, 3, 0, 0, 0, 3, 0, 0, 0, 3, 0, 0, 0, 3, 0, 0, 0, 7, 0, 0, 0, 8, 1, 2, 0, 1, 4, 0, 0, 1, 4, 0, 0, 6, 16, 4, 0]"
401,"[2, 0, 0, 0, 4, 265, 0, 0, 7, 0, 0, 0, 7, 0, 0, 0, 1, 4, 0, 0, 7, 0, 0, 0, 7, 0, 0, 0, 7, 0, 0, 0, 1, 4, 0, 0, 7, 0, 0, 0, 7, 0, 0, 0, 1, 4, 0, 0]"
402,"[0, 24, 1, 0, 4, 472, 0, 0, 7, 0, 0, 0, 7, 0, 0, 0, 7, 0, 0, 0, 7, 0, 0, 0, 7, 0, 0, 0, 1, 4, 0, 0, 7, 0, 0, 0, 7, 0, 0, 0, 7, 0, 0, 0, 7, 0, 0, 0]"
403,"[0, 23, 1, 0, 8, 1, 2, 0, 3, 0, 0, 0, 6, 44, 2, 0, 1, 44, 0, 0, 3, 0, 0, 0, 7, 0, 0, 0, 3, 0, 0, 0, 4, 426, 0, 0, 7, 0, 0, 0, 7, 0, 0, 0, 7, 0, 0, 0]"
404,"[0, 13, 0, 0, 1, 13, 0, 0, 4, 186, 0, 0, 7, 0, 0, 0, 7, 0, 0, 0, 7, 0, 0, 0, 7, 0, 0, 0, 7, 0, 0, 0, 7, 0, 0, 0, 7, 0, 0, 0, 1, 4, 0, 0, 4, 295, 0, 0]"
405,"[8, 0, 2, 0, 7, 0, 0, 0, 2, 1, 0, 0, 3, 0, 0, 0, 4, 17, 0, 0, 1, 4, 0, 0, 7, 0, 0, 0, 7, 0, 0, 0, 4, 224, 0, 0, 7, 0, 0, 0, 7, 0, 0, 0, 7, 0, 0, 0]"
406,"[1, 4, 0, 0, 7, 0, 0, 0, 1, 4, 0, 0, 3, 0, 0, 0, 7, 0, 0, 0, 1, 4, 0, 0, 7, 0, 0, 0, 0, 14, 0, 0, 6, 44, 2, 0, 7, 0, 0, 0, 2, 0, 0, 0, 2, 0, 0, 0]"
407,"[8, 0, 2, 0, 4, 500, 0, 0, 1, 4, 0, 0, 7, 0, 0, 0, 7, 0, 0, 0, 1, 4, 0, 0, 7, 0, 0, 0, 7, 0, 0, 0, 7, 0, 0, 0, 7, 0, 0, 0, 7, 0, 0, 0, 7, 0, 0, 0]"
408,"[4, 219, 0, 0, 7, 0, 0, 0, 7, 0, 0, 0, 7, 0, 0, 0, 7, 0, 0, 0, 1, 4, 0, 0, 1, 4, 0, 0, 7, 0, 0, 0, 7, 0, 0, 0, 7, 0, 0, 0, 1, 4, 0, 0, 7, 0, 0, 0]"
409,"[6, 54, 3, 0, 1, 54, 0, 0, 3, 0, 0, 0, 1, 4, 0, 0, 3, 0, 0, 0, 8, 2, 1, 0, 1, 4, 0, 0, 5, 0, 0, 0, 7, 0, 0, 0, 7, 0, 0, 0, 3, 0, 0, 0, 8, 2, 2, 0]"
410,"[1, 4, 0, 0, 6, 44, 4, 0, 7, 0, 0, 0, 8, 1, 2, 0, 5, 0, 0, 0, 4, 422, 0, 0, 4, 424, 0, 0, 7, 0, 0, 0, 7, 0, 0, 0, 7, 0, 0, 0, 7, 0, 0, 0, 7, 0, 0, 0]"
411,"[7, 0, 0, 0, 0, 15, 1, 0, 7, 0, 0, 0, 7, 0, 0, 0, 8, 1, 2, 0, 7, 0, 0, 0, 7, 0, 0, 0, 3, 0, 0, 0, 8, 1, 2, 0, 4, 281, 0, 0, 7, 0, 0, 0, 7, 0, 0, 0]"
412,"[7, 0, 0, 0, 3, 0, 0, 0, 3, 0, 0, 0, 0, 19, 1, 0, 8, 1, 1, 0, 7, 0, 0, 0, 7, 0, 0, 0, 3, 0, 0, 0, 0, 24, 1, 0, 1, 24, 0, 0, 3, 0, 0, 0, 2, 0, 0, 0]"
413,"[7, 0, 0, 0, 1, 4, 0, 0, 8, 1, 2, 0, 2, 0, 0, 0, 7, 0, 0, 0, 4, 159, 0, 0, 7, 0, 0, 0, 7, 0, 0, 0, 7, 0, 0, 0, 7, 0, 0, 0, 7, 0, 0, 0, 7, 0, 0, 0]"
414,"[3, 0, 0, 0, 0, 29, 0, 0, 3, 0, 0, 0, 5, 0, 0, 0, 7, 0, 0, 0, 7, 0, 0, 0, 7, 0, 0, 0, 8, 3, 1, 0, 1, 4, 0, 0, 7, 0, 0, 0, 7, 0, 0, 0, 3, 0, 0, 0]"
415,"[7, 0, 0, 0, 2, 1, 0, 0, 1, 4, 0, 0, 4, 298, 0, 0, 7, 0, 0, 0, 7, 0, 0, 0, 7, 0, 0, 0, 1, 4, 0, 0, 1, 4, 0, 0, 7, 0, 0, 0, 4, 234, 0, 0, 7, 0, 0, 0]"
416,"[1, 4, 0, 0, 7, 0, 0, 0, 0, 24, 0, 0, 2, 1, 0, 0, 2, 1, 0, 0, 4, 111, 0, 0, 1, 4, 0, 0, 7, 0, 0, 0, 7, 0, 0, 0, 7, 0, 0, 0, 7, 0, 0, 0, 7, 0, 0, 0]"
417,"[2, 1, 0, 0, 1, 4, 0, 0, 0, 27, 0, 0, 4, 81, 0, 0, 1, 4, 0, 0, 7, 0, 0, 0, 7, 0, 0, 0, 7, 0, 0, 0, 7, 0, 0, 0, 7, 0, 0, 0, 7, 0, 0, 0, 7, 0, 0, 0]"
418,"[7, 0, 0, 0, 6, 28, 4, 0, 1, 28, 0, 0, 7, 0, 0, 0, 3, 0, 0, 0, 0, 27, 0, 0, 1, 27, 0, 0, 7, 0, 0, 0, 2, 1, 0, 0, 7, 0, 0, 0, 8, 2, 2, 0, 1, 4, 0, 0]"
419,"[4, 33, 0, 0, 7, 0, 0, 0, 7, 0, 0, 0, 7, 0, 0, 0, 7, 0, 0, 0, 7, 0, 0, 0, 7, 0, 0, 0, 7, 0, 0, 0, 4, 333, 0, 0, 7, 0, 0, 0, 4, 79, 0, 0, 7, 0, 0, 0]"
420,"[2, 1, 0, 0, 6, 18, 3, 0, 3, 0, 0, 0, 7, 0, 0, 0, 4, 251, 0, 0, 7, 0, 0, 0, 7, 0, 0, 0, 4, 486, 0, 0, 1, 4, 0, 0, 7, 0, 0, 0, 7, 0, 0, 0, 1, 4, 0, 0]"
421,"[7, 0, 0, 0, 0, 31, 0, 0, 1, 31, 0, 0, 3, 0, 0, 0, 7, 0, 0, 0, 0, 20, 0, 0, 4, 359, 0, 0, 7, 0, 0, 0, 7, 0, 0, 0, 7, 0, 0, 0, 7, 0, 0, 0, 7, 0, 0, 0]"
422,"[3, 0, 0, 0, 0, 8, 0, 0, 6, 50, 2, 0, 2, 0, 0, 0, 4, 366, 0, 0, 7, 0, 0, 0, 7, 0, 0, 0, 4, 347, 0, 0, 1, 4, 0, 0, 7, 0, 0, 0, 7, 0, 0, 0, 7, 0, 0, 0]"
423,"[6, 32, 4, 0, 7, 0, 0, 0, 3, 0, 0, 0, 7, 0, 0, 0, 1, 4, 0, 0, 0, 18, 0, 0, 1, 18, 0, 0, 4, 502, 0, 0, 7, 0, 0, 0, 7, 0, 0, 0, 7, 0, 0, 0, 1, 4, 0, 0]"
424,"[7, 0, 0, 0, 2, 0, 0, 0, 8, 2, 1, 0, 7, 0, 0, 0, 7, 0, 0, 0, 0, 11, 1, 0, 4, 109, 0, 0, 7, 0, 0, 0, 7, 0, 0, 0, 7, 0, 0, 0, 7, 0, 0, 0, 7, 0, 0, 0]"
425,"[3, 0, 0, 0, 2, 0, 0, 0, 8, 1, 1, 0, 3, 0, 0, 0, 1, 4, 0, 0, 3, 0, 0, 0, 4, 352, 0, 0, 7, 0, 0, 0, 7, 0, 0, 0, 7, 0, 0, 0, 4, 107, 0, 0, 7, 0, 0, 0]"
426,"[2, 0, 0, 0, 1, 4, 0, 0, 7, 0, 0, 0, 3, 0, 0, 0, 1, 4, 0, 0, 3, 0, 0, 0, 8, 3, 1, 0, 7, 0, 0, 0, 0, 18, 1, 0, 7, 0, 0, 0, 0, 21, 1, 0, 1, 21, 0, 0]"
427,"[6, 44, 4, 0, 2, 1, 0, 0, 8, 2, 2, 0, 7, 0, 0, 0, 7, 0, 0, 0, 3, 0, 0, 0, 4, 429, 0, 0, 7, 0, 0, 0, 7, 0, 0, 0, 7, 0, 0, 0, 7, 0, 0, 0, 7, 0, 0, 0]"
428,"[8, 0, 2, 0, 7, 0, 0, 0, 1, 4, 0, 0, 7, 0, 0, 0, 1, 4, 0, 0, 6, 12, 1, 0, 0, 9, 0, 0, 4, 257, 0, 0, 7, 0, 0, 0, 7, 0, 0, 0, 7, 0, 0, 0, 4, 421, 0, 0]"
429,"[6, 44, 1, 0, 7, 0, 0, 0, 0, 7, 0, 0, 7, 0, 0, 0, 8, 1, 1, 0, 7, 0, 0, 0, 5, 0, 0, 0, 7, 0, 0, 0, 3, 0, 0, 0, 3, 0, 0, 0, 8, 1, 2, 0, 7, 0, 0, 0]"
430,"[8, 0, 1, 0, 1, 4, 0, 0, 7, 0, 0, 0, 0, 23, 1, 0, 8, 3, 2, 0, 7, 0, 0, 0, 0, 7, 0, 0, 6, 16, 4, 0, 4, 57, 0, 0, 7, 0, 0, 0, 7, 0, 0, 0, 7, 0, 0, 0]"
431,"[2, 1, 0, 0, 4, 507, 0, 0, 4, 500, 0, 0, 7, 0, 0, 0, 7, 0, 0, 0, 4, 148, 0, 0, 7, 0, 0, 0, 4, 228, 0, 0, 1, 4, 0, 0, 7, 0, 0, 0, 7, 0, 0, 0, 1, 4, 0, 0]"
432,"[0, 5, 0, 0, 0, 17, 0, 0, 1, 17, 0, 0, 2, 0, 0, 0, 1, 4, 0, 0, 2, 1, 0, 0, 4, 300, 0, 0, 7, 0, 0, 0, 7, 0, 0, 0, 7, 0, 0, 0, 7, 0, 0, 0, 7, 0, 0, 0]"
433,"[6, 28, 4, 0, 4, 445, 0, 0, 7, 0, 0, 0, 7, 0, 0, 0, 7, 0, 0, 0, 7, 0, 0, 0, 7, 0, 0, 0, 7, 0, 0, 0, 7, 0, 0, 0, 7, 0, 0, 0, 7, 0, 0, 0, 7, 0, 0, 0]"
434,"[8, 0, 1, 0, 6, 10, 2, 0, 7, 0, 0, 0, 3, 0, 0, 0, 4, 384, 0, 0, 7, 0, 0, 0, 7, 0, 0, 0, 7, 0, 0, 0, 7, 0, 0, 0, 7, 0, 0, 0, 7, 0, 0, 0, 7, 0, 0, 0]"
435,"[3, 0, 0, 0, 1, 4, 0, 0, 6, 50, 2, 0, 0, 11, 1, 0, 2, 0, 0, 0, 7, 0, 0, 0, 7, 0, 0, 0, 3, 0, 0, 0, 4, 273, 0, 0, 7, 0, 0, 0, 7, 0, 0, 0, 7, 0, 0, 0]"
436,"[2, 1, 0, 0, 7, 0, 0, 0, 2, 1, 0, 0, 6, 32, 4, 0, 7, 0, 0, 0, 3, 0, 0, 0, 7, 0, 0, 0, 3, 0, 0, 0, 7, 0, 0, 0, 7, 0, 0, 0, 2, 1, 0, 0, 8, 2, 2, 0]"
437,"[8, 0, 1, 0, 7, 0, 0, 0, 0, 30, 0, 0, 5, 0, 0, 0, 4, 495, 0, 0, 7, 0, 0, 0, 1, 4, 0, 0, 7, 0, 0, 0, 7, 0, 0, 0, 4, 160, 0, 0, 7, 0, 0, 0, 7, 0, 0, 0]"
438,"[3, 0, 0, 0, 8, 1, 2, 0, 6, 21, 3, 0, 7, 0, 0, 0, 1, 4, 0, 0, 2, 1, 0, 0, 7, 0, 0, 0, 0, 4, 0, 0, 0, 20, 1, 0, 8, 2, 2, 0, 2, 0, 0, 0, 3, 0, 0, 0]"
439,"[6, 24, 4, 0, 5, 0, 0, 0, 4, 215, 0, 0, 7, 0, 0, 0, 7, 0, 0, 0, 7, 0, 0, 0, 1, 4, 0, 0, 1, 4, 0, 0, 1, 4, 0, 0, 1, 4, 0, 0, 7, 0, 0, 0, 7, 0, 0, 0]"
440,"[3, 0, 0, 0, 4, 390, 0, 0, 7, 0, 0, 0, 7, 0, 0, 0, 7, 0, 0, 0, 7, 0, 0, 0, 7, 0, 0, 0, 7, 0, 0, 0, 7, 0, 0, 0, 7, 0, 0, 0, 7, 0, 0, 0, 7, 0, 0, 0]"
441,"[3, 0, 0, 0, 7, 0, 0, 0, 3, 0, 0, 0, 7, 0, 0, 0, 6, 35, 1, 0, 2, 1, 0, 0, 8, 3, 2, 0, 0, 9, 0, 0, 7, 0, 0, 0, 7, 0, 0, 0, 7, 0, 0, 0, 4, 201, 0, 0]"
442,"[1, 4, 0, 0, 1, 4, 0, 0, 3, 0, 0, 0, 1, 4, 0, 0, 3, 0, 0, 0, 7, 0, 0, 0, 7, 0, 0, 0, 3, 0, 0, 0, 6, 52, 1, 0, 2, 0, 0, 0, 0, 18, 1, 0, 7, 0, 0, 0]"
443,"[4, 259, 0, 0, 7, 0, 0, 0, 4, 489, 0, 0, 7, 0, 0, 0, 1, 4, 0, 0, 7, 0, 0, 0, 1, 4, 0, 0, 7, 0, 0, 0, 4, 455, 0, 0, 7, 0, 0, 0, 7, 0, 0, 0, 7, 0, 0, 0]"
444,"[3, 0, 0, 0, 6, 11, 1, 0, 8, 2, 2, 0, 1, 4, 0, 0, 2, 0, 0, 0, 7, 0, 0, 0, 3, 0, 0, 0, 3, 0, 0, 0, 5, 0, 0, 0, 7, 0, 0, 0, 7, 0, 0, 0, 3, 0, 0, 0]"
445,"[7, 0, 0, 0, 7, 0, 0, 0, 0, 12, 0, 0, 4, 498, 0, 0, 7, 0, 0, 0, 7, 0, 0, 0, 4, 11, 0, 0, 7, 0, 0, 0, 7, 0, 0, 0, 4, 168, 0, 0, 7, 0, 0, 0, 7, 0, 0, 0]"
446,"[0, 4, 0, 0, 7, 0, 0, 0, 6, 30, 3, 0, 2, 1, 0, 0, 7, 0, 0, 0, 7, 0, 0, 0, 1, 4, 0, 0, 7, 0, 0, 0, 3, 0, 0, 0, 7, 0, 0, 0, 4, 78, 0, 0, 7, 0, 0, 0]"
447,"[3, 0, 0, 0, 6, 56, 4, 0, 2, 1, 0, 0, 7, 0, 0, 0, 5, 0, 0, 0, 4, 447, 0, 0, 7, 0, 0, 0, 7, 0, 0, 0, 7, 0, 0, 0, 7, 0, 0, 0, 1, 4, 0, 0, 7, 0, 0, 0]"
448,"[8, 0, 1, 0, 3, 0, 0, 0, 6, 44, 4, 0, 7, 0, 0, 0, 7, 0, 0, 0, 1, 4, 0, 0, 7, 0, 0, 0, 4, 446, 0, 0, 7, 0, 0, 0, 7, 0, 0, 0, 4, 161, 0, 0, 7, 0, 0, 0]"
449,"[2, 1, 0, 0, 4, 19, 0, 0, 7, 0, 0, 0, 7, 0, 0, 0, 7, 0, 0, 0, 7, 0, 0, 0, 1, 4, 0, 0, 7, 0, 0, 0, 7, 0, 0, 0, 7, 0, 0, 0, 7, 0, 0, 0, 4, 469, 0, 0]"
450,"[4, 350, 0, 0, 7, 0, 0, 0, 7, 0, 0, 0, 7, 0, 0, 0, 7, 0, 0, 0, 7, 0, 0, 0, 7, 0, 0, 0, 7, 0, 0, 0, 7, 0, 0, 0, 7, 0, 0, 0, 1, 4, 0, 0, 4, 34, 0, 0]"
451,"[6, 35, 1, 0, 5, 0, 0, 0, 4, 338, 0, 0, 7, 0, 0, 0, 7, 0, 0, 0, 7, 0, 0, 0, 7, 0, 0, 0, 4, 399, 0, 0, 7, 0, 0, 0, 7, 0, 0, 0, 1, 4, 0, 0, 4, 248, 0, 0]"
452,"[6, 28, 4, 0, 5, 0, 0, 0, 4, 364, 0, 0, 4, 277, 0, 0, 7, 0, 0, 0, 7, 0, 0, 0, 7, 0, 0, 0, 7, 0, 0, 0, 7, 0, 0, 0, 7, 0, 0, 0, 7, 0, 0, 0, 1, 4, 0, 0]"
453,"[7, 0, 0, 0, 7, 0, 0, 0, 4, 116, 0, 0, 7, 0, 0, 0, 4, 107, 0, 0, 4, 54, 0, 0, 7, 0, 0, 0, 7, 0, 0, 0, 7, 0, 0, 0, 7, 0, 0, 0, 7, 0, 0, 0, 7, 0, 0, 0]"
454,"[8, 0, 1, 0, 6, 36, 4, 0, 7, 0, 0, 0, 7, 0, 0, 0, 8, 3, 2, 0, 7, 0, 0, 0, 0, 24, 1, 0, 0, 20, 0, 0, 5, 0, 0, 0, 7, 0, 0, 0, 7, 0, 0, 0, 4, 320, 0, 0]"
455,"[3, 0, 0, 0, 8, 1, 1, 0, 7, 0, 0, 0, 7, 0, 0, 0, 0, 19, 1, 0, 3, 0, 0, 0, 6, 40, 2, 0, 7, 0, 0, 0, 7, 0, 0, 0, 7, 0, 0, 0, 7, 0, 0, 0, 7, 0, 0, 0]"
456,"[3, 0, 0, 0, 7, 0, 0, 0, 7, 0, 0, 0, 5, 0, 0, 0, 4, 505, 0, 0, 7, 0, 0, 0, 7, 0, 0, 0, 1, 4, 0, 0, 4, 192, 0, 0, 7, 0, 0, 0, 7, 0, 0, 0, 4, 285, 0, 0]"
457,"[6, 24, 2, 0, 8, 1, 2, 0, 7, 0, 0, 0, 8, 3, 2, 0, 2, 1, 0, 0, 7, 0, 0, 0, 3, 0, 0, 0, 7, 0, 0, 0, 7, 0, 0, 0, 2, 0, 0, 0, 1, 4, 0, 0, 8, 1, 2, 0]"
458,"[7, 0, 0, 0, 1, 4, 0, 0, 4, 279, 0, 0, 7, 0, 0, 0, 7, 0, 0, 0, 7, 0, 0, 0, 7, 0, 0, 0, 1, 4, 0, 0, 7, 0, 0, 0, 7, 0, 0, 0, 7, 0, 0, 0, 1, 4, 0, 0]"
459,"[0, 15, 0, 0, 8, 1, 2, 0, 7, 0, 0, 0, 7, 0, 0, 0, 2, 0, 0, 0, 3, 0, 0, 0, 6, 24, 4, 0, 7, 0, 0, 0, 8, 1, 1, 0, 3, 0, 0, 0, 3, 0, 0, 0, 3, 0, 0, 0]"
460,"[3, 0, 0, 0, 0, 25, 0, 0, 6, 24, 4, 0, 4, 219, 0, 0, 7, 0, 0, 0, 7, 0, 0, 0, 7, 0, 0, 0, 7, 0, 0, 0, 7, 0, 0, 0, 7, 0, 0, 0, 7, 0, 0, 0, 7, 0, 0, 0]"
461,"[2, 1, 0, 0, 6, 63, 1, 0, 7, 0, 0, 0, 0, 9, 1, 0, 7, 0, 0, 0, 7, 0, 0, 0, 8, 2, 2, 0, 7, 0, 0, 0, 3, 0, 0, 0, 3, 0, 0, 0, 7, 0, 0, 0, 3, 0, 0, 0]"
462,"[7, 0, 0, 0, 1, 4, 0, 0, 1, 4, 0, 0, 2, 1, 0, 0, 0, 26, 1, 0, 2, 1, 0, 0, 2, 1, 0, 0, 0, 8, 0, 0, 3, 0, 0, 0, 8, 3, 1, 0, 6, 48, 3, 0, 5, 0, 0, 0]"
463,"[4, 15, 0, 0, 7, 0, 0, 0, 7, 0, 0, 0, 7, 0, 0, 0, 7, 0, 0, 0, 7, 0, 0, 0, 7, 0, 0, 0, 7, 0, 0, 0, 7, 0, 0, 0, 7, 0, 0, 0, 7, 0, 0, 0, 7, 0, 0, 0]"
464,"[3, 0, 0, 0, 3, 0, 0, 0, 7, 0, 0, 0, 2, 1, 0, 0, 1, 4, 0, 0, 2, 0, 0, 0, 7, 0, 0, 0, 4, 149, 0, 0, 7, 0, 0, 0, 7, 0, 0, 0, 7, 0, 0, 0, 4, 198, 0, 0]"
465,"[4, 337, 0, 0, 7, 0, 0, 0, 7, 0, 0, 0, 7, 0, 0, 0, 7, 0, 0, 0, 7, 0, 0, 0, 7, 0, 0, 0, 7, 0, 0, 0, 7, 0, 0, 0, 7, 0, 0, 0, 7, 0, 0, 0, 4, 303, 0, 0]"
466,"[7, 0, 0, 0, 8, 1, 1, 0, 1, 4, 0, 0, 4, 13, 0, 0, 7, 0, 0, 0, 7, 0, 0, 0, 7, 0, 0, 0, 7, 0, 0, 0, 7, 0, 0, 0, 4, 142, 0, 0, 7, 0, 0, 0, 4, 327, 0, 0]"
467,"[8, 0, 1, 0, 1, 4, 0, 0, 7, 0, 0, 0, 6, 44, 4, 0, 3, 0, 0, 0, 1, 4, 0, 0, 7, 0, 0, 0, 2, 1, 0, 0, 8, 2, 2, 0, 7, 0, 0, 0, 7, 0, 0, 0, 2, 0, 0, 0]"
468,"[1, 4, 0, 0, 7, 0, 0, 0, 7, 0, 0, 0, 8, 2, 2, 0, 3, 0, 0, 0, 8, 3, 2, 0, 8, 2, 1, 0, 7, 0, 0, 0, 2, 0, 0, 0, 8, 2, 1, 0, 3, 0, 0, 0, 8, 1, 2, 0]"
469,"[0, 22, 0, 0, 2, 0, 0, 0, 2, 1, 0, 0, 1, 4, 0, 0, 0, 22, 0, 0, 3, 0, 0, 0, 4, 412, 0, 0, 1, 4, 0, 0, 7, 0, 0, 0, 4, 24, 0, 0, 7, 0, 0, 0, 7, 0, 0, 0]"
470,"[8, 0, 1, 0, 1, 4, 0, 0, 8, 1, 1, 0, 1, 4, 0, 0, 3, 0, 0, 0, 8, 3, 2, 0, 0, 25, 0, 0, 4, 87, 0, 0, 7, 0, 0, 0, 4, 507, 0, 0, 7, 0, 0, 0, 1, 4, 0, 0]"
471,"[4, 154, 0, 0, 7, 0, 0, 0, 7, 0, 0, 0, 4, 502, 0, 0, 7, 0, 0, 0, 7, 0, 0, 0, 7, 0, 0, 0, 1, 4, 0, 0, 7, 0, 0, 0, 7, 0, 0, 0, 7, 0, 0, 0, 7, 0, 0, 0]"
472,"[2, 1, 0, 0, 7, 0, 0, 0, 4, 158, 0, 0, 4, 148, 0, 0, 7, 0, 0, 0, 7, 0, 0, 0, 7, 0, 0, 0, 7, 0, 0, 0, 7, 0, 0, 0, 7, 0, 0, 0, 7, 0, 0, 0, 7, 0, 0, 0]"
473,"[3, 0, 0, 0, 5, 0, 0, 0, 4, 401, 0, 0, 7, 0, 0, 0, 1, 4, 0, 0, 1, 4, 0, 0, 7, 0, 0, 0, 7, 0, 0, 0, 7, 0, 0, 0, 7, 0, 0, 0, 7, 0, 0, 0, 7, 0, 0, 0]"
474,"[0, 8, 0, 0, 7, 0, 0, 0, 6, 54, 1, 0, 2, 1, 0, 0, 8, 1, 2, 0, 4, 98, 0, 0, 7, 0, 0, 0, 7, 0, 0, 0, 4, 402, 0, 0, 1, 4, 0, 0, 7, 0, 0, 0, 7, 0, 0, 0]"
475,"[1, 4, 0, 0, 7, 0, 0, 0, 3, 0, 0, 0, 4, 132, 0, 0, 4, 74, 0, 0, 7, 0, 0, 0, 1, 4, 0, 0, 7, 0, 0, 0, 7, 0, 0, 0, 7, 0, 0, 0, 7, 0, 0, 0, 7, 0, 0, 0]"
476,"[7, 0, 0, 0, 2, 1, 0, 0, 7, 0, 0, 0, 0, 30, 0, 0, 4, 21, 0, 0, 7, 0, 0, 0, 7, 0, 0, 0, 7, 0, 0, 0, 1, 4, 0, 0, 1, 4, 0, 0, 7, 0, 0, 0, 4, 209, 0, 0]"
477,"[2, 0, 0, 0, 7, 0, 0, 0, 7, 0, 0, 0, 3, 0, 0, 0, 8, 2, 2, 0, 0, 30, 1, 0, 8, 2, 1, 0, 1, 4, 0, 0, 8, 2, 1, 0, 4, 6, 0, 0, 7, 0, 0, 0, 7, 0, 0, 0]"
478,"[1, 4, 0, 0, 4, 173, 0, 0, 7, 0, 0, 0, 7, 0, 0, 0, 7, 0, 0, 0, 4, 199, 0, 0, 7, 0, 0, 0, 7, 0, 0, 0, 7, 0, 0, 0, 7, 0, 0, 0, 7, 0, 0, 0, 7, 0, 0, 0]"
479,"[2, 0, 0, 0, 2, 0, 0, 0, 2, 1, 0, 0, 7, 0, 0, 0, 4, 409, 0, 0, 7, 0, 0, 0, 7, 0, 0, 0, 7, 0, 0, 0, 4, 248, 0, 0, 7, 0, 0, 0, 1, 4, 0, 0, 7, 0, 0, 0]"
480,"[3, 0, 0, 0, 7, 0, 0, 0, 6, 28, 2, 0, 7, 0, 0, 0, 7, 0, 0, 0, 7, 0, 0, 0, 3, 0, 0, 0, 0, 18, 1, 0, 7, 0, 0, 0, 0, 5, 1, 0, 2, 0, 0, 0, 0, 6, 0, 0]"
481,"[7, 0, 0, 0, 6, 18, 3, 0, 4, 280, 0, 0, 7, 0, 0, 0, 7, 0, 0, 0, 7, 0, 0, 0, 7, 0, 0, 0, 7, 0, 0, 0, 7, 0, 0, 0, 1, 4, 0, 0, 7, 0, 0, 0, 7, 0, 0, 0]"
482,"[8, 0, 2, 0, 8, 1, 2, 0, 7, 0, 0, 0, 1, 4, 0, 0, 2, 0, 0, 0, 0, 9, 0, 0, 7, 0, 0, 0, 7, 0, 0, 0, 3, 0, 0, 0, 1, 4, 0, 0, 6, 53, 1, 0, 7, 0, 0, 0]"
483,"[7, 0, 0, 0, 8, 1, 1, 0, 6, 24, 4, 0, 7, 0, 0, 0, 7, 0, 0, 0, 3, 0, 0, 0, 3, 0, 0, 0, 7, 0, 0, 0, 1, 4, 0, 0, 2, 0, 0, 0, 7, 0, 0, 0, 4, 453, 0, 0]"
484,"[6, 36, 2, 0, 5, 0, 0, 0, 7, 0, 0, 0, 7, 0, 0, 0, 1, 4, 0, 0, 7, 0, 0, 0, 7, 0, 0, 0, 1, 4, 0, 0, 3, 0, 0, 0, 7, 0, 0, 0, 4, 206, 0, 0, 7, 0, 0, 0]"
485,"[1, 4, 0, 0, 7, 0, 0, 0, 7, 0, 0, 0, 1, 4, 0, 0, 8, 3, 2, 0, 6, 48, 4, 0, 0, 29, 1, 0, 3, 0, 0, 0, 7, 0, 0, 0, 0, 31, 0, 0, 1, 31, 0, 0, 1, 4, 0, 0]"
486,"[7, 0, 0, 0, 8, 1, 2, 0, 8, 2, 1, 0, 2, 0, 0, 0, 1, 4, 0, 0, 1, 4, 0, 0, 4, 102, 0, 0, 1, 4, 0, 0, 7, 0, 0, 0, 7, 0, 0, 0, 7, 0, 0, 0, 7, 0, 0, 0]"
487,"[3, 0, 0, 0, 8, 1, 2, 0, 0, 6, 1, 0, 8, 1, 2, 0, 4, 460, 0, 0, 7, 0, 0, 0, 7, 0, 0, 0, 1, 4, 0, 0, 7, 0, 0, 0, 7, 0, 0, 0, 1, 4, 0, 0, 1, 4, 0, 0]"
488,"[7, 0, 0, 0, 2, 1, 0, 0, 1, 4, 0, 0, 8, 3, 2, 0, 2, 0, 0, 0, 7, 0, 0, 0, 6, 54, 1, 0, 7, 0, 0, 0, 0, 29, 1, 0, 3, 0, 0, 0, 7, 0, 0, 0, 2, 1, 0, 0]"
489,"[6, 8, 4, 0, 7, 0, 0, 0, 7, 0, 0, 0, 7, 0, 0, 0, 2, 0, 0, 0, 5, 0, 0, 0, 7, 0, 0, 0, 7, 0, 0, 0, 7, 0, 0, 0, 4, 459, 0, 0, 7, 0, 0, 0, 7, 0, 0, 0]"
490,"[7, 0, 0, 0, 4, 491, 0, 0, 7, 0, 0, 0, 7, 0, 0, 0, 7, 0, 0, 0, 4, 27, 0, 0, 7, 0, 0, 0, 7, 0, 0, 0, 7, 0, 0, 0, 4, 291, 0, 0, 4, 63, 0, 0, 4, 61, 0, 0]"
491,"[6, 16, 4, 0, 8, 1, 2, 0, 7, 0, 0, 0, 1, 4, 0, 0, 4, 280, 0, 0, 7, 0, 0, 0, 7, 0, 0, 0, 7, 0, 0, 0, 7, 0, 0, 0, 7, 0, 0, 0, 7, 0, 0, 0, 7, 0, 0, 0]"
492,"[0, 22, 0, 0, 6, 48, 4, 0, 2, 0, 0, 0, 0, 27, 0, 0, 7, 0, 0, 0, 3, 0, 0, 0, 3, 0, 0, 0, 7, 0, 0, 0, 1, 4, 0, 0, 0, 16, 0, 0, 1, 16, 0, 0, 2, 1, 0, 0]"
493,"[6, 25, 1, 0, 7, 0, 0, 0, 5, 0, 0, 0, 4, 125, 0, 0, 7, 0, 0, 0, 7, 0, 0, 0, 7, 0, 0, 0, 1, 4, 0, 0, 7, 0, 0, 0, 4, 358, 0, 0, 7, 0, 0, 0, 7, 0, 0, 0]"
494,"[4, 162, 0, 0, 7, 0, 0, 0, 7, 0, 0, 0, 7, 0, 0, 0, 7, 0, 0, 0, 7, 0, 0, 0, 7, 0, 0, 0, 7, 0, 0, 0, 7, 0, 0, 0, 7, 0, 0, 0, 7, 0, 0, 0, 7, 0, 0, 0]"
495,"[6, 8, 2, 0, 7, 0, 0, 0, 7, 0, 0, 0, 2, 1, 0, 0, 7, 0, 0, 0, 8, 2, 1, 0, 4, 360, 0, 0, 7, 0, 0, 0, 7, 0, 0, 0, 7, 0, 0, 0, 7, 0, 0, 0, 7, 0, 0, 0]"
496,"[7, 0, 0, 0, 3, 0, 0, 0, 1, 4, 0, 0, 6, 42, 2, 0, 4, 214, 0, 0, 7, 0, 0, 0, 7, 0, 0, 0, 4, 59, 0, 0, 7, 0, 0, 0, 7, 0, 0, 0, 7, 0, 0, 0, 7, 0, 0, 0]"
497,"[7, 0, 0, 0, 7, 0, 0, 0, 2, 0, 0, 0, 0, 30, 1, 0, 8, 1, 1, 0, 1, 4, 0, 0, 7, 0, 0, 0, 3, 0, 0, 0, 0, 16, 1, 0, 1, 16, 0, 0, 6, 57, 3, 0, 5, 0, 0, 0]"
498,"[2, 0, 0, 0, 6, 4, 4, 0, 0, 10, 1, 0, 3, 0, 0, 0, 1, 4, 0, 0, 4, 418, 0, 0, 7, 0, 0, 0, 7, 0, 0, 0, 7, 0, 0, 0, 7, 0, 0, 0, 7, 0, 0, 0, 7, 0, 0, 0]"
499,"[1, 4, 0, 0, 7, 0, 0, 0, 3, 0, 0, 0, 7, 0, 0, 0, 4, 114, 0, 0, 1, 4, 0, 0, 7, 0, 0, 0, 7, 0, 0, 0, 7, 0, 0, 0, 7, 0, 0, 0, 7, 0, 0, 0, 7, 0, 0, 0]"
500,"[7, 0, 0, 0, 7, 0, 0, 0, 0, 17, 1, 0, 7, 0, 0, 0, 7, 0, 0, 0, 0, 31, 0, 0, 3, 0, 0, 0, 7, 0, 0, 0, 2, 0, 0, 0, 8, 2, 1, 0, 5, 0, 0, 0, 4, 293, 0, 0]"
501,"[3, 0, 0, 0, 7, 0, 0, 0, 6, 38, 2, 0, 2, 0, 0, 0, 3, 0, 0, 0, 4, 280, 0, 0, 7, 0, 0, 0, 7, 0, 0, 0, 7, 0, 0, 0, 1, 4, 0, 0, 1, 4, 0, 0, 7, 0, 0, 0]"
502,"[8, 0, 2, 0, 2, 0, 0, 0, 2, 0, 0, 0, 8, 3, 1, 0, 6, 16, 4, 0, 7, 0, 0, 0, 7, 0, 0, 0, 3, 0, 0, 0, 8, 3, 1, 0, 7, 0, 0, 0, 4, 480, 0, 0, 7, 0, 0, 0]"
503,"[4, 216, 0, 0, 7, 0, 0, 0, 7, 0, 0, 0, 4, 35, 0, 0, 7, 0, 0, 0, 7, 0, 0, 0, 4, 342, 0, 0, 7, 0, 0, 0, 7, 0, 0, 0, 7, 0, 0, 0, 7, 0, 0, 0, 7, 0, 0, 0]"
504,"[3, 0, 0, 0, 2, 0, 0, 0, 7, 0, 0, 0, 6, 8, 4, 0, 7, 0, 0, 0, 3, 0, 0, 0, 7, 0, 0, 0, 0, 22, 0, 0, 0, 20, 0, 0, 7, 0, 0, 0, 3, 0, 0, 0, 1, 4, 0, 0]"
505,"[7, 0, 0, 0, 3, 0, 0, 0, 6, 30, 3, 0, 7, 0, 0, 0, 1, 4, 0, 0, 4, 112, 0, 0, 7, 0, 0, 0, 7, 0, 0, 0, 4, 28, 0, 0, 7, 0, 0, 0, 7, 0, 0, 0, 7, 0, 0, 0]"
506,"[2, 0, 0, 0, 7, 0, 0, 0, 6, 20, 4, 0, 7, 0, 0, 0, 3, 0, 0, 0, 1, 4, 0, 0, 5, 0, 0, 0, 4, 435, 0, 0, 7, 0, 0, 0, 7, 0, 0, 0, 7, 0, 0, 0, 4, 34, 0, 0]"
507,"[2, 1, 0, 0, 0, 27, 0, 0, 8, 2, 2, 0, 7, 0, 0, 0, 3, 0, 0, 0, 3, 0, 0, 0, 7, 0, 0, 0, 2, 0, 0, 0, 4, 417, 0, 0, 7, 0, 0, 0, 1, 4, 0, 0, 7, 0, 0, 0]"
508,"[2, 1, 0, 0, 7, 0, 0, 0, 7, 0, 0, 0, 0, 9, 1, 0, 7, 0, 0, 0, 0, 7, 1, 0, 0, 26, 1, 0, 8, 2, 1, 0, 2, 1, 0, 0, 2, 1, 0, 0, 6, 62, 2, 0, 1, 62, 0, 0]"
509,"[2, 0, 0, 0, 3, 0, 0, 0, 4, 452, 0, 0, 7, 0, 0, 0, 1, 4, 0, 0, 7, 0, 0, 0, 7, 0, 0, 0, 1, 4, 0, 0, 7, 0, 0, 0, 7, 0, 0, 0, 4, 488, 0, 0, 7, 0, 0, 0]"
510,"[7, 0, 0, 0, 6, 52, 4, 0, 3, 0, 0, 0, 3, 0, 0, 0, 7, 0, 0, 0, 4, 207, 0, 0, 7, 0, 0, 0, 7, 0, 0, 0, 7, 0, 0, 0, 4, 511, 0, 0, 7, 0, 0, 0, 7, 0, 0, 0]"
511,"[6, 18, 3, 0, 7, 0, 0, 0, 4, 377, 0, 0, 7, 0, 0, 0, 7, 0, 0, 0, 4, 372, 0, 0, 7, 0, 0, 0, 7, 0, 0, 0, 4, 283, 0, 0, 4, 385, 0, 0, 7, 0, 0, 0, 7, 0, 0, 0]"
512,"[4, 124, 0, 0, 7, 0, 0, 0, 7, 0, 0, 0, 7, 0, 0, 0, 7, 0, 0, 0, 7, 0, 0, 0, 1, 4, 0, 0, 7, 0, 0, 0, 7, 0, 0, 0, 7, 0, 0, 0, 7, 0, 0, 0, 7, 0, 0, 0]"
513,"[7, 0, 0, 0, 3, 0, 0, 0, 7, 0, 0, 0, 8, 3, 1, 0, 6, 40, 4, 0, 0, 12, 0, 0, 7, 0, 0, 0, 3, 0, 0, 0, 7, 0, 0, 0, 0, 10, 1, 0, 4, 387, 0, 0, 7, 0, 0, 0]"
514,"[0, 12, 0, 0, 4, 327, 0, 0, 7, 0, 0, 0, 1, 4, 0, 0, 7, 0, 0, 0, 7, 0, 0, 0, 4, 248, 0, 0, 7, 0, 0, 0, 7, 0, 0, 0, 7, 0, 0, 0, 7, 0, 0, 0, 7, 0, 0, 0]"
515,"[4, 112, 0, 0, 4, 295, 0, 0, 7, 0, 0, 0, 7, 0, 0, 0, 4, 100, 0, 0, 7, 0, 0, 0, 7, 0, 0, 0, 7, 0, 0, 0, 7, 0, 0, 0, 1, 4, 0, 0, 7, 0, 0, 0, 7, 0, 0, 0]"
516,"[8, 0, 2, 0, 8, 1, 2, 0, 7, 0, 0, 0, 2, 1, 0, 0, 7, 0, 0, 0, 2, 0, 0, 0, 0, 16, 1, 0, 6, 27, 1, 0, 1, 27, 0, 0, 1, 4, 0, 0, 4, 468, 0, 0, 7, 0, 0, 0]"
517,"[0, 31, 0, 0, 3, 0, 0, 0, 4, 148, 0, 0, 7, 0, 0, 0, 1, 4, 0, 0, 7, 0, 0, 0, 1, 4, 0, 0, 7, 0, 0, 0, 4, 415, 0, 0, 4, 212, 0, 0, 4, 179, 0, 0, 7, 0, 0, 0]"
518,"[4, 498, 0, 0, 4, 211, 0, 0, 1, 4, 0, 0, 7, 0, 0, 0, 7, 0, 0, 0, 7, 0, 0, 0, 7, 0, 0, 0, 4, 91, 0, 0, 7, 0, 0, 0, 7, 0, 0, 0, 7, 0, 0, 0, 7, 0, 0, 0]"
519,"[6, 20, 4, 0, 7, 0, 0, 0, 2, 1, 0, 0, 1, 4, 0, 0, 1, 4, 0, 0, 1, 4, 0, 0, 4, 370, 0, 0, 7, 0, 0, 0, 4, 399, 0, 0, 4, 473, 0, 0, 1, 4, 0, 0, 4, 481, 0, 0]"
520,"[5, 0, 0, 0, 4, 449, 0, 0, 4, 333, 0, 0, 7, 0, 0, 0, 7, 0, 0, 0, 7, 0, 0, 0, 7, 0, 0, 0, 1, 4, 0, 0, 7, 0, 0, 0, 1, 4, 0, 0, 7, 0, 0, 0, 7, 0, 0, 0]"
521,"[6, 56, 4, 0, 0, 31, 1, 0, 2, 0, 0, 0, 1, 4, 0, 0, 8, 2, 1, 0, 7, 0, 0, 0, 4, 446, 0, 0, 7, 0, 0, 0, 4, 155, 0, 0, 1, 4, 0, 0, 4, 238, 0, 0, 7, 0, 0, 0]"
522,"[0, 30, 1, 0, 6, 56, 4, 0, 8, 1, 1, 0, 7, 0, 0, 0, 3, 0, 0, 0, 7, 0, 0, 0, 3, 0, 0, 0, 2, 1, 0, 0, 0, 12, 0, 0, 0, 19, 0, 0, 7, 0, 0, 0, 7, 0, 0, 0]"
523,"[2, 0, 0, 0, 4, 510, 0, 0, 7, 0, 0, 0, 7, 0, 0, 0, 7, 0, 0, 0, 4, 166, 0, 0, 7, 0, 0, 0, 4, 490, 0, 0, 4, 42, 0, 0, 7, 0, 0, 0, 7, 0, 0, 0, 7, 0, 0, 0]"
524,"[4, 82, 0, 0, 7, 0, 0, 0, 7, 0, 0, 0, 7, 0, 0, 0, 7, 0, 0, 0, 7, 0, 0, 0, 7, 0, 0, 0, 7, 0, 0, 0, 7, 0, 0, 0, 7, 0, 0, 0, 7, 0, 0, 0, 4, 398, 0, 0]"
525,"[6, 12, 1, 0, 3, 0, 0, 0, 7, 0, 0, 0, 4, 371, 0, 0, 7, 0, 0, 0, 7, 0, 0, 0, 7, 0, 0, 0, 1, 4, 0, 0, 7, 0, 0, 0, 7, 0, 0, 0, 7, 0, 0, 0, 7, 0, 0, 0]"
526,"[6, 12, 2, 0, 7, 0, 0, 0, 2, 0, 0, 0, 4, 37, 0, 0, 4, 98, 0, 0, 1, 4, 0, 0, 7, 0, 0, 0, 7, 0, 0, 0, 7, 0, 0, 0, 7, 0, 0, 0, 4, 114, 0, 0, 7, 0, 0, 0]"
527,"[1, 4, 0, 0, 7, 0, 0, 0, 7, 0, 0, 0, 6, 28, 4, 0, 7, 0, 0, 0, 7, 0, 0, 0, 1, 4, 0, 0, 3, 0, 0, 0, 1, 4, 0, 0, 0, 17, 1, 0, 7, 0, 0, 0, 1, 4, 0, 0]"
528,"[2, 0, 0, 0, 1, 4, 0, 0, 6, 60, 1, 0, 0, 17, 0, 0, 4, 379, 0, 0, 7, 0, 0, 0, 7, 0, 0, 0, 7, 0, 0, 0, 7, 0, 0, 0, 7, 0, 0, 0, 7, 0, 0, 0, 7, 0, 0, 0]"
529,"[8, 0, 1, 0, 4, 242, 0, 0, 1, 4, 0, 0, 4, 23, 0, 0, 7, 0, 0, 0, 1, 4, 0, 0, 7, 0, 0, 0, 7, 0, 0, 0, 7, 0, 0, 0, 4, 294, 0, 0, 7, 0, 0, 0, 7, 0, 0, 0]"
530,"[3, 0, 0, 0, 8, 1, 1, 0, 7, 0, 0, 0, 8, 1, 1, 0, 5, 0, 0, 0, 7, 0, 0, 0, 7, 0, 0, 0, 4, 17, 0, 0, 7, 0, 0, 0, 7, 0, 0, 0, 1, 4, 0, 0, 7, 0, 0, 0]"
531,"[4, 1, 0, 0, 7, 0, 0, 0, 4, 19, 0, 0, 1, 4, 0, 0, 7, 0, 0, 0, 4, 471, 0, 0, 7, 0, 0, 0, 4, 6, 0, 0, 7, 0, 0, 0, 7, 0, 0, 0, 7, 0, 0, 0, 1, 4, 0, 0]"
532,"[1, 4, 0, 0, 7, 0, 0, 0, 8, 2, 1, 0, 3, 0, 0, 0, 7, 0, 0, 0, 7, 0, 0, 0, 7, 0, 0, 0, 7, 0, 0, 0, 0, 18, 0, 0, 7, 0, 0, 0, 1, 4, 0, 0, 6, 16, 2, 0]"
533,"[3, 0, 0, 0, 8, 1, 2, 0, 6, 60, 4, 0, 7, 0, 0, 0, 8, 3, 2, 0, 7, 0, 0, 0, 7, 0, 0, 0, 3, 0, 0, 0, 3, 0, 0, 0, 2, 0, 0, 0, 2, 1, 0, 0, 7, 0, 0, 0]"
534,"[8, 0, 1, 0, 0, 17, 0, 0, 7, 0, 0, 0, 8, 2, 1, 0, 1, 4, 0, 0, 8, 1, 1, 0, 8, 3, 2, 0, 3, 0, 0, 0, 6, 44, 2, 0, 5, 0, 0, 0, 7, 0, 0, 0, 7, 0, 0, 0]"
535,"[8, 0, 1, 0, 7, 0, 0, 0, 7, 0, 0, 0, 6, 24, 4, 0, 2, 1, 0, 0, 8, 3, 2, 0, 5, 0, 0, 0, 7, 0, 0, 0, 7, 0, 0, 0, 7, 0, 0, 0, 3, 0, 0, 0, 7, 0, 0, 0]"
536,"[3, 0, 0, 0, 8, 1, 1, 0, 4, 189, 0, 0, 1, 4, 0, 0, 7, 0, 0, 0, 7, 0, 0, 0, 7, 0, 0, 0, 7, 0, 0, 0, 7, 0, 0, 0, 4, 21, 0, 0, 4, 432, 0, 0, 7, 0, 0, 0]"
537,"[6, 40, 4, 0, 7, 0, 0, 0, 5, 0, 0, 0, 4, 81, 0, 0, 4, 308, 0, 0, 7, 0, 0, 0, 7, 0, 0, 0, 4, 364, 0, 0, 7, 0, 0, 0, 7, 0, 0, 0, 7, 0, 0, 0, 7, 0, 0, 0]"
538,"[0, 25, 1, 0, 6, 20, 2, 0, 3, 0, 0, 0, 1, 4, 0, 0, 3, 0, 0, 0, 7, 0, 0, 0, 2, 0, 0, 0, 7, 0, 0, 0, 1, 4, 0, 0, 1, 4, 0, 0, 3, 0, 0, 0, 7, 0, 0, 0]"
539,"[2, 1, 0, 0, 6, 12, 4, 0, 2, 1, 0, 0, 4, 462, 0, 0, 1, 4, 0, 0, 7, 0, 0, 0, 4, 463, 0, 0, 7, 0, 0, 0, 7, 0, 0, 0, 7, 0, 0, 0, 7, 0, 0, 0, 7, 0, 0, 0]"
540,"[6, 38, 2, 0, 8, 1, 2, 0, 1, 4, 0, 0, 7, 0, 0, 0, 8, 1, 2, 0, 1, 4, 0, 0, 3, 0, 0, 0, 3, 0, 0, 0, 7, 0, 0, 0, 8, 1, 1, 0, 4, 138, 0, 0, 7, 0, 0, 0]"
541,"[7, 0, 0, 0, 4, 462, 0, 0, 7, 0, 0, 0, 7, 0, 0, 0, 7, 0, 0, 0, 4, 10, 0, 0, 7, 0, 0, 0, 7, 0, 0, 0, 7, 0, 0, 0, 7, 0, 0, 0, 7, 0, 0, 0, 7, 0, 0, 0]"
542,"[0, 12, 0, 0, 3, 0, 0, 0, 2, 0, 0, 0, 2, 1, 0, 0, 8, 2, 2, 0, 2, 1, 0, 0, 6, 24, 4, 0, 3, 0, 0, 0, 1, 4, 0, 0, 7, 0, 0, 0, 7, 0, 0, 0, 8, 2, 2, 0]"
543,"[5, 0, 0, 0, 4, 387, 0, 0, 4, 465, 0, 0, 7, 0, 0, 0, 1, 4, 0, 0, 7, 0, 0, 0, 1, 4, 0, 0, 7, 0, 0, 0, 1, 4, 0, 0, 4, 283, 0, 0, 1, 4, 0, 0, 7, 0, 0, 0]"
544,"[6, 33, 3, 0, 0, 12, 0, 0, 8, 2, 1, 0, 2, 1, 0, 0, 4, 125, 0, 0, 7, 0, 0, 0, 7, 0, 0, 0, 7, 0, 0, 0, 7, 0, 0, 0, 7, 0, 0, 0, 7, 0, 0, 0, 7, 0, 0, 0]"
545,"[8, 0, 2, 0, 8, 1, 2, 0, 4, 371, 0, 0, 4, 464, 0, 0, 7, 0, 0, 0, 4, 482, 0, 0, 4, 25, 0, 0, 7, 0, 0, 0, 7, 0, 0, 0, 7, 0, 0, 0, 7, 0, 0, 0, 7, 0, 0, 0]"
546,"[7, 0, 0, 0, 7, 0, 0, 0, 1, 4, 0, 0, 4, 1, 0, 0, 4, 413, 0, 0, 7, 0, 0, 0, 7, 0, 0, 0, 7, 0, 0, 0, 7, 0, 0, 0, 7, 0, 0, 0, 7, 0, 0, 0, 7, 0, 0, 0]"
547,"[5, 0, 0, 0, 7, 0, 0, 0, 4, 311, 0, 0, 7, 0, 0, 0, 4, 312, 0, 0, 7, 0, 0, 0, 4, 124, 0, 0, 7, 0, 0, 0, 1, 4, 0, 0, 7, 0, 0, 0, 4, 509, 0, 0, 1, 4, 0, 0]"
548,"[4, 509, 0, 0, 7, 0, 0, 0, 4, 195, 0, 0, 7, 0, 0, 0, 7, 0, 0, 0, 7, 0, 0, 0, 4, 3, 0, 0, 7, 0, 0, 0, 7, 0, 0, 0, 7, 0, 0, 0, 7, 0, 0, 0, 7, 0, 0, 0]"
549,"[2, 1, 0, 0, 0, 18, 0, 0, 6, 44, 4, 0, 2, 1, 0, 0, 4, 160, 0, 0, 4, 219, 0, 0, 1, 4, 0, 0, 1, 4, 0, 0, 1, 4, 0, 0, 7, 0, 0, 0, 7, 0, 0, 0, 7, 0, 0, 0]"
550,"[3, 0, 0, 0, 1, 4, 0, 0, 3, 0, 0, 0, 0, 9, 0, 0, 0, 15, 0, 0, 8, 3, 1, 0, 8, 2, 2, 0, 1, 4, 0, 0, 3, 0, 0, 0, 7, 0, 0, 0, 1, 4, 0, 0, 5, 0, 0, 0]"
551,"[3, 0, 0, 0, 0, 4, 1, 0, 3, 0, 0, 0, 2, 1, 0, 0, 3, 0, 0, 0, 7, 0, 0, 0, 7, 0, 0, 0, 8, 2, 2, 0, 4, 286, 0, 0, 7, 0, 0, 0, 7, 0, 0, 0, 7, 0, 0, 0]"
552,"[7, 0, 0, 0, 8, 1, 2, 0, 0, 24, 0, 0, 6, 52, 4, 0, 7, 0, 0, 0, 7, 0, 0, 0, 2, 0, 0, 0, 7, 0, 0, 0, 1, 4, 0, 0, 7, 0, 0, 0, 7, 0, 0, 0, 8, 3, 1, 0]"
553,"[1, 4, 0, 0, 7, 0, 0, 0, 2, 0, 0, 0, 3, 0, 0, 0, 7, 0, 0, 0, 5, 0, 0, 0, 7, 0, 0, 0, 7, 0, 0, 0, 7, 0, 0, 0, 7, 0, 0, 0, 7, 0, 0, 0, 7, 0, 0, 0]"
554,"[0, 30, 0, 0, 3, 0, 0, 0, 4, 69, 0, 0, 1, 4, 0, 0, 7, 0, 0, 0, 7, 0, 0, 0, 7, 0, 0, 0, 7, 0, 0, 0, 7, 0, 0, 0, 7, 0, 0, 0, 1, 4, 0, 0, 7, 0, 0, 0]"
555,"[8, 0, 1, 0, 7, 0, 0, 0, 2, 0, 0, 0, 0, 25, 0, 0, 4, 409, 0, 0, 7, 0, 0, 0, 7, 0, 0, 0, 7, 0, 0, 0, 7, 0, 0, 0, 7, 0, 0, 0, 7, 0, 0, 0, 7, 0, 0, 0]"
556,"[8, 0, 1, 0, 0, 16, 0, 0, 4, 179, 0, 0, 4, 146, 0, 0, 7, 0, 0, 0, 7, 0, 0, 0, 4, 265, 0, 0, 7, 0, 0, 0, 7, 0, 0, 0, 7, 0, 0, 0, 7, 0, 0, 0, 7, 0, 0, 0]"
557,"[6, 36, 4, 0, 7, 0, 0, 0, 7, 0, 0, 0, 7, 0, 0, 0, 3, 0, 0, 0, 7, 0, 0, 0, 7, 0, 0, 0, 7, 0, 0, 0, 1, 4, 0, 0, 2, 1, 0, 0, 7, 0, 0, 0, 7, 0, 0, 0]"
558,"[4, 218, 0, 0, 7, 0, 0, 0, 7, 0, 0, 0, 7, 0, 0, 0, 7, 0, 0, 0, 7, 0, 0, 0, 7, 0, 0, 0, 7, 0, 0, 0, 7, 0, 0, 0, 7, 0, 0, 0, 7, 0, 0, 0, 7, 0, 0, 0]"
559,"[4, 419, 0, 0, 7, 0, 0, 0, 7, 0, 0, 0, 7, 0, 0, 0, 4, 186, 0, 0, 7, 0, 0, 0, 7, 0, 0, 0, 7, 0, 0, 0, 7, 0, 0, 0, 1, 4, 0, 0, 4, 471, 0, 0, 4, 434, 0, 0]"
560,"[0, 5, 0, 0, 0, 27, 0, 0, 2, 0, 0, 0, 3, 0, 0, 0, 0, 20, 0, 0, 1, 20, 0, 0, 0, 6, 1, 0, 8, 1, 1, 0, 2, 0, 0, 0, 3, 0, 0, 0, 3, 0, 0, 0, 3, 0, 0, 0]"
561,"[3, 0, 0, 0, 8, 1, 1, 0, 0, 24, 0, 0, 7, 0, 0, 0, 0, 22, 0, 0, 1, 22, 0, 0, 0, 28, 1, 0, 7, 0, 0, 0, 4, 378, 0, 0, 7, 0, 0, 0, 7, 0, 0, 0, 7, 0, 0, 0]"
562,"[8, 0, 1, 0, 1, 4, 0, 0, 3, 0, 0, 0, 4, 35, 0, 0, 7, 0, 0, 0, 7, 0, 0, 0, 7, 0, 0, 0, 7, 0, 0, 0, 7, 0, 0, 0, 7, 0, 0, 0, 7, 0, 0, 0, 7, 0, 0, 0]"
563,"[7, 0, 0, 0, 7, 0, 0, 0, 0, 20, 0, 0, 8, 1, 2, 0, 7, 0, 0, 0, 7, 0, 0, 0, 6, 38, 1, 0, 4, 387, 0, 0, 7, 0, 0, 0, 4, 24, 0, 0, 7, 0, 0, 0, 7, 0, 0, 0]"
564,"[6, 12, 4, 0, 5, 0, 0, 0, 4, 380, 0, 0, 7, 0, 0, 0, 7, 0, 0, 0, 7, 0, 0, 0, 7, 0, 0, 0, 7, 0, 0, 0, 7, 0, 0, 0, 1, 4, 0, 0, 7, 0, 0, 0, 7, 0, 0, 0]"
565,"[7, 0, 0, 0, 2, 0, 0, 0, 3, 0, 0, 0, 6, 56, 4, 0, 3, 0, 0, 0, 7, 0, 0, 0, 3, 0, 0, 0, 1, 4, 0, 0, 1, 4, 0, 0, 7, 0, 0, 0, 7, 0, 0, 0, 7, 0, 0, 0]"
566,"[0, 12, 1, 0, 4, 473, 0, 0, 7, 0, 0, 0, 7, 0, 0, 0, 7, 0, 0, 0, 1, 4, 0, 0, 4, 110, 0, 0, 7, 0, 0, 0, 7, 0, 0, 0, 1, 4, 0, 0, 4, 394, 0, 0, 7, 0, 0, 0]"
567,"[7, 0, 0, 0, 8, 1, 1, 0, 0, 15, 0, 0, 5, 0, 0, 0, 7, 0, 0, 0, 7, 0, 0, 0, 7, 0, 0, 0, 4, 397, 0, 0, 7, 0, 0, 0, 7, 0, 0, 0, 1, 4, 0, 0, 7, 0, 0, 0]"
568,"[8, 0, 2, 0, 3, 0, 0, 0, 7, 0, 0, 0, 1, 4, 0, 0, 2, 1, 0, 0, 6, 44, 4, 0, 7, 0, 0, 0, 8, 3, 1, 0, 4, 171, 0, 0, 7, 0, 0, 0, 7, 0, 0, 0, 7, 0, 0, 0]"
569,"[6, 48, 4, 0, 2, 1, 0, 0, 2, 1, 0, 0, 0, 29, 1, 0, 7, 0, 0, 0, 7, 0, 0, 0, 7, 0, 0, 0, 7, 0, 0, 0, 0, 27, 1, 0, 7, 0, 0, 0, 7, 0, 0, 0, 7, 0, 0, 0]"
570,"[4, 436, 0, 0, 7, 0, 0, 0, 7, 0, 0, 0, 7, 0, 0, 0, 4, 18, 0, 0, 4, 270, 0, 0, 1, 4, 0, 0, 7, 0, 0, 0, 7, 0, 0, 0, 7, 0, 0, 0, 7, 0, 0, 0, 7, 0, 0, 0]"
571,"[3, 0, 0, 0, 3, 0, 0, 0, 1, 4, 0, 0, 3, 0, 0, 0, 7, 0, 0, 0, 1, 4, 0, 0, 1, 4, 0, 0, 8, 3, 2, 0, 3, 0, 0, 0, 4, 421, 0, 0, 4, 211, 0, 0, 7, 0, 0, 0]"
572,"[0, 7, 0, 0, 4, 50, 0, 0, 1, 4, 0, 0, 7, 0, 0, 0, 7, 0, 0, 0, 7, 0, 0, 0, 7, 0, 0, 0, 7, 0, 0, 0, 7, 0, 0, 0, 7, 0, 0, 0, 7, 0, 0, 0, 7, 0, 0, 0]"
573,"[4, 172, 0, 0, 7, 0, 0, 0, 7, 0, 0, 0, 7, 0, 0, 0, 7, 0, 0, 0, 7, 0, 0, 0, 7, 0, 0, 0, 7, 0, 0, 0, 4, 83, 0, 0, 4, 377, 0, 0, 7, 0, 0, 0, 1, 4, 0, 0]"
574,"[3, 0, 0, 0, 7, 0, 0, 0, 7, 0, 0, 0, 0, 19, 0, 0, 7, 0, 0, 0, 2, 1, 0, 0, 8, 1, 1, 0, 8, 3, 1, 0, 7, 0, 0, 0, 3, 0, 0, 0, 0, 22, 1, 0, 5, 0, 0, 0]"
575,"[7, 0, 0, 0, 4, 172, 0, 0, 7, 0, 0, 0, 7, 0, 0, 0, 4, 8, 0, 0, 7, 0, 0, 0, 7, 0, 0, 0, 1, 4, 0, 0, 7, 0, 0, 0, 7, 0, 0, 0, 7, 0, 0, 0, 7, 0, 0, 0]"
576,"[1, 4, 0, 0, 4, 427, 0, 0, 7, 0, 0, 0, 7, 0, 0, 0, 7, 0, 0, 0, 7, 0, 0, 0, 7, 0, 0, 0, 7, 0, 0, 0, 7, 0, 0, 0, 4, 47, 0, 0, 4, 192, 0, 0, 7, 0, 0, 0]"
577,"[4, 355, 0, 0, 7, 0, 0, 0, 1, 4, 0, 0, 7, 0, 0, 0, 7, 0, 0, 0, 7, 0, 0, 0, 7, 0, 0, 0, 7, 0, 0, 0, 4, 472, 0, 0, 7, 0, 0, 0, 7, 0, 0, 0, 7, 0, 0, 0]"
578,"[7, 0, 0, 0, 8, 1, 2, 0, 4, 129, 0, 0, 7, 0, 0, 0, 7, 0, 0, 0, 4, 178, 0, 0, 4, 449, 0, 0, 7, 0, 0, 0, 4, 19, 0, 0, 7, 0, 0, 0, 7, 0, 0, 0, 7, 0, 0, 0]"
579,"[7, 0, 0, 0, 2, 1, 0, 0, 1, 4, 0, 0, 8, 2, 2, 0, 0, 27, 1, 0, 4, 448, 0, 0, 7, 0, 0, 0, 7, 0, 0, 0, 7, 0, 0, 0, 7, 0, 0, 0, 7, 0, 0, 0, 7, 0, 0, 0]"
580,"[1, 4, 0, 0, 2, 0, 0, 0, 1, 4, 0, 0, 3, 0, 0, 0, 2, 0, 0, 0, 0, 21, 0, 0, 3, 0, 0, 0, 4, 466, 0, 0, 7, 0, 0, 0, 7, 0, 0, 0, 7, 0, 0, 0, 7, 0, 0, 0]"
581,"[3, 0, 0, 0, 4, 398, 0, 0, 7, 0, 0, 0, 7, 0, 0, 0, 7, 0, 0, 0, 4, 57, 0, 0, 7, 0, 0, 0, 4, 102, 0, 0, 1, 4, 0, 0, 1, 4, 0, 0, 4, 472, 0, 0, 7, 0, 0, 0]"
582,"[1, 4, 0, 0, 1, 4, 0, 0, 6, 12, 4, 0, 3, 0, 0, 0, 0, 21, 0, 0, 7, 0, 0, 0, 1, 4, 0, 0, 4, 274, 0, 0, 7, 0, 0, 0, 7, 0, 0, 0, 7, 0, 0, 0, 7, 0, 0, 0]"
583,"[2, 1, 0, 0, 7, 0, 0, 0, 6, 48, 4, 0, 8, 2, 1, 0, 0, 4, 0, 0, 7, 0, 0, 0, 0, 15, 0, 0, 5, 0, 0, 0, 7, 0, 0, 0, 1, 4, 0, 0, 7, 0, 0, 0, 7, 0, 0, 0]"
584,"[7, 0, 0, 0, 0, 15, 1, 0, 4, 484, 0, 0, 7, 0, 0, 0, 7, 0, 0, 0, 7, 0, 0, 0, 1, 4, 0, 0, 7, 0, 0, 0, 7, 0, 0, 0, 7, 0, 0, 0, 7, 0, 0, 0, 7, 0, 0, 0]"
585,"[6, 52, 4, 0, 0, 29, 1, 0, 4, 23, 0, 0, 7, 0, 0, 0, 7, 0, 0, 0, 7, 0, 0, 0, 7, 0, 0, 0, 7, 0, 0, 0, 7, 0, 0, 0, 7, 0, 0, 0, 7, 0, 0, 0, 7, 0, 0, 0]"
586,"[1, 4, 0, 0, 0, 27, 0, 0, 1, 27, 0, 0, 4, 214, 0, 0, 7, 0, 0, 0, 7, 0, 0, 0, 7, 0, 0, 0, 7, 0, 0, 0, 4, 36, 0, 0, 7, 0, 0, 0, 7, 0, 0, 0, 7, 0, 0, 0]"
587,"[0, 7, 1, 0, 4, 276, 0, 0, 7, 0, 0, 0, 7, 0, 0, 0, 7, 0, 0, 0, 7, 0, 0, 0, 4, 338, 0, 0, 7, 0, 0, 0, 7, 0, 0, 0, 7, 0, 0, 0, 4, 237, 0, 0, 1, 4, 0, 0]"
588,"[2, 1, 0, 0, 1, 4, 0, 0, 6, 52, 4, 0, 7, 0, 0, 0, 0, 8, 1, 0, 7, 0, 0, 0, 4, 53, 0, 0, 7, 0, 0, 0, 7, 0, 0, 0, 4, 382, 0, 0, 4, 376, 0, 0, 7, 0, 0, 0]"
589,"[0, 19, 0, 0, 7, 0, 0, 0, 3, 0, 0, 0, 1, 4, 0, 0, 8, 1, 2, 0, 1, 4, 0, 0, 7, 0, 0, 0, 7, 0, 0, 0, 8, 2, 1, 0, 6, 21, 3, 0, 3, 0, 0, 0, 2, 1, 0, 0]"
590,"[6, 44, 4, 0, 0, 25, 0, 0, 0, 9, 1, 0, 4, 215, 0, 0, 7, 0, 0, 0, 1, 4, 0, 0, 7, 0, 0, 0, 7, 0, 0, 0, 7, 0, 0, 0, 7, 0, 0, 0, 7, 0, 0, 0, 4, 342, 0, 0]"
591,"[6, 58, 1, 0, 1, 58, 0, 0, 1, 4, 0, 0, 7, 0, 0, 0, 0, 24, 1, 0, 1, 24, 0, 0, 7, 0, 0, 0, 5, 0, 0, 0, 7, 0, 0, 0, 3, 0, 0, 0, 7, 0, 0, 0, 7, 0, 0, 0]"
592,"[2, 0, 0, 0, 7, 0, 0, 0, 7, 0, 0, 0, 4, 117, 0, 0, 7, 0, 0, 0, 7, 0, 0, 0, 7, 0, 0, 0, 7, 0, 0, 0, 7, 0, 0, 0, 7, 0, 0, 0, 7, 0, 0, 0, 7, 0, 0, 0]"
593,"[0, 19, 1, 0, 3, 0, 0, 0, 4, 368, 0, 0, 7, 0, 0, 0, 7, 0, 0, 0, 7, 0, 0, 0, 1, 4, 0, 0, 7, 0, 0, 0, 1, 4, 0, 0, 7, 0, 0, 0, 1, 4, 0, 0, 7, 0, 0, 0]"
594,"[5, 0, 0, 0, 4, 425, 0, 0, 7, 0, 0, 0, 7, 0, 0, 0, 1, 4, 0, 0, 7, 0, 0, 0, 7, 0, 0, 0, 7, 0, 0, 0, 7, 0, 0, 0, 1, 4, 0, 0, 7, 0, 0, 0, 7, 0, 0, 0]"
595,"[2, 1, 0, 0, 1, 4, 0, 0, 1, 4, 0, 0, 0, 12, 1, 0, 0, 13, 0, 0, 4, 162, 0, 0, 7, 0, 0, 0, 1, 4, 0, 0, 7, 0, 0, 0, 7, 0, 0, 0, 7, 0, 0, 0, 7, 0, 0, 0]"
596,"[3, 0, 0, 0, 1, 4, 0, 0, 3, 0, 0, 0, 2, 1, 0, 0, 8, 3, 1, 0, 7, 0, 0, 0, 6, 60, 4, 0, 7, 0, 0, 0, 8, 3, 2, 0, 0, 18, 1, 0, 7, 0, 0, 0, 7, 0, 0, 0]"
597,"[8, 0, 2, 0, 1, 4, 0, 0, 2, 1, 0, 0, 1, 4, 0, 0, 0, 15, 0, 0, 2, 0, 0, 0, 8, 2, 2, 0, 4, 130, 0, 0, 1, 4, 0, 0, 4, 448, 0, 0, 7, 0, 0, 0, 7, 0, 0, 0]"
598,"[4, 457, 0, 0, 1, 4, 0, 0, 7, 0, 0, 0, 7, 0, 0, 0, 7, 0, 0, 0, 7, 0, 0, 0, 7, 0, 0, 0, 7, 0, 0, 0, 7, 0, 0, 0, 1, 4, 0, 0, 7, 0, 0, 0, 7, 0, 0, 0]"
599,"[3, 0, 0, 0, 7, 0, 0, 0, 7, 0, 0, 0, 1, 4, 0, 0, 7, 0, 0, 0, 7, 0, 0, 0, 7, 0, 0, 0, 2, 1, 0, 0, 1, 4, 0, 0, 2, 0, 0, 0, 1, 4, 0, 0, 4, 177, 0, 0]"
600,"[7, 0, 0, 0, 7, 0, 0, 0, 1, 4, 0, 0, 7, 0, 0, 0, 3, 0, 0, 0, 3, 0, 0, 0, 3, 0, 0, 0, 1, 4, 0, 0, 2, 1, 0, 0, 7, 0, 0, 0, 2, 0, 0, 0, 6, 32, 4, 0]"
601,"[3, 0, 0, 0, 0, 16, 0, 0, 8, 2, 1, 0, 7, 0, 0, 0, 7, 0, 0, 0, 6, 33, 1, 0, 0, 29, 1, 0, 2, 0, 0, 0, 8, 2, 2, 0, 7, 0, 0, 0, 7, 0, 0, 0, 5, 0, 0, 0]"
602,"[6, 36, 1, 0, 3, 0, 0, 0, 7, 0, 0, 0, 4, 438, 0, 0, 7, 0, 0, 0, 1, 4, 0, 0, 7, 0, 0, 0, 7, 0, 0, 0, 7, 0, 0, 0, 7, 0, 0, 0, 7, 0, 0, 0, 7, 0, 0, 0]"
603,"[1, 4, 0, 0, 6, 44, 4, 0, 7, 0, 0, 0, 7, 0, 0, 0, 4, 280, 0, 0, 1, 4, 0, 0, 7, 0, 0, 0, 7, 0, 0, 0, 7, 0, 0, 0, 7, 0, 0, 0, 7, 0, 0, 0, 7, 0, 0, 0]"
604,"[6, 35, 1, 0, 7, 0, 0, 0, 3, 0, 0, 0, 1, 4, 0, 0, 1, 4, 0, 0, 2, 1, 0, 0, 7, 0, 0, 0, 1, 4, 0, 0, 7, 0, 0, 0, 3, 0, 0, 0, 3, 0, 0, 0, 4, 220, 0, 0]"
605,"[7, 0, 0, 0, 1, 4, 0, 0, 1, 4, 0, 0, 8, 2, 2, 0, 7, 0, 0, 0, 7, 0, 0, 0, 2, 0, 0, 0, 8, 1, 2, 0, 8, 3, 2, 0, 3, 0, 0, 0, 7, 0, 0, 0, 5, 0, 0, 0]"
606,"[4, 123, 0, 0, 1, 4, 0, 0, 4, 455, 0, 0, 7, 0, 0, 0, 7, 0, 0, 0, 7, 0, 0, 0, 7, 0, 0, 0, 7, 0, 0, 0, 7, 0, 0, 0, 7, 0, 0, 0, 7, 0, 0, 0, 4, 6, 0, 0]"
607,"[8, 0, 1, 0, 1, 4, 0, 0, 0, 20, 0, 0, 0, 24, 0, 0, 0, 9, 1, 0, 1, 9, 0, 0, 2, 0, 0, 0, 3, 0, 0, 0, 3, 0, 0, 0, 7, 0, 0, 0, 8, 2, 2, 0, 0, 21, 0, 0]"
608,"[3, 0, 0, 0, 7, 0, 0, 0, 3, 0, 0, 0, 3, 0, 0, 0, 0, 16, 1, 0, 3, 0, 0, 0, 6, 48, 3, 0, 2, 0, 0, 0, 3, 0, 0, 0, 4, 399, 0, 0, 4, 125, 0, 0, 7, 0, 0, 0]"
609,"[0, 21, 1, 0, 1, 21, 0, 0, 7, 0, 0, 0, 1, 4, 0, 0, 3, 0, 0, 0, 3, 0, 0, 0, 7, 0, 0, 0, 1, 4, 0, 0, 1, 4, 0, 0, 2, 1, 0, 0, 1, 4, 0, 0, 4, 410, 0, 0]"
610,"[8, 0, 2, 0, 2, 1, 0, 0, 4, 46, 0, 0, 7, 0, 0, 0, 7, 0, 0, 0, 7, 0, 0, 0, 7, 0, 0, 0, 7, 0, 0, 0, 7, 0, 0, 0, 7, 0, 0, 0, 7, 0, 0, 0, 4, 363, 0, 0]"
611,"[1, 4, 0, 0, 6, 28, 4, 0, 1, 28, 0, 0, 8, 2, 2, 0, 4, 125, 0, 0, 1, 4, 0, 0, 7, 0, 0, 0, 1, 4, 0, 0, 7, 0, 0, 0, 7, 0, 0, 0, 7, 0, 0, 0, 7, 0, 0, 0]"
612,"[7, 0, 0, 0, 5, 0, 0, 0, 7, 0, 0, 0, 1, 4, 0, 0, 7, 0, 0, 0, 7, 0, 0, 0, 7, 0, 0, 0, 7, 0, 0, 0, 7, 0, 0, 0, 4, 417, 0, 0, 7, 0, 0, 0, 4, 302, 0, 0]"
613,"[7, 0, 0, 0, 5, 0, 0, 0, 7, 0, 0, 0, 3, 0, 0, 0, 1, 4, 0, 0, 8, 1, 1, 0, 4, 249, 0, 0, 7, 0, 0, 0, 1, 4, 0, 0, 7, 0, 0, 0, 1, 4, 0, 0, 1, 4, 0, 0]"
614,"[3, 0, 0, 0, 8, 1, 1, 0, 3, 0, 0, 0, 3, 0, 0, 0, 7, 0, 0, 0, 4, 42, 0, 0, 7, 0, 0, 0, 1, 4, 0, 0, 7, 0, 0, 0, 7, 0, 0, 0, 7, 0, 0, 0, 4, 136, 0, 0]"
615,"[7, 0, 0, 0, 7, 0, 0, 0, 7, 0, 0, 0, 3, 0, 0, 0, 7, 0, 0, 0, 2, 0, 0, 0, 7, 0, 0, 0, 8, 1, 2, 0, 2, 1, 0, 0, 2, 0, 0, 0, 4, 195, 0, 0, 7, 0, 0, 0]"
616,"[8, 0, 1, 0, 2, 1, 0, 0, 6, 32, 4, 0, 7, 0, 0, 0, 2, 1, 0, 0, 8, 2, 2, 0, 8, 1, 1, 0, 1, 4, 0, 0, 1, 4, 0, 0, 5, 0, 0, 0, 7, 0, 0, 0, 3, 0, 0, 0]"
617,"[2, 1, 0, 0, 6, 22, 2, 0, 2, 1, 0, 0, 5, 0, 0, 0, 7, 0, 0, 0, 7, 0, 0, 0, 7, 0, 0, 0, 7, 0, 0, 0, 7, 0, 0, 0, 3, 0, 0, 0, 7, 0, 0, 0, 7, 0, 0, 0]"
618,"[8, 0, 2, 0, 5, 0, 0, 0, 7, 0, 0, 0, 7, 0, 0, 0, 7, 0, 0, 0, 7, 0, 0, 0, 7, 0, 0, 0, 8, 3, 2, 0, 7, 0, 0, 0, 8, 3, 2, 0, 7, 0, 0, 0, 1, 4, 0, 0]"
619,"[2, 1, 0, 0, 0, 4, 0, 0, 8, 1, 1, 0, 7, 0, 0, 0, 7, 0, 0, 0, 7, 0, 0, 0, 1, 4, 0, 0, 4, 438, 0, 0, 1, 4, 0, 0, 7, 0, 0, 0, 1, 4, 0, 0, 4, 76, 0, 0]"
620,"[0, 14, 1, 0, 2, 0, 0, 0, 0, 19, 1, 0, 7, 0, 0, 0, 0, 19, 0, 0, 7, 0, 0, 0, 0, 21, 1, 0, 7, 0, 0, 0, 0, 5, 1, 0, 1, 5, 0, 0, 5, 0, 0, 0, 4, 78, 0, 0]"
621,"[2, 0, 0, 0, 6, 21, 3, 0, 7, 0, 0, 0, 1, 4, 0, 0, 0, 20, 0, 0, 4, 361, 0, 0, 7, 0, 0, 0, 7, 0, 0, 0, 4, 310, 0, 0, 7, 0, 0, 0, 7, 0, 0, 0, 7, 0, 0, 0]"
622,"[1, 4, 0, 0, 0, 30, 0, 0, 2, 1, 0, 0, 3, 0, 0, 0, 8, 1, 1, 0, 2, 0, 0, 0, 6, 8, 4, 0, 4, 450, 0, 0, 1, 4, 0, 0, 7, 0, 0, 0, 7, 0, 0, 0, 1, 4, 0, 0]"
623,"[2, 1, 0, 0, 7, 0, 0, 0, 5, 0, 0, 0, 4, 74, 0, 0, 7, 0, 0, 0, 7, 0, 0, 0, 1, 4, 0, 0, 7, 0, 0, 0, 7, 0, 0, 0, 7, 0, 0, 0, 4, 360, 0, 0, 7, 0, 0, 0]"
624,"[4, 176, 0, 0, 7, 0, 0, 0, 7, 0, 0, 0, 7, 0, 0, 0, 7, 0, 0, 0, 7, 0, 0, 0, 7, 0, 0, 0, 7, 0, 0, 0, 1, 4, 0, 0, 4, 429, 0, 0, 7, 0, 0, 0, 7, 0, 0, 0]"
625,"[4, 382, 0, 0, 7, 0, 0, 0, 4, 273, 0, 0, 7, 0, 0, 0, 7, 0, 0, 0, 7, 0, 0, 0, 7, 0, 0, 0, 7, 0, 0, 0, 7, 0, 0, 0, 7, 0, 0, 0, 1, 4, 0, 0, 7, 0, 0, 0]"
626,"[2, 0, 0, 0, 8, 1, 2, 0, 0, 31, 0, 0, 7, 0, 0, 0, 6, 39, 3, 0, 4, 215, 0, 0, 1, 4, 0, 0, 7, 0, 0, 0, 7, 0, 0, 0, 7, 0, 0, 0, 7, 0, 0, 0, 7, 0, 0, 0]"
627,"[6, 56, 4, 0, 4, 329, 0, 0, 7, 0, 0, 0, 7, 0, 0, 0, 7, 0, 0, 0, 7, 0, 0, 0, 4, 228, 0, 0, 7, 0, 0, 0, 7, 0, 0, 0, 1, 4, 0, 0, 1, 4, 0, 0, 7, 0, 0, 0]"
628,"[6, 52, 4, 0, 7, 0, 0, 0, 4, 331, 0, 0, 7, 0, 0, 0, 1, 4, 0, 0, 7, 0, 0, 0, 7, 0, 0, 0, 7, 0, 0, 0, 4, 229, 0, 0, 1, 4, 0, 0, 7, 0, 0, 0, 7, 0, 0, 0]"
629,"[1, 4, 0, 0, 6, 16, 4, 0, 8, 2, 2, 0, 1, 4, 0, 0, 0, 5, 0, 0, 0, 7, 0, 0, 7, 0, 0, 0, 7, 0, 0, 0, 7, 0, 0, 0, 8, 2, 2, 0, 7, 0, 0, 0, 0, 10, 0, 0]"
630,"[3, 0, 0, 0, 4, 476, 0, 0, 7, 0, 0, 0, 7, 0, 0, 0, 7, 0, 0, 0, 7, 0, 0, 0, 4, 93, 0, 0, 7, 0, 0, 0, 7, 0, 0, 0, 7, 0, 0, 0, 7, 0, 0, 0, 7, 0, 0, 0]"
631,"[3, 0, 0, 0, 0, 29, 1, 0, 6, 60, 4, 0, 7, 0, 0, 0, 7, 0, 0, 0, 3, 0, 0, 0, 7, 0, 0, 0, 0, 24, 1, 0, 3, 0, 0, 0, 0, 20, 0, 0, 2, 0, 0, 0, 1, 4, 0, 0]"
632,"[3, 0, 0, 0, 2, 0, 0, 0, 8, 2, 1, 0, 4, 57, 0, 0, 1, 4, 0, 0, 7, 0, 0, 0, 7, 0, 0, 0, 7, 0, 0, 0, 7, 0, 0, 0, 7, 0, 0, 0, 1, 4, 0, 0, 4, 310, 0, 0]"
633,"[3, 0, 0, 0, 2, 0, 0, 0, 2, 1, 0, 0, 0, 10, 1, 0, 2, 0, 0, 0, 0, 29, 1, 0, 8, 1, 2, 0, 3, 0, 0, 0, 8, 2, 2, 0, 1, 4, 0, 0, 7, 0, 0, 0, 4, 479, 0, 0]"
634,"[4, 450, 0, 0, 7, 0, 0, 0, 1, 4, 0, 0, 7, 0, 0, 0, 7, 0, 0, 0, 7, 0, 0, 0, 7, 0, 0, 0, 4, 295, 0, 0, 7, 0, 0, 0, 7, 0, 0, 0, 7, 0, 0, 0, 7, 0, 0, 0]"
635,"[1, 4, 0, 0, 7, 0, 0, 0, 8, 2, 1, 0, 2, 0, 0, 0, 6, 60, 4, 0, 7, 0, 0, 0, 3, 0, 0, 0, 8, 1, 2, 0, 1, 4, 0, 0, 7, 0, 0, 0, 1, 4, 0, 0, 1, 4, 0, 0]"
636,"[1, 4, 0, 0, 0, 21, 0, 0, 6, 14, 2, 0, 7, 0, 0, 0, 0, 20, 1, 0, 3, 0, 0, 0, 2, 0, 0, 0, 4, 260, 0, 0, 4, 30, 0, 0, 7, 0, 0, 0, 1, 4, 0, 0, 7, 0, 0, 0]"
637,"[7, 0, 0, 0, 0, 22, 0, 0, 1, 22, 0, 0, 4, 361, 0, 0, 7, 0, 0, 0, 7, 0, 0, 0, 7, 0, 0, 0, 7, 0, 0, 0, 4, 436, 0, 0, 7, 0, 0, 0, 7, 0, 0, 0, 7, 0, 0, 0]"
638,"[4, 157, 0, 0, 7, 0, 0, 0, 7, 0, 0, 0, 7, 0, 0, 0, 7, 0, 0, 0, 7, 0, 0, 0, 7, 0, 0, 0, 7, 0, 0, 0, 7, 0, 0, 0, 7, 0, 0, 0, 7, 0, 0, 0, 7, 0, 0, 0]"
639,"[3, 0, 0, 0, 6, 26, 2, 0, 1, 26, 0, 0, 1, 4, 0, 0, 2, 0, 0, 0, 3, 0, 0, 0, 3, 0, 0, 0, 7, 0, 0, 0, 4, 400, 0, 0, 4, 122, 0, 0, 7, 0, 0, 0, 7, 0, 0, 0]"
640,"[0, 5, 1, 0, 6, 8, 4, 0, 5, 0, 0, 0, 7, 0, 0, 0, 1, 4, 0, 0, 3, 0, 0, 0, 8, 3, 2, 0, 7, 0, 0, 0, 3, 0, 0, 0, 7, 0, 0, 0, 1, 4, 0, 0, 8, 3, 2, 0]"
641,"[7, 0, 0, 0, 6, 60, 4, 0, 7, 0, 0, 0, 1, 4, 0, 0, 1, 4, 0, 0, 2, 1, 0, 0, 3, 0, 0, 0, 4, 57, 0, 0, 4, 93, 0, 0, 7, 0, 0, 0, 4, 60, 0, 0, 1, 4, 0, 0]"
642,"[7, 0, 0, 0, 3, 0, 0, 0, 7, 0, 0, 0, 6, 48, 4, 0, 1, 48, 0, 0, 5, 0, 0, 0, 7, 0, 0, 0, 8, 2, 1, 0, 7, 0, 0, 0, 7, 0, 0, 0, 4, 354, 0, 0, 7, 0, 0, 0]"
643,"[8, 0, 2, 0, 0, 19, 1, 0, 8, 2, 1, 0, 1, 4, 0, 0, 2, 0, 0, 0, 4, 496, 0, 0, 7, 0, 0, 0, 7, 0, 0, 0, 7, 0, 0, 0, 7, 0, 0, 0, 7, 0, 0, 0, 7, 0, 0, 0]"
644,"[3, 0, 0, 0, 7, 0, 0, 0, 7, 0, 0, 0, 8, 3, 2, 0, 6, 56, 4, 0, 4, 172, 0, 0, 7, 0, 0, 0, 7, 0, 0, 0, 7, 0, 0, 0, 7, 0, 0, 0, 7, 0, 0, 0, 7, 0, 0, 0]"
645,"[8, 0, 2, 0, 7, 0, 0, 0, 2, 0, 0, 0, 6, 9, 3, 0, 3, 0, 0, 0, 7, 0, 0, 0, 0, 18, 1, 0, 8, 1, 1, 0, 2, 0, 0, 0, 2, 0, 0, 0, 7, 0, 0, 0, 1, 4, 0, 0]"
646,"[7, 0, 0, 0, 5, 0, 0, 0, 4, 97, 0, 0, 7, 0, 0, 0, 7, 0, 0, 0, 7, 0, 0, 0, 7, 0, 0, 0, 7, 0, 0, 0, 7, 0, 0, 0, 4, 102, 0, 0, 7, 0, 0, 0, 7, 0, 0, 0]"
647,"[0, 29, 1, 0, 7, 0, 0, 0, 7, 0, 0, 0, 3, 0, 0, 0, 7, 0, 0, 0, 7, 0, 0, 0, 2, 1, 0, 0, 6, 60, 2, 0, 1, 60, 0, 0, 1, 4, 0, 0, 7, 0, 0, 0, 3, 0, 0, 0]"
648,"[0, 13, 1, 0, 7, 0, 0, 0, 3, 0, 0, 0, 7, 0, 0, 0, 1, 4, 0, 0, 0, 8, 0, 0, 8, 3, 1, 0, 1, 4, 0, 0, 7, 0, 0, 0, 3, 0, 0, 0, 1, 4, 0, 0, 3, 0, 0, 0]"
649,"[7, 0, 0, 0, 2, 1, 0, 0, 7, 0, 0, 0, 8, 2, 2, 0, 4, 40, 0, 0, 7, 0, 0, 0, 7, 0, 0, 0, 7, 0, 0, 0, 7, 0, 0, 0, 7, 0, 0, 0, 4, 50, 0, 0, 7, 0, 0, 0]"
650,"[2, 1, 0, 0, 2, 1, 0, 0, 4, 387, 0, 0, 7, 0, 0, 0, 7, 0, 0, 0, 7, 0, 0, 0, 7, 0, 0, 0, 7, 0, 0, 0, 7, 0, 0, 0, 7, 0, 0, 0, 7, 0, 0, 0, 1, 4, 0, 0]"
651,"[8, 0, 1, 0, 8, 1, 2, 0, 6, 52, 4, 0, 7, 0, 0, 0, 0, 18, 0, 0, 2, 0, 0, 0, 8, 3, 1, 0, 4, 400, 0, 0, 7, 0, 0, 0, 7, 0, 0, 0, 4, 311, 0, 0, 7, 0, 0, 0]"
652,"[0, 12, 0, 0, 3, 0, 0, 0, 7, 0, 0, 0, 1, 4, 0, 0, 3, 0, 0, 0, 6, 16, 4, 0, 7, 0, 0, 0, 7, 0, 0, 0, 7, 0, 0, 0, 8, 1, 1, 0, 7, 0, 0, 0, 0, 4, 1, 0]"
653,"[7, 0, 0, 0, 0, 6, 0, 0, 3, 0, 0, 0, 8, 1, 1, 0, 4, 497, 0, 0, 7, 0, 0, 0, 7, 0, 0, 0, 4, 283, 0, 0, 7, 0, 0, 0, 7, 0, 0, 0, 7, 0, 0, 0, 7, 0, 0, 0]"
654,"[1, 4, 0, 0, 8, 1, 2, 0, 1, 4, 0, 0, 6, 11, 1, 0, 1, 11, 0, 0, 4, 260, 0, 0, 7, 0, 0, 0, 4, 458, 0, 0, 7, 0, 0, 0, 7, 0, 0, 0, 7, 0, 0, 0, 7, 0, 0, 0]"
655,"[0, 6, 0, 0, 4, 179, 0, 0, 7, 0, 0, 0, 7, 0, 0, 0, 7, 0, 0, 0, 7, 0, 0, 0, 7, 0, 0, 0, 7, 0, 0, 0, 7, 0, 0, 0, 1, 4, 0, 0, 7, 0, 0, 0, 7, 0, 0, 0]"
656,"[4, 174, 0, 0, 7, 0, 0, 0, 7, 0, 0, 0, 7, 0, 0, 0, 4, 276, 0, 0, 4, 456, 0, 0, 7, 0, 0, 0, 7, 0, 0, 0, 7, 0, 0, 0, 7, 0, 0, 0, 7, 0, 0, 0, 7, 0, 0, 0]"
657,"[2, 0, 0, 0, 8, 1, 2, 0, 7, 0, 0, 0, 5, 0, 0, 0, 7, 0, 0, 0, 8, 2, 1, 0, 3, 0, 0, 0, 7, 0, 0, 0, 4, 315, 0, 0, 7, 0, 0, 0, 7, 0, 0, 0, 7, 0, 0, 0]"
658,"[3, 0, 0, 0, 6, 40, 4, 0, 1, 40, 0, 0, 8, 3, 1, 0, 2, 1, 0, 0, 4, 256, 0, 0, 7, 0, 0, 0, 1, 4, 0, 0, 7, 0, 0, 0, 7, 0, 0, 0, 7, 0, 0, 0, 7, 0, 0, 0]"
659,"[6, 11, 1, 0, 2, 1, 0, 0, 7, 0, 0, 0, 2, 0, 0, 0, 0, 29, 0, 0, 8, 3, 1, 0, 7, 0, 0, 0, 8, 3, 1, 0, 7, 0, 0, 0, 8, 1, 1, 0, 7, 0, 0, 0, 1, 4, 0, 0]"
660,"[7, 0, 0, 0, 7, 0, 0, 0, 3, 0, 0, 0, 8, 2, 1, 0, 8, 1, 2, 0, 0, 24, 0, 0, 2, 0, 0, 0, 7, 0, 0, 0, 8, 1, 1, 0, 6, 8, 4, 0, 0, 28, 1, 0, 2, 0, 0, 0]"
661,"[6, 16, 4, 0, 2, 1, 0, 0, 0, 10, 1, 0, 7, 0, 0, 0, 2, 0, 0, 0, 7, 0, 0, 0, 1, 4, 0, 0, 7, 0, 0, 0, 7, 0, 0, 0, 1, 4, 0, 0, 3, 0, 0, 0, 0, 14, 0, 0]"
662,"[0, 6, 0, 0, 3, 0, 0, 0, 1, 4, 0, 0, 7, 0, 0, 0, 3, 0, 0, 0, 3, 0, 0, 0, 6, 25, 1, 0, 0, 29, 1, 0, 8, 1, 1, 0, 0, 6, 1, 0, 3, 0, 0, 0, 7, 0, 0, 0]"
663,"[4, 353, 0, 0, 7, 0, 0, 0, 7, 0, 0, 0, 7, 0, 0, 0, 1, 4, 0, 0, 7, 0, 0, 0, 4, 442, 0, 0, 7, 0, 0, 0, 7, 0, 0, 0, 7, 0, 0, 0, 4, 371, 0, 0, 1, 4, 0, 0]"
664,"[2, 1, 0, 0, 6, 44, 4, 0, 0, 4, 0, 0, 3, 0, 0, 0, 7, 0, 0, 0, 4, 201, 0, 0, 7, 0, 0, 0, 7, 0, 0, 0, 1, 4, 0, 0, 7, 0, 0, 0, 7, 0, 0, 0, 1, 4, 0, 0]"
665,"[7, 0, 0, 0, 3, 0, 0, 0, 7, 0, 0, 0, 4, 458, 0, 0, 7, 0, 0, 0, 7, 0, 0, 0, 7, 0, 0, 0, 1, 4, 0, 0, 7, 0, 0, 0, 7, 0, 0, 0, 4, 12, 0, 0, 7, 0, 0, 0]"
666,"[1, 4, 0, 0, 3, 0, 0, 0, 1, 4, 0, 0, 6, 60, 4, 0, 7, 0, 0, 0, 8, 1, 1, 0, 3, 0, 0, 0, 3, 0, 0, 0, 8, 1, 1, 0, 7, 0, 0, 0, 0, 6, 1, 0, 3, 0, 0, 0]"
667,"[6, 44, 4, 0, 2, 1, 0, 0, 4, 483, 0, 0, 7, 0, 0, 0, 7, 0, 0, 0, 7, 0, 0, 0, 7, 0, 0, 0, 4, 170, 0, 0, 7, 0, 0, 0, 7, 0, 0, 0, 7, 0, 0, 0, 7, 0, 0, 0]"
668,"[7, 0, 0, 0, 8, 1, 1, 0, 8, 2, 1, 0, 6, 56, 4, 0, 4, 228, 0, 0, 7, 0, 0, 0, 7, 0, 0, 0, 7, 0, 0, 0, 7, 0, 0, 0, 7, 0, 0, 0, 7, 0, 0, 0, 7, 0, 0, 0]"
669,"[6, 46, 2, 0, 1, 46, 0, 0, 0, 16, 0, 0, 4, 333, 0, 0, 7, 0, 0, 0, 7, 0, 0, 0, 7, 0, 0, 0, 7, 0, 0, 0, 7, 0, 0, 0, 7, 0, 0, 0, 7, 0, 0, 0, 7, 0, 0, 0]"
670,"[8, 0, 2, 0, 7, 0, 0, 0, 6, 60, 2, 0, 1, 60, 0, 0, 0, 16, 0, 0, 0, 9, 0, 0, 2, 1, 0, 0, 1, 4, 0, 0, 7, 0, 0, 0, 1, 4, 0, 0, 7, 0, 0, 0, 8, 3, 1, 0]"
671,"[2, 0, 0, 0, 2, 1, 0, 0, 4, 270, 0, 0, 7, 0, 0, 0, 7, 0, 0, 0, 7, 0, 0, 0, 7, 0, 0, 0, 1, 4, 0, 0, 1, 4, 0, 0, 1, 4, 0, 0, 7, 0, 0, 0, 7, 0, 0, 0]"
672,"[1, 4, 0, 0, 8, 1, 2, 0, 4, 363, 0, 0, 4, 502, 0, 0, 7, 0, 0, 0, 7, 0, 0, 0, 7, 0, 0, 0, 7, 0, 0, 0, 7, 0, 0, 0, 7, 0, 0, 0, 1, 4, 0, 0, 7, 0, 0, 0]"
673,"[7, 0, 0, 0, 1, 4, 0, 0, 1, 4, 0, 0, 8, 1, 1, 0, 6, 24, 1, 0, 1, 24, 0, 0, 8, 1, 2, 0, 7, 0, 0, 0, 1, 4, 0, 0, 3, 0, 0, 0, 7, 0, 0, 0, 7, 0, 0, 0]"
674,"[7, 0, 0, 0, 1, 4, 0, 0, 7, 0, 0, 0, 7, 0, 0, 0, 3, 0, 0, 0, 6, 52, 4, 0, 8, 2, 2, 0, 3, 0, 0, 0, 3, 0, 0, 0, 8, 1, 2, 0, 0, 13, 1, 0, 2, 1, 0, 0]"
675,"[6, 62, 2, 0, 0, 26, 0, 0, 7, 0, 0, 0, 7, 0, 0, 0, 1, 4, 0, 0, 7, 0, 0, 0, 1, 4, 0, 0, 2, 0, 0, 0, 7, 0, 0, 0, 2, 1, 0, 0, 4, 463, 0, 0, 7, 0, 0, 0]"
676,"[7, 0, 0, 0, 1, 4, 0, 0, 2, 1, 0, 0, 3, 0, 0, 0, 1, 4, 0, 0, 2, 0, 0, 0, 8, 3, 1, 0, 6, 32, 4, 0, 7, 0, 0, 0, 0, 13, 1, 0, 8, 3, 2, 0, 4, 399, 0, 0]"
677,"[2, 1, 0, 0, 8, 1, 1, 0, 7, 0, 0, 0, 8, 3, 2, 0, 7, 0, 0, 0, 7, 0, 0, 0, 8, 3, 1, 0, 7, 0, 0, 0, 5, 0, 0, 0, 4, 83, 0, 0, 7, 0, 0, 0, 7, 0, 0, 0]"
678,"[7, 0, 0, 0, 8, 1, 2, 0, 8, 2, 1, 0, 7, 0, 0, 0, 6, 26, 1, 0, 1, 26, 0, 0, 1, 4, 0, 0, 1, 4, 0, 0, 5, 0, 0, 0, 4, 242, 0, 0, 7, 0, 0, 0, 4, 440, 0, 0]"
679,"[7, 0, 0, 0, 6, 16, 4, 0, 1, 16, 0, 0, 7, 0, 0, 0, 8, 3, 1, 0, 0, 30, 0, 0, 2, 1, 0, 0, 7, 0, 0, 0, 4, 250, 0, 0, 7, 0, 0, 0, 4, 137, 0, 0, 7, 0, 0, 0]"
680,"[6, 36, 4, 0, 8, 1, 2, 0, 7, 0, 0, 0, 2, 0, 0, 0, 7, 0, 0, 0, 7, 0, 0, 0, 7, 0, 0, 0, 8, 3, 1, 0, 1, 4, 0, 0, 8, 2, 1, 0, 3, 0, 0, 0, 1, 4, 0, 0]"
681,"[0, 22, 1, 0, 2, 1, 0, 0, 1, 4, 0, 0, 1, 4, 0, 0, 2, 1, 0, 0, 7, 0, 0, 0, 8, 2, 2, 0, 7, 0, 0, 0, 6, 56, 4, 0, 1, 56, 0, 0, 0, 4, 0, 0, 0, 24, 0, 0]"
682,"[8, 0, 1, 0, 4, 25, 0, 0, 7, 0, 0, 0, 7, 0, 0, 0, 7, 0, 0, 0, 7, 0, 0, 0, 7, 0, 0, 0, 7, 0, 0, 0, 1, 4, 0, 0, 4, 392, 0, 0, 7, 0, 0, 0, 1, 4, 0, 0]"
683,"[0, 23, 1, 0, 2, 1, 0, 0, 7, 0, 0, 0, 4, 187, 0, 0, 7, 0, 0, 0, 7, 0, 0, 0, 7, 0, 0, 0, 7, 0, 0, 0, 1, 4, 0, 0, 7, 0, 0, 0, 7, 0, 0, 0, 7, 0, 0, 0]"
684,"[7, 0, 0, 0, 2, 0, 0, 0, 1, 4, 0, 0, 8, 1, 2, 0, 7, 0, 0, 0, 2, 1, 0, 0, 2, 1, 0, 0, 1, 4, 0, 0, 6, 40, 4, 0, 7, 0, 0, 0, 3, 0, 0, 0, 7, 0, 0, 0]"
685,"[6, 28, 4, 0, 7, 0, 0, 0, 3, 0, 0, 0, 1, 4, 0, 0, 0, 30, 0, 0, 5, 0, 0, 0, 7, 0, 0, 0, 7, 0, 0, 0, 3, 0, 0, 0, 7, 0, 0, 0, 4, 329, 0, 0, 7, 0, 0, 0]"
686,"[1, 4, 0, 0, 4, 110, 0, 0, 7, 0, 0, 0, 4, 15, 0, 0, 7, 0, 0, 0, 7, 0, 0, 0, 7, 0, 0, 0, 7, 0, 0, 0, 7, 0, 0, 0, 7, 0, 0, 0, 7, 0, 0, 0, 7, 0, 0, 0]"
687,"[7, 0, 0, 0, 0, 13, 0, 0, 7, 0, 0, 0, 1, 4, 0, 0, 4, 204, 0, 0, 4, 364, 0, 0, 7, 0, 0, 0, 7, 0, 0, 0, 7, 0, 0, 0, 7, 0, 0, 0, 4, 456, 0, 0, 1, 4, 0, 0]"
688,"[0, 21, 0, 0, 8, 1, 2, 0, 4, 403, 0, 0, 7, 0, 0, 0, 7, 0, 0, 0, 7, 0, 0, 0, 4, 505, 0, 0, 7, 0, 0, 0, 7, 0, 0, 0, 7, 0, 0, 0, 7, 0, 0, 0, 7, 0, 0, 0]"
689,"[1, 4, 0, 0, 7, 0, 0, 0, 2, 1, 0, 0, 7, 0, 0, 0, 7, 0, 0, 0, 8, 1, 2, 0, 8, 1, 2, 0, 0, 30, 1, 0, 8, 1, 1, 0, 1, 4, 0, 0, 7, 0, 0, 0, 2, 1, 0, 0]"
690,"[2, 1, 0, 0, 7, 0, 0, 0, 4, 250, 0, 0, 1, 4, 0, 0, 7, 0, 0, 0, 4, 485, 0, 0, 7, 0, 0, 0, 4, 244, 0, 0, 7, 0, 0, 0, 4, 121, 0, 0, 1, 4, 0, 0, 7, 0, 0, 0]"
691,"[0, 11, 0, 0, 0, 11, 1, 0, 4, 437, 0, 0, 7, 0, 0, 0, 1, 4, 0, 0, 7, 0, 0, 0, 7, 0, 0, 0, 7, 0, 0, 0, 7, 0, 0, 0, 7, 0, 0, 0, 7, 0, 0, 0, 7, 0, 0, 0]"
692,"[4, 83, 0, 0, 7, 0, 0, 0, 4, 322, 0, 0, 7, 0, 0, 0, 7, 0, 0, 0, 7, 0, 0, 0, 1, 4, 0, 0, 7, 0, 0, 0, 7, 0, 0, 0, 7, 0, 0, 0, 1, 4, 0, 0, 7, 0, 0, 0]"
693,"[7, 0, 0, 0, 3, 0, 0, 0, 0, 23, 0, 0, 1, 23, 0, 0, 3, 0, 0, 0, 7, 0, 0, 0, 6, 52, 4, 0, 4, 415, 0, 0, 7, 0, 0, 0, 7, 0, 0, 0, 7, 0, 0, 0, 7, 0, 0, 0]"
694,"[8, 0, 2, 0, 2, 0, 0, 0, 8, 2, 1, 0, 7, 0, 0, 0, 4, 177, 0, 0, 7, 0, 0, 0, 7, 0, 0, 0, 7, 0, 0, 0, 7, 0, 0, 0, 1, 4, 0, 0, 7, 0, 0, 0, 7, 0, 0, 0]"
695,"[1, 4, 0, 0, 5, 0, 0, 0, 7, 0, 0, 0, 7, 0, 0, 0, 3, 0, 0, 0, 7, 0, 0, 0, 7, 0, 0, 0, 7, 0, 0, 0, 7, 0, 0, 0, 7, 0, 0, 0, 7, 0, 0, 0, 7, 0, 0, 0]"
696,"[1, 4, 0, 0, 6, 21, 3, 0, 7, 0, 0, 0, 5, 0, 0, 0, 4, 124, 0, 0, 7, 0, 0, 0, 7, 0, 0, 0, 7, 0, 0, 0, 7, 0, 0, 0, 1, 4, 0, 0, 4, 220, 0, 0, 7, 0, 0, 0]"
697,"[7, 0, 0, 0, 6, 52, 4, 0, 3, 0, 0, 0, 2, 1, 0, 0, 1, 4, 0, 0, 1, 4, 0, 0, 1, 4, 0, 0, 8, 2, 1, 0, 0, 18, 0, 0, 2, 0, 0, 0, 1, 4, 0, 0, 3, 0, 0, 0]"
698,"[7, 0, 0, 0, 7, 0, 0, 0, 3, 0, 0, 0, 7, 0, 0, 0, 3, 0, 0, 0, 2, 1, 0, 0, 2, 1, 0, 0, 1, 4, 0, 0, 8, 1, 2, 0, 1, 4, 0, 0, 7, 0, 0, 0, 0, 4, 0, 0]"
699,"[0, 5, 0, 0, 2, 0, 0, 0, 4, 459, 0, 0, 7, 0, 0, 0, 7, 0, 0, 0, 1, 4, 0, 0, 7, 0, 0, 0, 7, 0, 0, 0, 7, 0, 0, 0, 7, 0, 0, 0, 7, 0, 0, 0, 7, 0, 0, 0]"
700,"[5, 0, 0, 0, 4, 254, 0, 0, 7, 0, 0, 0, 7, 0, 0, 0, 1, 4, 0, 0, 4, 387, 0, 0, 4, 111, 0, 0, 1, 4, 0, 0, 7, 0, 0, 0, 7, 0, 0, 0, 7, 0, 0, 0, 7, 0, 0, 0]"
701,"[1, 4, 0, 0, 5, 0, 0, 0, 7, 0, 0, 0, 1, 4, 0, 0, 7, 0, 0, 0, 7, 0, 0, 0, 3, 0, 0, 0, 8, 1, 1, 0, 1, 4, 0, 0, 4, 97, 0, 0, 7, 0, 0, 0, 7, 0, 0, 0]"
702,"[7, 0, 0, 0, 2, 1, 0, 0, 0, 9, 0, 0, 6, 12, 4, 0, 8, 3, 2, 0, 4, 90, 0, 0, 7, 0, 0, 0, 4, 433, 0, 0, 7, 0, 0, 0, 7, 0, 0, 0, 7, 0, 0, 0, 7, 0, 0, 0]"
703,"[2, 1, 0, 0, 4, 74, 0, 0, 7, 0, 0, 0, 7, 0, 0, 0, 7, 0, 0, 0, 7, 0, 0, 0, 7, 0, 0, 0, 7, 0, 0, 0, 4, 401, 0, 0, 7, 0, 0, 0, 4, 11, 0, 0, 1, 4, 0, 0]"
704,"[3, 0, 0, 0, 6, 8, 4, 0, 3, 0, 0, 0, 8, 2, 1, 0, 2, 0, 0, 0, 2, 1, 0, 0, 7, 0, 0, 0, 7, 0, 0, 0, 8, 1, 2, 0, 1, 4, 0, 0, 1, 4, 0, 0, 7, 0, 0, 0]"
705,"[3, 0, 0, 0, 1, 4, 0, 0, 4, 19, 0, 0, 1, 4, 0, 0, 7, 0, 0, 0, 7, 0, 0, 0, 7, 0, 0, 0, 7, 0, 0, 0, 7, 0, 0, 0, 7, 0, 0, 0, 7, 0, 0, 0, 7, 0, 0, 0]"
706,"[2, 1, 0, 0, 0, 4, 0, 0, 7, 0, 0, 0, 2, 1, 0, 0, 3, 0, 0, 0, 7, 0, 0, 0, 0, 18, 1, 0, 3, 0, 0, 0, 8, 2, 1, 0, 0, 26, 1, 0, 1, 26, 0, 0, 5, 0, 0, 0]"
707,"[6, 44, 4, 0, 2, 0, 0, 0, 8, 1, 2, 0, 3, 0, 0, 0, 8, 2, 2, 0, 7, 0, 0, 0, 0, 15, 1, 0, 7, 0, 0, 0, 1, 4, 0, 0, 8, 1, 2, 0, 7, 0, 0, 0, 3, 0, 0, 0]"
708,"[7, 0, 0, 0, 8, 1, 1, 0, 4, 288, 0, 0, 7, 0, 0, 0, 7, 0, 0, 0, 1, 4, 0, 0, 7, 0, 0, 0, 7, 0, 0, 0, 1, 4, 0, 0, 7, 0, 0, 0, 7, 0, 0, 0, 7, 0, 0, 0]"
709,"[2, 1, 0, 0, 2, 1, 0, 0, 6, 15, 3, 0, 7, 0, 0, 0, 8, 1, 2, 0, 3, 0, 0, 0, 0, 9, 0, 0, 2, 0, 0, 0, 2, 0, 0, 0, 3, 0, 0, 0, 7, 0, 0, 0, 8, 3, 1, 0]"
710,"[0, 9, 0, 0, 6, 38, 2, 0, 4, 73, 0, 0, 1, 4, 0, 0, 1, 4, 0, 0, 7, 0, 0, 0, 7, 0, 0, 0, 7, 0, 0, 0, 7, 0, 0, 0, 4, 249, 0, 0, 7, 0, 0, 0, 4, 171, 0, 0]"
711,"[1, 4, 0, 0, 1, 4, 0, 0, 2, 0, 0, 0, 2, 0, 0, 0, 3, 0, 0, 0, 4, 122, 0, 0, 7, 0, 0, 0, 7, 0, 0, 0, 4, 146, 0, 0, 7, 0, 0, 0, 7, 0, 0, 0, 1, 4, 0, 0]"
712,"[7, 0, 0, 0, 0, 10, 1, 0, 3, 0, 0, 0, 1, 4, 0, 0, 8, 2, 1, 0, 4, 353, 0, 0, 7, 0, 0, 0, 7, 0, 0, 0, 7, 0, 0, 0, 7, 0, 0, 0, 1, 4, 0, 0, 7, 0, 0, 0]"
713,"[5, 0, 0, 0, 4, 482, 0, 0, 7, 0, 0, 0, 7, 0, 0, 0, 7, 0, 0, 0, 1, 4, 0, 0, 7, 0, 0, 0, 4, 117, 0, 0, 7, 0, 0, 0, 7, 0, 0, 0, 7, 0, 0, 0, 7, 0, 0, 0]"
714,"[0, 20, 0, 0, 1, 20, 0, 0, 0, 20, 1, 0, 8, 1, 2, 0, 4, 29, 0, 0, 1, 4, 0, 0, 7, 0, 0, 0, 7, 0, 0, 0, 7, 0, 0, 0, 7, 0, 0, 0, 7, 0, 0, 0, 7, 0, 0, 0]"
715,"[4, 269, 0, 0, 7, 0, 0, 0, 7, 0, 0, 0, 7, 0, 0, 0, 1, 4, 0, 0, 7, 0, 0, 0, 7, 0, 0, 0, 7, 0, 0, 0, 7, 0, 0, 0, 1, 4, 0, 0, 7, 0, 0, 0, 7, 0, 0, 0]"
716,"[3, 0, 0, 0, 7, 0, 0, 0, 5, 0, 0, 0, 4, 49, 0, 0, 7, 0, 0, 0, 7, 0, 0, 0, 7, 0, 0, 0, 7, 0, 0, 0, 7, 0, 0, 0, 7, 0, 0, 0, 4, 444, 0, 0, 7, 0, 0, 0]"
717,"[6, 8, 4, 0, 8, 1, 1, 0, 3, 0, 0, 0, 2, 0, 0, 0, 2, 0, 0, 0, 0, 24, 1, 0, 7, 0, 0, 0, 1, 4, 0, 0, 7, 0, 0, 0, 4, 449, 0, 0, 7, 0, 0, 0, 7, 0, 0, 0]"
718,"[1, 4, 0, 0, 2, 1, 0, 0, 7, 0, 0, 0, 0, 10, 0, 0, 7, 0, 0, 0, 0, 22, 0, 0, 7, 0, 0, 0, 3, 0, 0, 0, 8, 3, 2, 0, 4, 279, 0, 0, 7, 0, 0, 0, 7, 0, 0, 0]"
719,"[3, 0, 0, 0, 8, 1, 1, 0, 4, 439, 0, 0, 7, 0, 0, 0, 7, 0, 0, 0, 7, 0, 0, 0, 7, 0, 0, 0, 4, 457, 0, 0, 4, 285, 0, 0, 7, 0, 0, 0, 1, 4, 0, 0, 7, 0, 0, 0]"
720,"[2, 1, 0, 0, 3, 0, 0, 0, 7, 0, 0, 0, 2, 0, 0, 0, 4, 136, 0, 0, 7, 0, 0, 0, 7, 0, 0, 0, 7, 0, 0, 0, 7, 0, 0, 0, 7, 0, 0, 0, 7, 0, 0, 0, 7, 0, 0, 0]"
721,"[7, 0, 0, 0, 7, 0, 0, 0, 4, 321, 0, 0, 7, 0, 0, 0, 4, 389, 0, 0, 1, 4, 0, 0, 7, 0, 0, 0, 7, 0, 0, 0, 7, 0, 0, 0, 7, 0, 0, 0, 7, 0, 0, 0, 7, 0, 0, 0]"
722,"[7, 0, 0, 0, 3, 0, 0, 0, 4, 43, 0, 0, 7, 0, 0, 0, 7, 0, 0, 0, 7, 0, 0, 0, 7, 0, 0, 0, 7, 0, 0, 0, 7, 0, 0, 0, 7, 0, 0, 0, 7, 0, 0, 0, 7, 0, 0, 0]"
723,"[8, 0, 1, 0, 8, 1, 1, 0, 8, 1, 1, 0, 0, 14, 1, 0, 8, 3, 2, 0, 8, 1, 2, 0, 3, 0, 0, 0, 7, 0, 0, 0, 2, 1, 0, 0, 7, 0, 0, 0, 3, 0, 0, 0, 7, 0, 0, 0]"
724,"[0, 25, 1, 0, 2, 1, 0, 0, 1, 4, 0, 0, 8, 1, 1, 0, 5, 0, 0, 0, 7, 0, 0, 0, 7, 0, 0, 0, 1, 4, 0, 0, 7, 0, 0, 0, 7, 0, 0, 0, 8, 2, 1, 0, 1, 4, 0, 0]"
725,"[2, 0, 0, 0, 6, 20, 4, 0, 7, 0, 0, 0, 1, 4, 0, 0, 3, 0, 0, 0, 2, 0, 0, 0, 4, 53, 0, 0, 7, 0, 0, 0, 7, 0, 0, 0, 7, 0, 0, 0, 7, 0, 0, 0, 7, 0, 0, 0]"
726,"[2, 1, 0, 0, 3, 0, 0, 0, 1, 4, 0, 0, 7, 0, 0, 0, 1, 4, 0, 0, 7, 0, 0, 0, 2, 0, 0, 0, 1, 4, 0, 0, 7, 0, 0, 0, 2, 0, 0, 0, 6, 6, 3, 0, 7, 0, 0, 0]"
727,"[7, 0, 0, 0, 3, 0, 0, 0, 4, 39, 0, 0, 7, 0, 0, 0, 7, 0, 0, 0, 7, 0, 0, 0, 7, 0, 0, 0, 7, 0, 0, 0, 7, 0, 0, 0, 7, 0, 0, 0, 7, 0, 0, 0, 7, 0, 0, 0]"
728,"[2, 1, 0, 0, 3, 0, 0, 0, 1, 4, 0, 0, 7, 0, 0, 0, 8, 2, 1, 0, 3, 0, 0, 0, 4, 413, 0, 0, 1, 4, 0, 0, 7, 0, 0, 0, 7, 0, 0, 0, 7, 0, 0, 0, 7, 0, 0, 0]"
729,"[7, 0, 0, 0, 1, 4, 0, 0, 8, 1, 2, 0, 1, 4, 0, 0, 7, 0, 0, 0, 0, 18, 0, 0, 4, 98, 0, 0, 7, 0, 0, 0, 4, 412, 0, 0, 1, 4, 0, 0, 7, 0, 0, 0, 7, 0, 0, 0]"
730,"[6, 52, 4, 0, 7, 0, 0, 0, 1, 4, 0, 0, 8, 2, 1, 0, 7, 0, 0, 0, 0, 5, 1, 0, 8, 1, 2, 0, 1, 4, 0, 0, 0, 27, 0, 0, 4, 303, 0, 0, 7, 0, 0, 0, 7, 0, 0, 0]"
731,"[7, 0, 0, 0, 3, 0, 0, 0, 6, 16, 1, 0, 0, 18, 0, 0, 7, 0, 0, 0, 2, 0, 0, 0, 2, 0, 0, 0, 8, 2, 2, 0, 7, 0, 0, 0, 7, 0, 0, 0, 1, 4, 0, 0, 3, 0, 0, 0]"
732,"[7, 0, 0, 0, 1, 4, 0, 0, 4, 311, 0, 0, 7, 0, 0, 0, 7, 0, 0, 0, 7, 0, 0, 0, 7, 0, 0, 0, 7, 0, 0, 0, 4, 484, 0, 0, 7, 0, 0, 0, 1, 4, 0, 0, 7, 0, 0, 0]"
733,"[8, 0, 2, 0, 4, 65, 0, 0, 7, 0, 0, 0, 7, 0, 0, 0, 4, 351, 0, 0, 7, 0, 0, 0, 1, 4, 0, 0, 1, 4, 0, 0, 7, 0, 0, 0, 4, 388, 0, 0, 7, 0, 0, 0, 7, 0, 0, 0]"
734,"[3, 0, 0, 0, 7, 0, 0, 0, 0, 30, 0, 0, 2, 0, 0, 0, 8, 2, 2, 0, 2, 1, 0, 0, 3, 0, 0, 0, 4, 204, 0, 0, 7, 0, 0, 0, 7, 0, 0, 0, 4, 54, 0, 0, 1, 4, 0, 0]"
735,"[7, 0, 0, 0, 8, 1, 1, 0, 8, 2, 1, 0, 0, 17, 1, 0, 4, 172, 0, 0, 1, 4, 0, 0, 4, 31, 0, 0, 4, 34, 0, 0, 7, 0, 0, 0, 7, 0, 0, 0, 7, 0, 0, 0, 7, 0, 0, 0]"
736,"[7, 0, 0, 0, 3, 0, 0, 0, 4, 423, 0, 0, 7, 0, 0, 0, 7, 0, 0, 0, 7, 0, 0, 0, 7, 0, 0, 0, 7, 0, 0, 0, 7, 0, 0, 0, 7, 0, 0, 0, 4, 456, 0, 0, 1, 4, 0, 0]"
737,"[4, 275, 0, 0, 7, 0, 0, 0, 7, 0, 0, 0, 4, 130, 0, 0, 1, 4, 0, 0, 7, 0, 0, 0, 4, 445, 0, 0, 7, 0, 0, 0, 7, 0, 0, 0, 7, 0, 0, 0, 4, 145, 0, 0, 7, 0, 0, 0]"
738,"[5, 0, 0, 0, 4, 281, 0, 0, 7, 0, 0, 0, 4, 111, 0, 0, 4, 448, 0, 0, 4, 388, 0, 0, 7, 0, 0, 0, 4, 100, 0, 0, 7, 0, 0, 0, 1, 4, 0, 0, 7, 0, 0, 0, 7, 0, 0, 0]"
739,"[6, 48, 4, 0, 2, 0, 0, 0, 7, 0, 0, 0, 3, 0, 0, 0, 0, 10, 1, 0, 0, 18, 0, 0, 2, 1, 0, 0, 3, 0, 0, 0, 4, 114, 0, 0, 7, 0, 0, 0, 1, 4, 0, 0, 1, 4, 0, 0]"
740,"[2, 0, 0, 0, 1, 4, 0, 0, 7, 0, 0, 0, 1, 4, 0, 0, 1, 4, 0, 0, 7, 0, 0, 0, 6, 24, 3, 0, 4, 360, 0, 0, 7, 0, 0, 0, 7, 0, 0, 0, 7, 0, 0, 0, 7, 0, 0, 0]"
741,"[0, 22, 0, 0, 3, 0, 0, 0, 7, 0, 0, 0, 3, 0, 0, 0, 1, 4, 0, 0, 3, 0, 0, 0, 0, 27, 0, 0, 2, 1, 0, 0, 7, 0, 0, 0, 6, 52, 1, 0, 1, 52, 0, 0, 2, 1, 0, 0]"
742,"[8, 0, 1, 0, 0, 5, 0, 0, 7, 0, 0, 0, 0, 27, 0, 0, 7, 0, 0, 0, 6, 56, 4, 0, 2, 0, 0, 0, 7, 0, 0, 0, 3, 0, 0, 0, 1, 4, 0, 0, 4, 441, 0, 0, 7, 0, 0, 0]"
743,"[7, 0, 0, 0, 6, 35, 1, 0, 7, 0, 0, 0, 8, 3, 2, 0, 2, 0, 0, 0, 2, 0, 0, 0, 4, 377, 0, 0, 7, 0, 0, 0, 1, 4, 0, 0, 7, 0, 0, 0, 7, 0, 0, 0, 7, 0, 0, 0]"
744,"[1, 4, 0, 0, 8, 1, 1, 0, 7, 0, 0, 0, 1, 4, 0, 0, 6, 24, 3, 0, 1, 24, 0, 0, 1, 4, 0, 0, 2, 0, 0, 0, 2, 1, 0, 0, 1, 4, 0, 0, 7, 0, 0, 0, 4, 503, 0, 0]"
745,"[7, 0, 0, 0, 2, 1, 0, 0, 2, 1, 0, 0, 8, 2, 2, 0, 8, 3, 1, 0, 3, 0, 0, 0, 4, 313, 0, 0, 7, 0, 0, 0, 7, 0, 0, 0, 7, 0, 0, 0, 7, 0, 0, 0, 7, 0, 0, 0]"
746,"[3, 0, 0, 0, 6, 44, 4, 0, 7, 0, 0, 0, 7, 0, 0, 0, 5, 0, 0, 0, 4, 423, 0, 0, 7, 0, 0, 0, 7, 0, 0, 0, 7, 0, 0, 0, 7, 0, 0, 0, 7, 0, 0, 0, 4, 299, 0, 0]"
747,"[7, 0, 0, 0, 7, 0, 0, 0, 3, 0, 0, 0, 6, 8, 2, 0, 8, 3, 1, 0, 2, 0, 0, 0, 7, 0, 0, 0, 7, 0, 0, 0, 1, 4, 0, 0, 8, 1, 2, 0, 0, 9, 0, 0, 1, 9, 0, 0]"
748,"[4, 117, 0, 0, 1, 4, 0, 0, 7, 0, 0, 0, 1, 4, 0, 0, 7, 0, 0, 0, 7, 0, 0, 0, 7, 0, 0, 0, 7, 0, 0, 0, 7, 0, 0, 0, 7, 0, 0, 0, 7, 0, 0, 0, 7, 0, 0, 0]"
749,"[5, 0, 0, 0, 4, 394, 0, 0, 4, 18, 0, 0, 7, 0, 0, 0, 7, 0, 0, 0, 7, 0, 0, 0, 7, 0, 0, 0, 7, 0, 0, 0, 4, 173, 0, 0, 4, 381, 0, 0, 7, 0, 0, 0, 1, 4, 0, 0]"
750,"[1, 4, 0, 0, 8, 1, 2, 0, 6, 36, 4, 0, 7, 0, 0, 0, 7, 0, 0, 0, 8, 1, 2, 0, 1, 4, 0, 0, 1, 4, 0, 0, 7, 0, 0, 0, 2, 1, 0, 0, 8, 1, 1, 0, 7, 0, 0, 0]"
751,"[4, 365, 0, 0, 7, 0, 0, 0, 7, 0, 0, 0, 7, 0, 0, 0, 7, 0, 0, 0, 7, 0, 0, 0, 7, 0, 0, 0, 7, 0, 0, 0, 7, 0, 0, 0, 7, 0, 0, 0, 1, 4, 0, 0, 7, 0, 0, 0]"
752,"[1, 4, 0, 0, 6, 8, 4, 0, 0, 14, 0, 0, 2, 0, 0, 0, 1, 4, 0, 0, 0, 28, 0, 0, 3, 0, 0, 0, 7, 0, 0, 0, 5, 0, 0, 0, 4, 108, 0, 0, 7, 0, 0, 0, 4, 510, 0, 0]"
753,"[0, 27, 1, 0, 3, 0, 0, 0, 0, 17, 1, 0, 8, 2, 1, 0, 7, 0, 0, 0, 4, 155, 0, 0, 1, 4, 0, 0, 7, 0, 0, 0, 4, 140, 0, 0, 7, 0, 0, 0, 7, 0, 0, 0, 7, 0, 0, 0]"
754,"[3, 0, 0, 0, 7, 0, 0, 0, 4, 75, 0, 0, 7, 0, 0, 0, 7, 0, 0, 0, 7, 0, 0, 0, 7, 0, 0, 0, 7, 0, 0, 0, 7, 0, 0, 0, 7, 0, 0, 0, 7, 0, 0, 0, 7, 0, 0, 0]"
755,"[6, 39, 1, 0, 5, 0, 0, 0, 7, 0, 0, 0, 7, 0, 0, 0, 8, 1, 2, 0, 7, 0, 0, 0, 4, 227, 0, 0, 7, 0, 0, 0, 7, 0, 0, 0, 7, 0, 0, 0, 7, 0, 0, 0, 7, 0, 0, 0]"
756,"[0, 22, 1, 0, 6, 13, 1, 0, 1, 13, 0, 0, 8, 1, 2, 0, 7, 0, 0, 0, 8, 1, 1, 0, 4, 470, 0, 0, 1, 4, 0, 0, 1, 4, 0, 0, 7, 0, 0, 0, 7, 0, 0, 0, 7, 0, 0, 0]"
757,"[6, 60, 4, 0, 3, 0, 0, 0, 5, 0, 0, 0, 4, 166, 0, 0, 7, 0, 0, 0, 7, 0, 0, 0, 7, 0, 0, 0, 7, 0, 0, 0, 7, 0, 0, 0, 1, 4, 0, 0, 4, 428, 0, 0, 7, 0, 0, 0]"
758,"[7, 0, 0, 0, 1, 4, 0, 0, 2, 1, 0, 0, 2, 0, 0, 0, 4, 266, 0, 0, 7, 0, 0, 0, 7, 0, 0, 0, 7, 0, 0, 0, 7, 0, 0, 0, 7, 0, 0, 0, 7, 0, 0, 0, 7, 0, 0, 0]"
759,"[3, 0, 0, 0, 7, 0, 0, 0, 1, 4, 0, 0, 8, 2, 2, 0, 6, 12, 4, 0, 0, 20, 1, 0, 1, 20, 0, 0, 4, 453, 0, 0, 7, 0, 0, 0, 4, 136, 0, 0, 1, 4, 0, 0, 7, 0, 0, 0]"
760,"[3, 0, 0, 0, 0, 16, 0, 0, 2, 0, 0, 0, 0, 9, 0, 0, 0, 9, 1, 0, 1, 9, 0, 0, 0, 6, 0, 0, 3, 0, 0, 0, 3, 0, 0, 0, 1, 4, 0, 0, 7, 0, 0, 0, 5, 0, 0, 0]"
761,"[6, 36, 4, 0, 1, 36, 0, 0, 5, 0, 0, 0, 4, 68, 0, 0, 7, 0, 0, 0, 7, 0, 0, 0, 7, 0, 0, 0, 4, 325, 0, 0, 7, 0, 0, 0, 7, 0, 0, 0, 7, 0, 0, 0, 7, 0, 0, 0]"
762,"[7, 0, 0, 0, 8, 1, 2, 0, 1, 4, 0, 0, 4, 140, 0, 0, 7, 0, 0, 0, 7, 0, 0, 0, 7, 0, 0, 0, 7, 0, 0, 0, 7, 0, 0, 0, 7, 0, 0, 0, 7, 0, 0, 0, 7, 0, 0, 0]"
763,"[1, 4, 0, 0, 8, 1, 1, 0, 0, 10, 0, 0, 6, 44, 4, 0, 7, 0, 0, 0, 7, 0, 0, 0, 0, 24, 1, 0, 3, 0, 0, 0, 1, 4, 0, 0, 3, 0, 0, 0, 2, 1, 0, 0, 7, 0, 0, 0]"
764,"[4, 330, 0, 0, 7, 0, 0, 0, 7, 0, 0, 0, 4, 76, 0, 0, 7, 0, 0, 0, 7, 0, 0, 0, 7, 0, 0, 0, 1, 4, 0, 0, 7, 0, 0, 0, 7, 0, 0, 0, 4, 113, 0, 0, 7, 0, 0, 0]"
765,"[0, 31, 0, 0, 4, 305, 0, 0, 7, 0, 0, 0, 7, 0, 0, 0, 7, 0, 0, 0, 7, 0, 0, 0, 7, 0, 0, 0, 7, 0, 0, 0, 7, 0, 0, 0, 7, 0, 0, 0, 7, 0, 0, 0, 7, 0, 0, 0]"
766,"[7, 0, 0, 0, 4, 445, 0, 0, 7, 0, 0, 0, 7, 0, 0, 0, 7, 0, 0, 0, 7, 0, 0, 0, 7, 0, 0, 0, 7, 0, 0, 0, 7, 0, 0, 0, 7, 0, 0, 0, 4, 6, 0, 0, 4, 36, 0, 0]"
767,"[4, 323, 0, 0, 7, 0, 0, 0, 7, 0, 0, 0, 7, 0, 0, 0, 7, 0, 0, 0, 7, 0, 0, 0, 7, 0, 0, 0, 7, 0, 0, 0, 7, 0, 0, 0, 7, 0, 0, 0, 7, 0, 0, 0, 7, 0, 0, 0]"
768,"[0, 19, 1, 0, 1, 19, 0, 0, 8, 2, 2, 0, 2, 1, 0, 0, 2, 1, 0, 0, 0, 31, 0, 0, 1, 31, 0, 0, 6, 44, 4, 0, 7, 0, 0, 0, 1, 4, 0, 0, 1, 4, 0, 0, 1, 4, 0, 0]"
769,"[3, 0, 0, 0, 0, 24, 1, 0, 5, 0, 0, 0, 4, 80, 0, 0, 7, 0, 0, 0, 7, 0, 0, 0, 1, 4, 0, 0, 7, 0, 0, 0, 7, 0, 0, 0, 7, 0, 0, 0, 1, 4, 0, 0, 7, 0, 0, 0]"
770,"[1, 4, 0, 0, 1, 4, 0, 0, 0, 12, 0, 0, 3, 0, 0, 0, 7, 0, 0, 0, 0, 26, 0, 0, 7, 0, 0, 0, 0, 23, 1, 0, 4, 74, 0, 0, 4, 172, 0, 0, 4, 169, 0, 0, 4, 57, 0, 0]"
771,"[4, 91, 0, 0, 7, 0, 0, 0, 7, 0, 0, 0, 7, 0, 0, 0, 7, 0, 0, 0, 7, 0, 0, 0, 7, 0, 0, 0, 4, 279, 0, 0, 7, 0, 0, 0, 7, 0, 0, 0, 7, 0, 0, 0, 7, 0, 0, 0]"
772,"[7, 0, 0, 0, 1, 4, 0, 0, 8, 2, 1, 0, 3, 0, 0, 0, 6, 62, 1, 0, 4, 211, 0, 0, 1, 4, 0, 0, 7, 0, 0, 0, 7, 0, 0, 0, 1, 4, 0, 0, 1, 4, 0, 0, 7, 0, 0, 0]"
773,"[2, 1, 0, 0, 8, 1, 1, 0, 6, 21, 1, 0, 1, 21, 0, 0, 5, 0, 0, 0, 7, 0, 0, 0, 7, 0, 0, 0, 7, 0, 0, 0, 3, 0, 0, 0, 7, 0, 0, 0, 4, 382, 0, 0, 7, 0, 0, 0]"
774,"[4, 140, 0, 0, 7, 0, 0, 0, 7, 0, 0, 0, 7, 0, 0, 0, 1, 4, 0, 0, 7, 0, 0, 0, 7, 0, 0, 0, 4, 497, 0, 0, 7, 0, 0, 0, 7, 0, 0, 0, 4, 357, 0, 0, 7, 0, 0, 0]"
775,"[0, 10, 0, 0, 7, 0, 0, 0, 1, 4, 0, 0, 5, 0, 0, 0, 7, 0, 0, 0, 7, 0, 0, 0, 7, 0, 0, 0, 7, 0, 0, 0, 7, 0, 0, 0, 7, 0, 0, 0, 3, 0, 0, 0, 7, 0, 0, 0]"
776,"[5, 0, 0, 0, 7, 0, 0, 0, 1, 4, 0, 0, 7, 0, 0, 0, 7, 0, 0, 0, 7, 0, 0, 0, 7, 0, 0, 0, 7, 0, 0, 0, 3, 0, 0, 0, 7, 0, 0, 0, 8, 2, 1, 0, 7, 0, 0, 0]"
777,"[7, 0, 0, 0, 3, 0, 0, 0, 1, 4, 0, 0, 8, 1, 2, 0, 1, 4, 0, 0, 7, 0, 0, 0, 6, 4, 4, 0, 0, 29, 1, 0, 7, 0, 0, 0, 7, 0, 0, 0, 2, 0, 0, 0, 8, 2, 1, 0]"
778,"[6, 44, 4, 0, 7, 0, 0, 0, 1, 4, 0, 0, 5, 0, 0, 0, 4, 337, 0, 0, 7, 0, 0, 0, 7, 0, 0, 0, 7, 0, 0, 0, 7, 0, 0, 0, 7, 0, 0, 0, 7, 0, 0, 0, 7, 0, 0, 0]"
779,"[7, 0, 0, 0, 8, 1, 1, 0, 4, 130, 0, 0, 7, 0, 0, 0, 7, 0, 0, 0, 7, 0, 0, 0, 7, 0, 0, 0, 7, 0, 0, 0, 7, 0, 0, 0, 7, 0, 0, 0, 7, 0, 0, 0, 7, 0, 0, 0]"
780,"[7, 0, 0, 0, 6, 48, 4, 0, 8, 2, 2, 0, 7, 0, 0, 0, 2, 1, 0, 0, 4, 133, 0, 0, 7, 0, 0, 0, 1, 4, 0, 0, 4, 409, 0, 0, 7, 0, 0, 0, 7, 0, 0, 0, 7, 0, 0, 0]"
781,"[3, 0, 0, 0, 1, 4, 0, 0, 2, 1, 0, 0, 3, 0, 0, 0, 6, 36, 4, 0, 7, 0, 0, 0, 8, 2, 1, 0, 8, 3, 2, 0, 8, 1, 1, 0, 8, 3, 2, 0, 7, 0, 0, 0, 2, 1, 0, 0]"
782,"[6, 32, 4, 0, 4, 106, 0, 0, 7, 0, 0, 0, 7, 0, 0, 0, 7, 0, 0, 0, 7, 0, 0, 0, 7, 0, 0, 0, 7, 0, 0, 0, 4, 225, 0, 0, 7, 0, 0, 0, 7, 0, 0, 0, 7, 0, 0, 0]"
783,"[3, 0, 0, 0, 2, 0, 0, 0, 4, 407, 0, 0, 7, 0, 0, 0, 7, 0, 0, 0, 7, 0, 0, 0, 1, 4, 0, 0, 7, 0, 0, 0, 7, 0, 0, 0, 7, 0, 0, 0, 7, 0, 0, 0, 7, 0, 0, 0]"
784,"[8, 0, 1, 0, 1, 4, 0, 0, 0, 25, 1, 0, 2, 0, 0, 0, 6, 52, 4, 0, 2, 0, 0, 0, 7, 0, 0, 0, 2, 1, 0, 0, 7, 0, 0, 0, 4, 170, 0, 0, 4, 24, 0, 0, 7, 0, 0, 0]"
785,"[3, 0, 0, 0, 6, 8, 4, 0, 4, 15, 0, 0, 7, 0, 0, 0, 7, 0, 0, 0, 7, 0, 0, 0, 7, 0, 0, 0, 4, 342, 0, 0, 7, 0, 0, 0, 1, 4, 0, 0, 4, 251, 0, 0, 7, 0, 0, 0]"
786,"[0, 9, 0, 0, 3, 0, 0, 0, 2, 1, 0, 0, 3, 0, 0, 0, 6, 5, 1, 0, 0, 10, 1, 0, 7, 0, 0, 0, 2, 0, 0, 0, 0, 12, 0, 0, 4, 96, 0, 0, 7, 0, 0, 0, 7, 0, 0, 0]"
787,"[3, 0, 0, 0, 1, 4, 0, 0, 6, 32, 4, 0, 7, 0, 0, 0, 7, 0, 0, 0, 0, 29, 0, 0, 8, 1, 1, 0, 0, 20, 1, 0, 0, 25, 1, 0, 4, 76, 0, 0, 7, 0, 0, 0, 7, 0, 0, 0]"
788,"[6, 36, 3, 0, 0, 9, 0, 0, 8, 2, 1, 0, 0, 27, 0, 0, 3, 0, 0, 0, 7, 0, 0, 0, 0, 13, 0, 0, 7, 0, 0, 0, 7, 0, 0, 0, 8, 1, 1, 0, 3, 0, 0, 0, 7, 0, 0, 0]"
789,"[1, 4, 0, 0, 4, 168, 0, 0, 4, 195, 0, 0, 7, 0, 0, 0, 4, 352, 0, 0, 7, 0, 0, 0, 7, 0, 0, 0, 4, 201, 0, 0, 7, 0, 0, 0, 7, 0, 0, 0, 7, 0, 0, 0, 7, 0, 0, 0]"
790,"[2, 1, 0, 0, 0, 31, 0, 0, 0, 16, 0, 0, 7, 0, 0, 0, 6, 60, 4, 0, 0, 25, 1, 0, 0, 15, 0, 0, 7, 0, 0, 0, 0, 10, 1, 0, 0, 23, 0, 0, 7, 0, 0, 0, 0, 12, 1, 0]"
791,"[1, 4, 0, 0, 7, 0, 0, 0, 3, 0, 0, 0, 6, 19, 1, 0, 1, 19, 0, 0, 2, 1, 0, 0, 7, 0, 0, 0, 7, 0, 0, 0, 7, 0, 0, 0, 8, 1, 1, 0, 3, 0, 0, 0, 3, 0, 0, 0]"
792,"[5, 0, 0, 0, 7, 0, 0, 0, 8, 2, 1, 0, 3, 0, 0, 0, 3, 0, 0, 0, 1, 4, 0, 0, 8, 3, 1, 0, 4, 264, 0, 0, 7, 0, 0, 0, 7, 0, 0, 0, 1, 4, 0, 0, 7, 0, 0, 0]"
793,"[2, 0, 0, 0, 0, 19, 0, 0, 7, 0, 0, 0, 3, 0, 0, 0, 2, 0, 0, 0, 4, 36, 0, 0, 7, 0, 0, 0, 7, 0, 0, 0, 7, 0, 0, 0, 7, 0, 0, 0, 7, 0, 0, 0, 1, 4, 0, 0]"
794,"[0, 23, 1, 0, 7, 0, 0, 0, 7, 0, 0, 0, 0, 29, 1, 0, 8, 3, 2, 0, 3, 0, 0, 0, 4, 219, 0, 0, 4, 299, 0, 0, 4, 380, 0, 0, 7, 0, 0, 0, 7, 0, 0, 0, 7, 0, 0, 0]"
795,"[4, 391, 0, 0, 7, 0, 0, 0, 7, 0, 0, 0, 7, 0, 0, 0, 7, 0, 0, 0, 4, 479, 0, 0, 7, 0, 0, 0, 7, 0, 0, 0, 7, 0, 0, 0, 7, 0, 0, 0, 1, 4, 0, 0, 4, 414, 0, 0]"
796,"[8, 0, 1, 0, 6, 53, 1, 0, 7, 0, 0, 0, 8, 3, 2, 0, 7, 0, 0, 0, 7, 0, 0, 0, 7, 0, 0, 0, 0, 19, 0, 0, 7, 0, 0, 0, 3, 0, 0, 0, 2, 1, 0, 0, 7, 0, 0, 0]"
797,"[8, 0, 1, 0, 4, 33, 0, 0, 7, 0, 0, 0, 7, 0, 0, 0, 4, 88, 0, 0, 7, 0, 0, 0, 7, 0, 0, 0, 4, 474, 0, 0, 4, 275, 0, 0, 7, 0, 0, 0, 4, 295, 0, 0, 7, 0, 0, 0]"
798,"[6, 8, 4, 0, 0, 29, 0, 0, 3, 0, 0, 0, 2, 0, 0, 0, 3, 0, 0, 0, 8, 2, 2, 0, 0, 8, 1, 0, 7, 0, 0, 0, 8, 3, 1, 0, 5, 0, 0, 0, 4, 343, 0, 0, 1, 4, 0, 0]"
799,"[0, 6, 1, 0, 7, 0, 0, 0, 8, 2, 2, 0, 7, 0, 0, 0, 1, 4, 0, 0, 5, 0, 0, 0, 7, 0, 0, 0, 7, 0, 0, 0, 7, 0, 0, 0, 7, 0, 0, 0, 1, 4, 0, 0, 4, 315, 0, 0]"
800,"[6, 40, 4, 0, 1, 40, 0, 0, 0, 7, 1, 0, 7, 0, 0, 0, 3, 0, 0, 0, 8, 3, 1, 0, 1, 4, 0, 0, 1, 4, 0, 0, 7, 0, 0, 0, 2, 1, 0, 0, 1, 4, 0, 0, 0, 17, 1, 0]"
801,"[7, 0, 0, 0, 3, 0, 0, 0, 8, 1, 1, 0, 1, 4, 0, 0, 2, 1, 0, 0, 7, 0, 0, 0, 1, 4, 0, 0, 8, 2, 2, 0, 2, 0, 0, 0, 3, 0, 0, 0, 7, 0, 0, 0, 1, 4, 0, 0]"
802,"[3, 0, 0, 0, 7, 0, 0, 0, 0, 25, 1, 0, 1, 25, 0, 0, 2, 1, 0, 0, 6, 58, 2, 0, 2, 1, 0, 0, 1, 4, 0, 0, 8, 1, 2, 0, 7, 0, 0, 0, 2, 0, 0, 0, 7, 0, 0, 0]"
803,"[8, 0, 1, 0, 3, 0, 0, 0, 3, 0, 0, 0, 0, 8, 0, 0, 7, 0, 0, 0, 7, 0, 0, 0, 6, 16, 4, 0, 8, 1, 2, 0, 3, 0, 0, 0, 4, 420, 0, 0, 7, 0, 0, 0, 7, 0, 0, 0]"
804,"[0, 29, 0, 0, 1, 29, 0, 0, 7, 0, 0, 0, 6, 12, 2, 0, 3, 0, 0, 0, 7, 0, 0, 0, 0, 24, 1, 0, 5, 0, 0, 0, 7, 0, 0, 0, 7, 0, 0, 0, 7, 0, 0, 0, 3, 0, 0, 0]"
805,"[7, 0, 0, 0, 3, 0, 0, 0, 7, 0, 0, 0, 2, 0, 0, 0, 7, 0, 0, 0, 0, 28, 1, 0, 7, 0, 0, 0, 2, 1, 0, 0, 7, 0, 0, 0, 4, 253, 0, 0, 7, 0, 0, 0, 7, 0, 0, 0]"
806,"[0, 13, 0, 0, 2, 1, 0, 0, 1, 4, 0, 0, 0, 10, 0, 0, 1, 10, 0, 0, 8, 3, 2, 0, 7, 0, 0, 0, 6, 43, 1, 0, 8, 1, 1, 0, 0, 15, 1, 0, 8, 1, 1, 0, 3, 0, 0, 0]"
807,"[8, 0, 2, 0, 0, 8, 1, 0, 6, 36, 4, 0, 2, 0, 0, 0, 7, 0, 0, 0, 2, 0, 0, 0, 2, 1, 0, 0, 7, 0, 0, 0, 1, 4, 0, 0, 7, 0, 0, 0, 2, 0, 0, 0, 4, 55, 0, 0]"
808,"[4, 205, 0, 0, 7, 0, 0, 0, 7, 0, 0, 0, 7, 0, 0, 0, 7, 0, 0, 0, 7, 0, 0, 0, 7, 0, 0, 0, 7, 0, 0, 0, 7, 0, 0, 0, 4, 290, 0, 0, 1, 4, 0, 0, 7, 0, 0, 0]"
809,"[2, 1, 0, 0, 7, 0, 0, 0, 2, 1, 0, 0, 0, 29, 0, 0, 7, 0, 0, 0, 7, 0, 0, 0, 7, 0, 0, 0, 1, 4, 0, 0, 1, 4, 0, 0, 2, 1, 0, 0, 0, 8, 0, 0, 1, 8, 0, 0]"
810,"[2, 1, 0, 0, 1, 4, 0, 0, 8, 1, 2, 0, 8, 2, 1, 0, 7, 0, 0, 0, 6, 22, 1, 0, 2, 1, 0, 0, 8, 2, 1, 0, 4, 265, 0, 0, 7, 0, 0, 0, 7, 0, 0, 0, 7, 0, 0, 0]"
811,"[0, 29, 0, 0, 2, 1, 0, 0, 7, 0, 0, 0, 3, 0, 0, 0, 8, 2, 2, 0, 1, 4, 0, 0, 0, 7, 1, 0, 2, 1, 0, 0, 7, 0, 0, 0, 4, 499, 0, 0, 7, 0, 0, 0, 7, 0, 0, 0]"
812,"[1, 4, 0, 0, 7, 0, 0, 0, 1, 4, 0, 0, 5, 0, 0, 0, 7, 0, 0, 0, 7, 0, 0, 0, 7, 0, 0, 0, 4, 359, 0, 0, 7, 0, 0, 0, 7, 0, 0, 0, 7, 0, 0, 0, 7, 0, 0, 0]"
813,"[0, 5, 0, 0, 8, 1, 2, 0, 6, 51, 3, 0, 2, 0, 0, 0, 7, 0, 0, 0, 7, 0, 0, 0, 8, 1, 2, 0, 8, 3, 2, 0, 8, 3, 2, 0, 4, 445, 0, 0, 7, 0, 0, 0, 7, 0, 0, 0]"
814,"[7, 0, 0, 0, 7, 0, 0, 0, 7, 0, 0, 0, 6, 44, 4, 0, 4, 202, 0, 0, 7, 0, 0, 0, 4, 158, 0, 0, 7, 0, 0, 0, 7, 0, 0, 0, 7, 0, 0, 0, 7, 0, 0, 0, 7, 0, 0, 0]"
815,"[7, 0, 0, 0, 2, 1, 0, 0, 2, 0, 0, 0, 5, 0, 0, 0, 7, 0, 0, 0, 7, 0, 0, 0, 3, 0, 0, 0, 7, 0, 0, 0, 8, 2, 2, 0, 7, 0, 0, 0, 7, 0, 0, 0, 7, 0, 0, 0]"
816,"[3, 0, 0, 0, 1, 4, 0, 0, 4, 480, 0, 0, 7, 0, 0, 0, 7, 0, 0, 0, 7, 0, 0, 0, 7, 0, 0, 0, 7, 0, 0, 0, 7, 0, 0, 0, 4, 479, 0, 0, 7, 0, 0, 0, 7, 0, 0, 0]"
817,"[6, 12, 1, 0, 4, 199, 0, 0, 7, 0, 0, 0, 7, 0, 0, 0, 7, 0, 0, 0, 7, 0, 0, 0, 7, 0, 0, 0, 1, 4, 0, 0, 1, 4, 0, 0, 7, 0, 0, 0, 7, 0, 0, 0, 7, 0, 0, 0]"
818,"[8, 0, 1, 0, 2, 0, 0, 0, 6, 33, 1, 0, 8, 2, 2, 0, 7, 0, 0, 0, 7, 0, 0, 0, 2, 1, 0, 0, 7, 0, 0, 0, 0, 4, 0, 0, 1, 4, 0, 0, 2, 1, 0, 0, 4, 464, 0, 0]"
819,"[3, 0, 0, 0, 2, 1, 0, 0, 7, 0, 0, 0, 1, 4, 0, 0, 7, 0, 0, 0, 0, 28, 1, 0, 4, 396, 0, 0, 7, 0, 0, 0, 7, 0, 0, 0, 4, 404, 0, 0, 7, 0, 0, 0, 7, 0, 0, 0]"
820,"[5, 0, 0, 0, 4, 120, 0, 0, 7, 0, 0, 0, 4, 411, 0, 0, 7, 0, 0, 0, 7, 0, 0, 0, 7, 0, 0, 0, 7, 0, 0, 0, 7, 0, 0, 0, 7, 0, 0, 0, 7, 0, 0, 0, 4, 304, 0, 0]"
821,"[8, 0, 1, 0, 1, 4, 0, 0, 0, 12, 1, 0, 6, 30, 3, 0, 5, 0, 0, 0, 4, 352, 0, 0, 7, 0, 0, 0, 7, 0, 0, 0, 7, 0, 0, 0, 7, 0, 0, 0, 4, 32, 0, 0, 1, 4, 0, 0]"
822,"[6, 8, 2, 0, 7, 0, 0, 0, 3, 0, 0, 0, 8, 1, 1, 0, 2, 0, 0, 0, 0, 29, 0, 0, 7, 0, 0, 0, 7, 0, 0, 0, 2, 0, 0, 0, 3, 0, 0, 0, 7, 0, 0, 0, 4, 85, 0, 0]"
823,"[0, 29, 1, 0, 0, 4, 0, 0, 8, 2, 1, 0, 7, 0, 0, 0, 6, 52, 4, 0, 8, 1, 1, 0, 7, 0, 0, 0, 7, 0, 0, 0, 1, 4, 0, 0, 0, 26, 0, 0, 3, 0, 0, 0, 0, 27, 0, 0]"
824,"[6, 48, 4, 0, 7, 0, 0, 0, 7, 0, 0, 0, 0, 28, 1, 0, 2, 0, 0, 0, 8, 3, 1, 0, 2, 0, 0, 0, 7, 0, 0, 0, 1, 4, 0, 0, 8, 3, 2, 0, 5, 0, 0, 0, 7, 0, 0, 0]"
825,"[7, 0, 0, 0, 3, 0, 0, 0, 7, 0, 0, 0, 3, 0, 0, 0, 3, 0, 0, 0, 2, 0, 0, 0, 7, 0, 0, 0, 2, 1, 0, 0, 0, 30, 1, 0, 2, 1, 0, 0, 1, 4, 0, 0, 0, 14, 1, 0]"
826,"[5, 0, 0, 0, 4, 487, 0, 0, 7, 0, 0, 0, 7, 0, 0, 0, 7, 0, 0, 0, 7, 0, 0, 0, 7, 0, 0, 0, 1, 4, 0, 0, 1, 4, 0, 0, 7, 0, 0, 0, 7, 0, 0, 0, 7, 0, 0, 0]"
827,"[5, 0, 0, 0, 7, 0, 0, 0, 1, 4, 0, 0, 7, 0, 0, 0, 7, 0, 0, 0, 7, 0, 0, 0, 8, 1, 1, 0, 1, 4, 0, 0, 4, 505, 0, 0, 7, 0, 0, 0, 7, 0, 0, 0, 1, 4, 0, 0]"
828,"[7, 0, 0, 0, 4, 251, 0, 0, 7, 0, 0, 0, 7, 0, 0, 0, 7, 0, 0, 0, 7, 0, 0, 0, 1, 4, 0, 0, 7, 0, 0, 0, 7, 0, 0, 0, 7, 0, 0, 0, 7, 0, 0, 0, 4, 134, 0, 0]"
829,"[1, 4, 0, 0, 7, 0, 0, 0, 1, 4, 0, 0, 0, 21, 1, 0, 0, 27, 0, 0, 2, 1, 0, 0, 2, 1, 0, 0, 7, 0, 0, 0, 7, 0, 0, 0, 6, 30, 2, 0, 8, 3, 2, 0, 0, 17, 0, 0]"
830,"[7, 0, 0, 0, 2, 0, 0, 0, 8, 1, 2, 0, 8, 3, 2, 0, 1, 4, 0, 0, 3, 0, 0, 0, 0, 8, 0, 0, 7, 0, 0, 0, 2, 0, 0, 0, 2, 1, 0, 0, 1, 4, 0, 0, 5, 0, 0, 0]"
831,"[2, 1, 0, 0, 7, 0, 0, 0, 6, 18, 1, 0, 1, 18, 0, 0, 3, 0, 0, 0, 1, 4, 0, 0, 0, 30, 0, 0, 8, 1, 2, 0, 5, 0, 0, 0, 4, 26, 0, 0, 7, 0, 0, 0, 7, 0, 0, 0]"
832,"[1, 4, 0, 0, 8, 1, 2, 0, 2, 0, 0, 0, 8, 2, 1, 0, 4, 398, 0, 0, 7, 0, 0, 0, 4, 125, 0, 0, 7, 0, 0, 0, 4, 447, 0, 0, 7, 0, 0, 0, 7, 0, 0, 0, 7, 0, 0, 0]"
833,"[3, 0, 0, 0, 2, 1, 0, 0, 6, 9, 3, 0, 2, 1, 0, 0, 7, 0, 0, 0, 8, 2, 2, 0, 0, 18, 1, 0, 3, 0, 0, 0, 2, 0, 0, 0, 0, 29, 0, 0, 0, 22, 0, 0, 0, 20, 0, 0]"
834,"[0, 30, 1, 0, 1, 30, 0, 0, 4, 458, 0, 0, 7, 0, 0, 0, 7, 0, 0, 0, 7, 0, 0, 0, 7, 0, 0, 0, 1, 4, 0, 0, 7, 0, 0, 0, 7, 0, 0, 0, 7, 0, 0, 0, 7, 0, 0, 0]"
835,"[6, 44, 4, 0, 8, 1, 2, 0, 5, 0, 0, 0, 4, 247, 0, 0, 7, 0, 0, 0, 7, 0, 0, 0, 7, 0, 0, 0, 1, 4, 0, 0, 7, 0, 0, 0, 1, 4, 0, 0, 7, 0, 0, 0, 7, 0, 0, 0]"
836,"[3, 0, 0, 0, 6, 12, 4, 0, 8, 2, 2, 0, 1, 4, 0, 0, 0, 17, 1, 0, 1, 17, 0, 0, 2, 0, 0, 0, 7, 0, 0, 0, 1, 4, 0, 0, 3, 0, 0, 0, 7, 0, 0, 0, 1, 4, 0, 0]"
837,"[4, 289, 0, 0, 7, 0, 0, 0, 7, 0, 0, 0, 7, 0, 0, 0, 4, 469, 0, 0, 7, 0, 0, 0, 1, 4, 0, 0, 7, 0, 0, 0, 7, 0, 0, 0, 7, 0, 0, 0, 7, 0, 0, 0, 7, 0, 0, 0]"
838,"[7, 0, 0, 0, 1, 4, 0, 0, 8, 2, 2, 0, 6, 31, 1, 0, 3, 0, 0, 0, 3, 0, 0, 0, 4, 407, 0, 0, 7, 0, 0, 0, 7, 0, 0, 0, 7, 0, 0, 0, 7, 0, 0, 0, 7, 0, 0, 0]"
839,"[8, 0, 2, 0, 1, 4, 0, 0, 2, 0, 0, 0, 0, 28, 0, 0, 4, 333, 0, 0, 7, 0, 0, 0, 7, 0, 0, 0, 7, 0, 0, 0, 1, 4, 0, 0, 1, 4, 0, 0, 1, 4, 0, 0, 7, 0, 0, 0]"
840,"[1, 4, 0, 0, 5, 0, 0, 0, 4, 202, 0, 0, 7, 0, 0, 0, 7, 0, 0, 0, 7, 0, 0, 0, 7, 0, 0, 0, 7, 0, 0, 0, 4, 193, 0, 0, 1, 4, 0, 0, 7, 0, 0, 0, 1, 4, 0, 0]"
841,"[2, 1, 0, 0, 1, 4, 0, 0, 6, 28, 4, 0, 2, 0, 0, 0, 4, 466, 0, 0, 4, 325, 0, 0, 7, 0, 0, 0, 7, 0, 0, 0, 7, 0, 0, 0, 7, 0, 0, 0, 7, 0, 0, 0, 7, 0, 0, 0]"
842,"[7, 0, 0, 0, 1, 4, 0, 0, 6, 16, 4, 0, 2, 1, 0, 0, 3, 0, 0, 0, 7, 0, 0, 0, 1, 4, 0, 0, 7, 0, 0, 0, 1, 4, 0, 0, 3, 0, 0, 0, 1, 4, 0, 0, 5, 0, 0, 0]"
843,"[8, 0, 1, 0, 3, 0, 0, 0, 2, 1, 0, 0, 2, 1, 0, 0, 3, 0, 0, 0, 4, 365, 0, 0, 7, 0, 0, 0, 7, 0, 0, 0, 7, 0, 0, 0, 7, 0, 0, 0, 7, 0, 0, 0, 1, 4, 0, 0]"
844,"[8, 0, 1, 0, 3, 0, 0, 0, 5, 0, 0, 0, 4, 3, 0, 0, 7, 0, 0, 0, 7, 0, 0, 0, 7, 0, 0, 0, 4, 175, 0, 0, 4, 343, 0, 0, 7, 0, 0, 0, 7, 0, 0, 0, 1, 4, 0, 0]"
845,"[7, 0, 0, 0, 1, 4, 0, 0, 2, 1, 0, 0, 8, 2, 2, 0, 1, 4, 0, 0, 4, 343, 0, 0, 7, 0, 0, 0, 7, 0, 0, 0, 7, 0, 0, 0, 1, 4, 0, 0, 7, 0, 0, 0, 1, 4, 0, 0]"
846,"[4, 339, 0, 0, 7, 0, 0, 0, 7, 0, 0, 0, 7, 0, 0, 0, 7, 0, 0, 0, 7, 0, 0, 0, 7, 0, 0, 0, 7, 0, 0, 0, 4, 316, 0, 0, 7, 0, 0, 0, 7, 0, 0, 0, 1, 4, 0, 0]"
847,"[7, 0, 0, 0, 8, 1, 2, 0, 2, 1, 0, 0, 1, 4, 0, 0, 4, 130, 0, 0, 7, 0, 0, 0, 7, 0, 0, 0, 7, 0, 0, 0, 7, 0, 0, 0, 7, 0, 0, 0, 7, 0, 0, 0, 7, 0, 0, 0]"
848,"[7, 0, 0, 0, 8, 1, 2, 0, 1, 4, 0, 0, 2, 0, 0, 0, 3, 0, 0, 0, 4, 88, 0, 0, 1, 4, 0, 0, 4, 196, 0, 0, 7, 0, 0, 0, 7, 0, 0, 0, 7, 0, 0, 0, 7, 0, 0, 0]"
849,"[3, 0, 0, 0, 8, 1, 2, 0, 7, 0, 0, 0, 2, 1, 0, 0, 7, 0, 0, 0, 4, 323, 0, 0, 7, 0, 0, 0, 7, 0, 0, 0, 7, 0, 0, 0, 1, 4, 0, 0, 7, 0, 0, 0, 7, 0, 0, 0]"
850,"[8, 0, 1, 0, 6, 36, 4, 0, 8, 2, 1, 0, 0, 14, 1, 0, 7, 0, 0, 0, 1, 4, 0, 0, 0, 25, 0, 0, 8, 1, 1, 0, 7, 0, 0, 0, 7, 0, 0, 0, 0, 19, 1, 0, 0, 19, 0, 0]"
851,"[3, 0, 0, 0, 2, 1, 0, 0, 8, 1, 1, 0, 5, 0, 0, 0, 7, 0, 0, 0, 7, 0, 0, 0, 4, 255, 0, 0, 7, 0, 0, 0, 7, 0, 0, 0, 7, 0, 0, 0, 7, 0, 0, 0, 1, 4, 0, 0]"
852,"[8, 0, 2, 0, 6, 28, 4, 0, 0, 14, 0, 0, 2, 1, 0, 0, 2, 0, 0, 0, 2, 1, 0, 0, 7, 0, 0, 0, 8, 1, 1, 0, 3, 0, 0, 0, 3, 0, 0, 0, 0, 12, 0, 0, 4, 397, 0, 0]"
853,"[3, 0, 0, 0, 8, 1, 2, 0, 3, 0, 0, 0, 7, 0, 0, 0, 6, 48, 4, 0, 2, 0, 0, 0, 7, 0, 0, 0, 7, 0, 0, 0, 8, 2, 2, 0, 7, 0, 0, 0, 8, 3, 1, 0, 7, 0, 0, 0]"
854,"[1, 4, 0, 0, 8, 1, 2, 0, 2, 1, 0, 0, 1, 4, 0, 0, 2, 1, 0, 0, 6, 12, 3, 0, 2, 1, 0, 0, 1, 4, 0, 0, 0, 18, 0, 0, 0, 21, 0, 0, 8, 3, 1, 0, 0, 7, 1, 0]"
855,"[4, 164, 0, 0, 7, 0, 0, 0, 7, 0, 0, 0, 7, 0, 0, 0, 7, 0, 0, 0, 7, 0, 0, 0, 7, 0, 0, 0, 7, 0, 0, 0, 4, 13, 0, 0, 4, 264, 0, 0, 7, 0, 0, 0, 7, 0, 0, 0]"
856,"[7, 0, 0, 0, 7, 0, 0, 0, 6, 8, 4, 0, 7, 0, 0, 0, 1, 4, 0, 0, 1, 4, 0, 0, 7, 0, 0, 0, 7, 0, 0, 0, 7, 0, 0, 0, 2, 1, 0, 0, 4, 335, 0, 0, 7, 0, 0, 0]"
857,"[2, 0, 0, 0, 6, 10, 2, 0, 4, 366, 0, 0, 7, 0, 0, 0, 7, 0, 0, 0, 1, 4, 0, 0, 7, 0, 0, 0, 7, 0, 0, 0, 7, 0, 0, 0, 7, 0, 0, 0, 7, 0, 0, 0, 1, 4, 0, 0]"
858,"[0, 9, 0, 0, 7, 0, 0, 0, 1, 4, 0, 0, 0, 26, 0, 0, 4, 434, 0, 0, 7, 0, 0, 0, 7, 0, 0, 0, 7, 0, 0, 0, 7, 0, 0, 0, 7, 0, 0, 0, 7, 0, 0, 0, 4, 394, 0, 0]"
859,"[2, 1, 0, 0, 4, 373, 0, 0, 4, 511, 0, 0, 4, 309, 0, 0, 1, 4, 0, 0, 1, 4, 0, 0, 1, 4, 0, 0, 7, 0, 0, 0, 4, 363, 0, 0, 7, 0, 0, 0, 7, 0, 0, 0, 7, 0, 0, 0]"
860,"[0, 24, 0, 0, 2, 0, 0, 0, 2, 1, 0, 0, 4, 476, 0, 0, 7, 0, 0, 0, 7, 0, 0, 0, 7, 0, 0, 0, 7, 0, 0, 0, 7, 0, 0, 0, 7, 0, 0, 0, 7, 0, 0, 0, 7, 0, 0, 0]"
861,"[7, 0, 0, 0, 3, 0, 0, 0, 3, 0, 0, 0, 7, 0, 0, 0, 6, 52, 4, 0, 8, 2, 2, 0, 0, 16, 0, 0, 3, 0, 0, 0, 2, 1, 0, 0, 7, 0, 0, 0, 7, 0, 0, 0, 8, 1, 2, 0]"
862,"[6, 40, 4, 0, 0, 20, 1, 0, 7, 0, 0, 0, 1, 4, 0, 0, 7, 0, 0, 0, 4, 371, 0, 0, 7, 0, 0, 0, 7, 0, 0, 0, 7, 0, 0, 0, 1, 4, 0, 0, 7, 0, 0, 0, 7, 0, 0, 0]"
863,"[4, 396, 0, 0, 7, 0, 0, 0, 7, 0, 0, 0, 7, 0, 0, 0, 7, 0, 0, 0, 7, 0, 0, 0, 7, 0, 0, 0, 7, 0, 0, 0, 7, 0, 0, 0, 7, 0, 0, 0, 7, 0, 0, 0, 7, 0, 0, 0]"
864,"[7, 0, 0, 0, 4, 256, 0, 0, 7, 0, 0, 0, 7, 0, 0, 0, 7, 0, 0, 0, 7, 0, 0, 0, 7, 0, 0, 0, 7, 0, 0, 0, 7, 0, 0, 0, 1, 4, 0, 0, 1, 4, 0, 0, 7, 0, 0, 0]"
865,"[6, 60, 4, 0, 7, 0, 0, 0, 7, 0, 0, 0, 0, 10, 1, 0, 4, 198, 0, 0, 1, 4, 0, 0, 7, 0, 0, 0, 7, 0, 0, 0, 1, 4, 0, 0, 7, 0, 0, 0, 7, 0, 0, 0, 7, 0, 0, 0]"
866,"[1, 4, 0, 0, 4, 74, 0, 0, 1, 4, 0, 0, 7, 0, 0, 0, 7, 0, 0, 0, 7, 0, 0, 0, 7, 0, 0, 0, 7, 0, 0, 0, 1, 4, 0, 0, 7, 0, 0, 0, 7, 0, 0, 0, 7, 0, 0, 0]"
867,"[6, 40, 4, 0, 2, 1, 0, 0, 7, 0, 0, 0, 8, 2, 1, 0, 4, 78, 0, 0, 7, 0, 0, 0, 4, 314, 0, 0, 7, 0, 0, 0, 7, 0, 0, 0, 7, 0, 0, 0, 7, 0, 0, 0, 7, 0, 0, 0]"
868,"[4, 141, 0, 0, 7, 0, 0, 0, 7, 0, 0, 0, 1, 4, 0, 0, 7, 0, 0, 0, 7, 0, 0, 0, 7, 0, 0, 0, 7, 0, 0, 0, 1, 4, 0, 0, 7, 0, 0, 0, 7, 0, 0, 0, 7, 0, 0, 0]"
869,"[2, 0, 0, 0, 0, 17, 0, 0, 3, 0, 0, 0, 7, 0, 0, 0, 3, 0, 0, 0, 7, 0, 0, 0, 7, 0, 0, 0, 6, 37, 1, 0, 0, 16, 0, 0, 8, 1, 1, 0, 4, 111, 0, 0, 7, 0, 0, 0]"
870,"[1, 4, 0, 0, 8, 1, 1, 0, 4, 437, 0, 0, 7, 0, 0, 0, 7, 0, 0, 0, 4, 116, 0, 0, 7, 0, 0, 0, 4, 172, 0, 0, 1, 4, 0, 0, 7, 0, 0, 0, 7, 0, 0, 0, 7, 0, 0, 0]"
871,"[7, 0, 0, 0, 1, 4, 0, 0, 0, 7, 1, 0, 7, 0, 0, 0, 3, 0, 0, 0, 7, 0, 0, 0, 1, 4, 0, 0, 3, 0, 0, 0, 4, 309, 0, 0, 7, 0, 0, 0, 7, 0, 0, 0, 1, 4, 0, 0]"
872,"[6, 44, 4, 0, 0, 21, 0, 0, 4, 363, 0, 0, 7, 0, 0, 0, 7, 0, 0, 0, 7, 0, 0, 0, 7, 0, 0, 0, 4, 23, 0, 0, 7, 0, 0, 0, 7, 0, 0, 0, 7, 0, 0, 0, 7, 0, 0, 0]"
873,"[3, 0, 0, 0, 8, 1, 1, 0, 8, 2, 2, 0, 0, 18, 1, 0, 2, 0, 0, 0, 1, 4, 0, 0, 3, 0, 0, 0, 7, 0, 0, 0, 0, 29, 0, 0, 0, 9, 1, 0, 7, 0, 0, 0, 6, 51, 3, 0]"
874,"[0, 13, 1, 0, 3, 0, 0, 0, 4, 372, 0, 0, 7, 0, 0, 0, 7, 0, 0, 0, 7, 0, 0, 0, 7, 0, 0, 0, 7, 0, 0, 0, 7, 0, 0, 0, 1, 4, 0, 0, 7, 0, 0, 0, 1, 4, 0, 0]"
875,"[1, 4, 0, 0, 4, 440, 0, 0, 7, 0, 0, 0, 1, 4, 0, 0, 1, 4, 0, 0, 7, 0, 0, 0, 1, 4, 0, 0, 7, 0, 0, 0, 7, 0, 0, 0, 7, 0, 0, 0, 7, 0, 0, 0, 7, 0, 0, 0]"
876,"[1, 4, 0, 0, 4, 246, 0, 0, 7, 0, 0, 0, 7, 0, 0, 0, 7, 0, 0, 0, 7, 0, 0, 0, 4, 307, 0, 0, 7, 0, 0, 0, 4, 332, 0, 0, 7, 0, 0, 0, 7, 0, 0, 0, 7, 0, 0, 0]"
877,"[0, 25, 1, 0, 0, 7, 1, 0, 0, 27, 1, 0, 6, 44, 1, 0, 2, 1, 0, 0, 3, 0, 0, 0, 7, 0, 0, 0, 3, 0, 0, 0, 4, 380, 0, 0, 4, 337, 0, 0, 7, 0, 0, 0, 7, 0, 0, 0]"
878,"[0, 19, 1, 0, 5, 0, 0, 0, 7, 0, 0, 0, 1, 4, 0, 0, 7, 0, 0, 0, 7, 0, 0, 0, 7, 0, 0, 0, 7, 0, 0, 0, 4, 208, 0, 0, 7, 0, 0, 0, 7, 0, 0, 0, 7, 0, 0, 0]"
879,"[7, 0, 0, 0, 2, 0, 0, 0, 5, 0, 0, 0, 7, 0, 0, 0, 8, 3, 2, 0, 8, 2, 1, 0, 7, 0, 0, 0, 3, 0, 0, 0, 4, 172, 0, 0, 1, 4, 0, 0, 7, 0, 0, 0, 7, 0, 0, 0]"
880,"[1, 4, 0, 0, 7, 0, 0, 0, 1, 4, 0, 0, 3, 0, 0, 0, 7, 0, 0, 0, 8, 2, 1, 0, 7, 0, 0, 0, 0, 31, 0, 0, 4, 329, 0, 0, 7, 0, 0, 0, 4, 261, 0, 0, 7, 0, 0, 0]"
881,"[0, 21, 1, 0, 1, 21, 0, 0, 3, 0, 0, 0, 7, 0, 0, 0, 1, 4, 0, 0, 0, 14, 0, 0, 4, 142, 0, 0, 7, 0, 0, 0, 7, 0, 0, 0, 7, 0, 0, 0, 4, 128, 0, 0, 7, 0, 0, 0]"
882,"[6, 9, 3, 0, 7, 0, 0, 0, 7, 0, 0, 0, 7, 0, 0, 0, 4, 511, 0, 0, 1, 4, 0, 0, 7, 0, 0, 0, 7, 0, 0, 0, 1, 4, 0, 0, 7, 0, 0, 0, 7, 0, 0, 0, 4, 62, 0, 0]"
883,"[7, 0, 0, 0, 2, 0, 0, 0, 2, 0, 0, 0, 7, 0, 0, 0, 8, 2, 1, 0, 4, 427, 0, 0, 7, 0, 0, 0, 7, 0, 0, 0, 7, 0, 0, 0, 7, 0, 0, 0, 7, 0, 0, 0, 7, 0, 0, 0]"
884,"[1, 4, 0, 0, 0, 9, 1, 0, 2, 1, 0, 0, 3, 0, 0, 0, 0, 16, 1, 0, 2, 1, 0, 0, 8, 3, 1, 0, 1, 4, 0, 0, 8, 3, 1, 0, 7, 0, 0, 0, 7, 0, 0, 0, 0, 20, 1, 0]"
885,"[0, 17, 1, 0, 1, 17, 0, 0, 8, 1, 2, 0, 4, 261, 0, 0, 7, 0, 0, 0, 4, 435, 0, 0, 7, 0, 0, 0, 7, 0, 0, 0, 7, 0, 0, 0, 7, 0, 0, 0, 7, 0, 0, 0, 7, 0, 0, 0]"
886,"[1, 4, 0, 0, 8, 1, 1, 0, 7, 0, 0, 0, 3, 0, 0, 0, 6, 61, 1, 0, 4, 284, 0, 0, 7, 0, 0, 0, 7, 0, 0, 0, 7, 0, 0, 0, 7, 0, 0, 0, 7, 0, 0, 0, 1, 4, 0, 0]"
887,"[7, 0, 0, 0, 2, 0, 0, 0, 1, 4, 0, 0, 7, 0, 0, 0, 1, 4, 0, 0, 4, 155, 0, 0, 7, 0, 0, 0, 7, 0, 0, 0, 7, 0, 0, 0, 7, 0, 0, 0, 7, 0, 0, 0, 7, 0, 0, 0]"
888,"[4, 489, 0, 0, 7, 0, 0, 0, 7, 0, 0, 0, 7, 0, 0, 0, 7, 0, 0, 0, 7, 0, 0, 0, 4, 306, 0, 0, 7, 0, 0, 0, 7, 0, 0, 0, 1, 4, 0, 0, 7, 0, 0, 0, 7, 0, 0, 0]"
889,"[3, 0, 0, 0, 5, 0, 0, 0, 7, 0, 0, 0, 7, 0, 0, 0, 7, 0, 0, 0, 3, 0, 0, 0, 7, 0, 0, 0, 4, 81, 0, 0, 7, 0, 0, 0, 7, 0, 0, 0, 7, 0, 0, 0, 7, 0, 0, 0]"
890,"[6, 60, 4, 0, 7, 0, 0, 0, 7, 0, 0, 0, 1, 4, 0, 0, 5, 0, 0, 0, 7, 0, 0, 0, 7, 0, 0, 0, 7, 0, 0, 0, 7, 0, 0, 0, 8, 1, 1, 0, 7, 0, 0, 0, 1, 4, 0, 0]"
891,"[4, 426, 0, 0, 7, 0, 0, 0, 7, 0, 0, 0, 7, 0, 0, 0, 7, 0, 0, 0, 7, 0, 0, 0, 7, 0, 0, 0, 7, 0, 0, 0, 7, 0, 0, 0, 7, 0, 0, 0, 7, 0, 0, 0, 7, 0, 0, 0]"
892,"[8, 0, 1, 0, 6, 8, 4, 0, 7, 0, 0, 0, 8, 2, 2, 0, 4, 43, 0, 0, 4, 179, 0, 0, 7, 0, 0, 0, 7, 0, 0, 0, 7, 0, 0, 0, 7, 0, 0, 0, 7, 0, 0, 0, 7, 0, 0, 0]"
893,"[4, 272, 0, 0, 7, 0, 0, 0, 7, 0, 0, 0, 7, 0, 0, 0, 7, 0, 0, 0, 7, 0, 0, 0, 4, 276, 0, 0, 7, 0, 0, 0, 4, 90, 0, 0, 7, 0, 0, 0, 7, 0, 0, 0, 4, 382, 0, 0]"
894,"[3, 0, 0, 0, 4, 270, 0, 0, 4, 120, 0, 0, 7, 0, 0, 0, 1, 4, 0, 0, 7, 0, 0, 0, 7, 0, 0, 0, 4, 59, 0, 0, 7, 0, 0, 0, 7, 0, 0, 0, 7, 0, 0, 0, 7, 0, 0, 0]"
895,"[4, 194, 0, 0, 7, 0, 0, 0, 7, 0, 0, 0, 7, 0, 0, 0, 7, 0, 0, 0, 4, 56, 0, 0, 4, 29, 0, 0, 7, 0, 0, 0, 7, 0, 0, 0, 7, 0, 0, 0, 7, 0, 0, 0, 7, 0, 0, 0]"
896,"[3, 0, 0, 0, 0, 18, 1, 0, 4, 448, 0, 0, 7, 0, 0, 0, 7, 0, 0, 0, 7, 0, 0, 0, 7, 0, 0, 0, 7, 0, 0, 0, 7, 0, 0, 0, 7, 0, 0, 0, 7, 0, 0, 0, 7, 0, 0, 0]"
897,"[5, 0, 0, 0, 7, 0, 0, 0, 7, 0, 0, 0, 3, 0, 0, 0, 3, 0, 0, 0, 4, 305, 0, 0, 7, 0, 0, 0, 7, 0, 0, 0, 7, 0, 0, 0, 7, 0, 0, 0, 1, 4, 0, 0, 7, 0, 0, 0]"
898,"[2, 0, 0, 0, 4, 119, 0, 0, 7, 0, 0, 0, 4, 71, 0, 0, 7, 0, 0, 0, 7, 0, 0, 0, 7, 0, 0, 0, 7, 0, 0, 0, 7, 0, 0, 0, 7, 0, 0, 0, 7, 0, 0, 0, 7, 0, 0, 0]"
899,"[6, 32, 4, 0, 2, 1, 0, 0, 1, 4, 0, 0, 7, 0, 0, 0, 3, 0, 0, 0, 0, 10, 1, 0, 0, 15, 1, 0, 1, 15, 0, 0, 7, 0, 0, 0, 7, 0, 0, 0, 1, 4, 0, 0, 8, 1, 1, 0]"
900,"[5, 0, 0, 0, 7, 0, 0, 0, 8, 2, 2, 0, 8, 1, 2, 0, 3, 0, 0, 0, 7, 0, 0, 0, 7, 0, 0, 0, 7, 0, 0, 0, 7, 0, 0, 0, 4, 238, 0, 0, 7, 0, 0, 0, 4, 456, 0, 0]"
901,"[7, 0, 0, 0, 8, 1, 2, 0, 8, 1, 1, 0, 7, 0, 0, 0, 7, 0, 0, 0, 2, 1, 0, 0, 8, 3, 1, 0, 7, 0, 0, 0, 8, 3, 2, 0, 3, 0, 0, 0, 0, 11, 1, 0, 3, 0, 0, 0]"
902,"[0, 7, 1, 0, 7, 0, 0, 0, 7, 0, 0, 0, 7, 0, 0, 0, 1, 4, 0, 0, 4, 375, 0, 0, 7, 0, 0, 0, 7, 0, 0, 0, 7, 0, 0, 0, 7, 0, 0, 0, 7, 0, 0, 0, 7, 0, 0, 0]"
903,"[3, 0, 0, 0, 4, 260, 0, 0, 7, 0, 0, 0, 4, 67, 0, 0, 7, 0, 0, 0, 7, 0, 0, 0, 7, 0, 0, 0, 7, 0, 0, 0, 1, 4, 0, 0, 4, 325, 0, 0, 4, 117, 0, 0, 7, 0, 0, 0]"
904,"[6, 31, 1, 0, 0, 27, 0, 0, 7, 0, 0, 0, 8, 3, 1, 0, 5, 0, 0, 0, 7, 0, 0, 0, 4, 4, 0, 0, 7, 0, 0, 0, 7, 0, 0, 0, 7, 0, 0, 0, 1, 4, 0, 0, 7, 0, 0, 0]"
905,"[0, 10, 1, 0, 5, 0, 0, 0, 4, 313, 0, 0, 7, 0, 0, 0, 7, 0, 0, 0, 7, 0, 0, 0, 7, 0, 0, 0, 7, 0, 0, 0, 1, 4, 0, 0, 7, 0, 0, 0, 7, 0, 0, 0, 7, 0, 0, 0]"
906,"[5, 0, 0, 0, 4, 36, 0, 0, 7, 0, 0, 0, 7, 0, 0, 0, 1, 4, 0, 0, 7, 0, 0, 0, 7, 0, 0, 0, 7, 0, 0, 0, 7, 0, 0, 0, 7, 0, 0, 0, 7, 0, 0, 0, 7, 0, 0, 0]"
907,"[6, 39, 3, 0, 7, 0, 0, 0, 2, 0, 0, 0, 7, 0, 0, 0, 8, 3, 1, 0, 2, 1, 0, 0, 7, 0, 0, 0, 3, 0, 0, 0, 1, 4, 0, 0, 7, 0, 0, 0, 0, 26, 1, 0, 8, 2, 1, 0]"
908,"[2, 1, 0, 0, 7, 0, 0, 0, 2, 1, 0, 0, 8, 3, 1, 0, 8, 3, 1, 0, 1, 4, 0, 0, 8, 1, 1, 0, 2, 0, 0, 0, 7, 0, 0, 0, 7, 0, 0, 0, 2, 0, 0, 0, 0, 26, 1, 0]"
909,"[1, 4, 0, 0, 0, 14, 1, 0, 0, 22, 1, 0, 2, 1, 0, 0, 2, 1, 0, 0, 1, 4, 0, 0, 7, 0, 0, 0, 8, 3, 1, 0, 5, 0, 0, 0, 7, 0, 0, 0, 7, 0, 0, 0, 7, 0, 0, 0]"
910,"[2, 1, 0, 0, 8, 1, 1, 0, 6, 57, 3, 0, 7, 0, 0, 0, 7, 0, 0, 0, 2, 1, 0, 0, 3, 0, 0, 0, 7, 0, 0, 0, 7, 0, 0, 0, 7, 0, 0, 0, 5, 0, 0, 0, 4, 366, 0, 0]"
911,"[4, 488, 0, 0, 7, 0, 0, 0, 4, 157, 0, 0, 7, 0, 0, 0, 7, 0, 0, 0, 7, 0, 0, 0, 7, 0, 0, 0, 7, 0, 0, 0, 7, 0, 0, 0, 7, 0, 0, 0, 7, 0, 0, 0, 7, 0, 0, 0]"
912,"[7, 0, 0, 0, 3, 0, 0, 0, 7, 0, 0, 0, 3, 0, 0, 0, 8, 3, 1, 0, 0, 23, 0, 0, 0, 24, 1, 0, 7, 0, 0, 0, 8, 2, 1, 0, 1, 4, 0, 0, 6, 12, 4, 0, 2, 1, 0, 0]"
913,"[8, 0, 2, 0, 2, 0, 0, 0, 6, 27, 1, 0, 8, 1, 1, 0, 7, 0, 0, 0, 3, 0, 0, 0, 8, 3, 2, 0, 7, 0, 0, 0, 5, 0, 0, 0, 7, 0, 0, 0, 3, 0, 0, 0, 7, 0, 0, 0]"
914,"[1, 4, 0, 0, 4, 140, 0, 0, 7, 0, 0, 0, 1, 4, 0, 0, 7, 0, 0, 0, 7, 0, 0, 0, 7, 0, 0, 0, 7, 0, 0, 0, 4, 262, 0, 0, 7, 0, 0, 0, 4, 231, 0, 0, 7, 0, 0, 0]"
915,"[7, 0, 0, 0, 7, 0, 0, 0, 4, 57, 0, 0, 7, 0, 0, 0, 7, 0, 0, 0, 7, 0, 0, 0, 7, 0, 0, 0, 7, 0, 0, 0, 7, 0, 0, 0, 7, 0, 0, 0, 4, 388, 0, 0, 7, 0, 0, 0]"
916,"[6, 44, 4, 0, 7, 0, 0, 0, 7, 0, 0, 0, 8, 3, 2, 0, 7, 0, 0, 0, 1, 4, 0, 0, 4, 242, 0, 0, 4, 291, 0, 0, 7, 0, 0, 0, 7, 0, 0, 0, 7, 0, 0, 0, 7, 0, 0, 0]"
917,"[3, 0, 0, 0, 4, 276, 0, 0, 7, 0, 0, 0, 7, 0, 0, 0, 7, 0, 0, 0, 4, 474, 0, 0, 7, 0, 0, 0, 7, 0, 0, 0, 7, 0, 0, 0, 7, 0, 0, 0, 7, 0, 0, 0, 4, 353, 0, 0]"
918,"[4, 220, 0, 0, 7, 0, 0, 0, 4, 430, 0, 0, 7, 0, 0, 0, 7, 0, 0, 0, 4, 299, 0, 0, 7, 0, 0, 0, 7, 0, 0, 0, 7, 0, 0, 0, 7, 0, 0, 0, 7, 0, 0, 0, 7, 0, 0, 0]"
919,"[0, 11, 1, 0, 7, 0, 0, 0, 2, 0, 0, 0, 1, 4, 0, 0, 8, 1, 2, 0, 8, 3, 1, 0, 0, 23, 1, 0, 3, 0, 0, 0, 8, 2, 2, 0, 6, 40, 4, 0, 2, 1, 0, 0, 4, 487, 0, 0]"
920,"[7, 0, 0, 0, 2, 0, 0, 0, 4, 86, 0, 0, 7, 0, 0, 0, 1, 4, 0, 0, 4, 54, 0, 0, 7, 0, 0, 0, 7, 0, 0, 0, 1, 4, 0, 0, 7, 0, 0, 0, 7, 0, 0, 0, 7, 0, 0, 0]"
921,"[7, 0, 0, 0, 8, 1, 1, 0, 3, 0, 0, 0, 2, 1, 0, 0, 0, 28, 1, 0, 7, 0, 0, 0, 8, 1, 2, 0, 3, 0, 0, 0, 6, 20, 4, 0, 7, 0, 0, 0, 0, 18, 0, 0, 4, 215, 0, 0]"
922,"[0, 18, 0, 0, 4, 499, 0, 0, 7, 0, 0, 0, 1, 4, 0, 0, 7, 0, 0, 0, 7, 0, 0, 0, 4, 426, 0, 0, 4, 424, 0, 0, 7, 0, 0, 0, 7, 0, 0, 0, 7, 0, 0, 0, 7, 0, 0, 0]"
923,"[6, 4, 1, 0, 7, 0, 0, 0, 1, 4, 0, 0, 7, 0, 0, 0, 7, 0, 0, 0, 3, 0, 0, 0, 4, 192, 0, 0, 7, 0, 0, 0, 1, 4, 0, 0, 7, 0, 0, 0, 4, 105, 0, 0, 7, 0, 0, 0]"
924,"[4, 134, 0, 0, 7, 0, 0, 0, 7, 0, 0, 0, 7, 0, 0, 0, 7, 0, 0, 0, 7, 0, 0, 0, 1, 4, 0, 0, 1, 4, 0, 0, 7, 0, 0, 0, 7, 0, 0, 0, 1, 4, 0, 0, 1, 4, 0, 0]"
925,"[6, 48, 4, 0, 4, 265, 0, 0, 7, 0, 0, 0, 1, 4, 0, 0, 7, 0, 0, 0, 7, 0, 0, 0, 7, 0, 0, 0, 7, 0, 0, 0, 7, 0, 0, 0, 7, 0, 0, 0, 7, 0, 0, 0, 7, 0, 0, 0]"
926,"[3, 0, 0, 0, 8, 1, 1, 0, 0, 16, 0, 0, 4, 477, 0, 0, 7, 0, 0, 0, 1, 4, 0, 0, 4, 464, 0, 0, 7, 0, 0, 0, 7, 0, 0, 0, 7, 0, 0, 0, 7, 0, 0, 0, 7, 0, 0, 0]"
927,"[1, 4, 0, 0, 6, 22, 2, 0, 2, 1, 0, 0, 4, 386, 0, 0, 7, 0, 0, 0, 7, 0, 0, 0, 7, 0, 0, 0, 7, 0, 0, 0, 7, 0, 0, 0, 1, 4, 0, 0, 7, 0, 0, 0, 4, 291, 0, 0]"
928,"[2, 1, 0, 0, 7, 0, 0, 0, 7, 0, 0, 0, 6, 32, 4, 0, 4, 477, 0, 0, 7, 0, 0, 0, 7, 0, 0, 0, 7, 0, 0, 0, 7, 0, 0, 0, 7, 0, 0, 0, 7, 0, 0, 0, 7, 0, 0, 0]"
929,"[2, 0, 0, 0, 8, 1, 2, 0, 3, 0, 0, 0, 8, 2, 1, 0, 1, 4, 0, 0, 3, 0, 0, 0, 7, 0, 0, 0, 4, 500, 0, 0, 7, 0, 0, 0, 7, 0, 0, 0, 7, 0, 0, 0, 1, 4, 0, 0]"
930,"[4, 137, 0, 0, 7, 0, 0, 0, 7, 0, 0, 0, 4, 471, 0, 0, 7, 0, 0, 0, 7, 0, 0, 0, 1, 4, 0, 0, 7, 0, 0, 0, 7, 0, 0, 0, 7, 0, 0, 0, 7, 0, 0, 0, 7, 0, 0, 0]"
931,"[2, 1, 0, 0, 0, 19, 0, 0, 3, 0, 0, 0, 4, 191, 0, 0, 7, 0, 0, 0, 7, 0, 0, 0, 7, 0, 0, 0, 7, 0, 0, 0, 7, 0, 0, 0, 7, 0, 0, 0, 7, 0, 0, 0, 4, 13, 0, 0]"
932,"[2, 1, 0, 0, 1, 4, 0, 0, 4, 387, 0, 0, 7, 0, 0, 0, 4, 206, 0, 0, 7, 0, 0, 0, 7, 0, 0, 0, 7, 0, 0, 0, 7, 0, 0, 0, 1, 4, 0, 0, 7, 0, 0, 0, 7, 0, 0, 0]"
933,"[5, 0, 0, 0, 4, 383, 0, 0, 7, 0, 0, 0, 4, 415, 0, 0, 1, 4, 0, 0, 7, 0, 0, 0, 4, 304, 0, 0, 7, 0, 0, 0, 7, 0, 0, 0, 7, 0, 0, 0, 4, 56, 0, 0, 7, 0, 0, 0]"
934,"[8, 0, 1, 0, 6, 28, 2, 0, 7, 0, 0, 0, 3, 0, 0, 0, 2, 1, 0, 0, 3, 0, 0, 0, 0, 8, 0, 0, 8, 2, 1, 0, 4, 32, 0, 0, 1, 4, 0, 0, 7, 0, 0, 0, 7, 0, 0, 0]"
935,"[0, 14, 0, 0, 4, 458, 0, 0, 7, 0, 0, 0, 7, 0, 0, 0, 7, 0, 0, 0, 7, 0, 0, 0, 7, 0, 0, 0, 7, 0, 0, 0, 7, 0, 0, 0, 7, 0, 0, 0, 7, 0, 0, 0, 1, 4, 0, 0]"
936,"[5, 0, 0, 0, 4, 467, 0, 0, 7, 0, 0, 0, 7, 0, 0, 0, 7, 0, 0, 0, 7, 0, 0, 0, 7, 0, 0, 0, 4, 68, 0, 0, 7, 0, 0, 0, 7, 0, 0, 0, 4, 106, 0, 0, 7, 0, 0, 0]"
937,"[7, 0, 0, 0, 5, 0, 0, 0, 7, 0, 0, 0, 8, 3, 2, 0, 1, 4, 0, 0, 4, 415, 0, 0, 4, 393, 0, 0, 1, 4, 0, 0, 7, 0, 0, 0, 7, 0, 0, 0, 7, 0, 0, 0, 7, 0, 0, 0]"
938,"[4, 131, 0, 0, 7, 0, 0, 0, 7, 0, 0, 0, 7, 0, 0, 0, 4, 116, 0, 0, 7, 0, 0, 0, 7, 0, 0, 0, 7, 0, 0, 0, 7, 0, 0, 0, 7, 0, 0, 0, 7, 0, 0, 0, 7, 0, 0, 0]"
939,"[4, 58, 0, 0, 7, 0, 0, 0, 7, 0, 0, 0, 7, 0, 0, 0, 4, 238, 0, 0, 7, 0, 0, 0, 4, 247, 0, 0, 7, 0, 0, 0, 7, 0, 0, 0, 1, 4, 0, 0, 7, 0, 0, 0, 7, 0, 0, 0]"
940,"[8, 0, 1, 0, 3, 0, 0, 0, 1, 4, 0, 0, 8, 2, 2, 0, 7, 0, 0, 0, 6, 24, 3, 0, 8, 2, 1, 0, 7, 0, 0, 0, 4, 123, 0, 0, 7, 0, 0, 0, 7, 0, 0, 0, 7, 0, 0, 0]"
941,"[8, 0, 2, 0, 1, 4, 0, 0, 2, 1, 0, 0, 0, 23, 1, 0, 0, 9, 0, 0, 5, 0, 0, 0, 7, 0, 0, 0, 7, 0, 0, 0, 7, 0, 0, 0, 1, 4, 0, 0, 1, 4, 0, 0, 8, 3, 2, 0]"
942,"[7, 0, 0, 0, 1, 4, 0, 0, 5, 0, 0, 0, 4, 393, 0, 0, 7, 0, 0, 0, 7, 0, 0, 0, 4, 258, 0, 0, 1, 4, 0, 0, 7, 0, 0, 0, 1, 4, 0, 0, 7, 0, 0, 0, 4, 379, 0, 0]"
943,"[1, 4, 0, 0, 7, 0, 0, 0, 1, 4, 0, 0, 2, 0, 0, 0, 1, 4, 0, 0, 7, 0, 0, 0, 4, 87, 0, 0, 7, 0, 0, 0, 7, 0, 0, 0, 7, 0, 0, 0, 7, 0, 0, 0, 7, 0, 0, 0]"
944,"[6, 12, 4, 0, 7, 0, 0, 0, 3, 0, 0, 0, 7, 0, 0, 0, 4, 282, 0, 0, 7, 0, 0, 0, 7, 0, 0, 0, 7, 0, 0, 0, 7, 0, 0, 0, 7, 0, 0, 0, 7, 0, 0, 0, 7, 0, 0, 0]"
945,"[5, 0, 0, 0, 4, 40, 0, 0, 4, 189, 0, 0, 1, 4, 0, 0, 7, 0, 0, 0, 1, 4, 0, 0, 7, 0, 0, 0, 7, 0, 0, 0, 7, 0, 0, 0, 7, 0, 0, 0, 7, 0, 0, 0, 1, 4, 0, 0]"
946,"[3, 0, 0, 0, 4, 248, 0, 0, 7, 0, 0, 0, 4, 346, 0, 0, 7, 0, 0, 0, 7, 0, 0, 0, 1, 4, 0, 0, 7, 0, 0, 0, 7, 0, 0, 0, 7, 0, 0, 0, 7, 0, 0, 0, 7, 0, 0, 0]"
947,"[6, 30, 3, 0, 2, 0, 0, 0, 3, 0, 0, 0, 8, 3, 2, 0, 2, 1, 0, 0, 2, 1, 0, 0, 3, 0, 0, 0, 0, 4, 1, 0, 2, 1, 0, 0, 2, 1, 0, 0, 7, 0, 0, 0, 3, 0, 0, 0]"
948,"[1, 4, 0, 0, 3, 0, 0, 0, 6, 15, 1, 0, 7, 0, 0, 0, 8, 3, 1, 0, 3, 0, 0, 0, 0, 20, 1, 0, 0, 30, 0, 0, 7, 0, 0, 0, 1, 4, 0, 0, 7, 0, 0, 0, 1, 4, 0, 0]"
949,"[8, 0, 1, 0, 6, 16, 4, 0, 8, 2, 2, 0, 4, 507, 0, 0, 1, 4, 0, 0, 7, 0, 0, 0, 7, 0, 0, 0, 7, 0, 0, 0, 7, 0, 0, 0, 7, 0, 0, 0, 4, 416, 0, 0, 7, 0, 0, 0]"
950,"[1, 4, 0, 0, 4, 183, 0, 0, 7, 0, 0, 0, 7, 0, 0, 0, 7, 0, 0, 0, 4, 310, 0, 0, 7, 0, 0, 0, 7, 0, 0, 0, 7, 0, 0, 0, 1, 4, 0, 0, 7, 0, 0, 0, 7, 0, 0, 0]"
951,"[1, 4, 0, 0, 2, 1, 0, 0, 4, 72, 0, 0, 1, 4, 0, 0, 7, 0, 0, 0, 7, 0, 0, 0, 7, 0, 0, 0, 4, 431, 0, 0, 7, 0, 0, 0, 7, 0, 0, 0, 7, 0, 0, 0, 7, 0, 0, 0]"
952,"[7, 0, 0, 0, 5, 0, 0, 0, 7, 0, 0, 0, 7, 0, 0, 0, 7, 0, 0, 0, 7, 0, 0, 0, 8, 1, 2, 0, 1, 4, 0, 0, 7, 0, 0, 0, 8, 2, 2, 0, 7, 0, 0, 0, 8, 3, 1, 0]"
953,"[8, 0, 2, 0, 0, 8, 0, 0, 0, 29, 0, 0, 2, 1, 0, 0, 8, 3, 2, 0, 8, 3, 1, 0, 2, 1, 0, 0, 3, 0, 0, 0, 0, 29, 1, 0, 6, 44, 4, 0, 7, 0, 0, 0, 7, 0, 0, 0]"
954,"[2, 1, 0, 0, 0, 31, 0, 0, 7, 0, 0, 0, 6, 8, 4, 0, 2, 1, 0, 0, 7, 0, 0, 0, 7, 0, 0, 0, 7, 0, 0, 0, 7, 0, 0, 0, 7, 0, 0, 0, 0, 16, 0, 0, 5, 0, 0, 0]"
955,"[2, 1, 0, 0, 7, 0, 0, 0, 3, 0, 0, 0, 1, 4, 0, 0, 6, 32, 4, 0, 7, 0, 0, 0, 7, 0, 0, 0, 5, 0, 0, 0, 4, 365, 0, 0, 7, 0, 0, 0, 7, 0, 0, 0, 4, 493, 0, 0]"
956,"[4, 307, 0, 0, 4, 55, 0, 0, 7, 0, 0, 0, 7, 0, 0, 0, 4, 2, 0, 0, 7, 0, 0, 0, 4, 156, 0, 0, 7, 0, 0, 0, 7, 0, 0, 0, 7, 0, 0, 0, 7, 0, 0, 0, 7, 0, 0, 0]"
957,"[8, 0, 1, 0, 7, 0, 0, 0, 1, 4, 0, 0, 4, 254, 0, 0, 7, 0, 0, 0, 7, 0, 0, 0, 7, 0, 0, 0, 4, 52, 0, 0, 7, 0, 0, 0, 7, 0, 0, 0, 7, 0, 0, 0, 1, 4, 0, 0]"
958,"[7, 0, 0, 0, 7, 0, 0, 0, 8, 2, 1, 0, 3, 0, 0, 0, 4, 70, 0, 0, 7, 0, 0, 0, 7, 0, 0, 0, 7, 0, 0, 0, 7, 0, 0, 0, 7, 0, 0, 0, 7, 0, 0, 0, 7, 0, 0, 0]"
959,"[7, 0, 0, 0, 3, 0, 0, 0, 4, 488, 0, 0, 4, 150, 0, 0, 7, 0, 0, 0, 7, 0, 0, 0, 7, 0, 0, 0, 7, 0, 0, 0, 7, 0, 0, 0, 7, 0, 0, 0, 7, 0, 0, 0, 7, 0, 0, 0]"
960,"[7, 0, 0, 0, 7, 0, 0, 0, 8, 2, 2, 0, 8, 3, 2, 0, 1, 4, 0, 0, 8, 1, 2, 0, 3, 0, 0, 0, 4, 14, 0, 0, 7, 0, 0, 0, 7, 0, 0, 0, 1, 4, 0, 0, 7, 0, 0, 0]"
961,"[4, 253, 0, 0, 7, 0, 0, 0, 1, 4, 0, 0, 1, 4, 0, 0, 1, 4, 0, 0, 7, 0, 0, 0, 7, 0, 0, 0, 7, 0, 0, 0, 7, 0, 0, 0, 7, 0, 0, 0, 7, 0, 0, 0, 7, 0, 0, 0]"
962,"[3, 0, 0, 0, 2, 1, 0, 0, 0, 11, 0, 0, 4, 188, 0, 0, 7, 0, 0, 0, 1, 4, 0, 0, 7, 0, 0, 0, 7, 0, 0, 0, 7, 0, 0, 0, 7, 0, 0, 0, 4, 369, 0, 0, 7, 0, 0, 0]"
963,"[4, 331, 0, 0, 1, 4, 0, 0, 1, 4, 0, 0, 4, 442, 0, 0, 7, 0, 0, 0, 1, 4, 0, 0, 7, 0, 0, 0, 7, 0, 0, 0, 7, 0, 0, 0, 4, 151, 0, 0, 7, 0, 0, 0, 7, 0, 0, 0]"
964,"[2, 1, 0, 0, 7, 0, 0, 0, 0, 6, 1, 0, 3, 0, 0, 0, 6, 4, 3, 0, 8, 3, 1, 0, 0, 12, 0, 0, 3, 0, 0, 0, 7, 0, 0, 0, 2, 1, 0, 0, 7, 0, 0, 0, 7, 0, 0, 0]"
965,"[6, 60, 4, 0, 8, 1, 1, 0, 3, 0, 0, 0, 2, 0, 0, 0, 3, 0, 0, 0, 7, 0, 0, 0, 0, 8, 1, 0, 1, 8, 0, 0, 3, 0, 0, 0, 0, 14, 1, 0, 2, 1, 0, 0, 4, 237, 0, 0]"
966,"[0, 17, 0, 0, 4, 313, 0, 0, 7, 0, 0, 0, 4, 368, 0, 0, 7, 0, 0, 0, 7, 0, 0, 0, 4, 434, 0, 0, 7, 0, 0, 0, 1, 4, 0, 0, 7, 0, 0, 0, 7, 0, 0, 0, 7, 0, 0, 0]"
967,"[0, 6, 1, 0, 3, 0, 0, 0, 6, 60, 4, 0, 3, 0, 0, 0, 0, 9, 1, 0, 8, 1, 2, 0, 7, 0, 0, 0, 1, 4, 0, 0, 0, 19, 0, 0, 7, 0, 0, 0, 1, 4, 0, 0, 1, 4, 0, 0]"
968,"[8, 0, 1, 0, 4, 420, 0, 0, 7, 0, 0, 0, 7, 0, 0, 0, 7, 0, 0, 0, 7, 0, 0, 0, 7, 0, 0, 0, 7, 0, 0, 0, 7, 0, 0, 0, 7, 0, 0, 0, 7, 0, 0, 0, 7, 0, 0, 0]"
969,"[2, 0, 0, 0, 1, 4, 0, 0, 1, 4, 0, 0, 2, 1, 0, 0, 0, 8, 0, 0, 2, 1, 0, 0, 3, 0, 0, 0, 1, 4, 0, 0, 0, 19, 0, 0, 4, 256, 0, 0, 7, 0, 0, 0, 1, 4, 0, 0]"
970,"[8, 0, 1, 0, 6, 60, 4, 0, 0, 15, 0, 0, 4, 316, 0, 0, 7, 0, 0, 0, 1, 4, 0, 0, 1, 4, 0, 0, 7, 0, 0, 0, 7, 0, 0, 0, 7, 0, 0, 0, 7, 0, 0, 0, 4, 80, 0, 0]"
971,"[1, 4, 0, 0, 1, 4, 0, 0, 7, 0, 0, 0, 7, 0, 0, 0, 4, 152, 0, 0, 7, 0, 0, 0, 7, 0, 0, 0, 7, 0, 0, 0, 7, 0, 0, 0, 7, 0, 0, 0, 1, 4, 0, 0, 7, 0, 0, 0]"
972,"[8, 0, 1, 0, 1, 4, 0, 0, 1, 4, 0, 0, 4, 153, 0, 0, 7, 0, 0, 0, 7, 0, 0, 0, 1, 4, 0, 0, 4, 252, 0, 0, 7, 0, 0, 0, 1, 4, 0, 0, 7, 0, 0, 0, 7, 0, 0, 0]"
973,"[0, 11, 1, 0, 8, 1, 1, 0, 2, 0, 0, 0, 1, 4, 0, 0, 5, 0, 0, 0, 7, 0, 0, 0, 7, 0, 0, 0, 7, 0, 0, 0, 7, 0, 0, 0, 7, 0, 0, 0, 7, 0, 0, 0, 8, 2, 2, 0]"
974,"[4, 263, 0, 0, 7, 0, 0, 0, 7, 0, 0, 0, 7, 0, 0, 0, 7, 0, 0, 0, 7, 0, 0, 0, 7, 0, 0, 0, 4, 32, 0, 0, 7, 0, 0, 0, 7, 0, 0, 0, 7, 0, 0, 0, 7, 0, 0, 0]"
975,"[6, 45, 1, 0, 1, 45, 0, 0, 7, 0, 0, 0, 8, 3, 1, 0, 0, 28, 0, 0, 7, 0, 0, 0, 1, 4, 0, 0, 2, 0, 0, 0, 0, 6, 1, 0, 3, 0, 0, 0, 4, 192, 0, 0, 7, 0, 0, 0]"
976,"[8, 0, 1, 0, 6, 36, 4, 0, 8, 1, 2, 0, 8, 1, 2, 0, 2, 0, 0, 0, 2, 1, 0, 0, 7, 0, 0, 0, 7, 0, 0, 0, 2, 0, 0, 0, 1, 4, 0, 0, 8, 2, 2, 0, 8, 3, 1, 0]"
977,"[2, 1, 0, 0, 3, 0, 0, 0, 3, 0, 0, 0, 6, 16, 4, 0, 8, 2, 1, 0, 4, 509, 0, 0, 1, 4, 0, 0, 1, 4, 0, 0, 7, 0, 0, 0, 4, 494, 0, 0, 7, 0, 0, 0, 7, 0, 0, 0]"
978,"[8, 0, 1, 0, 2, 1, 0, 0, 2, 0, 0, 0, 8, 1, 2, 0, 1, 4, 0, 0, 7, 0, 0, 0, 3, 0, 0, 0, 1, 4, 0, 0, 1, 4, 0, 0, 0, 14, 0, 0, 5, 0, 0, 0, 4, 388, 0, 0]"
979,"[3, 0, 0, 0, 3, 0, 0, 0, 6, 8, 4, 0, 0, 17, 0, 0, 1, 17, 0, 0, 7, 0, 0, 0, 4, 378, 0, 0, 4, 366, 0, 0, 7, 0, 0, 0, 7, 0, 0, 0, 7, 0, 0, 0, 4, 322, 0, 0]"
980,"[0, 24, 0, 0, 0, 7, 0, 0, 1, 7, 0, 0, 0, 13, 1, 0, 8, 2, 1, 0, 1, 4, 0, 0, 3, 0, 0, 0, 1, 4, 0, 0, 5, 0, 0, 0, 7, 0, 0, 0, 7, 0, 0, 0, 3, 0, 0, 0]"
981,"[7, 0, 0, 0, 8, 1, 2, 0, 6, 28, 4, 0, 3, 0, 0, 0, 2, 1, 0, 0, 2, 0, 0, 0, 2, 0, 0, 0, 8, 2, 1, 0, 7, 0, 0, 0, 8, 2, 1, 0, 2, 0, 0, 0, 3, 0, 0, 0]"
982,"[8, 0, 2, 0, 5, 0, 0, 0, 7, 0, 0, 0, 7, 0, 0, 0, 1, 4, 0, 0, 3, 0, 0, 0, 7, 0, 0, 0, 7, 0, 0, 0, 3, 0, 0, 0, 7, 0, 0, 0, 7, 0, 0, 0, 7, 0, 0, 0]"
983,"[2, 1, 0, 0, 3, 0, 0, 0, 0, 6, 1, 0, 8, 2, 1, 0, 6, 57, 1, 0, 2, 0, 0, 0, 0, 26, 0, 0, 7, 0, 0, 0, 4, 302, 0, 0, 7, 0, 0, 0, 7, 0, 0, 0, 7, 0, 0, 0]"
984,"[7, 0, 0, 0, 6, 52, 4, 0, 2, 0, 0, 0, 2, 1, 0, 0, 7, 0, 0, 0, 4, 482, 0, 0, 4, 50, 0, 0, 7, 0, 0, 0, 7, 0, 0, 0, 7, 0, 0, 0, 7, 0, 0, 0, 7, 0, 0, 0]"
985,"[3, 0, 0, 0, 4, 363, 0, 0, 1, 4, 0, 0, 7, 0, 0, 0, 7, 0, 0, 0, 4, 506, 0, 0, 1, 4, 0, 0, 1, 4, 0, 0, 1, 4, 0, 0, 7, 0, 0, 0, 7, 0, 0, 0, 7, 0, 0, 0]"
986,"[7, 0, 0, 0, 3, 0, 0, 0, 3, 0, 0, 0, 4, 327, 0, 0, 7, 0, 0, 0, 7, 0, 0, 0, 7, 0, 0, 0, 7, 0, 0, 0, 7, 0, 0, 0, 7, 0, 0, 0, 7, 0, 0, 0, 7, 0, 0, 0]"
987,"[5, 0, 0, 0, 7, 0, 0, 0, 1, 4, 0, 0, 7, 0, 0, 0, 1, 4, 0, 0, 4, 142, 0, 0, 7, 0, 0, 0, 1, 4, 0, 0, 1, 4, 0, 0, 7, 0, 0, 0, 7, 0, 0, 0, 7, 0, 0, 0]"
988,"[7, 0, 0, 0, 8, 1, 1, 0, 0, 11, 1, 0, 1, 11, 0, 0, 2, 1, 0, 0, 5, 0, 0, 0, 4, 351, 0, 0, 7, 0, 0, 0, 4, 50, 0, 0, 7, 0, 0, 0, 4, 404, 0, 0, 1, 4, 0, 0]"
989,"[7, 0, 0, 0, 3, 0, 0, 0, 7, 0, 0, 0, 0, 5, 0, 0, 6, 52, 4, 0, 7, 0, 0, 0, 3, 0, 0, 0, 0, 8, 0, 0, 8, 1, 2, 0, 7, 0, 0, 0, 7, 0, 0, 0, 8, 2, 2, 0]"
990,"[7, 0, 0, 0, 7, 0, 0, 0, 3, 0, 0, 0, 7, 0, 0, 0, 1, 4, 0, 0, 2, 0, 0, 0, 1, 4, 0, 0, 2, 1, 0, 0, 6, 32, 4, 0, 0, 9, 1, 0, 7, 0, 0, 0, 2, 1, 0, 0]"
991,"[3, 0, 0, 0, 7, 0, 0, 0, 0, 18, 0, 0, 7, 0, 0, 0, 6, 15, 3, 0, 7, 0, 0, 0, 1, 4, 0, 0, 8, 2, 2, 0, 4, 95, 0, 0, 4, 329, 0, 0, 7, 0, 0, 0, 1, 4, 0, 0]"
992,"[6, 24, 2, 0, 8, 1, 1, 0, 3, 0, 0, 0, 4, 119, 0, 0, 4, 32, 0, 0, 7, 0, 0, 0, 7, 0, 0, 0, 7, 0, 0, 0, 7, 0, 0, 0, 7, 0, 0, 0, 7, 0, 0, 0, 7, 0, 0, 0]"
993,"[0, 27, 0, 0, 1, 27, 0, 0, 4, 312, 0, 0, 7, 0, 0, 0, 4, 226, 0, 0, 7, 0, 0, 0, 1, 4, 0, 0, 7, 0, 0, 0, 7, 0, 0, 0, 7, 0, 0, 0, 7, 0, 0, 0, 7, 0, 0, 0]"
994,"[2, 1, 0, 0, 4, 152, 0, 0, 1, 4, 0, 0, 4, 393, 0, 0, 4, 492, 0, 0, 7, 0, 0, 0, 4, 168, 0, 0, 7, 0, 0, 0, 4, 377, 0, 0, 1, 4, 0, 0, 7, 0, 0, 0, 7, 0, 0, 0]"
995,"[2, 0, 0, 0, 5, 0, 0, 0, 4, 463, 0, 0, 7, 0, 0, 0, 7, 0, 0, 0, 7, 0, 0, 0, 7, 0, 0, 0, 7, 0, 0, 0, 7, 0, 0, 0, 7, 0, 0, 0, 7, 0, 0, 0, 7, 0, 0, 0]"
996,"[7, 0, 0, 0, 0, 24, 0, 0, 3, 0, 0, 0, 7, 0, 0, 0, 0, 24, 1, 0, 0, 22, 0, 0, 3, 0, 0, 0, 6, 32, 4, 0, 7, 0, 0, 0, 2, 0, 0, 0, 0, 13, 0, 0, 5, 0, 0, 0]"
997,"[6, 39, 3, 0, 7, 0, 0, 0, 2, 0, 0, 0, 4, 444, 0, 0, 7, 0, 0, 0, 7, 0, 0, 0, 1, 4, 0, 0, 1, 4, 0, 0, 7, 0, 0, 0, 4, 49, 0, 0, 7, 0, 0, 0, 4, 65, 0, 0]"
998,"[1, 4, 0, 0, 2, 1, 0, 0, 3, 0, 0, 0, 3, 0, 0, 0, 1, 4, 0, 0, 8, 1, 2, 0, 4, 312, 0, 0, 7, 0, 0, 0, 7, 0, 0, 0, 7, 0, 0, 0, 7, 0, 0, 0, 7, 0, 0, 0]"
999,"[8, 0, 1, 0, 3, 0, 0, 0, 7, 0, 0, 0, 8, 1, 2, 0, 3, 0, 0, 0, 7, 0, 0, 0, 8, 2, 1, 0, 4, 312, 0, 0, 7, 0, 0, 0, 1, 4, 0, 0, 7, 0, 0, 0, 1, 4, 0, 0]"
1000,"[0, 9, 0, 0, 3, 0, 0, 0, 1, 4, 0, 0, 6, 44, 2, 0, 8, 3, 1, 0, 7, 0, 0, 0, 1, 4, 0, 0, 4, 383, 0, 0, 7, 0, 0, 0, 7, 0, 0, 0, 7, 0, 0, 0, 7, 0, 0, 0]"
