Encoded Architecture,Loss,Accuracy,Precision,Recall,F1,Specificity,SynFlow
"[8, 0, 1, 0, 2, 1, 0, 0, 2, 0, 0, 0, 1, 4, 0, 0, 6, 30, 2, 0, 8, 2, 1, 0, 7, 0, 0, 0, 8, 3, 1, 0, 2, 1, 0, 0, 7, 0, 0, 0, 1, 4, 0, 0, 7, 0, 0, 0]",0.7017064571380616,0.5,0.5137046861184792,0.3817345597897503,0.4379947229551451,0.6386333771353482,34.859033005312085
"[1, 4, 0, 0, 8, 1, 2, 0, 8, 2, 2, 0, 3, 0, 0, 0, 4, 148, 0, 0, 2, 1, 0, 0, 7, 0, 0, 0, 1, 4, 0, 0, 6, 6, 1, 0, 7, 0, 0, 0, 3, 0, 0, 0, 5, 0, 0, 0]",0.6953701972961426,0.5,0.5078066914498142,0.4487516425755585,0.4764562260202302,0.5650459921156373,357.4751970246434
"[4, 155, 0, 0, 7, 0, 0, 0, 3, 0, 0, 0, 0, 18, 0, 0, 4, 265, 0, 0, 7, 0, 0, 0, 6, 50, 1, 0, 0, 14, 1, 0, 1, 14, 0, 0, 1, 4, 0, 0, 2, 0, 0, 0, 3, 0, 0, 0]",0.6934696018695832,0.5,0.5138339920948617,0.5978975032851511,0.5526875189796538,0.4342969776609724,1.9981377378571779
"[3, 0, 0, 0, 7, 0, 0, 0, 2, 1, 0, 0, 0, 8, 0, 0, 4, 461, 0, 0, 7, 0, 0, 0, 1, 4, 0, 0, 1, 4, 0, 0, 3, 0, 0, 0, 8, 2, 1, 0, 7, 0, 0, 0, 6, 29, 3, 0]",0.6945143520832062,0.5,0.4845573095401509,0.4638633377135348,0.4739845585767036,0.5065703022339028,431.5464272061363
"[2, 0, 0, 0, 8, 1, 2, 0, 1, 4, 0, 0, 3, 0, 0, 0, 4, 206, 0, 0, 8, 2, 1, 0, 7, 0, 0, 0, 6, 51, 4, 0, 3, 0, 0, 0, 0, 22, 0, 0, 4, 197, 0, 0, 4, 288, 0, 0]",0.6930286586284637,0.5,0.49706457925636,0.3337713534822601,0.3993710691823899,0.6622864651773982,13.444120868705795
"[3, 0, 0, 0, 3, 0, 0, 0, 6, 56, 3, 0, 1, 56, 0, 0, 0, 20, 0, 0, 5, 0, 0, 0, 7, 0, 0, 0, 7, 0, 0, 0, 7, 0, 0, 0, 7, 0, 0, 0, 8, 2, 1, 0, 3, 0, 0, 0]",0.6940573275089263,0.5,0.515625,0.3252299605781866,0.3988718775181305,0.6944809461235217,102.32976867409889
"[2, 0, 0, 0, 3, 0, 0, 0, 4, 399, 0, 0, 4, 480, 0, 0, 1, 4, 0, 0, 7, 0, 0, 0, 2, 1, 0, 0, 1, 4, 0, 0, 0, 28, 1, 0, 2, 0, 0, 0, 0, 6, 0, 0, 2, 1, 0, 0]",0.693326723575592,0.5,0.4858459512837393,0.4848883048620236,0.4853666557053601,0.4868593955321945,1.7409180393442512
"[0, 10, 0, 0, 7, 0, 0, 0, 7, 0, 0, 0, 3, 0, 0, 0, 3, 0, 0, 0, 4, 179, 0, 0, 0, 20, 0, 0, 7, 0, 0, 0, 2, 1, 0, 0, 0, 29, 1, 0, 5, 0, 0, 0, 4, 188, 0, 0]",0.6934393107891083,0.5,0.496,0.1629434954007884,0.2453016815034619,0.8344283837056504,0.07323312707467267
"[0, 9, 1, 0, 2, 1, 0, 0, 4, 324, 0, 0, 2, 0, 0, 0, 3, 0, 0, 0, 7, 0, 0, 0, 2, 0, 0, 0, 7, 0, 0, 0, 3, 0, 0, 0, 2, 1, 0, 0, 4, 301, 0, 0, 6, 37, 4, 0]",0.693215423822403,0.5,0.5058708414872799,0.3396846254927727,0.4064465408805031,0.6681997371879106,0.14141768313857028
"[1, 4, 0, 0, 7, 0, 0, 0, 8, 1, 1, 0, 0, 27, 0, 0, 4, 100, 0, 0, 8, 3, 2, 0, 6, 30, 4, 0, 0, 17, 1, 0, 1, 17, 0, 0, 5, 0, 0, 0, 4, 350, 0, 0, 4, 409, 0, 0]",0.6930703818798065,0.5,0.5012038523274478,0.8206307490144547,0.6223218734429496,0.1833114323258869,2.8534673475514865
"[1, 4, 0, 0, 7, 0, 0, 0, 6, 9, 4, 0, 5, 0, 0, 0, 7, 0, 0, 0, 3, 0, 0, 0, 7, 0, 0, 0, 3, 0, 0, 0, 8, 2, 1, 0, 7, 0, 0, 0, 1, 4, 0, 0, 8, 2, 1, 0]",0.7102409124374389,0.5,0.5046979865771812,0.4940867279894875,0.49933598937583,0.5151116951379764,0.0
"[7, 0, 0, 0, 2, 0, 0, 0, 7, 0, 0, 0, 6, 40, 1, 0, 8, 2, 2, 0, 0, 16, 1, 0, 7, 0, 0, 0, 7, 0, 0, 0, 2, 0, 0, 0, 8, 1, 2, 0, 3, 0, 0, 0, 2, 0, 0, 0]",0.6929938495159149,0.5,0.4830699774266365,0.4218134034165571,0.450368291827429,0.5486202365308804,53.09180335653946
"[8, 0, 2, 0, 6, 22, 4, 0, 7, 0, 0, 0, 7, 0, 0, 0, 1, 4, 0, 0, 4, 349, 0, 0, 7, 0, 0, 0, 7, 0, 0, 0, 7, 0, 0, 0, 0, 28, 0, 0, 0, 31, 1, 0, 0, 31, 1, 0]",0.6930130958557129,0.5,0.5072619688004303,0.6195795006570303,0.5578231292517006,0.3981603153745072,0.17308548103028443
"[0, 9, 1, 0, 1, 9, 0, 0, 8, 1, 1, 0, 2, 1, 0, 0, 5, 0, 0, 0, 7, 0, 0, 0, 7, 0, 0, 0, 8, 3, 1, 0, 7, 0, 0, 0, 7, 0, 0, 0, 8, 3, 1, 0, 4, 99, 0, 0]",0.6952906966209411,0.5,0.5117085862966175,0.3876478318002628,0.4411214953271028,0.6300919842312747,0.10875291319462121
"[7, 0, 0, 0, 2, 1, 0, 0, 0, 19, 0, 0, 7, 0, 0, 0, 7, 0, 0, 0, 2, 0, 0, 0, 6, 54, 4, 0, 7, 0, 0, 0, 3, 0, 0, 0, 4, 273, 0, 0, 0, 14, 0, 0, 7, 0, 0, 0]",0.6930540144443512,0.5,0.3333333333333333,0.0013140604467805,0.0026178010471204,0.9973718791064388,74.22393568884581
"[7, 0, 0, 0, 3, 0, 0, 0, 1, 4, 0, 0, 7, 0, 0, 0, 7, 0, 0, 0, 7, 0, 0, 0, 1, 4, 0, 0, 2, 1, 0, 0, 4, 248, 0, 0, 5, 0, 0, 0, 7, 0, 0, 0, 7, 0, 0, 0]",0.6941074311733246,0.5,0.5186980609418282,0.4921156373193167,0.5050573162508429,0.5433639947437582,1.302342504292028
"[3, 0, 0, 0, 7, 0, 0, 0, 4, 271, 0, 0, 4, 97, 0, 0, 8, 2, 2, 0, 0, 15, 1, 0, 7, 0, 0, 0, 7, 0, 0, 0, 0, 11, 0, 0, 6, 38, 4, 0, 3, 0, 0, 0, 1, 4, 0, 0]",0.6931944370269776,0.5,0.5049455984174085,0.6708278580814717,0.5761851015801355,0.3423127463863337,2.243942074259394
"[4, 186, 0, 0, 7, 0, 0, 0, 2, 0, 0, 0, 3, 0, 0, 0, 8, 2, 1, 0, 4, 462, 0, 0, 4, 257, 0, 0, 7, 0, 0, 0, 8, 2, 1, 0, 7, 0, 0, 0, 2, 1, 0, 0, 6, 35, 4, 0]",0.6932511568069458,0.5,0.5091911764705882,0.1819973718791064,0.2681510164569216,0.8245729303547963,11.025512483145576
"[3, 0, 0, 0, 8, 1, 1, 0, 4, 223, 0, 0, 1, 4, 0, 0, 7, 0, 0, 0, 0, 28, 1, 0, 7, 0, 0, 0, 6, 10, 1, 0, 3, 0, 0, 0, 8, 2, 2, 0, 7, 0, 0, 0, 7, 0, 0, 0]",0.6935668051242828,0.5,0.5130853994490359,0.4894875164257556,0.5010087424344317,0.5354796320630749,2.721947126556188
"[3, 0, 0, 0, 7, 0, 0, 0, 4, 224, 0, 0, 3, 0, 0, 0, 6, 51, 1, 0, 0, 21, 1, 0, 5, 0, 0, 0, 7, 0, 0, 0, 7, 0, 0, 0, 7, 0, 0, 0, 3, 0, 0, 0, 8, 2, 1, 0]",0.6931623995304108,0.5,0.4879890185312285,0.4671484888304862,0.4773413897280967,0.5098554533508541,154.70297226822004
"[8, 0, 1, 0, 4, 470, 0, 0, 1, 4, 0, 0, 0, 12, 0, 0, 6, 27, 4, 0, 7, 0, 0, 0, 8, 2, 2, 0, 0, 5, 1, 0, 7, 0, 0, 0, 2, 0, 0, 0, 3, 0, 0, 0, 4, 69, 0, 0]",0.6934400737285614,0.5,0.5,0.671484888304862,0.5731912507010656,0.328515111695138,8.817040060414001
"[0, 14, 1, 0, 2, 0, 0, 0, 7, 0, 0, 0, 1, 4, 0, 0, 2, 0, 0, 0, 7, 0, 0, 0, 2, 0, 0, 0, 2, 1, 0, 0, 7, 0, 0, 0, 2, 0, 0, 0, 8, 1, 2, 0, 1, 4, 0, 0]",0.7047011971473693,0.5,0.5040858018386108,0.6484888304862023,0.5672413793103448,0.3620236530880421,26.007542514242232
"[7, 0, 0, 0, 8, 1, 1, 0, 1, 4, 0, 0, 7, 0, 0, 0, 8, 3, 1, 0, 1, 4, 0, 0, 7, 0, 0, 0, 4, 108, 0, 0, 3, 0, 0, 0, 7, 0, 0, 0, 0, 19, 1, 0, 0, 10, 1, 0]",0.6933635532855987,0.5,0.5044598612487612,0.3344283837056505,0.4022125642038719,0.671484888304862,0.09726533736829879
"[7, 0, 0, 0, 1, 4, 0, 0, 7, 0, 0, 0, 7, 0, 0, 0, 2, 1, 0, 0, 1, 4, 0, 0, 6, 27, 4, 0, 8, 2, 1, 0, 7, 0, 0, 0, 7, 0, 0, 0, 7, 0, 0, 0, 1, 4, 0, 0]",0.7061308324337006,0.5,0.4977538185085355,0.3639947437582129,0.420493358633776,0.6327201051248358,68.83893232373521
"[7, 0, 0, 0, 3, 0, 0, 0, 1, 4, 0, 0, 8, 2, 1, 0, 7, 0, 0, 0, 8, 3, 1, 0, 0, 11, 0, 0, 0, 21, 0, 0, 4, 415, 0, 0, 6, 24, 2, 0, 2, 0, 0, 0, 8, 2, 2, 0]",0.6930145204067231,0.5,0.4916387959866221,0.4829172141918528,0.4872389791183295,0.5006570302233903,2.5223921159522433
"[0, 27, 1, 0, 6, 26, 1, 0, 8, 1, 1, 0, 0, 20, 0, 0, 7, 0, 0, 0, 0, 24, 0, 0, 8, 1, 1, 0, 0, 8, 1, 0, 8, 2, 1, 0, 7, 0, 0, 0, 4, 268, 0, 0, 7, 0, 0, 0]",0.6931797921657562,0.5,0.5009784735812133,0.6727989487516426,0.5743129556926528,0.3298291721419185,4.846631752421672
"[3, 0, 0, 0, 4, 258, 0, 0, 8, 2, 2, 0, 6, 18, 4, 0, 0, 12, 1, 0, 2, 1, 0, 0, 2, 0, 0, 0, 4, 292, 0, 0, 7, 0, 0, 0, 2, 0, 0, 0, 8, 2, 1, 0, 7, 0, 0, 0]",0.6933768451213836,0.5,0.509,0.3344283837056505,0.4036478984932593,0.6773981603153745,0.029099304264491366
"[1, 4, 0, 0, 1, 4, 0, 0, 7, 0, 0, 0, 7, 0, 0, 0, 3, 0, 0, 0, 0, 31, 0, 0, 4, 42, 0, 0, 7, 0, 0, 0, 0, 26, 0, 0, 8, 3, 2, 0, 2, 1, 0, 0, 0, 14, 1, 0]",0.6940414726734161,0.5,0.4982220466218885,0.828515111695138,0.6222551196644461,0.1655716162943495,1.816199650085764
"[8, 0, 1, 0, 0, 28, 0, 0, 1, 28, 0, 0, 7, 0, 0, 0, 6, 38, 2, 0, 7, 0, 0, 0, 7, 0, 0, 0, 0, 19, 1, 0, 7, 0, 0, 0, 7, 0, 0, 0, 7, 0, 0, 0, 7, 0, 0, 0]",0.6931139290332794,0.5,0.5058236272878536,0.5992115637319316,0.5485714285714286,0.4145860709592641,0.1009849649062744
"[0, 25, 1, 0, 5, 0, 0, 0, 4, 153, 0, 0, 4, 439, 0, 0, 1, 4, 0, 0, 7, 0, 0, 0, 1, 4, 0, 0, 4, 477, 0, 0, 1, 4, 0, 0, 7, 0, 0, 0, 7, 0, 0, 0, 7, 0, 0, 0]",0.6931921541690826,0.5,0.5047619047619047,0.3134034165571616,0.386704499391974,0.6925098554533509,0.0
"[3, 0, 0, 0, 0, 24, 1, 0, 7, 0, 0, 0, 0, 14, 1, 0, 8, 2, 2, 0, 7, 0, 0, 0, 1, 4, 0, 0, 7, 0, 0, 0, 8, 1, 1, 0, 1, 4, 0, 0, 6, 12, 4, 0, 4, 220, 0, 0]",0.693627679347992,0.5,0.5258126195028681,0.1806833114323258,0.2689486552567237,0.8370565045992115,0.01952136817635619
"[7, 0, 0, 0, 0, 31, 0, 0, 6, 39, 3, 0, 7, 0, 0, 0, 7, 0, 0, 0, 7, 0, 0, 0, 2, 1, 0, 0, 1, 4, 0, 0, 7, 0, 0, 0, 2, 1, 0, 0, 4, 401, 0, 0, 2, 0, 0, 0]",0.694387799501419,0.5,0.4980174464710547,0.4126149802890933,0.4513115343154869,0.5840998685939554,0.34790832318685716
"[2, 1, 0, 0, 7, 0, 0, 0, 4, 351, 0, 0, 0, 31, 1, 0, 1, 31, 0, 0, 6, 23, 2, 0, 8, 3, 1, 0, 4, 25, 0, 0, 7, 0, 0, 0, 2, 1, 0, 0, 8, 2, 1, 0, 7, 0, 0, 0]",0.6958403348922729,0.5,0.5081669691470054,0.3679369250985545,0.4268292682926829,0.6438896189224704,0.013090683554764837
"[0, 8, 1, 0, 0, 9, 1, 0, 2, 1, 0, 0, 7, 0, 0, 0, 2, 0, 0, 0, 6, 20, 4, 0, 3, 0, 0, 0, 8, 2, 1, 0, 5, 0, 0, 0, 7, 0, 0, 0, 1, 4, 0, 0, 1, 4, 0, 0]",0.7025742769241333,0.5,0.4856961220597584,0.5019710906701709,0.4936995153473344,0.4684625492772667,0.0
"[2, 1, 0, 0, 1, 4, 0, 0, 4, 2, 0, 0, 2, 0, 0, 0, 2, 0, 0, 0, 8, 3, 2, 0, 3, 0, 0, 0, 7, 0, 0, 0, 1, 4, 0, 0, 1, 4, 0, 0, 7, 0, 0, 0, 3, 0, 0, 0]",0.707088577747345,0.5,0.4912739965095986,0.3699080157687253,0.4220389805097451,0.6169513797634691,0.16290327704030005
"[6, 44, 4, 0, 3, 0, 0, 0, 7, 0, 0, 0, 7, 0, 0, 0, 7, 0, 0, 0, 7, 0, 0, 0, 3, 0, 0, 0, 4, 311, 0, 0, 1, 4, 0, 0, 1, 4, 0, 0, 7, 0, 0, 0, 7, 0, 0, 0]",0.6948180615901947,0.5,0.4997272231314784,0.6018396846254928,0.5460506706408346,0.3975032851511169,525.4214932071045
"[6, 35, 4, 0, 4, 440, 0, 0, 4, 274, 0, 0, 7, 0, 0, 0, 0, 28, 1, 0, 4, 129, 0, 0, 7, 0, 0, 0, 0, 7, 1, 0, 0, 26, 0, 0, 3, 0, 0, 0, 0, 9, 0, 0, 1, 9, 0, 0]",0.6935724496841431,0.5,0.504,0.4967148488830486,0.500330906684315,0.5111695137976346,0.01952791547103061
"[4, 58, 0, 0, 1, 4, 0, 0, 7, 0, 0, 0, 2, 0, 0, 0, 1, 4, 0, 0, 6, 53, 4, 0, 2, 1, 0, 0, 7, 0, 0, 0, 0, 4, 1, 0, 7, 0, 0, 0, 7, 0, 0, 0, 5, 0, 0, 0]",0.6932323157787323,0.5,0.4948826008428657,0.5400788436268068,0.5164938737040528,0.4487516425755585,0.11500055875512771
"[0, 5, 0, 0, 1, 5, 0, 0, 7, 0, 0, 0, 2, 1, 0, 0, 3, 0, 0, 0, 6, 35, 3, 0, 3, 0, 0, 0, 1, 4, 0, 0, 3, 0, 0, 0, 8, 3, 2, 0, 7, 0, 0, 0, 8, 2, 1, 0]",0.7026832699775696,0.5,0.5157773952954676,0.5906701708278581,0.5506891271056662,0.4454664914586071,13.215847935527563
"[3, 0, 0, 0, 2, 0, 0, 0, 6, 31, 4, 0, 8, 2, 2, 0, 3, 0, 0, 0, 1, 4, 0, 0, 8, 1, 2, 0, 8, 2, 1, 0, 7, 0, 0, 0, 1, 4, 0, 0, 8, 2, 1, 0, 8, 2, 1, 0]",0.7039122104644775,0.5,0.4952830188679245,0.4829172141918528,0.4890219560878243,0.5078843626806833,172.13789718365297
"[0, 9, 0, 0, 0, 8, 1, 0, 6, 20, 4, 0, 7, 0, 0, 0, 7, 0, 0, 0, 3, 0, 0, 0, 8, 2, 2, 0, 0, 11, 0, 0, 8, 3, 1, 0, 2, 0, 0, 0, 2, 1, 0, 0, 1, 4, 0, 0]",0.6932541489601135,0.5,0.5007930214115781,0.8298291721419185,0.6246290801186943,0.1727989487516426,2.658941798028536
"[0, 8, 0, 0, 7, 0, 0, 0, 0, 4, 1, 0, 3, 0, 0, 0, 3, 0, 0, 0, 7, 0, 0, 0, 2, 1, 0, 0, 7, 0, 0, 0, 4, 26, 0, 0, 7, 0, 0, 0, 3, 0, 0, 0, 4, 379, 0, 0]",0.6936547100543976,0.5,0.4988104678826328,0.8265440210249672,0.6221562809099901,0.1695137976346911,0.03803485259049921
"[7, 0, 0, 0, 2, 0, 0, 0, 3, 0, 0, 0, 7, 0, 0, 0, 6, 7, 4, 0, 1, 7, 0, 0, 1, 4, 0, 0, 7, 0, 0, 0, 1, 4, 0, 0, 3, 0, 0, 0, 7, 0, 0, 0, 5, 0, 0, 0]",0.7026687443256379,0.5,0.4736434108527131,0.4014454664914586,0.4345661450924609,0.5538764783180026,174.96564769675024
"[0, 26, 0, 0, 1, 26, 0, 0, 6, 40, 4, 0, 7, 0, 0, 0, 0, 4, 0, 0, 0, 21, 1, 0, 1, 21, 0, 0, 8, 1, 2, 0, 3, 0, 0, 0, 2, 0, 0, 0, 4, 168, 0, 0, 2, 0, 0, 0]",0.6953424632549285,0.5,0.5099191770756797,0.4559789750328515,0.4814429413805064,0.561760840998686,0.30284587253640893
"[1, 4, 0, 0, 5, 0, 0, 0, 4, 370, 0, 0, 7, 0, 0, 0, 8, 1, 2, 0, 7, 0, 0, 0, 8, 2, 1, 0, 1, 4, 0, 0, 8, 3, 2, 0, 4, 142, 0, 0, 1, 4, 0, 0, 7, 0, 0, 0]",0.6937728762626648,0.5,0.4994285714285714,0.5742444152431012,0.5342298288508558,0.4244415243101183,0.0
"[0, 6, 0, 0, 6, 54, 1, 0, 0, 15, 1, 0, 2, 0, 0, 0, 7, 0, 0, 0, 4, 345, 0, 0, 4, 489, 0, 0, 8, 3, 1, 0, 0, 18, 0, 0, 0, 26, 1, 0, 0, 27, 0, 0, 3, 0, 0, 0]",0.6932155966758728,0.5,0.5047581284694687,0.8363994743758213,0.6295746785361028,0.1793692509855453,2.2907888707431994
"[8, 0, 1, 0, 1, 4, 0, 0, 3, 0, 0, 0, 8, 2, 1, 0, 7, 0, 0, 0, 3, 0, 0, 0, 6, 57, 1, 0, 2, 1, 0, 0, 8, 3, 1, 0, 3, 0, 0, 0, 7, 0, 0, 0, 7, 0, 0, 0]",0.7074317872524262,0.5,0.5078636959370905,0.5091984231274639,0.5085301837270341,0.5065703022339028,26.693449188023806
"[8, 0, 2, 0, 3, 0, 0, 0, 3, 0, 0, 0, 3, 0, 0, 0, 4, 181, 0, 0, 2, 0, 0, 0, 3, 0, 0, 0, 3, 0, 0, 0, 7, 0, 0, 0, 4, 316, 0, 0, 1, 4, 0, 0, 4, 35, 0, 0]",0.6936866760253906,0.5,0.498,0.4908015768725361,0.4943745863666446,0.5052562417871223,1.4887389801715472
"[7, 0, 0, 0, 4, 349, 0, 0, 0, 30, 1, 0, 7, 0, 0, 0, 3, 0, 0, 0, 3, 0, 0, 0, 1, 4, 0, 0, 8, 1, 1, 0, 6, 43, 4, 0, 3, 0, 0, 0, 2, 0, 0, 0, 8, 1, 2, 0]",0.6949788808822632,0.5,0.4931950745301361,0.5,0.4965742251223491,0.4862023653088042,1.1112739270502061
"[0, 9, 1, 0, 7, 0, 0, 0, 6, 48, 4, 0, 7, 0, 0, 0, 8, 1, 2, 0, 0, 9, 0, 0, 1, 9, 0, 0, 7, 0, 0, 0, 0, 13, 0, 0, 7, 0, 0, 0, 0, 15, 0, 0, 7, 0, 0, 0]",0.6929327487945557,0.5,0.5163727959697733,0.5387647831800263,0.5273311897106109,0.495400788436268,3.0462311289738864
"[6, 35, 4, 0, 7, 0, 0, 0, 8, 1, 1, 0, 2, 1, 0, 0, 3, 0, 0, 0, 7, 0, 0, 0, 1, 4, 0, 0, 0, 6, 1, 0, 7, 0, 0, 0, 2, 1, 0, 0, 7, 0, 0, 0, 5, 0, 0, 0]",0.6932017087936402,0.5,0.507783543365456,0.450065703022339,0.4771856495994427,0.5637319316688568,0.017129773084889166
"[4, 289, 0, 0, 1, 4, 0, 0, 0, 7, 1, 0, 7, 0, 0, 0, 0, 29, 0, 0, 5, 0, 0, 0, 4, 35, 0, 0, 1, 4, 0, 0, 8, 2, 1, 0, 7, 0, 0, 0, 8, 1, 2, 0, 3, 0, 0, 0]",0.6931764304637908,0.5,0.4948400412796697,0.6300919842312747,0.554335260115607,0.3567674113009198,0.0
"[7, 0, 0, 0, 3, 0, 0, 0, 8, 1, 1, 0, 0, 23, 0, 0, 3, 0, 0, 0, 4, 432, 0, 0, 1, 4, 0, 0, 6, 43, 4, 0, 3, 0, 0, 0, 2, 0, 0, 0, 7, 0, 0, 0, 5, 0, 0, 0]",0.6952362537384034,0.5,0.4971680302076778,0.519053876478318,0.507875281260045,0.4750328515111695,221.12050956161693
"[4, 509, 0, 0, 8, 1, 1, 0, 5, 0, 0, 0, 4, 232, 0, 0, 7, 0, 0, 0, 4, 452, 0, 0, 4, 348, 0, 0, 8, 2, 2, 0, 1, 4, 0, 0, 1, 4, 0, 0, 7, 0, 0, 0, 7, 0, 0, 0]",0.6934300899505615,0.5,0.4318181818181818,0.0124835742444152,0.0242656449553001,0.9835742444152432,0.0
"[0, 20, 0, 0, 7, 0, 0, 0, 8, 2, 2, 0, 0, 26, 0, 0, 2, 0, 0, 0, 1, 4, 0, 0, 4, 511, 0, 0, 6, 50, 2, 0, 8, 1, 2, 0, 0, 24, 1, 0, 3, 0, 0, 0, 1, 4, 0, 0]",0.6970161616802215,0.5,0.492798353909465,0.3147174770039422,0.384121892542101,0.676084099868594,0.12712001651925675
"[5, 0, 0, 0, 4, 308, 0, 0, 3, 0, 0, 0, 1, 4, 0, 0, 7, 0, 0, 0, 7, 0, 0, 0, 7, 0, 0, 0, 3, 0, 0, 0, 7, 0, 0, 0, 7, 0, 0, 0, 4, 492, 0, 0, 7, 0, 0, 0]",0.6934612274169922,0.5,0.5188679245283019,0.3975032851511169,0.4501488095238095,0.6314060446780552,0.0
"[6, 21, 4, 0, 4, 454, 0, 0, 7, 0, 0, 0, 1, 4, 0, 0, 3, 0, 0, 0, 7, 0, 0, 0, 2, 1, 0, 0, 4, 191, 0, 0, 5, 0, 0, 0, 4, 27, 0, 0, 4, 468, 0, 0, 7, 0, 0, 0]",0.6936948895454407,0.5,0.4927113702623906,0.3331143232588699,0.3974911799294394,0.657030223390276,0.45657338924502255
"[3, 0, 0, 0, 6, 23, 3, 0, 7, 0, 0, 0, 7, 0, 0, 0, 1, 4, 0, 0, 0, 7, 1, 0, 0, 7, 1, 0, 7, 0, 0, 0, 0, 9, 0, 0, 8, 1, 1, 0, 1, 4, 0, 0, 7, 0, 0, 0]",0.6926776945590973,0.5,0.4993523316062176,0.5065703022339028,0.50293542074364,0.4921156373193167,0.025128111076810455
"[4, 363, 0, 0, 3, 0, 0, 0, 6, 10, 4, 0, 0, 15, 0, 0, 1, 15, 0, 0, 7, 0, 0, 0, 3, 0, 0, 0, 7, 0, 0, 0, 7, 0, 0, 0, 2, 1, 0, 0, 7, 0, 0, 0, 5, 0, 0, 0]",0.6950828492641449,0.5,0.4899894625922023,0.6110381077529566,0.543859649122807,0.3639947437582129,0.5338553592846438
"[7, 0, 0, 0, 4, 334, 0, 0, 8, 2, 1, 0, 8, 1, 1, 0, 6, 47, 3, 0, 7, 0, 0, 0, 0, 27, 0, 0, 5, 0, 0, 0, 7, 0, 0, 0, 7, 0, 0, 0, 7, 0, 0, 0, 7, 0, 0, 0]",0.6931712210178376,0.5,0.4956217162872154,0.3718791064388962,0.4249249249249249,0.621550591327201,0.4967103767453409
"[4, 293, 0, 0, 3, 0, 0, 0, 6, 55, 4, 0, 2, 0, 0, 0, 1, 4, 0, 0, 7, 0, 0, 0, 7, 0, 0, 0, 1, 4, 0, 0, 2, 1, 0, 0, 7, 0, 0, 0, 2, 1, 0, 0, 5, 0, 0, 0]",0.6937027692794799,0.5,0.4924012158054711,0.3193166885676741,0.3874053407732164,0.6708278580814717,0.6537703503709054
"[0, 5, 1, 0, 1, 5, 0, 0, 6, 57, 4, 0, 1, 57, 0, 0, 4, 29, 0, 0, 0, 16, 1, 0, 0, 16, 1, 0, 1, 16, 0, 0, 2, 0, 0, 0, 8, 3, 2, 0, 0, 17, 1, 0, 0, 25, 0, 0]",0.6565869688987732,0.5,0.4976331360946746,0.5525624178712221,0.5236612702366127,0.4421813403416557,0.005516593527318037
"[4, 229, 0, 0, 0, 15, 1, 0, 2, 1, 0, 0, 6, 61, 1, 0, 8, 2, 1, 0, 2, 1, 0, 0, 1, 4, 0, 0, 7, 0, 0, 0, 0, 8, 0, 0, 2, 0, 0, 0, 7, 0, 0, 0, 7, 0, 0, 0]",0.6929523587226868,0.5,0.5022455089820359,0.4408672798948752,0.4695591322603219,0.5630749014454665,7.194077061489224
"[0, 11, 1, 0, 3, 0, 0, 0, 0, 11, 1, 0, 2, 1, 0, 0, 7, 0, 0, 0, 2, 0, 0, 0, 6, 60, 1, 0, 1, 60, 0, 0, 0, 25, 1, 0, 3, 0, 0, 0, 7, 0, 0, 0, 1, 4, 0, 0]",0.7029018819332122,0.5,0.5071942446043165,0.4632063074901445,0.4842032967032967,0.5499342969776609,0.05092740198597312
"[3, 0, 0, 0, 0, 4, 0, 0, 1, 4, 0, 0, 2, 1, 0, 0, 0, 19, 1, 0, 0, 15, 0, 0, 6, 6, 4, 0, 0, 28, 0, 0, 8, 1, 1, 0, 4, 143, 0, 0, 0, 27, 1, 0, 4, 67, 0, 0]",0.6933876931667328,0.5,0.5039138943248532,0.3383705650459921,0.404874213836478,0.6668856767411301,0.009403960252171828
"[4, 169, 0, 0, 6, 6, 1, 0, 7, 0, 0, 0, 8, 3, 2, 0, 2, 0, 0, 0, 0, 13, 1, 0, 8, 1, 2, 0, 4, 37, 0, 0, 7, 0, 0, 0, 7, 0, 0, 0, 1, 4, 0, 0, 7, 0, 0, 0]",0.6934415578842164,0.5,0.4902152641878669,0.3291721419185282,0.3938679245283019,0.6576872536136662,2.3252252098172903
"[4, 403, 0, 0, 2, 0, 0, 0, 7, 0, 0, 0, 3, 0, 0, 0, 7, 0, 0, 0, 4, 157, 0, 0, 3, 0, 0, 0, 8, 1, 1, 0, 0, 9, 0, 0, 8, 3, 2, 0, 7, 0, 0, 0, 8, 1, 1, 0]",0.6932715952396393,0.5,0.5,1.0,0.6666666666666666,0.0,0.15525674938817247
"[1, 4, 0, 0, 0, 19, 1, 0, 5, 0, 0, 0, 7, 0, 0, 0, 4, 421, 0, 0, 7, 0, 0, 0, 1, 4, 0, 0, 7, 0, 0, 0, 3, 0, 0, 0, 1, 4, 0, 0, 4, 234, 0, 0, 7, 0, 0, 0]",0.6943918228149414,0.5,0.48892490545651,0.5946123521681997,0.5366142899495998,0.3784494086727989,0.0
"[0, 29, 0, 0, 6, 60, 1, 0, 2, 0, 0, 0, 8, 2, 1, 0, 2, 0, 0, 0, 7, 0, 0, 0, 7, 0, 0, 0, 3, 0, 0, 0, 8, 1, 1, 0, 4, 154, 0, 0, 3, 0, 0, 0, 8, 1, 2, 0]",0.6934820353984833,0.5,0.495581237253569,0.4789750328515111,0.4871366521884397,0.5124835742444153,2.0155524251176757
"[6, 19, 2, 0, 5, 0, 0, 0, 4, 213, 0, 0, 3, 0, 0, 0, 7, 0, 0, 0, 3, 0, 0, 0, 1, 4, 0, 0, 3, 0, 0, 0, 7, 0, 0, 0, 8, 1, 1, 0, 7, 0, 0, 0, 7, 0, 0, 0]",0.6948527723550797,0.5,0.5069570477918935,0.5505913272010512,0.5278740157480315,0.4645203679369251,0.0
"[4, 151, 0, 0, 3, 0, 0, 0, 2, 1, 0, 0, 3, 0, 0, 0, 4, 384, 0, 0, 1, 4, 0, 0, 1, 4, 0, 0, 6, 53, 4, 0, 3, 0, 0, 0, 3, 0, 0, 0, 8, 3, 1, 0, 0, 12, 1, 0]",0.693291711807251,0.5,0.5054254711593376,0.5814717477003942,0.5407882676443629,0.431011826544021,16.79396471963264
"[8, 0, 1, 0, 6, 52, 2, 0, 4, 121, 0, 0, 3, 0, 0, 0, 8, 1, 2, 0, 4, 70, 0, 0, 7, 0, 0, 0, 7, 0, 0, 0, 8, 3, 2, 0, 5, 0, 0, 0, 4, 2, 0, 0, 7, 0, 0, 0]",0.6992392987012863,0.5,0.5016,0.411957950065703,0.4523809523809524,0.5906701708278581,0.039136772676215514
"[0, 11, 0, 0, 6, 58, 2, 0, 0, 13, 0, 0, 1, 13, 0, 0, 7, 0, 0, 0, 3, 0, 0, 0, 4, 396, 0, 0, 8, 1, 2, 0, 7, 0, 0, 0, 4, 71, 0, 0, 2, 1, 0, 0, 7, 0, 0, 0]",0.6930780410766602,0.5,0.4938325991189427,0.7365308804204993,0.5912447257383966,0.2450722733245729,7.560752222721931
"[6, 57, 4, 0, 0, 8, 0, 0, 7, 0, 0, 0, 8, 2, 2, 0, 8, 3, 1, 0, 7, 0, 0, 0, 7, 0, 0, 0, 2, 0, 0, 0, 7, 0, 0, 0, 7, 0, 0, 0, 5, 0, 0, 0, 7, 0, 0, 0]",0.6931511789560318,0.5,0.5008310249307479,0.5939553219448095,0.5434325217914037,0.4080157687253614,7.840384510229342
"[3, 0, 0, 0, 2, 0, 0, 0, 3, 0, 0, 0, 3, 0, 0, 0, 3, 0, 0, 0, 7, 0, 0, 0, 0, 19, 1, 0, 0, 23, 0, 0, 7, 0, 0, 0, 7, 0, 0, 0, 2, 1, 0, 0, 7, 0, 0, 0]",0.6930366277694702,0.5,0.5065926439972241,0.4796320630749014,0.4927438407019912,0.5328515111695138,12.80678948527202
"[7, 0, 0, 0, 7, 0, 0, 0, 2, 1, 0, 0, 1, 4, 0, 0, 2, 1, 0, 0, 6, 62, 3, 0, 3, 0, 0, 0, 1, 4, 0, 0, 7, 0, 0, 0, 1, 4, 0, 0, 2, 1, 0, 0, 8, 2, 1, 0]",0.6995646536350251,0.5,0.4957208689927584,0.4947437582128778,0.4952318316343308,0.4967148488830486,0.2319439761340618
"[7, 0, 0, 0, 6, 51, 3, 0, 1, 51, 0, 0, 7, 0, 0, 0, 8, 2, 2, 0, 3, 0, 0, 0, 4, 353, 0, 0, 0, 9, 1, 0, 1, 9, 0, 0, 2, 0, 0, 0, 4, 388, 0, 0, 8, 1, 1, 0]",0.6930539548397064,0.5,0.5010956902848794,0.4507227332457293,0.4745762711864407,0.5512483574244416,29.87371210346464
"[1, 4, 0, 0, 8, 1, 1, 0, 0, 28, 0, 0, 1, 28, 0, 0, 7, 0, 0, 0, 3, 0, 0, 0, 4, 15, 0, 0, 6, 59, 4, 0, 1, 59, 0, 0, 3, 0, 0, 0, 1, 4, 0, 0, 5, 0, 0, 0]",0.6963994085788727,0.5,0.5089361702127659,0.392904073587385,0.4434556915090841,0.6208935611038108,0.7983669936593287
"[8, 0, 1, 0, 0, 19, 1, 0, 0, 22, 1, 0, 7, 0, 0, 0, 3, 0, 0, 0, 3, 0, 0, 0, 1, 4, 0, 0, 7, 0, 0, 0, 1, 4, 0, 0, 7, 0, 0, 0, 7, 0, 0, 0, 2, 1, 0, 0]",0.6988967716693878,0.5,0.5022266204849085,0.6668856767411301,0.5729607677109794,0.3390275952693823,0.08767966339291888
"[1, 4, 0, 0, 4, 232, 0, 0, 6, 12, 4, 0, 4, 182, 0, 0, 4, 438, 0, 0, 8, 2, 1, 0, 2, 1, 0, 0, 2, 1, 0, 0, 7, 0, 0, 0, 7, 0, 0, 0, 7, 0, 0, 0, 5, 0, 0, 0]",0.6930502414703369,0.5,0.4955863808322824,0.5164257555847569,0.5057915057915058,0.4743758212877792,0.041386824411347334
"[0, 30, 0, 0, 6, 47, 3, 0, 0, 22, 0, 0, 7, 0, 0, 0, 7, 0, 0, 0, 7, 0, 0, 0, 7, 0, 0, 0, 8, 2, 2, 0, 8, 1, 1, 0, 7, 0, 0, 0, 8, 1, 2, 0, 3, 0, 0, 0]",0.6928370088338852,0.5,0.4949899799599198,0.6491458607095927,0.5616827743035816,0.3377135348226018,48.726745514548384
"[7, 0, 0, 0, 8, 1, 2, 0, 3, 0, 0, 0, 1, 4, 0, 0, 3, 0, 0, 0, 2, 0, 0, 0, 3, 0, 0, 0, 8, 3, 1, 0, 1, 4, 0, 0, 7, 0, 0, 0, 3, 0, 0, 0, 5, 0, 0, 0]",0.6963100552558898,0.5,0.4821428571428571,0.4434954007884362,0.4620123203285421,0.5236530880420499,1.613663651236493
"[7, 0, 0, 0, 3, 0, 0, 0, 3, 0, 0, 0, 6, 62, 2, 0, 0, 31, 0, 0, 2, 1, 0, 0, 1, 4, 0, 0, 1, 4, 0, 0, 0, 29, 0, 0, 7, 0, 0, 0, 7, 0, 0, 0, 5, 0, 0, 0]",0.693203541636467,0.5,0.5,0.4080157687253614,0.4493487698986975,0.5919842312746386,0.06511383269571525
"[1, 4, 0, 0, 8, 1, 2, 0, 0, 15, 0, 0, 8, 1, 2, 0, 3, 0, 0, 0, 8, 3, 1, 0, 3, 0, 0, 0, 4, 132, 0, 0, 4, 352, 0, 0, 6, 34, 2, 0, 7, 0, 0, 0, 5, 0, 0, 0]",0.6931558102369308,0.5,0.5084745762711864,0.5519053876478318,0.5293005671077504,0.4664914586070959,6.8319333176041255
"[3, 0, 0, 0, 0, 16, 1, 0, 4, 17, 0, 0, 8, 1, 1, 0, 0, 21, 0, 0, 0, 29, 0, 0, 1, 29, 0, 0, 3, 0, 0, 0, 4, 436, 0, 0, 2, 1, 0, 0, 2, 0, 0, 0, 5, 0, 0, 0]",0.6934106171131134,0.5,0.5009328358208955,0.3528252299605782,0.4140323824209714,0.6484888304862023,0.02715275411321727
"[3, 0, 0, 0, 2, 1, 0, 0, 3, 0, 0, 0, 7, 0, 0, 0, 7, 0, 0, 0, 7, 0, 0, 0, 0, 31, 0, 0, 0, 8, 0, 0, 4, 253, 0, 0, 8, 2, 1, 0, 8, 3, 1, 0, 4, 104, 0, 0]",0.6936669111251831,0.5,0.5126666666666667,0.5052562417871223,0.5089344804765056,0.5197109067017083,0.017011193984785677
"[3, 0, 0, 0, 0, 23, 0, 0, 3, 0, 0, 0, 8, 3, 1, 0, 7, 0, 0, 0, 2, 0, 0, 0, 8, 2, 2, 0, 6, 34, 4, 0, 0, 5, 1, 0, 5, 0, 0, 0, 7, 0, 0, 0, 7, 0, 0, 0]",0.6931527495384217,0.5,0.5061619718309859,0.3777923784494086,0.4326561324303988,0.6314060446780552,5.046289450023323
"[7, 0, 0, 0, 2, 0, 0, 0, 7, 0, 0, 0, 6, 41, 4, 0, 0, 30, 0, 0, 4, 62, 0, 0, 7, 0, 0, 0, 7, 0, 0, 0, 3, 0, 0, 0, 2, 0, 0, 0, 1, 4, 0, 0, 7, 0, 0, 0]",0.6941948115825654,0.5,0.5106382978723404,0.4415243101182654,0.4735729386892177,0.5768725361366623,318.69067052961327
"[7, 0, 0, 0, 7, 0, 0, 0, 6, 52, 2, 0, 2, 1, 0, 0, 3, 0, 0, 0, 3, 0, 0, 0, 2, 1, 0, 0, 3, 0, 0, 0, 0, 5, 0, 0, 5, 0, 0, 0, 4, 37, 0, 0, 8, 1, 2, 0]",0.6937467664480209,0.5,0.5,0.342969776609724,0.406858924395947,0.657030223390276,0.01158680623257169
"[6, 51, 4, 0, 7, 0, 0, 0, 2, 1, 0, 0, 3, 0, 0, 0, 7, 0, 0, 0, 4, 199, 0, 0, 2, 1, 0, 0, 8, 2, 1, 0, 4, 14, 0, 0, 7, 0, 0, 0, 7, 0, 0, 0, 1, 4, 0, 0]",0.6944616466760636,0.5,0.4985074626865671,0.7680683311432326,0.604603051461081,0.2273324572930354,0.18055283903959207
"[4, 286, 0, 0, 1, 4, 0, 0, 8, 1, 2, 0, 0, 30, 0, 0, 1, 30, 0, 0, 7, 0, 0, 0, 8, 2, 2, 0, 3, 0, 0, 0, 4, 400, 0, 0, 2, 1, 0, 0, 2, 0, 0, 0, 5, 0, 0, 0]",0.6933102071285248,0.5,0.5043189368770764,0.4986859395532194,0.5014866204162537,0.5098554533508541,21.464738980750553
"[0, 9, 0, 0, 2, 1, 0, 0, 0, 22, 1, 0, 7, 0, 0, 0, 0, 10, 0, 0, 1, 10, 0, 0, 6, 24, 4, 0, 8, 2, 1, 0, 7, 0, 0, 0, 2, 0, 0, 0, 3, 0, 0, 0, 1, 4, 0, 0]",0.7002547025680542,0.5,0.497,0.3265440210249671,0.3941316415543219,0.6695137976346912,0.03633929657371482
"[2, 1, 0, 0, 7, 0, 0, 0, 4, 308, 0, 0, 7, 0, 0, 0, 3, 0, 0, 0, 4, 373, 0, 0, 7, 0, 0, 0, 1, 4, 0, 0, 7, 0, 0, 0, 3, 0, 0, 0, 0, 4, 1, 0, 6, 60, 4, 0]",0.6929679214954376,0.5,0.4896221394358701,0.6044678055190539,0.5410173478388709,0.3699080157687253,2.6066747043514624
"[0, 10, 0, 0, 8, 1, 1, 0, 7, 0, 0, 0, 3, 0, 0, 0, 8, 1, 2, 0, 7, 0, 0, 0, 1, 4, 0, 0, 0, 23, 0, 0, 3, 0, 0, 0, 4, 261, 0, 0, 8, 1, 2, 0, 4, 247, 0, 0]",0.693194392323494,0.5,0.5058290155440415,0.5131406044678055,0.5094585779517287,0.4986859395532194,3.0496391974156722
"[7, 0, 0, 0, 6, 18, 4, 0, 7, 0, 0, 0, 1, 4, 0, 0, 3, 0, 0, 0, 5, 0, 0, 0, 4, 279, 0, 0, 8, 2, 1, 0, 7, 0, 0, 0, 7, 0, 0, 0, 7, 0, 0, 0, 4, 92, 0, 0]",0.6933439195156097,0.5,0.4938980617372577,0.4520367936925099,0.472041166380789,0.5367936925098554,0.8787633622087014
"[1, 4, 0, 0, 7, 0, 0, 0, 8, 1, 2, 0, 3, 0, 0, 0, 0, 8, 1, 0, 2, 1, 0, 0, 4, 437, 0, 0, 0, 9, 0, 0, 0, 17, 1, 0, 4, 254, 0, 0, 1, 4, 0, 0, 7, 0, 0, 0]",0.6937863260507584,0.5,0.5006835269993165,0.9625492772667544,0.6587230215827338,0.0400788436268068,8.184764379169792
"[8, 0, 2, 0, 0, 22, 1, 0, 2, 0, 0, 0, 7, 0, 0, 0, 4, 120, 0, 0, 8, 3, 2, 0, 2, 0, 0, 0, 2, 0, 0, 0, 4, 132, 0, 0, 2, 1, 0, 0, 1, 4, 0, 0, 4, 511, 0, 0]",0.6931017100811004,0.5,0.4952380952380952,0.580814717477004,0.5346235258542485,0.4080157687253614,0.03792657599751692
"[3, 0, 0, 0, 7, 0, 0, 0, 1, 4, 0, 0, 0, 26, 1, 0, 6, 57, 2, 0, 7, 0, 0, 0, 2, 0, 0, 0, 7, 0, 0, 0, 7, 0, 0, 0, 1, 4, 0, 0, 0, 23, 0, 0, 7, 0, 0, 0]",0.6936779499053956,0.5,0.5141087405368203,0.4908015768725361,0.5021848739495798,0.5361366622864652,0.1031546866579447
"[7, 0, 0, 0, 6, 26, 4, 0, 4, 84, 0, 0, 8, 2, 1, 0, 3, 0, 0, 0, 7, 0, 0, 0, 7, 0, 0, 0, 7, 0, 0, 0, 0, 27, 1, 0, 7, 0, 0, 0, 7, 0, 0, 0, 8, 3, 1, 0]",0.6934944242238998,0.5,0.4889937106918239,0.4086727989487516,0.4452397995705082,0.5729303547963206,0.0804169513467059
"[4, 273, 0, 0, 0, 8, 1, 0, 7, 0, 0, 0, 7, 0, 0, 0, 8, 2, 1, 0, 4, 68, 0, 0, 6, 10, 1, 0, 1, 10, 0, 0, 7, 0, 0, 0, 3, 0, 0, 0, 1, 4, 0, 0, 3, 0, 0, 0]",0.6943236261606216,0.5,0.4926315789473684,0.6149802890932983,0.5470485096434834,0.3666228646517739,46.97541730152443
"[2, 0, 0, 0, 4, 117, 0, 0, 8, 2, 1, 0, 1, 4, 0, 0, 2, 1, 0, 0, 7, 0, 0, 0, 7, 0, 0, 0, 2, 1, 0, 0, 1, 4, 0, 0, 1, 4, 0, 0, 7, 0, 0, 0, 8, 2, 1, 0]",0.693721941113472,0.5,0.49367850692354,0.5387647831800263,0.5152371976123155,0.4474375821287779,17.79635656159371
"[8, 0, 2, 0, 3, 0, 0, 0, 5, 0, 0, 0, 7, 0, 0, 0, 7, 0, 0, 0, 3, 0, 0, 0, 8, 1, 1, 0, 7, 0, 0, 0, 7, 0, 0, 0, 8, 1, 2, 0, 4, 176, 0, 0, 7, 0, 0, 0]",0.6936081886291504,0.5,0.5,0.3114323258869908,0.3838056680161943,0.6885676741130092,4.951167520026502
"[6, 50, 4, 0, 7, 0, 0, 0, 7, 0, 0, 0, 7, 0, 0, 0, 7, 0, 0, 0, 3, 0, 0, 0, 0, 26, 1, 0, 1, 26, 0, 0, 2, 0, 0, 0, 7, 0, 0, 0, 8, 1, 2, 0, 8, 2, 2, 0]",0.7030117154121399,0.5,0.5055282555282555,0.5407358738501971,0.5225396825396825,0.4710906701708278,0.31043485140253324
"[6, 23, 2, 0, 1, 23, 0, 0, 7, 0, 0, 0, 7, 0, 0, 0, 7, 0, 0, 0, 1, 4, 0, 0, 3, 0, 0, 0, 4, 135, 0, 0, 0, 12, 1, 0, 8, 1, 1, 0, 7, 0, 0, 0, 8, 1, 1, 0]",0.693180900812149,0.5,0.5058087578194816,0.3718791064388962,0.4286255206361227,0.6366622864651774,3.2979715107940137
"[8, 0, 1, 0, 4, 254, 0, 0, 1, 4, 0, 0, 2, 1, 0, 0, 0, 26, 0, 0, 7, 0, 0, 0, 2, 0, 0, 0, 0, 31, 1, 0, 4, 110, 0, 0, 4, 260, 0, 0, 0, 5, 1, 0, 5, 0, 0, 0]",0.6934785932302475,0.5,0.5032,0.4132720105124836,0.4538239538239538,0.5919842312746386,0.017123999792602262
"[6, 4, 4, 0, 0, 27, 0, 0, 2, 0, 0, 0, 7, 0, 0, 0, 7, 0, 0, 0, 7, 0, 0, 0, 2, 0, 0, 0, 5, 0, 0, 0, 7, 0, 0, 0, 1, 4, 0, 0, 7, 0, 0, 0, 7, 0, 0, 0]",0.7017740130424499,0.5,0.5144167758846658,0.5157687253613666,0.5150918635170604,0.5131406044678055,0.0
"[8, 0, 2, 0, 1, 4, 0, 0, 7, 0, 0, 0, 1, 4, 0, 0, 0, 27, 1, 0, 0, 14, 1, 0, 2, 0, 0, 0, 8, 3, 1, 0, 1, 4, 0, 0, 7, 0, 0, 0, 0, 11, 1, 0, 7, 0, 0, 0]",0.6685447126626969,0.5,0.5352112676056338,0.4743758212877792,0.5029606408916754,0.588042049934297,0.007972553604304267
"[3, 0, 0, 0, 4, 245, 0, 0, 7, 0, 0, 0, 2, 1, 0, 0, 8, 3, 1, 0, 7, 0, 0, 0, 8, 1, 2, 0, 5, 0, 0, 0, 4, 480, 0, 0, 8, 2, 1, 0, 7, 0, 0, 0, 7, 0, 0, 0]",0.6932569146156311,0.5,0.5073627844712182,0.4980289093298292,0.5026525198938993,0.5164257555847569,14.858388968277723
"[7, 0, 0, 0, 8, 1, 1, 0, 3, 0, 0, 0, 8, 3, 1, 0, 7, 0, 0, 0, 1, 4, 0, 0, 8, 1, 1, 0, 6, 41, 3, 0, 0, 13, 0, 0, 7, 0, 0, 0, 2, 0, 0, 0, 3, 0, 0, 0]",0.6930388420820236,0.5,0.5164835164835165,0.4940867279894875,0.5050369375419744,0.5374507227332457,31.265970856358763
"[2, 0, 0, 0, 2, 0, 0, 0, 0, 25, 0, 0, 3, 0, 0, 0, 4, 429, 0, 0, 6, 22, 4, 0, 1, 22, 0, 0, 7, 0, 0, 0, 1, 4, 0, 0, 0, 24, 0, 0, 7, 0, 0, 0, 0, 5, 1, 0]",0.6932667881250382,0.5,0.5003631082062454,0.4526938239159001,0.4753363228699551,0.5479632063074902,0.13276303402744816
"[0, 5, 1, 0, 6, 35, 1, 0, 7, 0, 0, 0, 3, 0, 0, 0, 2, 1, 0, 0, 7, 0, 0, 0, 1, 4, 0, 0, 3, 0, 0, 0, 7, 0, 0, 0, 2, 1, 0, 0, 7, 0, 0, 0, 8, 1, 1, 0]",0.6944209277629853,0.5,0.4950544015825915,0.6576872536136662,0.5648984198645598,0.3291721419185282,0.01867050857981667
"[2, 1, 0, 0, 2, 1, 0, 0, 5, 0, 0, 0, 7, 0, 0, 0, 7, 0, 0, 0, 7, 0, 0, 0, 7, 0, 0, 0, 7, 0, 0, 0, 7, 0, 0, 0, 1, 4, 0, 0, 4, 354, 0, 0, 7, 0, 0, 0]",0.6933289378881454,0.5,0.4958572339069471,0.5111695137976346,0.5033969589129732,0.4802890932982917,0.0
"[7, 0, 0, 0, 0, 25, 1, 0, 7, 0, 0, 0, 6, 9, 2, 0, 1, 9, 0, 0, 7, 0, 0, 0, 7, 0, 0, 0, 2, 1, 0, 0, 4, 259, 0, 0, 7, 0, 0, 0, 1, 4, 0, 0, 2, 0, 0, 0]",0.6950634121894836,0.5,0.5078864353312302,0.4231274638633377,0.4616487455197132,0.5900131406044679,0.20459668214607518
"[3, 0, 0, 0, 3, 0, 0, 0, 4, 498, 0, 0, 3, 0, 0, 0, 7, 0, 0, 0, 7, 0, 0, 0, 0, 29, 1, 0, 7, 0, 0, 0, 4, 380, 0, 0, 6, 39, 4, 0, 7, 0, 0, 0, 7, 0, 0, 0]",0.6931971251964569,0.5,0.5010238907849829,0.4822601839684625,0.4914630063608972,0.5197109067017083,1.6579278795979917
"[4, 18, 0, 0, 6, 48, 4, 0, 2, 0, 0, 0, 4, 16, 0, 0, 7, 0, 0, 0, 8, 2, 1, 0, 4, 482, 0, 0, 7, 0, 0, 0, 2, 1, 0, 0, 1, 4, 0, 0, 7, 0, 0, 0, 0, 14, 0, 0]",0.6932378321886062,0.5,0.533724340175953,0.3587385019710907,0.4290766208251473,0.6865965834428384,4.5783510715846205
"[4, 491, 0, 0, 6, 17, 3, 0, 5, 0, 0, 0, 4, 71, 0, 0, 1, 4, 0, 0, 7, 0, 0, 0, 7, 0, 0, 0, 7, 0, 0, 0, 7, 0, 0, 0, 7, 0, 0, 0, 7, 0, 0, 0, 7, 0, 0, 0]",0.6934001594781876,0.5,0.4961352657004831,0.6747700394218134,0.571826280623608,0.3147174770039422,0.0
"[1, 4, 0, 0, 0, 4, 1, 0, 0, 8, 1, 0, 3, 0, 0, 0, 3, 0, 0, 0, 7, 0, 0, 0, 3, 0, 0, 0, 6, 34, 2, 0, 4, 455, 0, 0, 0, 18, 1, 0, 7, 0, 0, 0, 2, 0, 0, 0]",0.6929725527763366,0.5,0.5009118541033435,0.5413929040735874,0.5203662772339753,0.4605781865965834,0.18871198306533188
"[8, 0, 2, 0, 4, 284, 0, 0, 0, 8, 1, 0, 7, 0, 0, 0, 8, 3, 1, 0, 4, 82, 0, 0, 7, 0, 0, 0, 6, 34, 1, 0, 7, 0, 0, 0, 3, 0, 0, 0, 3, 0, 0, 0, 5, 0, 0, 0]",0.6930187612771987,0.5,0.5078843626806833,0.5078843626806833,0.5078843626806833,0.5078843626806833,0.19846272356517147
"[3, 0, 0, 0, 7, 0, 0, 0, 1, 4, 0, 0, 1, 4, 0, 0, 0, 22, 0, 0, 2, 0, 0, 0, 3, 0, 0, 0, 8, 2, 2, 0, 8, 1, 1, 0, 7, 0, 0, 0, 6, 60, 4, 0, 4, 355, 0, 0]",0.6942447602748871,0.5,0.5046787273861509,0.5315374507227333,0.51776,0.4783180026281209,7.515891369977908
"[7, 0, 0, 0, 7, 0, 0, 0, 6, 43, 4, 0, 1, 43, 0, 0, 8, 3, 1, 0, 4, 364, 0, 0, 0, 24, 0, 0, 7, 0, 0, 0, 2, 1, 0, 0, 0, 21, 0, 0, 7, 0, 0, 0, 7, 0, 0, 0]",0.692824974656105,0.5,0.5074135090609555,0.607095926412615,0.5527968890218367,0.4106438896189224,50.218098329845816
"[7, 0, 0, 0, 2, 0, 0, 0, 6, 51, 4, 0, 0, 23, 0, 0, 7, 0, 0, 0, 1, 4, 0, 0, 8, 3, 1, 0, 4, 167, 0, 0, 2, 1, 0, 0, 7, 0, 0, 0, 4, 288, 0, 0, 1, 4, 0, 0]",0.6937264651060104,0.5,0.504995004995005,0.664257555847569,0.5737797956867197,0.3488830486202365,32.466442025848664
"[2, 0, 0, 0, 7, 0, 0, 0, 1, 4, 0, 0, 1, 4, 0, 0, 1, 4, 0, 0, 0, 31, 0, 0, 4, 493, 0, 0, 7, 0, 0, 0, 0, 29, 0, 0, 0, 13, 1, 0, 3, 0, 0, 0, 8, 1, 2, 0]",0.693245467543602,0.5,0.5288367546432062,0.3554533508541393,0.425147347740668,0.683311432325887,0.4984418365675083
"[0, 12, 1, 0, 2, 1, 0, 0, 0, 14, 0, 0, 1, 14, 0, 0, 4, 190, 0, 0, 4, 360, 0, 0, 2, 1, 0, 0, 8, 2, 2, 0, 4, 361, 0, 0, 1, 4, 0, 0, 0, 10, 0, 0, 1, 10, 0, 0]",0.6930052816867829,0.5,0.4975871313672922,0.6097240473061761,0.5479775612636552,0.3843626806833114,0.019595589928030677
"[6, 7, 4, 0, 0, 30, 1, 0, 0, 24, 0, 0, 7, 0, 0, 0, 8, 1, 2, 0, 7, 0, 0, 0, 3, 0, 0, 0, 3, 0, 0, 0, 3, 0, 0, 0, 7, 0, 0, 0, 3, 0, 0, 0, 7, 0, 0, 0]",0.6930688560009003,0.5,0.5022255192878339,0.4448094612352168,0.4717770034843205,0.5591327201051248,0.10518390430388536
"[4, 333, 0, 0, 1, 4, 0, 0, 0, 16, 0, 0, 0, 28, 0, 0, 7, 0, 0, 0, 6, 24, 4, 0, 4, 173, 0, 0, 7, 0, 0, 0, 1, 4, 0, 0, 1, 4, 0, 0, 3, 0, 0, 0, 8, 2, 1, 0]",0.6937437683343888,0.5,0.5044014084507042,0.7529566360052562,0.6041117554032683,0.2601839684625492,55.52591584378388
"[0, 21, 0, 0, 6, 21, 4, 0, 2, 0, 0, 0, 1, 4, 0, 0, 0, 7, 0, 0, 3, 0, 0, 0, 7, 0, 0, 0, 5, 0, 0, 0, 4, 287, 0, 0, 4, 119, 0, 0, 8, 1, 1, 0, 7, 0, 0, 0]",0.6935261398553848,0.5,0.5123639960435212,0.3403416557161629,0.409001184366364,0.676084099868594,2.4806248961831443
"[4, 126, 0, 0, 4, 460, 0, 0, 7, 0, 0, 0, 4, 241, 0, 0, 8, 2, 1, 0, 2, 0, 0, 0, 7, 0, 0, 0, 0, 13, 1, 0, 6, 41, 2, 0, 7, 0, 0, 0, 7, 0, 0, 0, 1, 4, 0, 0]",0.6931828022003174,0.5,0.5287610619469026,0.1570302233902759,0.2421479229989868,0.8600525624178712,6.306745946028968
"[1, 4, 0, 0, 4, 337, 0, 0, 6, 32, 4, 0, 8, 1, 1, 0, 8, 1, 1, 0, 0, 31, 1, 0, 2, 0, 0, 0, 7, 0, 0, 0, 2, 1, 0, 0, 4, 242, 0, 0, 8, 3, 2, 0, 4, 430, 0, 0]",0.6930818676948547,0.5,0.517362858580775,0.6754270696452037,0.58592191507552,0.3699080157687253,0.02573829157813634
"[4, 40, 0, 0, 6, 52, 3, 0, 2, 0, 0, 0, 8, 1, 1, 0, 3, 0, 0, 0, 8, 1, 2, 0, 5, 0, 0, 0, 7, 0, 0, 0, 7, 0, 0, 0, 8, 2, 2, 0, 7, 0, 0, 0, 1, 4, 0, 0]",0.6980160355567933,0.5,0.4946058091286307,0.3915900131406045,0.4371103777044371,0.599868593955322,0.0
"[7, 0, 0, 0, 0, 23, 1, 0, 0, 28, 1, 0, 2, 0, 0, 0, 2, 1, 0, 0, 2, 0, 0, 0, 4, 327, 0, 0, 4, 249, 0, 0, 1, 4, 0, 0, 6, 32, 4, 0, 4, 468, 0, 0, 8, 1, 1, 0]",0.6931345641613007,0.5,0.488173455978975,0.488173455978975,0.488173455978975,0.488173455978975,2.3037314598914236
"[8, 0, 2, 0, 7, 0, 0, 0, 2, 1, 0, 0, 8, 2, 2, 0, 0, 16, 1, 0, 6, 13, 4, 0, 8, 3, 2, 0, 0, 13, 1, 0, 3, 0, 0, 0, 7, 0, 0, 0, 4, 420, 0, 0, 5, 0, 0, 0]",0.6933368682861328,0.5,0.49,0.3219448094612352,0.3885804916732752,0.6649145860709592,1.2032299649727065
"[7, 0, 0, 0, 7, 0, 0, 0, 6, 22, 4, 0, 2, 1, 0, 0, 2, 1, 0, 0, 7, 0, 0, 0, 7, 0, 0, 0, 7, 0, 0, 0, 3, 0, 0, 0, 4, 198, 0, 0, 7, 0, 0, 0, 7, 0, 0, 0]",0.6932896345853805,0.5,0.5041916167664671,0.5532194480946123,0.5275689223057645,0.4559789750328515,51.63262428343296
"[0, 10, 1, 0, 7, 0, 0, 0, 1, 4, 0, 0, 2, 1, 0, 0, 3, 0, 0, 0, 8, 2, 1, 0, 7, 0, 0, 0, 3, 0, 0, 0, 0, 15, 1, 0, 0, 28, 1, 0, 7, 0, 0, 0, 0, 7, 1, 0]",0.6858106464147568,0.5,0.5069953364423717,0.5,0.503473370823685,0.5137976346911958,0.004515337001066655
"[7, 0, 0, 0, 1, 4, 0, 0, 8, 1, 1, 0, 7, 0, 0, 0, 1, 4, 0, 0, 5, 0, 0, 0, 7, 0, 0, 0, 1, 4, 0, 0, 1, 4, 0, 0, 7, 0, 0, 0, 7, 0, 0, 0, 7, 0, 0, 0]",0.7164958119392395,0.5,0.5085078534031413,0.5105124835742444,0.5095081967213114,0.5065703022339028,0.0
"[6, 5, 4, 0, 7, 0, 0, 0, 7, 0, 0, 0, 7, 0, 0, 0, 4, 222, 0, 0, 1, 4, 0, 0, 3, 0, 0, 0, 0, 24, 1, 0, 7, 0, 0, 0, 7, 0, 0, 0, 8, 1, 1, 0, 4, 253, 0, 0]",0.693411511182785,0.5,0.5175561797752809,0.4842312746386333,0.5003394433129668,0.5486202365308804,0.580523811857347
"[7, 0, 0, 0, 8, 1, 1, 0, 5, 0, 0, 0, 4, 142, 0, 0, 4, 492, 0, 0, 7, 0, 0, 0, 7, 0, 0, 0, 8, 2, 1, 0, 7, 0, 0, 0, 8, 1, 2, 0, 7, 0, 0, 0, 3, 0, 0, 0]",0.6932195991277694,0.5,0.507909604519774,0.5906701708278581,0.5461725394896719,0.4277266754270696,0.6563117805308138
"[0, 26, 1, 0, 2, 1, 0, 0, 1, 4, 0, 0, 2, 0, 0, 0, 6, 43, 4, 0, 8, 1, 2, 0, 2, 1, 0, 0, 0, 10, 1, 0, 4, 478, 0, 0, 0, 11, 1, 0, 7, 0, 0, 0, 5, 0, 0, 0]",0.6925790727138519,0.5,0.4835680751173709,0.4060446780551905,0.4414285714285714,0.5663600525624178,3.1618026907090098
"[1, 4, 0, 0, 4, 250, 0, 0, 6, 26, 4, 0, 1, 26, 0, 0, 2, 1, 0, 0, 7, 0, 0, 0, 8, 1, 2, 0, 3, 0, 0, 0, 7, 0, 0, 0, 1, 4, 0, 0, 7, 0, 0, 0, 1, 4, 0, 0]",0.6949765264987946,0.5,0.5148936170212766,0.5565045992115637,0.534891064098516,0.4756898817345598,296.6656714724377
"[7, 0, 0, 0, 0, 4, 1, 0, 8, 2, 2, 0, 4, 441, 0, 0, 6, 47, 2, 0, 1, 47, 0, 0, 8, 3, 2, 0, 4, 496, 0, 0, 7, 0, 0, 0, 7, 0, 0, 0, 7, 0, 0, 0, 8, 2, 1, 0]",0.6931680142879486,0.5,0.4934296977660972,0.4934296977660972,0.4934296977660972,0.4934296977660972,1.207276409608312
"[7, 0, 0, 0, 2, 0, 0, 0, 0, 10, 1, 0, 3, 0, 0, 0, 2, 1, 0, 0, 3, 0, 0, 0, 7, 0, 0, 0, 6, 10, 4, 0, 7, 0, 0, 0, 1, 4, 0, 0, 7, 0, 0, 0, 0, 9, 0, 0]",0.6929034262895584,0.5,0.4937210839391937,0.4908015768725361,0.4922570016474464,0.4967148488830486,3.7658408847637475
"[6, 4, 4, 0, 3, 0, 0, 0, 3, 0, 0, 0, 8, 3, 2, 0, 2, 0, 0, 0, 2, 0, 0, 0, 3, 0, 0, 0, 0, 6, 1, 0, 8, 1, 1, 0, 0, 4, 0, 0, 4, 334, 0, 0, 0, 8, 0, 0]",0.6930888026952744,0.5,0.5039503386004515,0.5867279894875165,0.5421979356405586,0.4224704336399474,0.10473130767059047
"[8, 0, 2, 0, 0, 5, 1, 0, 6, 53, 4, 0, 7, 0, 0, 0, 2, 1, 0, 0, 7, 0, 0, 0, 7, 0, 0, 0, 3, 0, 0, 0, 7, 0, 0, 0, 2, 0, 0, 0, 0, 28, 1, 0, 7, 0, 0, 0]",0.6931219160556793,0.5,0.5383806519453207,0.3363994743758213,0.4140719773554387,0.7115637319316689,6.037152023054659
"[2, 0, 0, 0, 3, 0, 0, 0, 3, 0, 0, 0, 2, 1, 0, 0, 8, 2, 1, 0, 2, 1, 0, 0, 4, 46, 0, 0, 7, 0, 0, 0, 0, 25, 1, 0, 8, 1, 1, 0, 3, 0, 0, 0, 7, 0, 0, 0]",0.6937693893909455,0.5,0.5039018952062431,0.5939553219448095,0.5452352231604343,0.4152431011826544,0.06716281082481146
"[7, 0, 0, 0, 3, 0, 0, 0, 7, 0, 0, 0, 0, 6, 0, 0, 1, 6, 0, 0, 5, 0, 0, 0, 7, 0, 0, 0, 4, 475, 0, 0, 8, 1, 2, 0, 3, 0, 0, 0, 3, 0, 0, 0, 4, 87, 0, 0]",0.6931203991174698,0.5,0.5067567567567568,0.5420499342969777,0.5238095238095238,0.4724047306176084,0.04408546545846548
"[3, 0, 0, 0, 0, 27, 0, 0, 7, 0, 0, 0, 0, 21, 1, 0, 0, 16, 0, 0, 3, 0, 0, 0, 8, 1, 2, 0, 7, 0, 0, 0, 4, 289, 0, 0, 7, 0, 0, 0, 7, 0, 0, 0, 3, 0, 0, 0]",0.6931182295084,0.5,0.4986859395532194,0.4986859395532194,0.4986859395532194,0.4986859395532194,0.26250843963316584
"[4, 140, 0, 0, 3, 0, 0, 0, 7, 0, 0, 0, 6, 51, 3, 0, 4, 115, 0, 0, 3, 0, 0, 0, 2, 0, 0, 0, 7, 0, 0, 0, 7, 0, 0, 0, 8, 2, 2, 0, 1, 4, 0, 0, 0, 5, 1, 0]",0.693546375632286,0.5,0.4991273996509598,0.5637319316688568,0.5294662141314409,0.4342969776609724,24.28619827912189
"[1, 4, 0, 0, 2, 1, 0, 0, 2, 0, 0, 0, 7, 0, 0, 0, 6, 9, 4, 0, 8, 1, 2, 0, 1, 4, 0, 0, 1, 4, 0, 0, 7, 0, 0, 0, 0, 18, 1, 0, 7, 0, 0, 0, 7, 0, 0, 0]",0.6930617839097977,0.5,0.5070588235294118,0.5663600525624178,0.5350713842333954,0.4494086727989487,0.34893768159963656
"[0, 14, 0, 0, 8, 1, 2, 0, 4, 311, 0, 0, 7, 0, 0, 0, 7, 0, 0, 0, 0, 27, 1, 0, 6, 55, 4, 0, 8, 3, 1, 0, 1, 4, 0, 0, 1, 4, 0, 0, 4, 348, 0, 0, 1, 4, 0, 0]",0.6938161581754685,0.5,0.506,0.3324572930354796,0.401268834258525,0.6754270696452037,0.031152085014099384
"[0, 12, 0, 0, 8, 1, 1, 0, 0, 7, 1, 0, 4, 203, 0, 0, 4, 317, 0, 0, 8, 2, 2, 0, 3, 0, 0, 0, 0, 31, 1, 0, 7, 0, 0, 0, 7, 0, 0, 0, 0, 18, 1, 0, 5, 0, 0, 0]",0.6931600064039231,0.5,0.496538081107814,0.6596583442838371,0.5665914221218962,0.3311432325886991,0.013331286414597798
"[6, 9, 4, 0, 7, 0, 0, 0, 8, 1, 1, 0, 7, 0, 0, 0, 7, 0, 0, 0, 5, 0, 0, 0, 4, 63, 0, 0, 7, 0, 0, 0, 7, 0, 0, 0, 7, 0, 0, 0, 7, 0, 0, 0, 7, 0, 0, 0]",0.6941424965858459,0.5,0.4972510690287111,0.5348226018396847,0.5153529597974043,0.4592641261498029,2.159821922730771
"[0, 22, 1, 0, 7, 0, 0, 0, 2, 0, 0, 0, 2, 0, 0, 0, 3, 0, 0, 0, 0, 19, 1, 0, 8, 1, 1, 0, 3, 0, 0, 0, 3, 0, 0, 0, 1, 4, 0, 0, 1, 4, 0, 0, 8, 2, 1, 0]",0.6965275645256043,0.5,0.4874213836477987,0.4073587385019711,0.4438081603435934,0.5716162943495401,0.032780137984673274
"[1, 4, 0, 0, 8, 1, 2, 0, 8, 2, 1, 0, 1, 4, 0, 0, 7, 0, 0, 0, 6, 58, 3, 0, 0, 5, 0, 0, 8, 2, 1, 0, 3, 0, 0, 0, 2, 1, 0, 0, 8, 3, 2, 0, 0, 25, 1, 0]",0.6931177824735641,0.5,0.5070967741935484,0.5164257555847569,0.51171875,0.4980289093298292,1.8384032987523824
"[0, 9, 1, 0, 6, 12, 4, 0, 8, 2, 2, 0, 2, 0, 0, 0, 7, 0, 0, 0, 2, 1, 0, 0, 4, 329, 0, 0, 7, 0, 0, 0, 4, 86, 0, 0, 2, 1, 0, 0, 4, 42, 0, 0, 7, 0, 0, 0]",0.6932560116052627,0.5,0.4858490566037736,0.4060446780551905,0.4423765211166786,0.5703022339027596,0.8434519518632442
"[7, 0, 0, 0, 8, 1, 1, 0, 7, 0, 0, 0, 6, 47, 4, 0, 8, 3, 1, 0, 4, 291, 0, 0, 3, 0, 0, 0, 7, 0, 0, 0, 0, 14, 0, 0, 4, 261, 0, 0, 4, 402, 0, 0, 7, 0, 0, 0]",0.6931722819805145,0.5,0.5107778819119025,0.7161629434954008,0.5962800875273523,0.3140604467805519,0.6207725750309692
"[7, 0, 0, 0, 6, 4, 3, 0, 3, 0, 0, 0, 2, 0, 0, 0, 7, 0, 0, 0, 8, 3, 1, 0, 7, 0, 0, 0, 4, 54, 0, 0, 8, 2, 2, 0, 7, 0, 0, 0, 1, 4, 0, 0, 8, 2, 1, 0]",0.6933494240045548,0.5,0.4924657534246575,0.4724047306176084,0.4822266934942991,0.5131406044678055,0.40980410569000014
"[7, 0, 0, 0, 6, 15, 4, 0, 7, 0, 0, 0, 1, 4, 0, 0, 1, 4, 0, 0, 7, 0, 0, 0, 7, 0, 0, 0, 7, 0, 0, 0, 3, 0, 0, 0, 3, 0, 0, 0, 1, 4, 0, 0, 5, 0, 0, 0]",0.696872079372406,0.5,0.4983096686950642,0.4842312746386333,0.4911696101299567,0.5124835742444153,110.05776658980176
"[7, 0, 0, 0, 2, 1, 0, 0, 7, 0, 0, 0, 0, 18, 1, 0, 0, 27, 1, 0, 3, 0, 0, 0, 2, 1, 0, 0, 7, 0, 0, 0, 7, 0, 0, 0, 7, 0, 0, 0, 8, 1, 1, 0, 0, 10, 0, 0]",0.692754727602005,0.5,0.5056065239551478,0.6517739816031537,0.5694603903559128,0.3626806833114323,0.03612151510606054
"[6, 59, 4, 0, 7, 0, 0, 0, 7, 0, 0, 0, 7, 0, 0, 0, 7, 0, 0, 0, 7, 0, 0, 0, 7, 0, 0, 0, 7, 0, 0, 0, 1, 4, 0, 0, 8, 1, 1, 0, 1, 4, 0, 0, 5, 0, 0, 0]",0.7003123879432678,0.5,0.4873501997336884,0.480946123521682,0.4841269841269841,0.4940867279894875,157.50229342421517
"[2, 0, 0, 0, 6, 19, 4, 0, 1, 19, 0, 0, 0, 30, 1, 0, 2, 0, 0, 0, 4, 464, 0, 0, 7, 0, 0, 0, 8, 2, 1, 0, 7, 0, 0, 0, 3, 0, 0, 0, 7, 0, 0, 0, 1, 4, 0, 0]",0.6937031477689743,0.5,0.4909399773499434,0.5696452036793692,0.5273722627737226,0.4093298291721419,0.9318248143827077
"[8, 0, 2, 0, 6, 34, 4, 0, 7, 0, 0, 0, 1, 4, 0, 0, 7, 0, 0, 0, 8, 1, 2, 0, 3, 0, 0, 0, 1, 4, 0, 0, 7, 0, 0, 0, 2, 1, 0, 0, 7, 0, 0, 0, 7, 0, 0, 0]",0.6966147422790527,0.5,0.4813278008298755,0.457293035479632,0.4690026954177897,0.507227332457293,92.03744172095321
"[0, 11, 0, 0, 7, 0, 0, 0, 0, 13, 0, 0, 7, 0, 0, 0, 1, 4, 0, 0, 1, 4, 0, 0, 4, 123, 0, 0, 3, 0, 0, 0, 7, 0, 0, 0, 8, 2, 2, 0, 8, 2, 2, 0, 2, 1, 0, 0]",0.6949298769235611,0.5,0.480705097665555,0.6629434954007885,0.5573046119856393,0.2838370565045992,40.141609283164144
"[0, 30, 0, 0, 7, 0, 0, 0, 4, 437, 0, 0, 2, 1, 0, 0, 4, 289, 0, 0, 6, 11, 4, 0, 7, 0, 0, 0, 0, 20, 0, 0, 7, 0, 0, 0, 0, 9, 0, 0, 7, 0, 0, 0, 7, 0, 0, 0]",0.6931714713573456,0.5,0.5006570302233903,0.5006570302233903,0.5006570302233903,0.5006570302233903,13.715755659155548
"[0, 12, 0, 0, 7, 0, 0, 0, 6, 61, 2, 0, 3, 0, 0, 0, 8, 3, 1, 0, 8, 3, 1, 0, 7, 0, 0, 0, 1, 4, 0, 0, 8, 2, 1, 0, 8, 2, 1, 0, 7, 0, 0, 0, 7, 0, 0, 0]",0.6962508678436279,0.5,0.5123647604327666,0.435611038107753,0.4708806818181818,0.5854139290407359,0.3595297913852846
"[8, 0, 1, 0, 7, 0, 0, 0, 8, 1, 2, 0, 3, 0, 0, 0, 6, 47, 2, 0, 1, 47, 0, 0, 4, 450, 0, 0, 2, 1, 0, 0, 0, 20, 1, 0, 7, 0, 0, 0, 7, 0, 0, 0, 7, 0, 0, 0]",0.6934013277292251,0.5,0.4834874504623513,0.480946123521682,0.4822134387351778,0.4862023653088042,0.7809875043130887
"[8, 0, 1, 0, 6, 43, 4, 0, 7, 0, 0, 0, 1, 4, 0, 0, 7, 0, 0, 0, 8, 3, 2, 0, 7, 0, 0, 0, 3, 0, 0, 0, 3, 0, 0, 0, 1, 4, 0, 0, 1, 4, 0, 0, 7, 0, 0, 0]",0.6960783123970031,0.5,0.5036363636363637,0.5459921156373193,0.5239596469104666,0.461892247043364,112.24946138286032
"[2, 0, 0, 0, 3, 0, 0, 0, 3, 0, 0, 0, 1, 4, 0, 0, 0, 28, 0, 0, 3, 0, 0, 0, 3, 0, 0, 0, 1, 4, 0, 0, 8, 2, 2, 0, 1, 4, 0, 0, 7, 0, 0, 0, 3, 0, 0, 0]",0.6987465381622314,0.5,0.5026737967914439,0.6793692509855453,0.5778150321318805,0.3278580814717477,141.02054658008274
"[4, 310, 0, 0, 7, 0, 0, 0, 3, 0, 0, 0, 3, 0, 0, 0, 3, 0, 0, 0, 0, 18, 0, 0, 8, 1, 2, 0, 7, 0, 0, 0, 0, 17, 0, 0, 8, 3, 2, 0, 4, 305, 0, 0, 5, 0, 0, 0]",0.6932824224233627,0.5,0.5007861635220126,0.4185282522996058,0.4559770937723694,0.5827858081471747,15.817565515390015
"[7, 0, 0, 0, 0, 8, 0, 0, 3, 0, 0, 0, 7, 0, 0, 0, 5, 0, 0, 0, 4, 63, 0, 0, 7, 0, 0, 0, 7, 0, 0, 0, 4, 10, 0, 0, 7, 0, 0, 0, 4, 145, 0, 0, 7, 0, 0, 0]",0.6938365966081619,0.5,0.4931506849315068,0.3311432325886991,0.3962264150943396,0.6596583442838371,0.11730382807991191
"[0, 14, 0, 0, 1, 14, 0, 0, 1, 4, 0, 0, 3, 0, 0, 0, 2, 0, 0, 0, 6, 56, 4, 0, 1, 56, 0, 0, 7, 0, 0, 0, 7, 0, 0, 0, 7, 0, 0, 0, 7, 0, 0, 0, 5, 0, 0, 0]",0.7002943962812423,0.5,0.492099322799097,0.5729303547963206,0.5294474802671524,0.4086727989487516,83.08044761419296
"[0, 18, 1, 0, 7, 0, 0, 0, 0, 28, 0, 0, 4, 320, 0, 0, 1, 4, 0, 0, 1, 4, 0, 0, 1, 4, 0, 0, 4, 373, 0, 0, 1, 4, 0, 0, 1, 4, 0, 0, 8, 3, 1, 0, 7, 0, 0, 0]",0.6931984394788742,0.5,0.5016,0.411957950065703,0.4523809523809524,0.5906701708278581,0.10654903057184129
"[3, 0, 0, 0, 7, 0, 0, 0, 6, 28, 4, 0, 8, 2, 2, 0, 0, 19, 0, 0, 8, 2, 2, 0, 7, 0, 0, 0, 8, 2, 2, 0, 8, 3, 1, 0, 7, 0, 0, 0, 1, 4, 0, 0, 0, 23, 1, 0]",0.692917886376381,0.5,0.4970845481049563,0.4480946123521682,0.4713199723565998,0.5466491458607096,0.05380552716667353
"[2, 0, 0, 0, 2, 0, 0, 0, 7, 0, 0, 0, 6, 15, 3, 0, 7, 0, 0, 0, 1, 4, 0, 0, 3, 0, 0, 0, 8, 2, 2, 0, 7, 0, 0, 0, 3, 0, 0, 0, 7, 0, 0, 0, 2, 1, 0, 0]",0.69661725461483,0.5,0.4885916601101495,0.4080157687253614,0.4446831364124597,0.5729303547963206,0.461713688875534
"[7, 0, 0, 0, 3, 0, 0, 0, 2, 0, 0, 0, 4, 44, 0, 0, 2, 1, 0, 0, 1, 4, 0, 0, 1, 4, 0, 0, 7, 0, 0, 0, 6, 13, 2, 0, 8, 3, 1, 0, 3, 0, 0, 0, 7, 0, 0, 0]",0.6942407488822937,0.5,0.4933862433862434,0.4901445466491458,0.4917600527356625,0.4967148488830486,1.565119405691803
"[1, 4, 0, 0, 7, 0, 0, 0, 0, 30, 1, 0, 0, 16, 1, 0, 1, 16, 0, 0, 6, 35, 2, 0, 7, 0, 0, 0, 7, 0, 0, 0, 7, 0, 0, 0, 7, 0, 0, 0, 4, 153, 0, 0, 0, 11, 1, 0]",0.6896402657032012,0.5,0.499383477188656,0.5321944809461235,0.5152671755725191,0.4664914586070959,0.03863714668477769
"[6, 51, 3, 0, 4, 127, 0, 0, 8, 2, 1, 0, 2, 0, 0, 0, 2, 1, 0, 0, 7, 0, 0, 0, 4, 380, 0, 0, 7, 0, 0, 0, 4, 477, 0, 0, 8, 1, 1, 0, 0, 22, 1, 0, 8, 2, 2, 0]",0.6930601000785828,0.5,0.5097575399172087,0.5663600525624178,0.5365701836290072,0.4553219448094612,0.016262412047552743
"[8, 0, 2, 0, 2, 0, 0, 0, 2, 0, 0, 0, 6, 45, 4, 0, 4, 193, 0, 0, 4, 403, 0, 0, 7, 0, 0, 0, 3, 0, 0, 0, 3, 0, 0, 0, 7, 0, 0, 0, 7, 0, 0, 0, 4, 268, 0, 0]",0.6935013115406037,0.5,0.4973297730307076,0.4894875164257556,0.4933774834437086,0.5052562417871223,0.7582236818211641
"[7, 0, 0, 0, 0, 28, 0, 0, 1, 28, 0, 0, 1, 4, 0, 0, 6, 61, 4, 0, 3, 0, 0, 0, 0, 6, 1, 0, 7, 0, 0, 0, 7, 0, 0, 0, 7, 0, 0, 0, 3, 0, 0, 0, 0, 30, 1, 0]",0.6926620304584503,0.5,0.4993013507219376,0.7043363994743759,0.5843554101935132,0.2936925098554533,0.06067160729980969
"[3, 0, 0, 0, 7, 0, 0, 0, 4, 176, 0, 0, 7, 0, 0, 0, 0, 17, 0, 0, 4, 121, 0, 0, 8, 2, 2, 0, 7, 0, 0, 0, 8, 2, 2, 0, 1, 4, 0, 0, 1, 4, 0, 0, 1, 4, 0, 0]",0.6934460490942002,0.5,0.5013333333333333,0.1235216819973718,0.1982076963626779,0.8771353482260184,10.116721364847763
"[7, 0, 0, 0, 1, 4, 0, 0, 3, 0, 0, 0, 1, 4, 0, 0, 3, 0, 0, 0, 6, 10, 4, 0, 4, 403, 0, 0, 3, 0, 0, 0, 2, 0, 0, 0, 3, 0, 0, 0, 7, 0, 0, 0, 2, 1, 0, 0]",0.6969485282897949,0.5,0.4935988620199146,0.6839684625492772,0.5733957587441476,0.2982917214191853,193.73878510389477
"[0, 15, 1, 0, 1, 15, 0, 0, 2, 1, 0, 0, 7, 0, 0, 0, 3, 0, 0, 0, 0, 17, 0, 0, 7, 0, 0, 0, 0, 23, 0, 0, 1, 23, 0, 0, 6, 21, 4, 0, 3, 0, 0, 0, 8, 2, 2, 0]",0.7042788535356521,0.5,0.5135520684736091,0.4730617608409987,0.4924760601915184,0.5519053876478318,4.36990551976487
"[3, 0, 0, 0, 1, 4, 0, 0, 7, 0, 0, 0, 4, 299, 0, 0, 3, 0, 0, 0, 4, 79, 0, 0, 1, 4, 0, 0, 8, 2, 1, 0, 1, 4, 0, 0, 7, 0, 0, 0, 6, 48, 4, 0, 4, 162, 0, 0]",0.693332976102829,0.5,0.4834232845026985,0.411957950065703,0.4448385952465413,0.5597897503285151,0.5719429537571159
"[4, 41, 0, 0, 6, 46, 4, 0, 4, 411, 0, 0, 0, 28, 1, 0, 7, 0, 0, 0, 2, 1, 0, 0, 2, 1, 0, 0, 3, 0, 0, 0, 1, 4, 0, 0, 7, 0, 0, 0, 2, 0, 0, 0, 2, 1, 0, 0]",0.6932771980762482,0.5,0.4753521126760563,0.2660972404730617,0.3411962931760741,0.7063074901445466,0.07178773691339302
"[6, 48, 1, 0, 7, 0, 0, 0, 0, 29, 0, 0, 1, 29, 0, 0, 4, 383, 0, 0, 3, 0, 0, 0, 5, 0, 0, 0, 7, 0, 0, 0, 7, 0, 0, 0, 7, 0, 0, 0, 7, 0, 0, 0, 7, 0, 0, 0]",0.6946164548397065,0.5,0.5044585987261146,0.5203679369250985,0.5122897800776197,0.4888304862023653,5.518975022745508
"[1, 4, 0, 0, 8, 1, 2, 0, 8, 2, 1, 0, 6, 51, 3, 0, 7, 0, 0, 0, 7, 0, 0, 0, 7, 0, 0, 0, 3, 0, 0, 0, 8, 3, 1, 0, 3, 0, 0, 0, 1, 4, 0, 0, 1, 4, 0, 0]",0.6966502964496613,0.5,0.5117739403453689,0.4283837056504599,0.4663805436337625,0.5913272010512484,158.4049180916045
"[7, 0, 0, 0, 6, 50, 4, 0, 7, 0, 0, 0, 3, 0, 0, 0, 1, 4, 0, 0, 7, 0, 0, 0, 7, 0, 0, 0, 2, 0, 0, 0, 0, 28, 0, 0, 7, 0, 0, 0, 7, 0, 0, 0, 3, 0, 0, 0]",0.6926786810159683,0.5,0.5,0.5105124835742444,0.5052015604681405,0.4894875164257556,59.28315886645578
"[6, 62, 2, 0, 0, 7, 0, 0, 2, 0, 0, 0, 7, 0, 0, 0, 7, 0, 0, 0, 7, 0, 0, 0, 7, 0, 0, 0, 3, 0, 0, 0, 7, 0, 0, 0, 8, 3, 2, 0, 7, 0, 0, 0, 4, 310, 0, 0]",0.6931284219026566,0.5,0.5028860028860029,0.9159001314060446,0.6492780624126688,0.0946123521681997,33.021944547537714
"[4, 243, 0, 0, 7, 0, 0, 0, 3, 0, 0, 0, 5, 0, 0, 0, 4, 449, 0, 0, 7, 0, 0, 0, 7, 0, 0, 0, 7, 0, 0, 0, 1, 4, 0, 0, 3, 0, 0, 0, 8, 2, 2, 0, 1, 4, 0, 0]",0.6941075831651687,0.5,0.5066909975669099,0.5473061760840998,0.5262160454832596,0.4671484888304862,0.0
"[4, 485, 0, 0, 3, 0, 0, 0, 4, 156, 0, 0, 1, 4, 0, 0, 6, 51, 4, 0, 0, 22, 1, 0, 3, 0, 0, 0, 2, 1, 0, 0, 8, 1, 2, 0, 4, 315, 0, 0, 7, 0, 0, 0, 5, 0, 0, 0]",0.6932028263807297,0.5,0.5251700680272109,0.507227332457293,0.516042780748663,0.5413929040735874,4.548889172729105
"[1, 4, 0, 0, 6, 33, 1, 0, 7, 0, 0, 0, 3, 0, 0, 0, 4, 91, 0, 0, 1, 4, 0, 0, 7, 0, 0, 0, 0, 23, 1, 0, 4, 424, 0, 0, 1, 4, 0, 0, 2, 0, 0, 0, 3, 0, 0, 0]",0.6936089187860489,0.5,0.4909722222222222,0.4645203679369251,0.4773801485482782,0.5183968462549278,48.057284098584205
"[6, 21, 4, 0, 2, 0, 0, 0, 7, 0, 0, 0, 1, 4, 0, 0, 0, 26, 1, 0, 7, 0, 0, 0, 7, 0, 0, 0, 2, 0, 0, 0, 7, 0, 0, 0, 2, 0, 0, 0, 4, 350, 0, 0, 7, 0, 0, 0]",0.693160492181778,0.5,0.5114978247358608,0.5407358738501971,0.525710635579687,0.4835742444152431,124.51427474804223
"[7, 0, 0, 0, 7, 0, 0, 0, 6, 50, 2, 0, 7, 0, 0, 0, 5, 0, 0, 0, 4, 415, 0, 0, 4, 243, 0, 0, 1, 4, 0, 0, 7, 0, 0, 0, 7, 0, 0, 0, 7, 0, 0, 0, 7, 0, 0, 0]",0.6932767868041992,0.5,0.5012531328320802,0.3942181340341655,0.4413387274733358,0.6077529566360053,0.0
"[7, 0, 0, 0, 6, 47, 4, 0, 0, 23, 1, 0, 2, 1, 0, 0, 3, 0, 0, 0, 4, 254, 0, 0, 7, 0, 0, 0, 0, 4, 0, 0, 7, 0, 0, 0, 1, 4, 0, 0, 1, 4, 0, 0, 4, 53, 0, 0]",0.693805393576622,0.5,0.4914751667902149,0.435611038107753,0.4618599791013584,0.5492772667542707,0.07551386723935138
"[8, 0, 2, 0, 3, 0, 0, 0, 8, 2, 2, 0, 4, 216, 0, 0, 3, 0, 0, 0, 6, 17, 4, 0, 8, 1, 2, 0, 7, 0, 0, 0, 4, 353, 0, 0, 3, 0, 0, 0, 2, 0, 0, 0, 7, 0, 0, 0]",0.6931948721408844,0.5,0.4832146490335707,0.3120893561103811,0.3792415169660678,0.6662286465177398,208.39749388431665
"[1, 4, 0, 0, 2, 1, 0, 0, 6, 33, 4, 0, 4, 256, 0, 0, 0, 27, 1, 0, 4, 46, 0, 0, 7, 0, 0, 0, 8, 2, 2, 0, 7, 0, 0, 0, 8, 1, 1, 0, 7, 0, 0, 0, 8, 2, 2, 0]",0.6935940444469452,0.5,0.4964705882352941,0.4159001314060447,0.4526278155166249,0.5781865965834428,0.026709907032000046
"[6, 10, 4, 0, 2, 0, 0, 0, 0, 12, 0, 0, 7, 0, 0, 0, 5, 0, 0, 0, 7, 0, 0, 0, 8, 1, 1, 0, 3, 0, 0, 0, 1, 4, 0, 0, 7, 0, 0, 0, 7, 0, 0, 0, 7, 0, 0, 0]",0.7025880306959152,0.5,0.4993421052631579,0.4986859395532194,0.4990138067061144,0.5,0.0
"[7, 0, 0, 0, 0, 29, 0, 0, 3, 0, 0, 0, 3, 0, 0, 0, 2, 0, 0, 0, 1, 4, 0, 0, 0, 18, 1, 0, 6, 37, 4, 0, 4, 134, 0, 0, 2, 1, 0, 0, 4, 175, 0, 0, 7, 0, 0, 0]",0.6932000309228897,0.5,0.5075639019300991,0.6392904073587385,0.5658621692352428,0.3797634691195795,18.013100334908813
"[3, 0, 0, 0, 7, 0, 0, 0, 4, 138, 0, 0, 6, 19, 1, 0, 2, 0, 0, 0, 7, 0, 0, 0, 7, 0, 0, 0, 2, 1, 0, 0, 4, 135, 0, 0, 4, 7, 0, 0, 0, 31, 1, 0, 5, 0, 0, 0]",0.6947634905576706,0.5,0.4784735812133072,0.3212877792378449,0.3844339622641509,0.6498028909329829,1.8508840762806358
"[8, 0, 1, 0, 8, 1, 2, 0, 4, 22, 0, 0, 8, 3, 1, 0, 0, 16, 1, 0, 3, 0, 0, 0, 8, 2, 2, 0, 4, 286, 0, 0, 1, 4, 0, 0, 2, 1, 0, 0, 2, 0, 0, 0, 4, 428, 0, 0]",0.6931411355733872,0.5,0.4995425434583714,0.3587385019710907,0.4175908221797323,0.640604467805519,3.914815688491217
"[8, 0, 2, 0, 7, 0, 0, 0, 0, 25, 1, 0, 0, 6, 0, 0, 2, 0, 0, 0, 1, 4, 0, 0, 6, 33, 1, 0, 7, 0, 0, 0, 8, 1, 1, 0, 3, 0, 0, 0, 7, 0, 0, 0, 1, 4, 0, 0]",0.6992657512426377,0.5,0.5042016806722689,0.5124835742444153,0.5083088954056696,0.4960578186596583,5.371850736439228
"[2, 1, 0, 0, 8, 1, 2, 0, 8, 1, 1, 0, 2, 1, 0, 0, 1, 4, 0, 0, 6, 56, 4, 0, 7, 0, 0, 0, 1, 4, 0, 0, 8, 2, 2, 0, 4, 126, 0, 0, 4, 175, 0, 0, 4, 18, 0, 0]",0.6943426817655564,0.5,0.4954663212435233,0.5026281208935611,0.4990215264187866,0.488173455978975,0.020411495494045084
"[6, 36, 3, 0, 0, 12, 1, 0, 7, 0, 0, 0, 5, 0, 0, 0, 7, 0, 0, 0, 7, 0, 0, 0, 7, 0, 0, 0, 7, 0, 0, 0, 1, 4, 0, 0, 8, 3, 2, 0, 7, 0, 0, 0, 7, 0, 0, 0]",0.698795160651207,0.5,0.4934469200524246,0.4947437582128778,0.4940944881889764,0.4921156373193167,0.0
"[0, 24, 0, 0, 8, 1, 1, 0, 2, 1, 0, 0, 7, 0, 0, 0, 1, 4, 0, 0, 2, 0, 0, 0, 4, 218, 0, 0, 8, 1, 1, 0, 7, 0, 0, 0, 3, 0, 0, 0, 0, 18, 1, 0, 6, 45, 1, 0]",0.6932222872972489,0.5,0.4868217054263566,0.4126149802890933,0.4466571834992888,0.5650459921156373,0.033261888576817
"[3, 0, 0, 0, 8, 1, 2, 0, 4, 334, 0, 0, 3, 0, 0, 0, 7, 0, 0, 0, 4, 88, 0, 0, 2, 1, 0, 0, 7, 0, 0, 0, 8, 3, 2, 0, 2, 1, 0, 0, 2, 1, 0, 0, 5, 0, 0, 0]",0.6935985535383224,0.5,0.4902654867256637,0.3639947437582129,0.4177978883861237,0.621550591327201,8.439454410225153
"[2, 1, 0, 0, 1, 4, 0, 0, 6, 19, 4, 0, 7, 0, 0, 0, 8, 2, 1, 0, 8, 1, 1, 0, 2, 0, 0, 0, 8, 1, 1, 0, 8, 2, 1, 0, 7, 0, 0, 0, 0, 23, 0, 0, 1, 23, 0, 0]",0.7007089048624039,0.5,0.5284552845528455,0.3416557161629435,0.4150039904229848,0.695137976346912,56.20595947490074
"[2, 0, 0, 0, 8, 1, 1, 0, 8, 2, 1, 0, 7, 0, 0, 0, 3, 0, 0, 0, 8, 3, 1, 0, 8, 2, 2, 0, 7, 0, 0, 0, 3, 0, 0, 0, 8, 3, 2, 0, 6, 61, 4, 0, 1, 61, 0, 0]",0.6969395607709885,0.5,0.4980620155038759,0.3377135348226018,0.4025058731401723,0.6596583442838371,124.10793804994319
"[8, 0, 1, 0, 8, 1, 2, 0, 8, 2, 1, 0, 3, 0, 0, 0, 0, 30, 1, 0, 7, 0, 0, 0, 8, 2, 2, 0, 2, 1, 0, 0, 1, 4, 0, 0, 3, 0, 0, 0, 2, 1, 0, 0, 5, 0, 0, 0]",0.7012043863534927,0.5,0.5195143104943626,0.3935611038107753,0.4478504672897196,0.6360052562417872,3.4666237495839596
"[8, 0, 1, 0, 6, 51, 4, 0, 7, 0, 0, 0, 7, 0, 0, 0, 7, 0, 0, 0, 1, 4, 0, 0, 7, 0, 0, 0, 8, 2, 2, 0, 7, 0, 0, 0, 4, 397, 0, 0, 4, 3, 0, 0, 0, 23, 0, 0]",0.7002648770809173,0.5,0.4980430528375734,0.668856767411301,0.5709478407178912,0.3258869908015768,46.364706146821845
"[6, 35, 3, 0, 7, 0, 0, 0, 1, 4, 0, 0, 3, 0, 0, 0, 7, 0, 0, 0, 7, 0, 0, 0, 7, 0, 0, 0, 7, 0, 0, 0, 8, 1, 1, 0, 7, 0, 0, 0, 2, 0, 0, 0, 3, 0, 0, 0]",0.6930580258369445,0.5,0.4958283671036949,0.5466491458607096,0.52,0.4441524310118265,0.9846371936382639
"[7, 0, 0, 0, 8, 1, 1, 0, 1, 4, 0, 0, 4, 220, 0, 0, 8, 3, 2, 0, 6, 35, 4, 0, 1, 35, 0, 0, 8, 3, 2, 0, 2, 0, 0, 0, 0, 14, 1, 0, 2, 0, 0, 0, 2, 1, 0, 0]",0.6936525404453278,0.5,0.496338028169014,0.5788436268068331,0.5344252350621778,0.4126149802890933,6.759547089692205
"[3, 0, 0, 0, 0, 15, 0, 0, 8, 2, 1, 0, 1, 4, 0, 0, 0, 22, 0, 0, 0, 4, 0, 0, 7, 0, 0, 0, 6, 56, 3, 0, 7, 0, 0, 0, 8, 1, 1, 0, 4, 285, 0, 0, 7, 0, 0, 0]",0.6930379509925843,0.5,0.5068694798822375,0.6787122207621551,0.5803370786516854,0.3396846254927727,24.908908774377778
"[3, 0, 0, 0, 4, 147, 0, 0, 7, 0, 0, 0, 2, 0, 0, 0, 3, 0, 0, 0, 6, 55, 2, 0, 7, 0, 0, 0, 0, 4, 1, 0, 0, 10, 1, 0, 2, 0, 0, 0, 7, 0, 0, 0, 8, 2, 1, 0]",0.6934321254491806,0.5,0.5141083521444695,0.5985545335085414,0.5531268973891925,0.4342969776609724,0.24037518983095651
"[1, 4, 0, 0, 1, 4, 0, 0, 8, 1, 2, 0, 7, 0, 0, 0, 7, 0, 0, 0, 3, 0, 0, 0, 8, 3, 1, 0, 6, 54, 4, 0, 3, 0, 0, 0, 4, 122, 0, 0, 2, 0, 0, 0, 4, 55, 0, 0]",0.6942741394042968,0.5,0.5041006014215418,0.6057818659658344,0.5502834974634437,0.4040735873850197,0.6508904741695005
"[7, 0, 0, 0, 2, 0, 0, 0, 1, 4, 0, 0, 1, 4, 0, 0, 3, 0, 0, 0, 6, 34, 4, 0, 0, 29, 1, 0, 7, 0, 0, 0, 7, 0, 0, 0, 4, 58, 0, 0, 4, 246, 0, 0, 3, 0, 0, 0]",0.6936832457780838,0.5,0.4857928505957837,0.3482260183968462,0.40566398775354,0.6314060446780552,24.985704377642833
"[7, 0, 0, 0, 8, 1, 1, 0, 7, 0, 0, 0, 1, 4, 0, 0, 4, 305, 0, 0, 8, 1, 2, 0, 3, 0, 0, 0, 0, 29, 0, 0, 6, 16, 4, 0, 3, 0, 0, 0, 0, 25, 1, 0, 5, 0, 0, 0]",0.6929592102766037,0.5,0.5190995907230559,0.5,0.5093708165997323,0.5367936925098554,0.11734684617931634
"[3, 0, 0, 0, 3, 0, 0, 0, 7, 0, 0, 0, 6, 61, 2, 0, 7, 0, 0, 0, 2, 0, 0, 0, 7, 0, 0, 0, 0, 18, 0, 0, 7, 0, 0, 0, 7, 0, 0, 0, 7, 0, 0, 0, 0, 10, 1, 0]",0.6929266273975372,0.5,0.5131428571428571,0.5900131406044679,0.5488997555012225,0.4402102496714848,16.57839678414166
"[7, 0, 0, 0, 2, 1, 0, 0, 6, 9, 4, 0, 3, 0, 0, 0, 4, 139, 0, 0, 5, 0, 0, 0, 7, 0, 0, 0, 7, 0, 0, 0, 7, 0, 0, 0, 3, 0, 0, 0, 3, 0, 0, 0, 7, 0, 0, 0]",0.6935015588998794,0.5,0.508667388949079,0.6169513797634691,0.5576009501187649,0.4040735873850197,118.01197398267686
"[8, 0, 1, 0, 8, 1, 2, 0, 6, 29, 4, 0, 3, 0, 0, 0, 4, 39, 0, 0, 1, 4, 0, 0, 7, 0, 0, 0, 7, 0, 0, 0, 1, 4, 0, 0, 7, 0, 0, 0, 4, 142, 0, 0, 1, 4, 0, 0]",0.694429612159729,0.5,0.4856661045531197,0.1892247043363994,0.2723404255319149,0.7996057818659659,1.978042511717831
"[7, 0, 0, 0, 4, 441, 0, 0, 8, 2, 1, 0, 8, 3, 1, 0, 1, 4, 0, 0, 8, 1, 1, 0, 0, 23, 1, 0, 7, 0, 0, 0, 1, 4, 0, 0, 8, 1, 1, 0, 4, 193, 0, 0, 7, 0, 0, 0]",0.6934658199548721,0.5,0.5032808398950132,0.5039421813403416,0.5036112934996717,0.5026281208935611,0.11795649128657715
"[8, 0, 2, 0, 0, 9, 0, 0, 7, 0, 0, 0, 1, 4, 0, 0, 7, 0, 0, 0, 3, 0, 0, 0, 7, 0, 0, 0, 2, 0, 0, 0, 3, 0, 0, 0, 3, 0, 0, 0, 7, 0, 0, 0, 4, 186, 0, 0]",0.6949595272541046,0.5,0.5068423720223011,0.657030223390276,0.5722460658082976,0.3607095926412615,106.74128578836098
"[6, 16, 4, 0, 1, 16, 0, 0, 7, 0, 0, 0, 7, 0, 0, 0, 1, 4, 0, 0, 5, 0, 0, 0, 4, 58, 0, 0, 7, 0, 0, 0, 4, 352, 0, 0, 4, 310, 0, 0, 7, 0, 0, 0, 7, 0, 0, 0]",0.6933902055025101,0.5,0.5019731649565904,0.4178712220762155,0.4560774471136608,0.5854139290407359,33.697433463996276
"[1, 4, 0, 0, 1, 4, 0, 0, 8, 1, 1, 0, 1, 4, 0, 0, 8, 2, 2, 0, 6, 49, 2, 0, 4, 507, 0, 0, 8, 1, 1, 0, 8, 1, 2, 0, 4, 359, 0, 0, 4, 338, 0, 0, 7, 0, 0, 0]",0.6931403458118439,0.5,0.508,0.5006570302233903,0.5043017868960953,0.5151116951379764,0.0992743672147185
"[1, 4, 0, 0, 3, 0, 0, 0, 4, 317, 0, 0, 4, 284, 0, 0, 5, 0, 0, 0, 4, 351, 0, 0, 7, 0, 0, 0, 8, 3, 2, 0, 7, 0, 0, 0, 7, 0, 0, 0, 7, 0, 0, 0, 7, 0, 0, 0]",0.6931726962327958,0.5,0.4950396825396825,0.6557161629434954,0.5641605426794799,0.3311432325886991,0.18481742016274438
"[6, 19, 4, 0, 2, 0, 0, 0, 3, 0, 0, 0, 0, 28, 0, 0, 4, 376, 0, 0, 8, 1, 1, 0, 0, 31, 0, 0, 7, 0, 0, 0, 7, 0, 0, 0, 7, 0, 0, 0, 8, 1, 2, 0, 1, 4, 0, 0]",0.6934762984514237,0.5,0.4938198940553266,0.5512483574244416,0.5209562247749147,0.4349540078843626,79.26492913562106
"[0, 19, 1, 0, 1, 19, 0, 0, 2, 1, 0, 0, 4, 423, 0, 0, 2, 1, 0, 0, 0, 7, 0, 0, 6, 63, 4, 0, 4, 5, 0, 0, 8, 1, 2, 0, 3, 0, 0, 0, 3, 0, 0, 0, 7, 0, 0, 0]",0.6977003037929534,0.5,0.4974093264248704,0.5045992115637319,0.5009784735812133,0.4901445466491458,0.006204227755290503
"[7, 0, 0, 0, 1, 4, 0, 0, 3, 0, 0, 0, 1, 4, 0, 0, 3, 0, 0, 0, 8, 2, 1, 0, 1, 4, 0, 0, 7, 0, 0, 0, 7, 0, 0, 0, 0, 28, 1, 0, 7, 0, 0, 0, 2, 1, 0, 0]",0.6932488322257996,0.5,0.4983642311886587,0.6005256241787122,0.5446960667461264,0.3955321944809461,20.224662771681324
"[4, 421, 0, 0, 6, 31, 2, 0, 4, 85, 0, 0, 2, 0, 0, 0, 7, 0, 0, 0, 2, 0, 0, 0, 7, 0, 0, 0, 2, 0, 0, 0, 5, 0, 0, 0, 7, 0, 0, 0, 7, 0, 0, 0, 8, 3, 1, 0]",0.6937966674566269,0.5,0.5007987220447284,0.411957950065703,0.4520547945205479,0.5893561103810775,139.55067483172752
"[4, 87, 0, 0, 8, 1, 2, 0, 7, 0, 0, 0, 3, 0, 0, 0, 4, 79, 0, 0, 1, 4, 0, 0, 1, 4, 0, 0, 7, 0, 0, 0, 1, 4, 0, 0, 1, 4, 0, 0, 1, 4, 0, 0, 8, 3, 2, 0]",0.6933238804340363,0.5,0.4961961115807269,0.771353482260184,0.6039094650205762,0.216819973718791,0.10053860232278566
"[5, 0, 0, 0, 7, 0, 0, 0, 7, 0, 0, 0, 7, 0, 0, 0, 7, 0, 0, 0, 7, 0, 0, 0, 4, 179, 0, 0, 1, 4, 0, 0, 7, 0, 0, 0, 4, 205, 0, 0, 7, 0, 0, 0, 7, 0, 0, 0]",0.6932322293519974,0.5,0.4861227922624054,0.3797634691195795,0.4264109184802656,0.5985545335085414,0.0
"[6, 35, 4, 0, 0, 8, 1, 0, 0, 9, 0, 0, 8, 1, 2, 0, 4, 325, 0, 0, 4, 125, 0, 0, 4, 323, 0, 0, 3, 0, 0, 0, 7, 0, 0, 0, 7, 0, 0, 0, 8, 2, 2, 0, 1, 4, 0, 0]",0.693464919924736,0.5,0.5045045045045045,0.3311432325886991,0.3998413328044427,0.6747700394218134,4.21899153344566
"[0, 16, 0, 0, 6, 23, 4, 0, 3, 0, 0, 0, 1, 4, 0, 0, 4, 180, 0, 0, 1, 4, 0, 0, 1, 4, 0, 0, 7, 0, 0, 0, 7, 0, 0, 0, 2, 1, 0, 0, 0, 10, 1, 0, 4, 30, 0, 0]",0.6942449420690536,0.5,0.5075566750629723,0.2647831800262812,0.348013816925734,0.7431011826544021,5.866359028033912
"[8, 0, 2, 0, 8, 1, 2, 0, 3, 0, 0, 0, 1, 4, 0, 0, 0, 9, 0, 0, 7, 0, 0, 0, 8, 3, 1, 0, 6, 53, 4, 0, 0, 4, 0, 0, 2, 0, 0, 0, 7, 0, 0, 0, 4, 491, 0, 0]",0.6933365672826767,0.5,0.5085341365461847,0.6655716162943496,0.5765509391007398,0.3567674113009198,63.78444979968481
"[1, 4, 0, 0, 1, 4, 0, 0, 6, 55, 4, 0, 8, 3, 2, 0, 7, 0, 0, 0, 3, 0, 0, 0, 4, 427, 0, 0, 5, 0, 0, 0, 4, 152, 0, 0, 7, 0, 0, 0, 7, 0, 0, 0, 4, 17, 0, 0]",0.6938353031873703,0.5,0.5022321428571429,0.4434954007884362,0.471039776692254,0.5604467805519053,1.2273017063034786
"[0, 26, 0, 0, 8, 1, 2, 0, 8, 2, 2, 0, 8, 1, 1, 0, 3, 0, 0, 0, 0, 11, 0, 0, 8, 1, 1, 0, 7, 0, 0, 0, 0, 15, 0, 0, 1, 15, 0, 0, 3, 0, 0, 0, 0, 8, 0, 0]",0.6931544780731201,0.5,0.484,0.1590013140604468,0.2393669634025717,0.8304862023653088,10.035161910233
"[5, 0, 0, 0, 4, 420, 0, 0, 7, 0, 0, 0, 7, 0, 0, 0, 1, 4, 0, 0, 7, 0, 0, 0, 7, 0, 0, 0, 1, 4, 0, 0, 7, 0, 0, 0, 7, 0, 0, 0, 7, 0, 0, 0, 3, 0, 0, 0]",0.6977971792221069,0.5,0.4929482874412357,0.4822601839684625,0.4875456658917303,0.5039421813403416,0.0
"[1, 4, 0, 0, 7, 0, 0, 0, 1, 4, 0, 0, 3, 0, 0, 0, 7, 0, 0, 0, 2, 0, 0, 0, 7, 0, 0, 0, 5, 0, 0, 0, 7, 0, 0, 0, 3, 0, 0, 0, 7, 0, 0, 0, 3, 0, 0, 0]",0.697987574338913,0.5,0.4919224555735056,0.400131406044678,0.4413043478260869,0.5867279894875165,0.5964720057208979
"[3, 0, 0, 0, 1, 4, 0, 0, 2, 1, 0, 0, 0, 4, 1, 0, 7, 0, 0, 0, 3, 0, 0, 0, 3, 0, 0, 0, 2, 1, 0, 0, 1, 4, 0, 0, 1, 4, 0, 0, 5, 0, 0, 0, 4, 341, 0, 0]",0.694191974401474,0.5,0.5064516129032258,0.4126149802890933,0.4547429398986242,0.5978975032851511,0.31270291190594435
"[6, 26, 4, 0, 0, 4, 1, 0, 1, 4, 0, 0, 8, 1, 2, 0, 2, 0, 0, 0, 2, 0, 0, 0, 0, 21, 1, 0, 2, 0, 0, 0, 1, 4, 0, 0, 7, 0, 0, 0, 0, 21, 0, 0, 2, 1, 0, 0]",0.6937445759773254,0.5,0.5231116121758738,0.304862023653088,0.3852220838522208,0.7220762155059133,9.555729971267283
"[4, 402, 0, 0, 4, 52, 0, 0, 3, 0, 0, 0, 0, 17, 0, 0, 2, 0, 0, 0, 0, 24, 1, 0, 3, 0, 0, 0, 0, 16, 1, 0, 3, 0, 0, 0, 1, 4, 0, 0, 7, 0, 0, 0, 2, 1, 0, 0]",0.6940192848443985,0.5,0.4876099120703437,0.4007884362680683,0.4399567255679769,0.5788436268068331,0.06000386236701161
"[2, 0, 0, 0, 1, 4, 0, 0, 0, 9, 1, 0, 2, 1, 0, 0, 8, 2, 1, 0, 4, 213, 0, 0, 7, 0, 0, 0, 3, 0, 0, 0, 1, 4, 0, 0, 6, 17, 1, 0, 4, 292, 0, 0, 0, 24, 0, 0]",0.6924025267362595,0.5,0.4904330312185297,0.3199737187910644,0.3872763419483101,0.6675427069645203,1.7992115325760096
"[2, 1, 0, 0, 0, 15, 1, 0, 4, 65, 0, 0, 3, 0, 0, 0, 7, 0, 0, 0, 1, 4, 0, 0, 1, 4, 0, 0, 2, 1, 0, 0, 8, 1, 1, 0, 4, 466, 0, 0, 0, 10, 0, 0, 7, 0, 0, 0]",0.6930497467517853,0.5,0.5188087774294671,0.4349540078843626,0.4731951393852752,0.5965834428383706,0.028204086134792306
"[0, 27, 1, 0, 4, 139, 0, 0, 7, 0, 0, 0, 1, 4, 0, 0, 6, 25, 3, 0, 3, 0, 0, 0, 7, 0, 0, 0, 7, 0, 0, 0, 3, 0, 0, 0, 0, 30, 1, 0, 0, 24, 0, 0, 3, 0, 0, 0]",0.6932917147874832,0.5,0.5050215208034433,0.4625492772667542,0.4828532235939643,0.5466491458607096,0.05617622284262325
"[7, 0, 0, 0, 1, 4, 0, 0, 2, 0, 0, 0, 2, 0, 0, 0, 0, 11, 1, 0, 6, 37, 4, 0, 4, 495, 0, 0, 7, 0, 0, 0, 2, 0, 0, 0, 2, 0, 0, 0, 2, 1, 0, 0, 8, 1, 2, 0]",0.6931385964155197,0.5,0.5172690763052209,0.4231274638633377,0.4654860860137332,0.6051248357424441,0.4692460776086591
"[5, 0, 0, 0, 7, 0, 0, 0, 4, 140, 0, 0, 7, 0, 0, 0, 7, 0, 0, 0, 7, 0, 0, 0, 7, 0, 0, 0, 8, 2, 2, 0, 3, 0, 0, 0, 4, 441, 0, 0, 7, 0, 0, 0, 1, 4, 0, 0]",0.6938900291919708,0.5,0.5055020632737276,0.4829172141918528,0.4939516129032258,0.5275952693823915,0.0
"[6, 23, 2, 0, 0, 4, 1, 0, 4, 373, 0, 0, 8, 2, 1, 0, 7, 0, 0, 0, 7, 0, 0, 0, 4, 54, 0, 0, 0, 25, 0, 0, 7, 0, 0, 0, 3, 0, 0, 0, 1, 4, 0, 0, 2, 0, 0, 0]",0.6933906614780426,0.5,0.4974986103390773,0.588042049934297,0.5389942788316772,0.4060446780551905,0.11238372570278443
"[1, 4, 0, 0, 6, 20, 4, 0, 7, 0, 0, 0, 0, 29, 1, 0, 4, 123, 0, 0, 4, 168, 0, 0, 4, 169, 0, 0, 8, 2, 1, 0, 7, 0, 0, 0, 7, 0, 0, 0, 7, 0, 0, 0, 3, 0, 0, 0]",0.6930890053510665,0.5,0.5194931773879142,0.350197109067017,0.4183673469387755,0.676084099868594,4.622645385417854
"[2, 0, 0, 0, 3, 0, 0, 0, 0, 19, 1, 0, 6, 11, 4, 0, 7, 0, 0, 0, 8, 1, 2, 0, 2, 1, 0, 0, 2, 0, 0, 0, 4, 441, 0, 0, 7, 0, 0, 0, 7, 0, 0, 0, 7, 0, 0, 0]",0.6933039784431457,0.5,0.4636015325670498,0.1590013140604468,0.2367906066536203,0.8160315374507228,1.8372384421381867
"[7, 0, 0, 0, 1, 4, 0, 0, 8, 2, 1, 0, 1, 4, 0, 0, 0, 28, 0, 0, 7, 0, 0, 0, 8, 2, 1, 0, 0, 14, 1, 0, 3, 0, 0, 0, 4, 355, 0, 0, 1, 4, 0, 0, 0, 25, 0, 0]",0.6927986860275268,0.5,0.502442996742671,0.4053876478318002,0.4487272727272727,0.5985545335085414,0.29770377918066515
"[7, 0, 0, 0, 2, 0, 0, 0, 4, 480, 0, 0, 8, 1, 2, 0, 7, 0, 0, 0, 3, 0, 0, 0, 3, 0, 0, 0, 1, 4, 0, 0, 5, 0, 0, 0, 7, 0, 0, 0, 1, 4, 0, 0, 3, 0, 0, 0]",0.6934863567352295,0.5,0.469187675070028,0.4402102496714848,0.4542372881355932,0.5019710906701709,0.0
"[6, 47, 4, 0, 2, 0, 0, 0, 8, 2, 2, 0, 7, 0, 0, 0, 1, 4, 0, 0, 1, 4, 0, 0, 8, 2, 2, 0, 1, 4, 0, 0, 7, 0, 0, 0, 8, 2, 2, 0, 3, 0, 0, 0, 7, 0, 0, 0]",0.6976815283298492,0.5,0.4927283304246655,0.5565045992115637,0.5226781857451404,0.4270696452036793,150.49300288641825
"[7, 0, 0, 0, 3, 0, 0, 0, 5, 0, 0, 0, 4, 64, 0, 0, 3, 0, 0, 0, 7, 0, 0, 0, 4, 392, 0, 0, 7, 0, 0, 0, 7, 0, 0, 0, 7, 0, 0, 0, 8, 3, 1, 0, 7, 0, 0, 0]",0.6933160841464996,0.5,0.5083612040133779,0.4993429697766097,0.5038117335101093,0.5170827858081471,1.220290506089441
"[3, 0, 0, 0, 8, 1, 2, 0, 3, 0, 0, 0, 6, 63, 4, 0, 1, 63, 0, 0, 1, 4, 0, 0, 8, 2, 1, 0, 8, 1, 1, 0, 0, 6, 1, 0, 2, 1, 0, 0, 7, 0, 0, 0, 1, 4, 0, 0]",0.697851487994194,0.5,0.5138445154419595,0.6340341655716163,0.5676470588235294,0.400131406044678,0.18787494324988074
"[6, 22, 1, 0, 7, 0, 0, 0, 7, 0, 0, 0, 2, 1, 0, 0, 7, 0, 0, 0, 7, 0, 0, 0, 3, 0, 0, 0, 0, 16, 0, 0, 7, 0, 0, 0, 7, 0, 0, 0, 1, 4, 0, 0, 2, 0, 0, 0]",0.705593952536583,0.5,0.5118577075098815,0.3403416557161629,0.4088397790055249,0.6754270696452037,61.81725367321633
"[7, 0, 0, 0, 2, 1, 0, 0, 5, 0, 0, 0, 7, 0, 0, 0, 7, 0, 0, 0, 7, 0, 0, 0, 7, 0, 0, 0, 7, 0, 0, 0, 8, 3, 1, 0, 7, 0, 0, 0, 7, 0, 0, 0, 8, 2, 1, 0]",0.6937269359827042,0.5,0.4967948717948718,0.4073587385019711,0.447653429602888,0.5873850197109067,64.68496522889473
"[2, 1, 0, 0, 0, 6, 1, 0, 5, 0, 0, 0, 4, 268, 0, 0, 7, 0, 0, 0, 8, 2, 1, 0, 4, 95, 0, 0, 7, 0, 0, 0, 7, 0, 0, 0, 7, 0, 0, 0, 7, 0, 0, 0, 7, 0, 0, 0]",0.6931028306484223,0.5,0.5051495831289848,0.6767411300919842,0.5784891884302162,0.3370565045992115,7.474223299184814
"[5, 0, 0, 0, 7, 0, 0, 0, 7, 0, 0, 0, 8, 1, 1, 0, 7, 0, 0, 0, 7, 0, 0, 0, 7, 0, 0, 0, 1, 4, 0, 0, 7, 0, 0, 0, 4, 133, 0, 0, 7, 0, 0, 0, 3, 0, 0, 0]",0.6936299800872803,0.5,0.5109634551495017,0.5052562417871223,0.5080938222662702,0.5164257555847569,0.0
"[2, 1, 0, 0, 8, 1, 2, 0, 4, 83, 0, 0, 2, 0, 0, 0, 7, 0, 0, 0, 6, 28, 3, 0, 7, 0, 0, 0, 0, 8, 1, 0, 7, 0, 0, 0, 3, 0, 0, 0, 2, 0, 0, 0, 5, 0, 0, 0]",0.6935600101947784,0.5,0.4973718791064389,0.4973718791064389,0.4973718791064389,0.4973718791064389,0.14622345863608643
"[3, 0, 0, 0, 0, 30, 0, 0, 7, 0, 0, 0, 3, 0, 0, 0, 8, 1, 2, 0, 1, 4, 0, 0, 1, 4, 0, 0, 8, 1, 1, 0, 2, 0, 0, 0, 8, 1, 2, 0, 1, 4, 0, 0, 7, 0, 0, 0]",0.7002795726060868,0.5,0.48582995951417,0.3942181340341655,0.4352557127312296,0.5827858081471747,155.03523450688226
"[4, 334, 0, 0, 4, 269, 0, 0, 5, 0, 0, 0, 4, 359, 0, 0, 7, 0, 0, 0, 1, 4, 0, 0, 7, 0, 0, 0, 1, 4, 0, 0, 7, 0, 0, 0, 3, 0, 0, 0, 3, 0, 0, 0, 7, 0, 0, 0]",0.6934773206710816,0.5,0.4923588039867109,0.4868593955321945,0.489593657086224,0.4980289093298292,0.0
"[7, 0, 0, 0, 0, 24, 0, 0, 1, 24, 0, 0, 4, 171, 0, 0, 6, 13, 3, 0, 1, 13, 0, 0, 7, 0, 0, 0, 4, 474, 0, 0, 7, 0, 0, 0, 4, 145, 0, 0, 3, 0, 0, 0, 7, 0, 0, 0]",0.693342337012291,0.5,0.4979144942648592,0.6274638633377135,0.5552325581395349,0.3672798948751642,0.3669698459380015
"[6, 32, 1, 0, 0, 20, 1, 0, 3, 0, 0, 0, 8, 2, 2, 0, 8, 1, 1, 0, 7, 0, 0, 0, 4, 474, 0, 0, 7, 0, 0, 0, 1, 4, 0, 0, 7, 0, 0, 0, 7, 0, 0, 0, 4, 182, 0, 0]",0.6927830874919891,0.5,0.4983127109111361,0.2910643889618922,0.3674823724595603,0.7069645203679369,1.8340945619856939
"[4, 34, 0, 0, 6, 49, 2, 0, 7, 0, 0, 0, 0, 13, 1, 0, 7, 0, 0, 0, 1, 4, 0, 0, 2, 0, 0, 0, 2, 0, 0, 0, 8, 3, 1, 0, 7, 0, 0, 0, 7, 0, 0, 0, 2, 1, 0, 0]",0.6948210895061493,0.5,0.5117157974300831,0.4448094612352168,0.4759226713532513,0.5755584756898817,0.2756241769857297
"[0, 24, 1, 0, 1, 24, 0, 0, 2, 0, 0, 0, 2, 1, 0, 0, 8, 3, 2, 0, 7, 0, 0, 0, 3, 0, 0, 0, 8, 2, 1, 0, 1, 4, 0, 0, 2, 1, 0, 0, 6, 30, 1, 0, 3, 0, 0, 0]",0.699796050786972,0.5,0.4968553459119497,0.4152431011826544,0.4523979957050823,0.5795006570302234,0.07228486558960867
"[6, 39, 4, 0, 1, 39, 0, 0, 5, 0, 0, 0, 4, 110, 0, 0, 4, 219, 0, 0, 3, 0, 0, 0, 3, 0, 0, 0, 3, 0, 0, 0, 3, 0, 0, 0, 7, 0, 0, 0, 3, 0, 0, 0, 7, 0, 0, 0]",0.6933551609516144,0.5,0.4961389961389961,0.5065703022339028,0.5013003901170351,0.4855453350854139,91.64118282974232
"[0, 30, 0, 0, 7, 0, 0, 0, 2, 0, 0, 0, 4, 473, 0, 0, 2, 1, 0, 0, 4, 406, 0, 0, 6, 40, 3, 0, 1, 40, 0, 0, 2, 0, 0, 0, 4, 230, 0, 0, 1, 4, 0, 0, 2, 0, 0, 0]",0.6931380718946457,0.5,0.4924731182795699,0.4513797634691195,0.4710318820706205,0.5348226018396847,0.34241710314381635
"[3, 0, 0, 0, 5, 0, 0, 0, 4, 322, 0, 0, 7, 0, 0, 0, 7, 0, 0, 0, 7, 0, 0, 0, 7, 0, 0, 0, 7, 0, 0, 0, 7, 0, 0, 0, 7, 0, 0, 0, 4, 507, 0, 0, 7, 0, 0, 0]",0.6932126641273498,0.5,0.4943722943722943,0.3751642575558476,0.4265969368696302,0.6162943495400789,233.61738743633032
"[6, 59, 2, 0, 2, 1, 0, 0, 2, 0, 0, 0, 7, 0, 0, 0, 4, 12, 0, 0, 1, 4, 0, 0, 7, 0, 0, 0, 7, 0, 0, 0, 7, 0, 0, 0, 8, 1, 2, 0, 1, 4, 0, 0, 2, 1, 0, 0]",0.6948910802602768,0.5,0.496790757381258,0.2542706964520368,0.3363754889178618,0.7424441524310118,0.38540567783275037
"[3, 0, 0, 0, 7, 0, 0, 0, 1, 4, 0, 0, 8, 3, 1, 0, 0, 23, 0, 0, 8, 2, 2, 0, 2, 1, 0, 0, 4, 150, 0, 0, 8, 2, 1, 0, 1, 4, 0, 0, 4, 451, 0, 0, 7, 0, 0, 0]",0.6933512389659882,0.5,0.4869706840390879,0.392904073587385,0.4349090909090909,0.5860709592641261,0.03204683342755743
"[4, 92, 0, 0, 6, 55, 4, 0, 1, 55, 0, 0, 7, 0, 0, 0, 7, 0, 0, 0, 8, 3, 1, 0, 7, 0, 0, 0, 4, 48, 0, 0, 2, 1, 0, 0, 1, 4, 0, 0, 3, 0, 0, 0, 4, 205, 0, 0]",0.6933355242013931,0.5,0.4861837191934279,0.4277266754270696,0.4550856343935687,0.5479632063074902,40.94454778567888
"[6, 32, 4, 0, 2, 0, 0, 0, 7, 0, 0, 0, 7, 0, 0, 0, 2, 1, 0, 0, 7, 0, 0, 0, 3, 0, 0, 0, 2, 0, 0, 0, 2, 0, 0, 0, 7, 0, 0, 0, 2, 0, 0, 0, 7, 0, 0, 0]",0.6971286982297897,0.5,0.5048669695003245,0.5111695137976346,0.5079986940907607,0.4986859395532194,0.6927629982726558
"[8, 0, 1, 0, 1, 4, 0, 0, 1, 4, 0, 0, 3, 0, 0, 0, 2, 1, 0, 0, 4, 123, 0, 0, 2, 0, 0, 0, 0, 22, 1, 0, 7, 0, 0, 0, 4, 227, 0, 0, 5, 0, 0, 0, 7, 0, 0, 0]",0.6931727945804596,0.5,0.4996426018584703,0.4592641261498029,0.4786032180760013,0.5400788436268068,0.2026901199715212
"[6, 41, 4, 0, 2, 0, 0, 0, 5, 0, 0, 0, 7, 0, 0, 0, 1, 4, 0, 0, 7, 0, 0, 0, 7, 0, 0, 0, 1, 4, 0, 0, 7, 0, 0, 0, 8, 3, 1, 0, 7, 0, 0, 0, 7, 0, 0, 0]",0.7155534982681274,0.5,0.4969979986657772,0.4894875164257556,0.4932141674942072,0.5045992115637319,0.0
"[7, 0, 0, 0, 6, 47, 3, 0, 7, 0, 0, 0, 3, 0, 0, 0, 0, 21, 0, 0, 0, 24, 1, 0, 2, 1, 0, 0, 1, 4, 0, 0, 7, 0, 0, 0, 4, 227, 0, 0, 0, 20, 0, 0, 0, 18, 1, 0]",0.6930253952741623,0.5,0.4761290322580645,0.4848883048620236,0.48046875,0.4664914586070959,0.03996672374159971
"[3, 0, 0, 0, 4, 392, 0, 0, 7, 0, 0, 0, 0, 12, 0, 0, 1, 12, 0, 0, 2, 0, 0, 0, 7, 0, 0, 0, 8, 3, 1, 0, 3, 0, 0, 0, 2, 0, 0, 0, 1, 4, 0, 0, 5, 0, 0, 0]",0.6947374016046524,0.5,0.5046728971962616,0.2838370565045992,0.3633305298570227,0.721419185282523,418.89349667169154
"[8, 0, 1, 0, 3, 0, 0, 0, 4, 493, 0, 0, 2, 0, 0, 0, 7, 0, 0, 0, 6, 50, 4, 0, 4, 249, 0, 0, 2, 0, 0, 0, 0, 5, 0, 0, 0, 29, 1, 0, 8, 2, 2, 0, 4, 137, 0, 0]",0.6932532966136933,0.5,0.5117416829745597,0.3436268068331143,0.4111635220125786,0.6721419185282523,3.360051970225868
"[3, 0, 0, 0, 3, 0, 0, 0, 6, 39, 4, 0, 7, 0, 0, 0, 3, 0, 0, 0, 7, 0, 0, 0, 1, 4, 0, 0, 5, 0, 0, 0, 7, 0, 0, 0, 1, 4, 0, 0, 1, 4, 0, 0, 4, 431, 0, 0]",0.6962305098772049,0.5,0.506363027461487,0.4967148488830486,0.5014925373134328,0.5157687253613666,0.0
"[3, 0, 0, 0, 3, 0, 0, 0, 4, 2, 0, 0, 7, 0, 0, 0, 7, 0, 0, 0, 1, 4, 0, 0, 0, 19, 0, 0, 8, 1, 2, 0, 4, 47, 0, 0, 3, 0, 0, 0, 4, 93, 0, 0, 8, 3, 2, 0]",0.6935934215784073,0.5,0.5107632093933464,0.342969776609724,0.410377358490566,0.671484888304862,0.00866288861907133
"[7, 0, 0, 0, 6, 38, 4, 0, 5, 0, 0, 0, 4, 498, 0, 0, 7, 0, 0, 0, 7, 0, 0, 0, 7, 0, 0, 0, 1, 4, 0, 0, 3, 0, 0, 0, 7, 0, 0, 0, 7, 0, 0, 0, 7, 0, 0, 0]",0.6935927838087081,0.5,0.5102040816326531,0.5749014454664915,0.5406240345999382,0.4480946123521682,0.0
"[3, 0, 0, 0, 0, 25, 1, 0, 3, 0, 0, 0, 1, 4, 0, 0, 4, 492, 0, 0, 6, 57, 3, 0, 8, 3, 1, 0, 0, 18, 1, 0, 3, 0, 0, 0, 0, 27, 1, 0, 1, 27, 0, 0, 4, 191, 0, 0]",0.6930791109800338,0.5,0.4912680334092635,0.4250985545335085,0.4557942937654103,0.5597897503285151,4.9687851128401235
"[6, 13, 4, 0, 3, 0, 0, 0, 1, 4, 0, 0, 3, 0, 0, 0, 1, 4, 0, 0, 4, 261, 0, 0, 7, 0, 0, 0, 2, 0, 0, 0, 7, 0, 0, 0, 3, 0, 0, 0, 3, 0, 0, 0, 8, 1, 1, 0]",0.6939144313335419,0.5,0.5037688442211056,0.5269382391590013,0.5150931278098908,0.480946123521682,618.8061508662067
"[3, 0, 0, 0, 0, 5, 0, 0, 1, 5, 0, 0, 0, 16, 1, 0, 8, 3, 1, 0, 2, 0, 0, 0, 4, 465, 0, 0, 7, 0, 0, 0, 0, 16, 1, 0, 2, 1, 0, 0, 0, 22, 0, 0, 6, 20, 4, 0]",0.6883871406316757,0.5,0.4801927194860814,0.5893561103810775,0.5292035398230088,0.3620236530880421,1.7961092010737048
"[3, 0, 0, 0, 7, 0, 0, 0, 2, 0, 0, 0, 8, 3, 2, 0, 0, 17, 0, 0, 7, 0, 0, 0, 1, 4, 0, 0, 6, 25, 4, 0, 7, 0, 0, 0, 4, 25, 0, 0, 3, 0, 0, 0, 3, 0, 0, 0]",0.6961022078990936,0.5,0.5095338983050848,0.3160315374507227,0.3901054339010543,0.6957950065703022,177.09742332616588
"[0, 9, 1, 0, 8, 1, 1, 0, 1, 4, 0, 0, 5, 0, 0, 0, 4, 320, 0, 0, 7, 0, 0, 0, 7, 0, 0, 0, 7, 0, 0, 0, 7, 0, 0, 0, 7, 0, 0, 0, 7, 0, 0, 0, 1, 4, 0, 0]",0.6963152110576629,0.5,0.5148247978436657,0.5019710906701709,0.5083166999334664,0.5269382391590013,0.0
"[7, 0, 0, 0, 6, 36, 4, 0, 7, 0, 0, 0, 8, 3, 2, 0, 2, 0, 0, 0, 0, 10, 0, 0, 1, 10, 0, 0, 3, 0, 0, 0, 4, 220, 0, 0, 7, 0, 0, 0, 1, 4, 0, 0, 1, 4, 0, 0]",0.6941577434539795,0.5,0.5,0.3948751642575558,0.4412628487518355,0.6051248357424441,114.11891354294494
"[2, 1, 0, 0, 3, 0, 0, 0, 1, 4, 0, 0, 2, 0, 0, 0, 1, 4, 0, 0, 6, 24, 4, 0, 1, 24, 0, 0, 7, 0, 0, 0, 0, 17, 1, 0, 8, 3, 2, 0, 4, 306, 0, 0, 3, 0, 0, 0]",0.69279944896698,0.5,0.5182815356489945,0.3725361366622864,0.4334862385321101,0.6537450722733246,0.0569028841018735
"[4, 104, 0, 0, 2, 0, 0, 0, 6, 54, 2, 0, 7, 0, 0, 0, 0, 9, 1, 0, 7, 0, 0, 0, 2, 1, 0, 0, 3, 0, 0, 0, 1, 4, 0, 0, 8, 1, 1, 0, 1, 4, 0, 0, 2, 1, 0, 0]",0.6945190995931625,0.5,0.4816694867456288,0.5611038107752957,0.518361153262519,0.3961892247043364,4.399429060518742
"[1, 4, 0, 0, 8, 1, 1, 0, 7, 0, 0, 0, 2, 1, 0, 0, 7, 0, 0, 0, 2, 0, 0, 0, 8, 1, 1, 0, 5, 0, 0, 0, 7, 0, 0, 0, 1, 4, 0, 0, 4, 481, 0, 0, 1, 4, 0, 0]",0.6970390260219574,0.5,0.4826732673267326,0.5124835742444153,0.497131931166348,0.4507227332457293,0.0
"[5, 0, 0, 0, 7, 0, 0, 0, 7, 0, 0, 0, 3, 0, 0, 0, 8, 2, 1, 0, 7, 0, 0, 0, 7, 0, 0, 0, 7, 0, 0, 0, 7, 0, 0, 0, 7, 0, 0, 0, 3, 0, 0, 0, 7, 0, 0, 0]",0.6960820585489274,0.5,0.5203488372093024,0.588042049934297,0.5521283158544109,0.4579500657030223,186.37214586813934
"[1, 4, 0, 0, 2, 0, 0, 0, 7, 0, 0, 0, 7, 0, 0, 0, 5, 0, 0, 0, 4, 394, 0, 0, 1, 4, 0, 0, 7, 0, 0, 0, 7, 0, 0, 0, 7, 0, 0, 0, 7, 0, 0, 0, 7, 0, 0, 0]",0.697834175825119,0.5,0.4829881656804733,0.4290407358738502,0.4544189283228949,0.5407358738501971,0.0
"[4, 467, 0, 0, 4, 167, 0, 0, 3, 0, 0, 0, 7, 0, 0, 0, 2, 1, 0, 0, 7, 0, 0, 0, 7, 0, 0, 0, 2, 0, 0, 0, 3, 0, 0, 0, 1, 4, 0, 0, 0, 23, 1, 0, 7, 0, 0, 0]",0.693443876504898,0.5,0.4958333333333333,0.5473061760840998,0.5202998126171143,0.4434954007884362,46.29066224792041
"[0, 22, 0, 0, 2, 1, 0, 0, 8, 2, 1, 0, 1, 4, 0, 0, 7, 0, 0, 0, 7, 0, 0, 0, 8, 1, 2, 0, 5, 0, 0, 0, 7, 0, 0, 0, 7, 0, 0, 0, 4, 12, 0, 0, 3, 0, 0, 0]",0.6955952405929565,0.5,0.5152263374485597,0.4113009198423127,0.4574351479722324,0.6130091984231275,0.08233892514635954
"[7, 0, 0, 0, 2, 0, 0, 0, 7, 0, 0, 0, 0, 23, 1, 0, 3, 0, 0, 0, 7, 0, 0, 0, 7, 0, 0, 0, 2, 0, 0, 0, 1, 4, 0, 0, 4, 11, 0, 0, 5, 0, 0, 0, 7, 0, 0, 0]",0.6943098872900009,0.5,0.5019646365422397,0.335742444152431,0.4023622047244094,0.6668856767411301,18.2845989682246
"[7, 0, 0, 0, 8, 1, 1, 0, 2, 0, 0, 0, 7, 0, 0, 0, 0, 11, 0, 0, 3, 0, 0, 0, 1, 4, 0, 0, 0, 14, 1, 0, 4, 358, 0, 0, 7, 0, 0, 0, 6, 26, 4, 0, 7, 0, 0, 0]",0.6931533962488174,0.5,0.5050761421319797,0.5229960578186597,0.513879922530665,0.4875164257555847,103.69328836444765
"[4, 224, 0, 0, 8, 1, 2, 0, 8, 1, 1, 0, 5, 0, 0, 0, 7, 0, 0, 0, 8, 2, 1, 0, 7, 0, 0, 0, 7, 0, 0, 0, 3, 0, 0, 0, 7, 0, 0, 0, 7, 0, 0, 0, 7, 0, 0, 0]",0.6931889802217484,0.5,0.4909326424870466,0.4980289093298292,0.4944553163731245,0.4835742444152431,0.14724240679538525
"[0, 14, 1, 0, 2, 0, 0, 0, 7, 0, 0, 0, 8, 3, 1, 0, 5, 0, 0, 0, 7, 0, 0, 0, 7, 0, 0, 0, 7, 0, 0, 0, 4, 20, 0, 0, 7, 0, 0, 0, 7, 0, 0, 0, 4, 283, 0, 0]",0.6933711737394332,0.5,0.4973924380704042,0.5013140604467805,0.4993455497382199,0.4934296977660972,0.028453443727812555
"[7, 0, 0, 0, 0, 23, 1, 0, 7, 0, 0, 0, 1, 4, 0, 0, 7, 0, 0, 0, 8, 3, 2, 0, 8, 2, 2, 0, 0, 29, 1, 0, 7, 0, 0, 0, 8, 2, 1, 0, 1, 4, 0, 0, 4, 29, 0, 0]",0.6938292950391769,0.5,0.508,0.3337713534822601,0.4028548770816812,0.6767411300919842,6.595381407998502
"[6, 15, 1, 0, 5, 0, 0, 0, 7, 0, 0, 0, 7, 0, 0, 0, 8, 1, 1, 0, 7, 0, 0, 0, 8, 3, 2, 0, 7, 0, 0, 0, 7, 0, 0, 0, 8, 1, 1, 0, 8, 2, 2, 0, 1, 4, 0, 0]",0.6935047030448913,0.5,0.516590761223162,0.5216819973718791,0.5191238966982674,0.511826544021025,0.0
"[0, 16, 0, 0, 1, 16, 0, 0, 3, 0, 0, 0, 8, 1, 2, 0, 7, 0, 0, 0, 6, 54, 4, 0, 0, 30, 1, 0, 0, 27, 0, 0, 7, 0, 0, 0, 2, 1, 0, 0, 7, 0, 0, 0, 3, 0, 0, 0]",0.6929242312908173,0.5,0.5197319434102755,0.4586070959264126,0.487260034904014,0.576215505913272,0.06516401916269388
"[6, 16, 1, 0, 4, 47, 0, 0, 7, 0, 0, 0, 0, 31, 0, 0, 8, 2, 1, 0, 1, 4, 0, 0, 1, 4, 0, 0, 0, 15, 1, 0, 7, 0, 0, 0, 7, 0, 0, 0, 7, 0, 0, 0, 1, 4, 0, 0]",0.6958055675029755,0.5,0.4904593639575971,0.4559789750328515,0.4725910793326524,0.526281208935611,16.61550567834638
"[6, 11, 4, 0, 8, 1, 2, 0, 0, 26, 0, 0, 0, 10, 0, 0, 7, 0, 0, 0, 1, 4, 0, 0, 1, 4, 0, 0, 0, 27, 0, 0, 1, 27, 0, 0, 7, 0, 0, 0, 1, 4, 0, 0, 2, 1, 0, 0]",0.7027586370706558,0.5,0.5073170731707317,0.4099868593955322,0.4534883720930232,0.6018396846254928,8.250738392351195
"[6, 36, 2, 0, 1, 36, 0, 0, 1, 4, 0, 0, 1, 4, 0, 0, 4, 274, 0, 0, 1, 4, 0, 0, 0, 25, 1, 0, 0, 30, 1, 0, 0, 29, 0, 0, 7, 0, 0, 0, 8, 1, 2, 0, 5, 0, 0, 0]",0.6929962247610092,0.5,0.5009174311926605,0.538107752956636,0.5188470066518847,0.4638633377135348,14.239259647205472
"[8, 0, 2, 0, 3, 0, 0, 0, 1, 4, 0, 0, 0, 11, 1, 0, 2, 0, 0, 0, 4, 225, 0, 0, 7, 0, 0, 0, 6, 59, 1, 0, 7, 0, 0, 0, 1, 4, 0, 0, 0, 6, 1, 0, 1, 6, 0, 0]",0.6952320128679276,0.5,0.5012406947890818,0.3981603153745072,0.4437934822409374,0.6038107752956636,0.14907345274696127
"[1, 4, 0, 0, 6, 26, 4, 0, 4, 157, 0, 0, 2, 0, 0, 0, 3, 0, 0, 0, 7, 0, 0, 0, 3, 0, 0, 0, 0, 25, 0, 0, 7, 0, 0, 0, 2, 1, 0, 0, 4, 8, 0, 0, 3, 0, 0, 0]",0.6943694949150085,0.5,0.4843924191750278,0.5709592641261498,0.5241254523522316,0.3922470433639947,0.2579056228732952
"[0, 7, 1, 0, 8, 1, 1, 0, 4, 93, 0, 0, 3, 0, 0, 0, 7, 0, 0, 0, 7, 0, 0, 0, 2, 0, 0, 0, 2, 0, 0, 0, 8, 1, 1, 0, 2, 1, 0, 0, 0, 9, 0, 0, 0, 15, 0, 0]",0.6932370960712433,0.5,0.5091428571428571,0.5854139290407359,0.5446210268948656,0.435611038107753,4.446620465721935
"[0, 26, 0, 0, 2, 1, 0, 0, 3, 0, 0, 0, 1, 4, 0, 0, 3, 0, 0, 0, 3, 0, 0, 0, 0, 17, 1, 0, 6, 59, 4, 0, 2, 1, 0, 0, 8, 1, 2, 0, 7, 0, 0, 0, 8, 1, 1, 0]",0.693206962943077,0.5,0.4991913746630728,0.6084099868593955,0.54841575362748,0.3896189224704336,2.2817902993410826
"[3, 0, 0, 0, 7, 0, 0, 0, 4, 421, 0, 0, 4, 395, 0, 0, 3, 0, 0, 0, 4, 270, 0, 0, 7, 0, 0, 0, 0, 25, 0, 0, 2, 0, 0, 0, 3, 0, 0, 0, 1, 4, 0, 0, 3, 0, 0, 0]",0.693174222111702,0.5,0.4971576227390181,0.6320630749014454,0.5565519236332079,0.3607095926412615,13.785044926829869
"[2, 0, 0, 0, 4, 460, 0, 0, 1, 4, 0, 0, 8, 2, 1, 0, 8, 2, 1, 0, 5, 0, 0, 0, 7, 0, 0, 0, 7, 0, 0, 0, 3, 0, 0, 0, 3, 0, 0, 0, 7, 0, 0, 0, 1, 4, 0, 0]",0.693480783700943,0.5,0.5114155251141552,0.2943495400788436,0.3736447039199332,0.7187910643889619,0.0
"[3, 0, 0, 0, 3, 0, 0, 0, 7, 0, 0, 0, 6, 50, 3, 0, 3, 0, 0, 0, 7, 0, 0, 0, 2, 1, 0, 0, 2, 0, 0, 0, 7, 0, 0, 0, 1, 4, 0, 0, 7, 0, 0, 0, 2, 0, 0, 0]",0.6984556168317795,0.5,0.5006570302233903,0.5006570302233903,0.5006570302233903,0.5006570302233903,0.3533456631739682
"[0, 30, 1, 0, 8, 1, 1, 0, 0, 15, 1, 0, 8, 1, 1, 0, 6, 15, 3, 0, 2, 1, 0, 0, 7, 0, 0, 0, 5, 0, 0, 0, 4, 245, 0, 0, 1, 4, 0, 0, 7, 0, 0, 0, 8, 1, 1, 0]",0.6931227445602417,0.5,0.4921583271097834,0.4329829172141918,0.4606780845858091,0.5532194480946123,0.0
"[6, 54, 1, 0, 7, 0, 0, 0, 8, 1, 1, 0, 4, 5, 0, 0, 7, 0, 0, 0, 1, 4, 0, 0, 0, 7, 1, 0, 0, 17, 0, 0, 8, 2, 2, 0, 7, 0, 0, 0, 2, 0, 0, 0, 5, 0, 0, 0]",0.6973281979560852,0.5,0.4808429118773946,0.1649145860709592,0.2455968688845401,0.8219448094612353,0.39500392370973714
"[4, 40, 0, 0, 7, 0, 0, 0, 8, 2, 1, 0, 8, 2, 1, 0, 0, 15, 1, 0, 2, 0, 0, 0, 3, 0, 0, 0, 8, 1, 2, 0, 4, 499, 0, 0, 7, 0, 0, 0, 8, 3, 1, 0, 1, 4, 0, 0]",0.6933149456977844,0.5,0.4960629921259842,0.4139290407358738,0.4512893982808023,0.5795006570302234,0.04503426149457823
"[7, 0, 0, 0, 0, 21, 0, 0, 7, 0, 0, 0, 8, 3, 1, 0, 0, 29, 0, 0, 7, 0, 0, 0, 1, 4, 0, 0, 7, 0, 0, 0, 8, 2, 2, 0, 7, 0, 0, 0, 1, 4, 0, 0, 1, 4, 0, 0]",0.7044498652219773,0.5,0.5110062893081762,0.4270696452036793,0.4652827487473157,0.5913272010512484,21.66195645730477
"[7, 0, 0, 0, 3, 0, 0, 0, 5, 0, 0, 0, 7, 0, 0, 0, 4, 6, 0, 0, 7, 0, 0, 0, 7, 0, 0, 0, 1, 4, 0, 0, 7, 0, 0, 0, 7, 0, 0, 0, 7, 0, 0, 0, 7, 0, 0, 0]",0.7009800404310227,0.5,0.4981050351922035,0.6044678055190539,0.5461561294152567,0.3909329829172142,0.0
"[7, 0, 0, 0, 2, 0, 0, 0, 2, 1, 0, 0, 1, 4, 0, 0, 4, 123, 0, 0, 3, 0, 0, 0, 1, 4, 0, 0, 3, 0, 0, 0, 2, 0, 0, 0, 4, 237, 0, 0, 6, 43, 4, 0, 7, 0, 0, 0]",0.69385946393013,0.5,0.4969271290605794,0.3718791064388962,0.4254039834648628,0.6235216819973719,0.6419810800944106
"[4, 13, 0, 0, 2, 0, 0, 0, 7, 0, 0, 0, 3, 0, 0, 0, 7, 0, 0, 0, 8, 3, 1, 0, 0, 11, 0, 0, 6, 50, 4, 0, 3, 0, 0, 0, 8, 3, 2, 0, 8, 2, 2, 0, 3, 0, 0, 0]",0.6947037965059281,0.5,0.5017142857142857,0.5768725361366623,0.5366748166259169,0.4270696452036793,0.02522814042936261
"[7, 0, 0, 0, 2, 0, 0, 0, 4, 31, 0, 0, 1, 4, 0, 0, 7, 0, 0, 0, 3, 0, 0, 0, 7, 0, 0, 0, 8, 3, 2, 0, 6, 28, 4, 0, 1, 28, 0, 0, 5, 0, 0, 0, 4, 283, 0, 0]",0.6939639925956727,0.5,0.5111478117258464,0.4067017082785808,0.4529820709842663,0.6110381077529566,0.9099141615720328
"[3, 0, 0, 0, 0, 6, 1, 0, 1, 6, 0, 0, 7, 0, 0, 0, 6, 48, 4, 0, 3, 0, 0, 0, 0, 5, 0, 0, 4, 216, 0, 0, 3, 0, 0, 0, 7, 0, 0, 0, 3, 0, 0, 0, 8, 1, 1, 0]",0.6934882342815399,0.5,0.5070621468926554,0.4717477003942181,0.4887678692988427,0.5413929040735874,9.772814108990133
"[4, 151, 0, 0, 2, 1, 0, 0, 4, 507, 0, 0, 0, 13, 0, 0, 3, 0, 0, 0, 7, 0, 0, 0, 6, 39, 4, 0, 8, 2, 1, 0, 7, 0, 0, 0, 7, 0, 0, 0, 7, 0, 0, 0, 7, 0, 0, 0]",0.6933124423027038,0.5,0.4813333333333333,0.2371879106438896,0.317781690140845,0.7444152431011827,0.31006651457573753
"[2, 1, 0, 0, 6, 5, 4, 0, 5, 0, 0, 0, 4, 154, 0, 0, 7, 0, 0, 0, 7, 0, 0, 0, 7, 0, 0, 0, 7, 0, 0, 0, 4, 490, 0, 0, 8, 3, 2, 0, 8, 2, 1, 0, 3, 0, 0, 0]",0.6931133210659027,0.5,0.4917452830188679,0.8219448094612353,0.6153467781603541,0.1504599211563732,6.35450137918815
"[3, 0, 0, 0, 4, 93, 0, 0, 0, 23, 0, 0, 7, 0, 0, 0, 8, 2, 2, 0, 6, 30, 4, 0, 1, 30, 0, 0, 7, 0, 0, 0, 1, 4, 0, 0, 3, 0, 0, 0, 8, 3, 2, 0, 4, 109, 0, 0]",0.6934650003910064,0.5,0.5112866817155757,0.59526938239159,0.5500910746812386,0.431011826544021,0.1508149490600772
"[2, 0, 0, 0, 3, 0, 0, 0, 2, 0, 0, 0, 5, 0, 0, 0, 7, 0, 0, 0, 7, 0, 0, 0, 7, 0, 0, 0, 7, 0, 0, 0, 7, 0, 0, 0, 7, 0, 0, 0, 4, 363, 0, 0, 3, 0, 0, 0]",0.6935563385486603,0.5,0.4923572003218021,0.4021024967148489,0.4426763110307414,0.5854139290407359,615.6307837828062
"[3, 0, 0, 0, 5, 0, 0, 0, 7, 0, 0, 0, 7, 0, 0, 0, 7, 0, 0, 0, 1, 4, 0, 0, 3, 0, 0, 0, 4, 470, 0, 0, 7, 0, 0, 0, 8, 3, 2, 0, 7, 0, 0, 0, 7, 0, 0, 0]",0.6932977646589279,0.5,0.4931600547195622,0.4737187910643889,0.4832439678284182,0.5131406044678055,0.0
"[5, 0, 0, 0, 4, 200, 0, 0, 7, 0, 0, 0, 8, 1, 1, 0, 7, 0, 0, 0, 7, 0, 0, 0, 4, 53, 0, 0, 7, 0, 0, 0, 7, 0, 0, 0, 7, 0, 0, 0, 7, 0, 0, 0, 7, 0, 0, 0]",0.6939065843820572,0.5,0.5078492935635793,0.4250985545335085,0.4628040057224606,0.588042049934297,114.56463048816659
"[0, 25, 0, 0, 6, 43, 4, 0, 7, 0, 0, 0, 3, 0, 0, 0, 8, 1, 1, 0, 8, 3, 1, 0, 8, 3, 1, 0, 2, 1, 0, 0, 3, 0, 0, 0, 8, 2, 2, 0, 2, 0, 0, 0, 5, 0, 0, 0]",0.6931433379650116,0.5,0.5072559366754618,0.5052562417871223,0.5062541145490455,0.5091984231274639,26.035835701972246
"[1, 4, 0, 0, 4, 192, 0, 0, 6, 49, 4, 0, 3, 0, 0, 0, 7, 0, 0, 0, 0, 14, 0, 0, 1, 14, 0, 0, 7, 0, 0, 0, 3, 0, 0, 0, 0, 17, 1, 0, 7, 0, 0, 0, 3, 0, 0, 0]",0.6925445467233657,0.5,0.493358633776091,0.5124835742444153,0.5027392845633258,0.4737187910643889,51.13379956688732
"[7, 0, 0, 0, 2, 0, 0, 0, 2, 1, 0, 0, 7, 0, 0, 0, 0, 25, 0, 0, 6, 41, 4, 0, 1, 41, 0, 0, 1, 4, 0, 0, 7, 0, 0, 0, 1, 4, 0, 0, 1, 4, 0, 0, 4, 47, 0, 0]",0.6960036516189575,0.5,0.515,0.3383705650459921,0.408406026962728,0.6813403416557161,20.543010389897972
"[1, 4, 0, 0, 7, 0, 0, 0, 7, 0, 0, 0, 3, 0, 0, 0, 0, 26, 0, 0, 4, 244, 0, 0, 8, 3, 2, 0, 3, 0, 0, 0, 0, 13, 1, 0, 7, 0, 0, 0, 0, 19, 1, 0, 7, 0, 0, 0]",0.6932255119085312,0.5,0.5115778136779753,0.6241787122207622,0.5622965374371116,0.4040735873850197,0.019214381977235462
"[2, 0, 0, 0, 1, 4, 0, 0, 4, 243, 0, 0, 4, 176, 0, 0, 2, 0, 0, 0, 8, 3, 1, 0, 8, 2, 2, 0, 0, 15, 0, 0, 6, 49, 2, 0, 3, 0, 0, 0, 1, 4, 0, 0, 7, 0, 0, 0]",0.6933284908533096,0.5,0.5117233294255569,0.573587385019711,0.5408921933085502,0.4526938239159001,92.55157608212903
"[6, 27, 3, 0, 2, 0, 0, 0, 1, 4, 0, 0, 5, 0, 0, 0, 7, 0, 0, 0, 7, 0, 0, 0, 4, 160, 0, 0, 7, 0, 0, 0, 4, 244, 0, 0, 7, 0, 0, 0, 7, 0, 0, 0, 1, 4, 0, 0]",0.693453922867775,0.5,0.4858131487889273,0.4612352168199737,0.4732052578361981,0.511826544021025,0.0
"[0, 24, 1, 0, 3, 0, 0, 0, 6, 51, 4, 0, 0, 14, 1, 0, 7, 0, 0, 0, 1, 4, 0, 0, 2, 0, 0, 0, 1, 4, 0, 0, 7, 0, 0, 0, 2, 0, 0, 0, 3, 0, 0, 0, 5, 0, 0, 0]",0.7067265719175339,0.5,0.5066568047337278,0.450065703022339,0.476687543493389,0.561760840998686,3.883097054902464
"[1, 4, 0, 0, 3, 0, 0, 0, 8, 2, 2, 0, 1, 4, 0, 0, 1, 4, 0, 0, 5, 0, 0, 0, 7, 0, 0, 0, 1, 4, 0, 0, 7, 0, 0, 0, 1, 4, 0, 0, 3, 0, 0, 0, 7, 0, 0, 0]",0.7227009356021881,0.5,0.5029663810151616,0.5013140604467805,0.502138861467588,0.5045992115637319,0.0
"[8, 0, 1, 0, 4, 52, 0, 0, 7, 0, 0, 0, 6, 45, 3, 0, 7, 0, 0, 0, 8, 1, 2, 0, 8, 3, 2, 0, 7, 0, 0, 0, 2, 0, 0, 0, 7, 0, 0, 0, 1, 4, 0, 0, 4, 87, 0, 0]",0.6941439598798752,0.5,0.5150115473441108,0.293035479632063,0.3735343383584589,0.7240473061760841,123.7903452400351
"[3, 0, 0, 0, 4, 155, 0, 0, 2, 1, 0, 0, 1, 4, 0, 0, 8, 1, 2, 0, 6, 45, 4, 0, 4, 329, 0, 0, 4, 179, 0, 0, 7, 0, 0, 0, 4, 501, 0, 0, 7, 0, 0, 0, 3, 0, 0, 0]",0.6930218786001205,0.5,0.49818401937046,0.5407358738501971,0.518588531821046,0.4553219448094612,0.21073045553475822
"[6, 30, 2, 0, 1, 30, 0, 0, 0, 22, 0, 0, 7, 0, 0, 0, 3, 0, 0, 0, 2, 0, 0, 0, 2, 0, 0, 0, 3, 0, 0, 0, 0, 17, 1, 0, 5, 0, 0, 0, 4, 23, 0, 0, 7, 0, 0, 0]",0.6944296479225158,0.5,0.4751531654186521,0.4586070959264126,0.4667335339351387,0.4934296977660972,5.981968788779341
"[3, 0, 0, 0, 6, 8, 3, 0, 4, 296, 0, 0, 4, 442, 0, 0, 2, 0, 0, 0, 1, 4, 0, 0, 4, 358, 0, 0, 1, 4, 0, 0, 3, 0, 0, 0, 8, 3, 2, 0, 7, 0, 0, 0, 0, 31, 0, 0]",0.6932076871395111,0.5,0.4863013698630137,0.3265440210249671,0.3907232704402515,0.6550591327201051,10.010540654271608
"[6, 44, 1, 0, 3, 0, 0, 0, 7, 0, 0, 0, 8, 1, 2, 0, 8, 1, 1, 0, 0, 17, 1, 0, 8, 2, 1, 0, 1, 4, 0, 0, 2, 0, 0, 0, 4, 267, 0, 0, 1, 4, 0, 0, 3, 0, 0, 0]",0.6943895488977432,0.5,0.494773519163763,0.4664914586070959,0.4802164355765979,0.5236530880420499,0.5140434888453456
"[8, 0, 1, 0, 4, 17, 0, 0, 2, 0, 0, 0, 8, 1, 1, 0, 7, 0, 0, 0, 3, 0, 0, 0, 6, 58, 4, 0, 1, 58, 0, 0, 7, 0, 0, 0, 0, 4, 0, 0, 2, 1, 0, 0, 0, 5, 0, 0]",0.6941765546798706,0.5,0.4813348416289593,0.5591327201051248,0.5173252279635259,0.3975032851511169,0.8741240729577839
"[6, 13, 4, 0, 1, 13, 0, 0, 8, 2, 1, 0, 7, 0, 0, 0, 1, 4, 0, 0, 3, 0, 0, 0, 0, 5, 1, 0, 7, 0, 0, 0, 1, 4, 0, 0, 2, 1, 0, 0, 7, 0, 0, 0, 8, 1, 1, 0]",0.7003665834665298,0.5,0.5049586776859504,0.4014454664914586,0.4472913616398243,0.6064388961892248,0.052817194125964306
"[6, 61, 4, 0, 7, 0, 0, 0, 1, 4, 0, 0, 0, 13, 1, 0, 1, 13, 0, 0, 8, 1, 1, 0, 8, 1, 1, 0, 0, 19, 0, 0, 4, 340, 0, 0, 1, 4, 0, 0, 7, 0, 0, 0, 1, 4, 0, 0]",0.6936881601810455,0.5,0.5169811320754717,0.450065703022339,0.4812082894274675,0.5795006570302234,59.45759605104104
"[7, 0, 0, 0, 0, 12, 0, 0, 1, 12, 0, 0, 3, 0, 0, 0, 8, 3, 2, 0, 4, 254, 0, 0, 7, 0, 0, 0, 1, 4, 0, 0, 5, 0, 0, 0, 7, 0, 0, 0, 7, 0, 0, 0, 7, 0, 0, 0]",0.6952218532562255,0.5,0.4762600438276114,0.4283837056504599,0.4510549982704946,0.5289093298291722,15.054397302214056
"[1, 4, 0, 0, 2, 0, 0, 0, 0, 14, 1, 0, 0, 26, 1, 0, 8, 3, 1, 0, 7, 0, 0, 0, 2, 0, 0, 0, 7, 0, 0, 0, 8, 3, 2, 0, 7, 0, 0, 0, 1, 4, 0, 0, 6, 45, 4, 0]",0.7063506335020066,0.5,0.5012531328320802,0.5256241787122208,0.5131494547787043,0.4770039421813403,3.70326722972095
"[8, 0, 2, 0, 2, 0, 0, 0, 7, 0, 0, 0, 6, 6, 1, 0, 7, 0, 0, 0, 2, 0, 0, 0, 8, 2, 2, 0, 7, 0, 0, 0, 8, 3, 2, 0, 8, 3, 1, 0, 7, 0, 0, 0, 0, 20, 1, 0]",0.6931819945573807,0.5,0.5189024390243903,0.5591327201051248,0.5382669196710942,0.4816031537450723,0.759428633022253
"[8, 0, 1, 0, 7, 0, 0, 0, 3, 0, 0, 0, 7, 0, 0, 0, 8, 3, 2, 0, 5, 0, 0, 0, 4, 111, 0, 0, 7, 0, 0, 0, 7, 0, 0, 0, 4, 305, 0, 0, 7, 0, 0, 0, 7, 0, 0, 0]",0.69328171312809,0.5,0.4801724137931034,0.3659658344283837,0.4153616703952274,0.6038107752956636,80.40542216121685
"[1, 4, 0, 0, 7, 0, 0, 0, 1, 4, 0, 0, 8, 2, 2, 0, 8, 1, 2, 0, 5, 0, 0, 0, 4, 501, 0, 0, 7, 0, 0, 0, 1, 4, 0, 0, 8, 2, 2, 0, 1, 4, 0, 0, 7, 0, 0, 0]",0.697853970527649,0.5,0.4874141876430206,0.4198423127463863,0.4511118955171196,0.5584756898817346,0.0
"[8, 0, 2, 0, 7, 0, 0, 0, 3, 0, 0, 0, 7, 0, 0, 0, 7, 0, 0, 0, 3, 0, 0, 0, 4, 234, 0, 0, 2, 1, 0, 0, 2, 0, 0, 0, 2, 0, 0, 0, 0, 29, 1, 0, 6, 27, 4, 0]",0.6932284325361252,0.5,0.5077233042310275,0.4967148488830486,0.5021587512454334,0.5183968462549278,0.7928246339070029
"[1, 4, 0, 0, 3, 0, 0, 0, 7, 0, 0, 0, 0, 9, 1, 0, 3, 0, 0, 0, 2, 1, 0, 0, 8, 3, 1, 0, 7, 0, 0, 0, 8, 1, 2, 0, 7, 0, 0, 0, 6, 25, 4, 0, 4, 421, 0, 0]",0.6931907743215561,0.5,0.4982876712328767,0.3823915900131406,0.4327137546468401,0.6149802890932983,3.5585438252892345
"[7, 0, 0, 0, 6, 40, 4, 0, 4, 235, 0, 0, 7, 0, 0, 0, 7, 0, 0, 0, 4, 146, 0, 0, 3, 0, 0, 0, 7, 0, 0, 0, 3, 0, 0, 0, 2, 1, 0, 0, 7, 0, 0, 0, 4, 416, 0, 0]",0.6930424571037292,0.5,0.4968553459119497,0.4152431011826544,0.4523979957050823,0.5795006570302234,48.50913418806158
"[4, 443, 0, 0, 6, 47, 3, 0, 3, 0, 0, 0, 7, 0, 0, 0, 3, 0, 0, 0, 4, 411, 0, 0, 8, 3, 2, 0, 7, 0, 0, 0, 7, 0, 0, 0, 2, 0, 0, 0, 1, 4, 0, 0, 7, 0, 0, 0]",0.6932786375284195,0.5,0.5097613882863341,0.3088042049934297,0.3846153846153846,0.7030223390275953,0.44842390538678956
"[2, 0, 0, 0, 4, 293, 0, 0, 8, 1, 1, 0, 8, 1, 1, 0, 8, 3, 2, 0, 6, 20, 3, 0, 7, 0, 0, 0, 7, 0, 0, 0, 4, 72, 0, 0, 7, 0, 0, 0, 4, 499, 0, 0, 5, 0, 0, 0]",0.6929829269647598,0.5,0.501,0.3291721419185282,0.3973037272006344,0.6721419185282523,1.50519685634805
"[7, 0, 0, 0, 7, 0, 0, 0, 2, 0, 0, 0, 1, 4, 0, 0, 4, 63, 0, 0, 7, 0, 0, 0, 0, 18, 1, 0, 6, 58, 1, 0, 3, 0, 0, 0, 4, 91, 0, 0, 7, 0, 0, 0, 1, 4, 0, 0]",0.6942038804292678,0.5,0.5021861336664585,0.5282522996057819,0.5148895292987512,0.4763469119579501,0.09970949199305323
"[0, 10, 1, 0, 1, 10, 0, 0, 6, 49, 3, 0, 2, 0, 0, 0, 8, 2, 2, 0, 2, 0, 0, 0, 4, 420, 0, 0, 7, 0, 0, 0, 3, 0, 0, 0, 7, 0, 0, 0, 4, 193, 0, 0, 0, 10, 0, 0]",0.6932512015104294,0.5,0.4953488372093023,0.4198423127463863,0.4544807965860597,0.5722733245729303,0.1341547594165604
"[4, 28, 0, 0, 1, 4, 0, 0, 7, 0, 0, 0, 1, 4, 0, 0, 3, 0, 0, 0, 7, 0, 0, 0, 3, 0, 0, 0, 1, 4, 0, 0, 0, 12, 1, 0, 5, 0, 0, 0, 7, 0, 0, 0, 7, 0, 0, 0]",0.693246853351593,0.5,0.4927140255009107,0.3554533508541393,0.4129770992366412,0.6340341655716163,0.11734896297639352
"[7, 0, 0, 0, 1, 4, 0, 0, 4, 84, 0, 0, 6, 57, 4, 0, 3, 0, 0, 0, 1, 4, 0, 0, 3, 0, 0, 0, 2, 1, 0, 0, 8, 3, 2, 0, 1, 4, 0, 0, 7, 0, 0, 0, 1, 4, 0, 0]",0.6955542534589767,0.5,0.4844533600802407,0.3173455978975033,0.3834855101230647,0.6622864651773982,24.072519479319453
"[7, 0, 0, 0, 8, 1, 2, 0, 4, 44, 0, 0, 7, 0, 0, 0, 3, 0, 0, 0, 7, 0, 0, 0, 2, 0, 0, 0, 1, 4, 0, 0, 7, 0, 0, 0, 7, 0, 0, 0, 2, 1, 0, 0, 6, 28, 3, 0]",0.6945814460515976,0.5,0.4927536231884058,0.4914586070959264,0.4921052631578947,0.4940867279894875,61.29217517003417
"[4, 293, 0, 0, 0, 27, 1, 0, 0, 23, 1, 0, 3, 0, 0, 0, 1, 4, 0, 0, 1, 4, 0, 0, 4, 98, 0, 0, 1, 4, 0, 0, 7, 0, 0, 0, 6, 5, 3, 0, 3, 0, 0, 0, 8, 3, 1, 0]",0.6939908683300018,0.5,0.498,0.3272010512483574,0.3949246629659,0.6701708278580815,22.050265996484086
"[2, 1, 0, 0, 1, 4, 0, 0, 3, 0, 0, 0, 7, 0, 0, 0, 1, 4, 0, 0, 8, 2, 1, 0, 7, 0, 0, 0, 8, 2, 1, 0, 6, 35, 2, 0, 0, 18, 0, 0, 7, 0, 0, 0, 0, 5, 0, 0]",0.6930201977491379,0.5,0.5024820739106454,0.5985545335085414,0.5463268365817091,0.4073587385019711,0.023510866354172322
"[1, 4, 0, 0, 0, 17, 1, 0, 2, 0, 0, 0, 6, 62, 4, 0, 0, 29, 0, 0, 3, 0, 0, 0, 7, 0, 0, 0, 1, 4, 0, 0, 1, 4, 0, 0, 1, 4, 0, 0, 1, 4, 0, 0, 0, 9, 0, 0]",0.6930085122585297,0.5,0.4980289093298292,0.4980289093298292,0.4980289093298292,0.4980289093298292,3.492549095535651
"[2, 1, 0, 0, 8, 1, 1, 0, 8, 1, 1, 0, 4, 436, 0, 0, 6, 63, 1, 0, 7, 0, 0, 0, 7, 0, 0, 0, 3, 0, 0, 0, 7, 0, 0, 0, 8, 1, 2, 0, 8, 1, 1, 0, 3, 0, 0, 0]",0.6935898989439011,0.5,0.5108783239323127,0.4165571616294349,0.4589214621787911,0.6011826544021025,1.1034592016076203
"[6, 46, 4, 0, 7, 0, 0, 0, 7, 0, 0, 0, 2, 0, 0, 0, 2, 0, 0, 0, 4, 95, 0, 0, 1, 4, 0, 0, 0, 28, 0, 0, 0, 29, 1, 0, 7, 0, 0, 0, 1, 4, 0, 0, 7, 0, 0, 0]",0.6948819786310196,0.5,0.513782991202346,0.5755584756898817,0.5429191199256275,0.4553219448094612,0.3007986566044565
"[7, 0, 0, 0, 1, 4, 0, 0, 8, 1, 2, 0, 7, 0, 0, 0, 7, 0, 0, 0, 6, 36, 1, 0, 2, 1, 0, 0, 7, 0, 0, 0, 2, 1, 0, 0, 3, 0, 0, 0, 3, 0, 0, 0, 7, 0, 0, 0]",0.7016801774501801,0.5,0.5110169491525424,0.3961892247043364,0.4463360473723168,0.6208935611038108,42.357957241125405
"[5, 0, 0, 0, 4, 404, 0, 0, 7, 0, 0, 0, 1, 4, 0, 0, 7, 0, 0, 0, 7, 0, 0, 0, 7, 0, 0, 0, 7, 0, 0, 0, 1, 4, 0, 0, 7, 0, 0, 0, 7, 0, 0, 0, 7, 0, 0, 0]",0.6969350665807724,0.5,0.5130990415335464,0.5275952693823915,0.5202461937155815,0.4993429697766097,0.0
"[7, 0, 0, 0, 7, 0, 0, 0, 3, 0, 0, 0, 2, 0, 0, 0, 8, 2, 1, 0, 3, 0, 0, 0, 0, 31, 0, 0, 2, 0, 0, 0, 7, 0, 0, 0, 1, 4, 0, 0, 2, 1, 0, 0, 6, 25, 2, 0]",0.7032165706157685,0.5,0.5190651906519065,0.5545335085413929,0.5362134688691232,0.4862023653088042,0.5099217347333251
"[0, 6, 1, 0, 7, 0, 0, 0, 0, 26, 0, 0, 0, 5, 1, 0, 1, 5, 0, 0, 2, 0, 0, 0, 3, 0, 0, 0, 8, 3, 2, 0, 7, 0, 0, 0, 4, 38, 0, 0, 0, 20, 1, 0, 7, 0, 0, 0]",0.6933332353830337,0.5,0.5074925074925075,0.3337713534822601,0.4026952041220769,0.676084099868594,0.0422173255215057
"[7, 0, 0, 0, 0, 6, 0, 0, 1, 6, 0, 0, 4, 321, 0, 0, 7, 0, 0, 0, 6, 23, 2, 0, 0, 19, 0, 0, 2, 0, 0, 0, 7, 0, 0, 0, 8, 1, 1, 0, 0, 9, 0, 0, 7, 0, 0, 0]",0.6932732671499252,0.5,0.5135623869801085,0.5597897503285151,0.5356806035837787,0.4697766097240473,0.9970268022843811
"[8, 0, 2, 0, 4, 67, 0, 0, 6, 42, 3, 0, 0, 21, 0, 0, 7, 0, 0, 0, 1, 4, 0, 0, 1, 4, 0, 0, 0, 16, 1, 0, 7, 0, 0, 0, 7, 0, 0, 0, 4, 205, 0, 0, 0, 11, 1, 0]",0.6930025339126586,0.5,0.4880153403643336,0.3344283837056505,0.3968810916179337,0.6491458607095927,6.300161116756499
"[5, 0, 0, 0, 7, 0, 0, 0, 7, 0, 0, 0, 1, 4, 0, 0, 7, 0, 0, 0, 8, 3, 1, 0, 4, 453, 0, 0, 7, 0, 0, 0, 7, 0, 0, 0, 7, 0, 0, 0, 3, 0, 0, 0, 7, 0, 0, 0]",0.6974670499563217,0.5,0.497557003257329,0.4014454664914586,0.4443636363636363,0.5946123521681997,0.0
"[2, 1, 0, 0, 6, 22, 4, 0, 7, 0, 0, 0, 7, 0, 0, 0, 2, 1, 0, 0, 2, 0, 0, 0, 7, 0, 0, 0, 8, 1, 2, 0, 7, 0, 0, 0, 7, 0, 0, 0, 7, 0, 0, 0, 1, 4, 0, 0]",0.6957235604524612,0.5,0.504442925495557,0.4848883048620236,0.4944723618090452,0.5236530880420499,0.43012496930532507
"[0, 21, 0, 0, 0, 31, 1, 0, 6, 42, 2, 0, 4, 160, 0, 0, 8, 3, 2, 0, 0, 12, 0, 0, 4, 197, 0, 0, 7, 0, 0, 0, 0, 17, 0, 0, 7, 0, 0, 0, 0, 29, 0, 0, 8, 3, 2, 0]",0.6931073069572449,0.5,0.5075,0.6668856767411301,0.5763770584894946,0.3528252299605782,0.018036381949378733
"[3, 0, 0, 0, 2, 0, 0, 0, 3, 0, 0, 0, 7, 0, 0, 0, 0, 20, 0, 0, 7, 0, 0, 0, 1, 4, 0, 0, 7, 0, 0, 0, 8, 1, 2, 0, 7, 0, 0, 0, 0, 27, 1, 0, 5, 0, 0, 0]",0.6932629227638245,0.5,0.4980326025857223,0.5821287779237845,0.5368070281732809,0.4132720105124836,9.934201571973972
"[7, 0, 0, 0, 6, 38, 3, 0, 0, 24, 0, 0, 0, 24, 0, 0, 1, 24, 0, 0, 0, 28, 1, 0, 8, 3, 1, 0, 8, 2, 2, 0, 2, 0, 0, 0, 3, 0, 0, 0, 4, 41, 0, 0, 8, 3, 2, 0]",0.6941388338804245,0.5,0.4951706374758532,0.5052562417871223,0.5001626016260162,0.4848883048620236,0.00836833297897499
"[7, 0, 0, 0, 1, 4, 0, 0, 2, 1, 0, 0, 7, 0, 0, 0, 7, 0, 0, 0, 7, 0, 0, 0, 7, 0, 0, 0, 0, 21, 0, 0, 4, 6, 0, 0, 1, 4, 0, 0, 8, 2, 1, 0, 8, 1, 1, 0]",0.697159367799759,0.5,0.5171073094867807,0.4369250985545335,0.4736467236467236,0.5919842312746386,0.010495551290475191
"[2, 1, 0, 0, 7, 0, 0, 0, 6, 11, 4, 0, 8, 1, 1, 0, 8, 3, 1, 0, 0, 6, 1, 0, 4, 235, 0, 0, 4, 441, 0, 0, 8, 1, 1, 0, 7, 0, 0, 0, 7, 0, 0, 0, 3, 0, 0, 0]",0.6931004703044892,0.5,0.471624266144814,0.316688567674113,0.3789308176100629,0.6452036793692509,6.08418593602255
"[1, 4, 0, 0, 7, 0, 0, 0, 3, 0, 0, 0, 8, 1, 1, 0, 7, 0, 0, 0, 6, 14, 4, 0, 5, 0, 0, 0, 7, 0, 0, 0, 7, 0, 0, 0, 7, 0, 0, 0, 7, 0, 0, 0, 4, 165, 0, 0]",0.6932599097490311,0.5,0.4741613780598368,0.3436268068331143,0.3984761904761905,0.6189224704336399,586.2796976100653
"[2, 1, 0, 0, 4, 210, 0, 0, 4, 171, 0, 0, 6, 41, 4, 0, 7, 0, 0, 0, 3, 0, 0, 0, 4, 303, 0, 0, 4, 203, 0, 0, 4, 319, 0, 0, 8, 1, 1, 0, 7, 0, 0, 0, 8, 3, 1, 0]",0.6933238983154297,0.5,0.4935233160621761,0.2503285151116951,0.3321708805579773,0.7431011826544021,0.01684090889551726
"[7, 0, 0, 0, 7, 0, 0, 0, 3, 0, 0, 0, 6, 46, 4, 0, 3, 0, 0, 0, 2, 1, 0, 0, 2, 0, 0, 0, 2, 0, 0, 0, 7, 0, 0, 0, 7, 0, 0, 0, 7, 0, 0, 0, 7, 0, 0, 0]",0.6994021594524383,0.5,0.4929577464788732,0.2529566360052562,0.3343465045592705,0.7398160315374507,35.223407722543925
"[5, 0, 0, 0, 7, 0, 0, 0, 3, 0, 0, 0, 7, 0, 0, 0, 3, 0, 0, 0, 7, 0, 0, 0, 7, 0, 0, 0, 4, 248, 0, 0, 3, 0, 0, 0, 7, 0, 0, 0, 7, 0, 0, 0, 7, 0, 0, 0]",0.6937874615192413,0.5,0.4951501154734411,0.7043363994743759,0.5815025766205587,0.2818659658344284,682.0376037405804
"[2, 1, 0, 0, 0, 5, 0, 0, 7, 0, 0, 0, 7, 0, 0, 0, 8, 3, 2, 0, 1, 4, 0, 0, 7, 0, 0, 0, 7, 0, 0, 0, 6, 42, 3, 0, 8, 1, 1, 0, 2, 1, 0, 0, 8, 1, 2, 0]",0.6934656947851181,0.5,0.4865384615384615,0.3324572930354796,0.3950039032006245,0.6491458607095927,0.03508483769837767
"[8, 0, 1, 0, 8, 1, 1, 0, 7, 0, 0, 0, 0, 14, 1, 0, 3, 0, 0, 0, 1, 4, 0, 0, 6, 48, 3, 0, 7, 0, 0, 0, 3, 0, 0, 0, 7, 0, 0, 0, 8, 2, 2, 0, 7, 0, 0, 0]",0.6982802510261535,0.5,0.5196901226597805,0.5289093298291722,0.5242591989579941,0.5111695137976346,47.01812562253326
"[7, 0, 0, 0, 7, 0, 0, 0, 2, 1, 0, 0, 4, 301, 0, 0, 0, 6, 1, 0, 2, 1, 0, 0, 0, 17, 0, 0, 7, 0, 0, 0, 3, 0, 0, 0, 4, 241, 0, 0, 7, 0, 0, 0, 0, 21, 1, 0]",0.6932915210723877,0.5,0.4991111111111111,0.7378449408672799,0.5954400848356309,0.259526938239159,0.035753177487094945
"[7, 0, 0, 0, 3, 0, 0, 0, 2, 1, 0, 0, 2, 1, 0, 0, 2, 0, 0, 0, 2, 0, 0, 0, 8, 1, 1, 0, 7, 0, 0, 0, 7, 0, 0, 0, 1, 4, 0, 0, 3, 0, 0, 0, 4, 322, 0, 0]",0.6936033636331558,0.5,0.5091911764705882,0.1819973718791064,0.2681510164569216,0.8245729303547963,227.99009060673416
"[4, 141, 0, 0, 4, 351, 0, 0, 5, 0, 0, 0, 7, 0, 0, 0, 1, 4, 0, 0, 1, 4, 0, 0, 7, 0, 0, 0, 7, 0, 0, 0, 7, 0, 0, 0, 4, 85, 0, 0, 1, 4, 0, 0, 7, 0, 0, 0]",0.6932395696640015,0.5,0.4928756476683937,0.5,0.4964122635355512,0.4855453350854139,0.0
"[0, 20, 1, 0, 7, 0, 0, 0, 7, 0, 0, 0, 7, 0, 0, 0, 0, 6, 1, 0, 7, 0, 0, 0, 7, 0, 0, 0, 8, 1, 2, 0, 7, 0, 0, 0, 7, 0, 0, 0, 0, 28, 1, 0, 4, 259, 0, 0]",0.6931486606597901,0.5,0.5133333333333333,0.2529566360052562,0.3389084507042254,0.7601839684625493,11.440034583210945
"[0, 28, 1, 0, 7, 0, 0, 0, 1, 4, 0, 0, 0, 6, 0, 0, 7, 0, 0, 0, 0, 14, 1, 0, 8, 1, 1, 0, 5, 0, 0, 0, 4, 251, 0, 0, 8, 2, 2, 0, 7, 0, 0, 0, 7, 0, 0, 0]",0.6931833505630494,0.5,0.5043213014743264,0.6517739816031537,0.5686443106907423,0.3593955321944809,2.4944491217902396
"[2, 0, 0, 0, 7, 0, 0, 0, 4, 32, 0, 0, 0, 16, 1, 0, 7, 0, 0, 0, 0, 12, 0, 0, 3, 0, 0, 0, 6, 30, 4, 0, 3, 0, 0, 0, 3, 0, 0, 0, 7, 0, 0, 0, 7, 0, 0, 0]",0.6935248851776123,0.5,0.4929245283018867,0.411957950065703,0.4488188976377952,0.576215505913272,0.2573108664910251
"[0, 18, 0, 0, 1, 18, 0, 0, 3, 0, 0, 0, 3, 0, 0, 0, 5, 0, 0, 0, 7, 0, 0, 0, 8, 2, 2, 0, 3, 0, 0, 0, 7, 0, 0, 0, 1, 4, 0, 0, 7, 0, 0, 0, 7, 0, 0, 0]",0.7092575281858444,0.5,0.4980184940554821,0.495400788436268,0.4967061923583662,0.5006570302233903,0.0
"[0, 17, 1, 0, 7, 0, 0, 0, 8, 1, 1, 0, 6, 48, 4, 0, 7, 0, 0, 0, 7, 0, 0, 0, 7, 0, 0, 0, 2, 1, 0, 0, 8, 2, 1, 0, 0, 31, 0, 0, 2, 0, 0, 0, 8, 2, 1, 0]",0.6927172273397446,0.5,0.4883116883116883,0.4940867279894875,0.4911822338340953,0.4822601839684625,3.661096377298236
"[2, 1, 0, 0, 6, 43, 4, 0, 3, 0, 0, 0, 3, 0, 0, 0, 1, 4, 0, 0, 0, 4, 1, 0, 8, 3, 2, 0, 8, 1, 2, 0, 1, 4, 0, 0, 2, 1, 0, 0, 5, 0, 0, 0, 7, 0, 0, 0]",0.6876481711864472,0.5,0.5111624326404927,0.4362680683311432,0.4707550514002127,0.5827858081471747,0.27058243814099114
"[7, 0, 0, 0, 7, 0, 0, 0, 7, 0, 0, 0, 7, 0, 0, 0, 6, 25, 4, 0, 0, 5, 1, 0, 4, 88, 0, 0, 8, 3, 1, 0, 2, 0, 0, 0, 7, 0, 0, 0, 4, 190, 0, 0, 7, 0, 0, 0]",0.6932424396276474,0.5,0.5025906735751295,0.5098554533508541,0.5061969993476843,0.495400788436268,0.12302437311609538
"[7, 0, 0, 0, 2, 0, 0, 0, 1, 4, 0, 0, 4, 232, 0, 0, 4, 269, 0, 0, 6, 11, 4, 0, 8, 3, 1, 0, 4, 96, 0, 0, 0, 10, 0, 0, 8, 2, 1, 0, 8, 3, 2, 0, 1, 4, 0, 0]",0.6931931138038635,0.5,0.49765625,0.4185282522996058,0.4546752319771591,0.5775295663600526,6.137085920299796
"[0, 7, 0, 0, 2, 0, 0, 0, 2, 0, 0, 0, 1, 4, 0, 0, 6, 19, 2, 0, 7, 0, 0, 0, 3, 0, 0, 0, 7, 0, 0, 0, 7, 0, 0, 0, 2, 0, 0, 0, 7, 0, 0, 0, 0, 15, 0, 0]",0.6928169757127762,0.5,0.498050139275766,0.5873850197109067,0.5390413023816701,0.4080157687253614,35.52876149490476
"[6, 37, 4, 0, 7, 0, 0, 0, 7, 0, 0, 0, 7, 0, 0, 0, 3, 0, 0, 0, 7, 0, 0, 0, 4, 221, 0, 0, 7, 0, 0, 0, 0, 19, 1, 0, 1, 19, 0, 0, 7, 0, 0, 0, 1, 4, 0, 0]",0.694641363620758,0.5,0.517077045274027,0.4277266754270696,0.4681769147788565,0.6005256241787122,0.26435206124915567
"[2, 0, 0, 0, 1, 4, 0, 0, 1, 4, 0, 0, 7, 0, 0, 0, 2, 0, 0, 0, 7, 0, 0, 0, 1, 4, 0, 0, 6, 13, 4, 0, 8, 1, 1, 0, 0, 29, 0, 0, 8, 1, 1, 0, 4, 446, 0, 0]",0.6931162327528,0.5,0.5063291139240507,0.3942181340341655,0.4432951606944957,0.6156373193166885,1.989029212971218
"[8, 0, 1, 0, 3, 0, 0, 0, 1, 4, 0, 0, 8, 1, 2, 0, 0, 17, 0, 0, 3, 0, 0, 0, 8, 1, 1, 0, 4, 381, 0, 0, 1, 4, 0, 0, 8, 2, 2, 0, 6, 32, 3, 0, 0, 6, 1, 0]",0.6931712299585342,0.5,0.5011904761904762,0.5532194480946123,0.5259212991880075,0.4494086727989487,0.04710291298943048
"[6, 29, 2, 0, 7, 0, 0, 0, 0, 25, 1, 0, 7, 0, 0, 0, 4, 328, 0, 0, 2, 0, 0, 0, 3, 0, 0, 0, 7, 0, 0, 0, 7, 0, 0, 0, 3, 0, 0, 0, 1, 4, 0, 0, 4, 510, 0, 0]",0.6931167542934418,0.5,0.5038363171355499,0.3883048620236531,0.4385899814471243,0.6176084099868594,92.44503314513713
"[7, 0, 0, 0, 7, 0, 0, 0, 3, 0, 0, 0, 5, 0, 0, 0, 7, 0, 0, 0, 7, 0, 0, 0, 7, 0, 0, 0, 7, 0, 0, 0, 7, 0, 0, 0, 7, 0, 0, 0, 3, 0, 0, 0, 7, 0, 0, 0]",0.6938052326440811,0.5,0.4934359438660027,0.7161629434954008,0.5842937550254623,0.2647831800262812,1.4618617964024452
"[0, 19, 0, 0, 2, 0, 0, 0, 8, 2, 2, 0, 4, 273, 0, 0, 0, 4, 1, 0, 0, 16, 1, 0, 7, 0, 0, 0, 5, 0, 0, 0, 4, 392, 0, 0, 1, 4, 0, 0, 4, 105, 0, 0, 7, 0, 0, 0]",0.6936481297016144,0.5,0.5196540880503144,0.4342969776609724,0.4731567644953471,0.5985545335085414,0.0
"[6, 22, 4, 0, 2, 1, 0, 0, 7, 0, 0, 0, 8, 1, 1, 0, 3, 0, 0, 0, 0, 15, 1, 0, 2, 1, 0, 0, 7, 0, 0, 0, 8, 1, 1, 0, 2, 1, 0, 0, 7, 0, 0, 0, 2, 1, 0, 0]",0.6931184351444244,0.5,0.5024449877750611,0.5400788436268068,0.5205826472450918,0.4651773981603154,3.404087547212839
"[8, 0, 2, 0, 8, 1, 2, 0, 4, 429, 0, 0, 7, 0, 0, 0, 6, 38, 3, 0, 2, 1, 0, 0, 8, 1, 2, 0, 8, 2, 2, 0, 0, 14, 0, 0, 8, 2, 2, 0, 1, 4, 0, 0, 0, 17, 0, 0]",0.6934203922748565,0.5,0.5052562417871223,0.5052562417871223,0.5052562417871223,0.5052562417871223,1.2743179724784568
"[2, 1, 0, 0, 0, 18, 0, 0, 2, 1, 0, 0, 3, 0, 0, 0, 7, 0, 0, 0, 7, 0, 0, 0, 3, 0, 0, 0, 7, 0, 0, 0, 2, 1, 0, 0, 4, 39, 0, 0, 6, 34, 2, 0, 5, 0, 0, 0]",0.6938966184854507,0.5,0.5033333333333333,0.4960578186596583,0.499669093315685,0.5105124835742444,6.49586384370923
"[3, 0, 0, 0, 7, 0, 0, 0, 0, 6, 1, 0, 2, 1, 0, 0, 8, 2, 2, 0, 0, 10, 1, 0, 7, 0, 0, 0, 3, 0, 0, 0, 7, 0, 0, 0, 8, 1, 2, 0, 2, 1, 0, 0, 8, 1, 1, 0]",0.6948838949203491,0.5,0.514454664914586,0.514454664914586,0.514454664914586,0.514454664914586,0.4456229828647338
"[6, 51, 2, 0, 2, 1, 0, 0, 3, 0, 0, 0, 3, 0, 0, 0, 7, 0, 0, 0, 7, 0, 0, 0, 2, 1, 0, 0, 8, 1, 1, 0, 7, 0, 0, 0, 0, 28, 0, 0, 2, 1, 0, 0, 0, 24, 1, 0]",0.6925713777542114,0.5,0.5065466448445172,0.4067017082785808,0.4511661807580175,0.6038107752956636,0.024388746234762948
"[6, 6, 4, 0, 4, 326, 0, 0, 0, 27, 1, 0, 8, 2, 2, 0, 3, 0, 0, 0, 4, 337, 0, 0, 4, 447, 0, 0, 3, 0, 0, 0, 3, 0, 0, 0, 4, 145, 0, 0, 3, 0, 0, 0, 3, 0, 0, 0]",0.6933895379304886,0.5,0.482367758186398,0.2516425755584757,0.3307426597582037,0.7299605781865965,0.013566218962523635
"[1, 4, 0, 0, 4, 275, 0, 0, 1, 4, 0, 0, 3, 0, 0, 0, 2, 0, 0, 0, 6, 52, 4, 0, 1, 52, 0, 0, 2, 1, 0, 0, 3, 0, 0, 0, 1, 4, 0, 0, 2, 1, 0, 0, 3, 0, 0, 0]",0.6942454278469086,0.5,0.4829457364341085,0.4093298291721419,0.4431009957325746,0.561760840998686,1.3723403522453737
"[3, 0, 0, 0, 3, 0, 0, 0, 4, 384, 0, 0, 6, 59, 4, 0, 2, 1, 0, 0, 3, 0, 0, 0, 1, 4, 0, 0, 2, 0, 0, 0, 0, 20, 0, 0, 2, 1, 0, 0, 3, 0, 0, 0, 3, 0, 0, 0]",0.6931373357772828,0.5,0.471837488457987,0.335742444152431,0.3923224568138195,0.6241787122207622,1.2685451793513494
"[1, 4, 0, 0, 6, 51, 1, 0, 3, 0, 0, 0, 7, 0, 0, 0, 7, 0, 0, 0, 7, 0, 0, 0, 4, 108, 0, 0, 3, 0, 0, 0, 7, 0, 0, 0, 3, 0, 0, 0, 7, 0, 0, 0, 1, 4, 0, 0]",0.6941814512014389,0.5,0.5025125628140703,0.328515111695138,0.3972983710766786,0.6747700394218134,3.4086408108341857
"[3, 0, 0, 0, 7, 0, 0, 0, 0, 6, 0, 0, 8, 3, 1, 0, 7, 0, 0, 0, 2, 0, 0, 0, 7, 0, 0, 0, 5, 0, 0, 0, 4, 109, 0, 0, 7, 0, 0, 0, 8, 2, 1, 0, 8, 1, 2, 0]",0.6934370011091232,0.5,0.503062787136294,0.4316688567674113,0.4646393210749646,0.573587385019711,6.386598504061112
"[7, 0, 0, 0, 8, 1, 2, 0, 3, 0, 0, 0, 2, 0, 0, 0, 3, 0, 0, 0, 3, 0, 0, 0, 7, 0, 0, 0, 4, 414, 0, 0, 7, 0, 0, 0, 7, 0, 0, 0, 4, 309, 0, 0, 8, 1, 1, 0]",0.693180501461029,0.5,0.4948571428571429,0.568988173455979,0.5293398533007335,0.4191852825229961,101.16908984270412
"[2, 0, 0, 0, 2, 0, 0, 0, 7, 0, 0, 0, 2, 0, 0, 0, 1, 4, 0, 0, 8, 2, 2, 0, 2, 1, 0, 0, 3, 0, 0, 0, 7, 0, 0, 0, 1, 4, 0, 0, 8, 2, 1, 0, 2, 1, 0, 0]",0.6996668368577957,0.5,0.4911067193675889,0.3265440210249671,0.3922651933701657,0.6616294349540078,58.30837257672101
"[2, 1, 0, 0, 8, 1, 1, 0, 3, 0, 0, 0, 4, 58, 0, 0, 8, 2, 1, 0, 2, 0, 0, 0, 0, 31, 0, 0, 0, 6, 1, 0, 0, 12, 1, 0, 1, 12, 0, 0, 2, 1, 0, 0, 3, 0, 0, 0]",0.6943034768104553,0.5,0.4962140333165068,0.6458607095926413,0.5612332286611476,0.3442838370565046,0.012564136863147723
"[0, 31, 1, 0, 7, 0, 0, 0, 6, 14, 3, 0, 1, 14, 0, 0, 2, 1, 0, 0, 7, 0, 0, 0, 5, 0, 0, 0, 4, 243, 0, 0, 7, 0, 0, 0, 7, 0, 0, 0, 7, 0, 0, 0, 7, 0, 0, 0]",0.6941391170024872,0.5,0.5142610198789974,0.3909329829172142,0.4441955953714072,0.6307490144546649,49.347524743527174
"[2, 0, 0, 0, 6, 17, 4, 0, 7, 0, 0, 0, 2, 1, 0, 0, 8, 3, 1, 0, 1, 4, 0, 0, 8, 1, 1, 0, 0, 16, 0, 0, 5, 0, 0, 0, 7, 0, 0, 0, 1, 4, 0, 0, 7, 0, 0, 0]",0.7134926319122314,0.5,0.4923689449236894,0.4875164257555847,0.4899306701881809,0.4973718791064389,0.0
"[3, 0, 0, 0, 1, 4, 0, 0, 3, 0, 0, 0, 4, 499, 0, 0, 2, 0, 0, 0, 2, 0, 0, 0, 3, 0, 0, 0, 1, 4, 0, 0, 3, 0, 0, 0, 7, 0, 0, 0, 0, 4, 1, 0, 5, 0, 0, 0]",0.6932518422603607,0.5,0.5062845651080945,0.6616294349540078,0.5736257476502421,0.354796320630749,0.013304382593560149
"[1, 4, 0, 0, 7, 0, 0, 0, 7, 0, 0, 0, 7, 0, 0, 0, 7, 0, 0, 0, 8, 1, 1, 0, 4, 430, 0, 0, 7, 0, 0, 0, 7, 0, 0, 0, 8, 2, 1, 0, 1, 4, 0, 0, 2, 0, 0, 0]",0.6951444417238235,0.5,0.505066250974279,0.4257555847568988,0.4620320855614973,0.5827858081471747,5.255964482304989
"[8, 0, 1, 0, 5, 0, 0, 0, 4, 172, 0, 0, 7, 0, 0, 0, 7, 0, 0, 0, 4, 15, 0, 0, 7, 0, 0, 0, 7, 0, 0, 0, 4, 442, 0, 0, 7, 0, 0, 0, 3, 0, 0, 0, 1, 4, 0, 0]",0.6931379646062851,0.5,0.4935483870967742,0.3015768725361367,0.3743882544861338,0.69053876478318,0.0
"[6, 21, 4, 0, 2, 0, 0, 0, 1, 4, 0, 0, 4, 300, 0, 0, 0, 20, 1, 0, 7, 0, 0, 0, 1, 4, 0, 0, 3, 0, 0, 0, 0, 24, 0, 0, 7, 0, 0, 0, 3, 0, 0, 0, 3, 0, 0, 0]",0.6935474127531052,0.5,0.5060373216245884,0.6057818659658344,0.5514354066985646,0.4086727989487516,0.40833410091363476
"[4, 494, 0, 0, 7, 0, 0, 0, 1, 4, 0, 0, 3, 0, 0, 0, 8, 1, 1, 0, 0, 20, 1, 0, 7, 0, 0, 0, 6, 47, 4, 0, 7, 0, 0, 0, 7, 0, 0, 0, 3, 0, 0, 0, 4, 440, 0, 0]",0.6931038677692414,0.5,0.5011198208286675,0.588042049934297,0.5411124546553809,0.4145860709592641,63.042943745618686
"[6, 4, 2, 0, 5, 0, 0, 0, 4, 453, 0, 0, 3, 0, 0, 0, 3, 0, 0, 0, 7, 0, 0, 0, 7, 0, 0, 0, 3, 0, 0, 0, 7, 0, 0, 0, 4, 297, 0, 0, 7, 0, 0, 0, 1, 4, 0, 0]",0.6940683662891388,0.5,0.4917206623470122,0.4487516425755585,0.4692545517004466,0.5361366622864652,0.0
"[6, 40, 1, 0, 7, 0, 0, 0, 2, 1, 0, 0, 4, 359, 0, 0, 8, 2, 2, 0, 1, 4, 0, 0, 4, 152, 0, 0, 7, 0, 0, 0, 0, 9, 0, 0, 8, 2, 2, 0, 1, 4, 0, 0, 8, 1, 1, 0]",0.6935229927301407,0.5,0.4968421052631579,0.4651773981603154,0.4804886325076349,0.5289093298291722,2.2922422094561625
"[8, 0, 2, 0, 3, 0, 0, 0, 4, 509, 0, 0, 6, 43, 1, 0, 7, 0, 0, 0, 7, 0, 0, 0, 1, 4, 0, 0, 2, 0, 0, 0, 3, 0, 0, 0, 8, 2, 1, 0, 3, 0, 0, 0, 1, 4, 0, 0]",0.6944364130496978,0.5,0.5021562050790609,0.6885676741130092,0.5807702964810196,0.3173455978975033,516.5995728531852
"[6, 23, 2, 0, 2, 0, 0, 0, 7, 0, 0, 0, 2, 1, 0, 0, 2, 1, 0, 0, 8, 1, 1, 0, 7, 0, 0, 0, 3, 0, 0, 0, 4, 281, 0, 0, 7, 0, 0, 0, 4, 127, 0, 0, 4, 359, 0, 0]",0.6931246548891068,0.5,0.4853181076672104,0.3909329829172142,0.433042212518195,0.5854139290407359,25.903819404542446
"[8, 0, 1, 0, 6, 54, 2, 0, 0, 23, 0, 0, 4, 435, 0, 0, 7, 0, 0, 0, 1, 4, 0, 0, 0, 17, 1, 0, 7, 0, 0, 0, 7, 0, 0, 0, 7, 0, 0, 0, 4, 258, 0, 0, 7, 0, 0, 0]",0.6934396028518677,0.5,0.488394584139265,0.3318002628120893,0.3951486697965571,0.6524310118265441,32.90983066963963
"[6, 15, 4, 0, 0, 17, 1, 0, 8, 2, 1, 0, 2, 0, 0, 0, 2, 0, 0, 0, 1, 4, 0, 0, 0, 8, 0, 0, 3, 0, 0, 0, 7, 0, 0, 0, 1, 4, 0, 0, 4, 324, 0, 0, 0, 13, 1, 0]",0.6930668771266937,0.5,0.4932175800325556,0.5972404730617609,0.5402674591381872,0.3863337713534822,13.826844425988384
"[1, 4, 0, 0, 0, 11, 0, 0, 8, 1, 1, 0, 7, 0, 0, 0, 3, 0, 0, 0, 1, 4, 0, 0, 3, 0, 0, 0, 7, 0, 0, 0, 3, 0, 0, 0, 8, 1, 2, 0, 8, 1, 1, 0, 1, 4, 0, 0]",0.6957808345556259,0.5,0.4977099236641221,0.4283837056504599,0.4604519774011299,0.5676741130091985,63.05276722612325
"[1, 4, 0, 0, 1, 4, 0, 0, 4, 88, 0, 0, 5, 0, 0, 0, 4, 323, 0, 0, 4, 208, 0, 0, 8, 1, 1, 0, 4, 369, 0, 0, 7, 0, 0, 0, 3, 0, 0, 0, 7, 0, 0, 0, 8, 3, 2, 0]",0.6931120961904526,0.5,0.5072,0.8331143232588699,0.6305320735952262,0.19053876478318,11.82654529318097
"[8, 0, 2, 0, 2, 1, 0, 0, 7, 0, 0, 0, 8, 1, 1, 0, 8, 3, 2, 0, 8, 2, 2, 0, 4, 236, 0, 0, 2, 1, 0, 0, 0, 8, 0, 0, 0, 27, 0, 0, 4, 436, 0, 0, 0, 29, 0, 0]",0.693179240822792,0.5,0.493025283347864,0.7431011826544021,0.5927672955974843,0.235873850197109,0.024510715236829128
"[4, 47, 0, 0, 7, 0, 0, 0, 3, 0, 0, 0, 0, 27, 0, 0, 4, 247, 0, 0, 3, 0, 0, 0, 3, 0, 0, 0, 8, 3, 2, 0, 6, 14, 4, 0, 2, 0, 0, 0, 4, 23, 0, 0, 3, 0, 0, 0]",0.6938471138477326,0.5,0.5146022155085599,0.335742444152431,0.4063618290258449,0.683311432325887,4.408651599555014
"[7, 0, 0, 0, 3, 0, 0, 0, 4, 190, 0, 0, 7, 0, 0, 0, 3, 0, 0, 0, 4, 274, 0, 0, 8, 2, 1, 0, 1, 4, 0, 0, 0, 29, 1, 0, 2, 0, 0, 0, 8, 3, 2, 0, 6, 38, 2, 0]",0.6931730359792709,0.5,0.4915811088295688,0.7864651773981604,0.6050037907505686,0.1865965834428383,0.024670001047525147
"[4, 73, 0, 0, 4, 502, 0, 0, 7, 0, 0, 0, 0, 16, 0, 0, 7, 0, 0, 0, 7, 0, 0, 0, 2, 1, 0, 0, 0, 13, 0, 0, 6, 35, 1, 0, 0, 19, 1, 0, 0, 19, 0, 0, 0, 14, 1, 0]",0.6932312309741974,0.5,0.502,0.3298291721419185,0.3980967486122125,0.6727989487516426,0.011950917931358163
"[1, 4, 0, 0, 6, 4, 2, 0, 7, 0, 0, 0, 7, 0, 0, 0, 7, 0, 0, 0, 8, 3, 2, 0, 4, 463, 0, 0, 7, 0, 0, 0, 1, 4, 0, 0, 8, 1, 2, 0, 4, 461, 0, 0, 5, 0, 0, 0]",0.6931346714496612,0.5,0.4909431605246721,0.5164257555847569,0.5033621517771374,0.4645203679369251,2.6344950697002787
"[0, 17, 1, 0, 7, 0, 0, 0, 7, 0, 0, 0, 6, 4, 4, 0, 7, 0, 0, 0, 2, 0, 0, 0, 3, 0, 0, 0, 8, 1, 1, 0, 1, 4, 0, 0, 7, 0, 0, 0, 7, 0, 0, 0, 2, 1, 0, 0]",0.695376256108284,0.5,0.4946659180235822,0.5788436268068331,0.5334544353617923,0.4086727989487516,0.14976701257000968
"[7, 0, 0, 0, 6, 30, 4, 0, 8, 2, 2, 0, 3, 0, 0, 0, 7, 0, 0, 0, 1, 4, 0, 0, 0, 12, 0, 0, 1, 12, 0, 0, 4, 392, 0, 0, 8, 1, 1, 0, 4, 221, 0, 0, 2, 1, 0, 0]",0.6934349566698075,0.5,0.5103980986333928,0.5643889618922471,0.5360374414976599,0.4586070959264126,0.21523141846773797
"[0, 24, 1, 0, 3, 0, 0, 0, 0, 30, 1, 0, 8, 2, 2, 0, 6, 36, 4, 0, 2, 1, 0, 0, 7, 0, 0, 0, 1, 4, 0, 0, 2, 1, 0, 0, 8, 3, 1, 0, 2, 1, 0, 0, 7, 0, 0, 0]",0.7007001012563705,0.5,0.5098039215686274,0.3758212877792378,0.4326777609682299,0.6386333771353482,1.2891711024567485
"[1, 4, 0, 0, 6, 31, 1, 0, 7, 0, 0, 0, 0, 20, 1, 0, 1, 20, 0, 0, 1, 4, 0, 0, 1, 4, 0, 0, 7, 0, 0, 0, 1, 4, 0, 0, 8, 2, 2, 0, 7, 0, 0, 0, 3, 0, 0, 0]",0.6989332109689712,0.5,0.5070079219987812,0.5466491458607096,0.5260828327537148,0.4684625492772667,72.60904195834883
"[8, 0, 2, 0, 4, 194, 0, 0, 7, 0, 0, 0, 2, 1, 0, 0, 1, 4, 0, 0, 7, 0, 0, 0, 2, 0, 0, 0, 3, 0, 0, 0, 0, 23, 0, 0, 8, 3, 1, 0, 5, 0, 0, 0, 7, 0, 0, 0]",0.6931859403848648,0.5,0.4949431099873578,0.514454664914586,0.5045103092783505,0.4750328515111695,27.592706872383133
"[3, 0, 0, 0, 6, 6, 1, 0, 7, 0, 0, 0, 8, 1, 1, 0, 1, 4, 0, 0, 0, 21, 0, 0, 0, 12, 0, 0, 7, 0, 0, 0, 2, 1, 0, 0, 7, 0, 0, 0, 0, 24, 0, 0, 8, 3, 2, 0]",0.6937276095151901,0.5,0.4979448032883147,0.557161629434954,0.525891472868217,0.438239159001314,0.01723892455902387
"[6, 10, 3, 0, 8, 1, 1, 0, 1, 4, 0, 0, 7, 0, 0, 0, 7, 0, 0, 0, 1, 4, 0, 0, 0, 19, 1, 0, 3, 0, 0, 0, 1, 4, 0, 0, 1, 4, 0, 0, 8, 2, 1, 0, 7, 0, 0, 0]",0.6986704111099243,0.5,0.5129604365620737,0.4940867279894875,0.5033467202141901,0.5308804204993429,34.6021262393333
"[6, 53, 4, 0, 1, 53, 0, 0, 7, 0, 0, 0, 7, 0, 0, 0, 7, 0, 0, 0, 1, 4, 0, 0, 7, 0, 0, 0, 8, 3, 1, 0, 3, 0, 0, 0, 1, 4, 0, 0, 7, 0, 0, 0, 3, 0, 0, 0]",0.6992058902978897,0.5,0.491991991991992,0.6458607095926413,0.5585227272727272,0.3331143232588699,2.151981755343513
"[8, 0, 2, 0, 7, 0, 0, 0, 7, 0, 0, 0, 1, 4, 0, 0, 3, 0, 0, 0, 1, 4, 0, 0, 6, 32, 4, 0, 8, 2, 2, 0, 0, 20, 1, 0, 5, 0, 0, 0, 4, 303, 0, 0, 7, 0, 0, 0]",0.6932526171207428,0.5,0.5056980056980057,0.4664914586070959,0.4853041695146958,0.5440210249671484,1.577161853758298
"[8, 0, 2, 0, 3, 0, 0, 0, 3, 0, 0, 0, 3, 0, 0, 0, 7, 0, 0, 0, 0, 12, 0, 0, 8, 1, 1, 0, 7, 0, 0, 0, 7, 0, 0, 0, 1, 4, 0, 0, 3, 0, 0, 0, 8, 1, 2, 0]",0.6945170879364013,0.5,0.491395793499044,0.5065703022339028,0.4988676803623423,0.4756898817345598,0.13464181039034884
"[2, 0, 0, 0, 1, 4, 0, 0, 1, 4, 0, 0, 3, 0, 0, 0, 8, 2, 2, 0, 2, 1, 0, 0, 7, 0, 0, 0, 6, 36, 4, 0, 2, 1, 0, 0, 1, 4, 0, 0, 4, 245, 0, 0, 0, 18, 0, 0]",0.6933441966772079,0.5,0.5003584229390681,0.4586070959264126,0.478573877271169,0.5420499342969777,0.810619710944593
"[7, 0, 0, 0, 3, 0, 0, 0, 1, 4, 0, 0, 1, 4, 0, 0, 3, 0, 0, 0, 2, 0, 0, 0, 7, 0, 0, 0, 7, 0, 0, 0, 6, 19, 1, 0, 1, 19, 0, 0, 2, 0, 0, 0, 3, 0, 0, 0]",0.6959031790494918,0.5,0.5016329196603527,0.5045992115637319,0.5031116934163118,0.4986859395532194,110.45128351380117
"[4, 497, 0, 0, 7, 0, 0, 0, 3, 0, 0, 0, 1, 4, 0, 0, 7, 0, 0, 0, 3, 0, 0, 0, 8, 1, 2, 0, 4, 91, 0, 0, 7, 0, 0, 0, 3, 0, 0, 0, 3, 0, 0, 0, 1, 4, 0, 0]",0.6929593414068222,0.5,0.5070422535211268,0.6386333771353482,0.5652806048269846,0.3791064388961892,3.3863607184248394
"[7, 0, 0, 0, 7, 0, 0, 0, 7, 0, 0, 0, 0, 10, 0, 0, 6, 61, 2, 0, 7, 0, 0, 0, 0, 7, 1, 0, 7, 0, 0, 0, 7, 0, 0, 0, 7, 0, 0, 0, 0, 10, 0, 0, 3, 0, 0, 0]",0.6931104481220245,0.5,0.5036390101892285,0.4546649145860709,0.4779005524861878,0.5519053876478318,10.124351278645918
"[4, 128, 0, 0, 1, 4, 0, 0, 7, 0, 0, 0, 5, 0, 0, 0, 7, 0, 0, 0, 3, 0, 0, 0, 7, 0, 0, 0, 7, 0, 0, 0, 7, 0, 0, 0, 3, 0, 0, 0, 7, 0, 0, 0, 4, 298, 0, 0]",0.693387758731842,0.5,0.4996841440303222,0.5197109067017083,0.509500805152979,0.4796320630749014,118.08571962162387
"[7, 0, 0, 0, 1, 4, 0, 0, 0, 11, 1, 0, 4, 505, 0, 0, 0, 23, 1, 0, 3, 0, 0, 0, 1, 4, 0, 0, 6, 42, 1, 0, 8, 3, 2, 0, 0, 26, 0, 0, 7, 0, 0, 0, 7, 0, 0, 0]",0.692743331193924,0.5,0.5054401582591493,0.671484888304862,0.5767494356659142,0.342969776609724,38.5172126237303
"[2, 0, 0, 0, 6, 4, 1, 0, 3, 0, 0, 0, 7, 0, 0, 0, 0, 15, 0, 0, 7, 0, 0, 0, 7, 0, 0, 0, 1, 4, 0, 0, 0, 26, 1, 0, 0, 30, 1, 0, 4, 269, 0, 0, 7, 0, 0, 0]",0.6932217657566071,0.5,0.4980259447264523,0.5801576872536137,0.5359635811836115,0.4152431011826544,0.15900150211018627
"[7, 0, 0, 0, 6, 59, 4, 0, 7, 0, 0, 0, 4, 412, 0, 0, 1, 4, 0, 0, 7, 0, 0, 0, 0, 29, 1, 0, 8, 1, 1, 0, 7, 0, 0, 0, 8, 1, 2, 0, 2, 1, 0, 0, 1, 4, 0, 0]",0.6944618076086044,0.5,0.5095808383233533,0.5591327201051248,0.5332080200501254,0.461892247043364,0.1340295327026979
"[6, 36, 4, 0, 7, 0, 0, 0, 3, 0, 0, 0, 5, 0, 0, 0, 4, 292, 0, 0, 4, 96, 0, 0, 4, 96, 0, 0, 8, 3, 2, 0, 7, 0, 0, 0, 7, 0, 0, 0, 7, 0, 0, 0, 7, 0, 0, 0]",0.6934842646121979,0.5,0.494920993227991,0.576215505913272,0.5324833029751063,0.411957950065703,0.9125890400323442
"[2, 1, 0, 0, 6, 28, 4, 0, 4, 70, 0, 0, 4, 434, 0, 0, 7, 0, 0, 0, 3, 0, 0, 0, 1, 4, 0, 0, 2, 1, 0, 0, 8, 3, 1, 0, 3, 0, 0, 0, 7, 0, 0, 0, 1, 4, 0, 0]",0.6937041670084,0.5,0.49527665317139,0.4822601839684625,0.488681757656458,0.5085413929040736,0.16917084592569154
"[7, 0, 0, 0, 4, 313, 0, 0, 2, 0, 0, 0, 6, 27, 3, 0, 7, 0, 0, 0, 0, 19, 0, 0, 0, 5, 1, 0, 0, 22, 1, 0, 3, 0, 0, 0, 0, 6, 0, 0, 7, 0, 0, 0, 7, 0, 0, 0]",0.6932998478412629,0.5,0.5032,0.4132720105124836,0.4538239538239538,0.5919842312746386,0.06088675371938734
"[6, 49, 4, 0, 8, 1, 2, 0, 2, 1, 0, 0, 7, 0, 0, 0, 3, 0, 0, 0, 7, 0, 0, 0, 3, 0, 0, 0, 0, 18, 0, 0, 4, 290, 0, 0, 1, 4, 0, 0, 7, 0, 0, 0, 7, 0, 0, 0]",0.6944950431585312,0.5,0.5059701492537313,0.4454664914586071,0.4737945492662473,0.5650459921156373,159.49441991839558
"[7, 0, 0, 0, 7, 0, 0, 0, 0, 25, 0, 0, 5, 0, 0, 0, 4, 406, 0, 0, 7, 0, 0, 0, 8, 1, 1, 0, 3, 0, 0, 0, 1, 4, 0, 0, 7, 0, 0, 0, 4, 398, 0, 0, 7, 0, 0, 0]",0.6931900411844254,0.5,0.5064020486555698,0.5197109067017083,0.5129701686121919,0.4934296977660972,0.0
"[7, 0, 0, 0, 4, 452, 0, 0, 2, 1, 0, 0, 4, 159, 0, 0, 8, 2, 2, 0, 0, 9, 0, 0, 0, 22, 0, 0, 1, 22, 0, 0, 8, 3, 1, 0, 2, 0, 0, 0, 3, 0, 0, 0, 5, 0, 0, 0]",0.6931559711694717,0.5,0.4954572986069049,0.5374507227332457,0.5156003781909865,0.4526938239159001,0.03655439653857684
"[1, 4, 0, 0, 4, 287, 0, 0, 2, 0, 0, 0, 5, 0, 0, 0, 4, 381, 0, 0, 3, 0, 0, 0, 3, 0, 0, 0, 7, 0, 0, 0, 4, 324, 0, 0, 3, 0, 0, 0, 7, 0, 0, 0, 7, 0, 0, 0]",0.6928890734910965,0.5,0.5069204152249135,0.5775295663600526,0.5399262899262899,0.438239159001314,1.301858772034393
"[8, 0, 2, 0, 1, 4, 0, 0, 1, 4, 0, 0, 7, 0, 0, 0, 6, 33, 4, 0, 1, 33, 0, 0, 7, 0, 0, 0, 7, 0, 0, 0, 3, 0, 0, 0, 7, 0, 0, 0, 7, 0, 0, 0, 7, 0, 0, 0]",0.6978307157754898,0.5,0.5031328320802005,0.5275952693823915,0.5150737652341244,0.4789750328515111,1.2484954245392146
"[0, 12, 0, 0, 8, 1, 1, 0, 7, 0, 0, 0, 0, 11, 1, 0, 1, 11, 0, 0, 1, 4, 0, 0, 0, 12, 1, 0, 0, 28, 1, 0, 6, 53, 4, 0, 4, 288, 0, 0, 3, 0, 0, 0, 8, 2, 2, 0]",0.6927765250205994,0.5,0.4959619952494061,0.6859395532194481,0.575682382133995,0.3028909329829172,0.027771776049689834
"[7, 0, 0, 0, 5, 0, 0, 0, 4, 329, 0, 0, 7, 0, 0, 0, 7, 0, 0, 0, 8, 2, 2, 0, 4, 219, 0, 0, 4, 483, 0, 0, 7, 0, 0, 0, 3, 0, 0, 0, 7, 0, 0, 0, 8, 3, 1, 0]",0.6933468073606491,0.5,0.4878847413228552,0.4894875164257556,0.4886848146933421,0.4862023653088042,83.37409162870608
"[7, 0, 0, 0, 3, 0, 0, 0, 3, 0, 0, 0, 4, 175, 0, 0, 7, 0, 0, 0, 7, 0, 0, 0, 6, 41, 4, 0, 8, 1, 1, 0, 3, 0, 0, 0, 2, 0, 0, 0, 1, 4, 0, 0, 7, 0, 0, 0]",0.6943137407302856,0.5,0.5054744525547445,0.5459921156373193,0.5249526216045484,0.4658344283837056,340.7042305567302
"[7, 0, 0, 0, 7, 0, 0, 0, 4, 341, 0, 0, 3, 0, 0, 0, 4, 372, 0, 0, 0, 12, 0, 0, 7, 0, 0, 0, 2, 0, 0, 0, 6, 54, 4, 0, 7, 0, 0, 0, 1, 4, 0, 0, 3, 0, 0, 0]",0.6941936582326889,0.5,0.5079435127978817,0.7562417871222076,0.6077085533262936,0.2674113009198423,0.7151660295085094
"[8, 0, 2, 0, 1, 4, 0, 0, 8, 2, 1, 0, 0, 5, 0, 0, 2, 1, 0, 0, 6, 40, 4, 0, 7, 0, 0, 0, 4, 231, 0, 0, 7, 0, 0, 0, 2, 1, 0, 0, 8, 1, 1, 0, 0, 11, 0, 0]",0.6930836975574494,0.5,0.4951278928136419,0.5341655716162943,0.5139064475347661,0.4553219448094612,17.487608189228922
"[3, 0, 0, 0, 7, 0, 0, 0, 7, 0, 0, 0, 6, 63, 2, 0, 2, 1, 0, 0, 4, 454, 0, 0, 1, 4, 0, 0, 0, 26, 0, 0, 5, 0, 0, 0, 7, 0, 0, 0, 3, 0, 0, 0, 1, 4, 0, 0]",0.6965785205364228,0.5,0.4916573971078977,0.580814717477004,0.5325301204819277,0.3994743758212877,0.0
"[0, 7, 1, 0, 2, 1, 0, 0, 7, 0, 0, 0, 6, 15, 2, 0, 3, 0, 0, 0, 3, 0, 0, 0, 0, 7, 0, 0, 2, 1, 0, 0, 4, 35, 0, 0, 4, 6, 0, 0, 8, 3, 1, 0, 8, 2, 1, 0]",0.6957742601633072,0.5,0.5031446540880503,0.4204993429697766,0.4581245526127416,0.5847568988173456,0.31017730014099953
"[2, 1, 0, 0, 2, 0, 0, 0, 0, 20, 1, 0, 0, 31, 1, 0, 7, 0, 0, 0, 5, 0, 0, 0, 7, 0, 0, 0, 7, 0, 0, 0, 7, 0, 0, 0, 8, 2, 2, 0, 7, 0, 0, 0, 7, 0, 0, 0]",0.6930403620004654,0.5,0.5084306095979247,0.5151116951379764,0.5117493472584856,0.5019710906701709,11.932598871178925
"[3, 0, 0, 0, 7, 0, 0, 0, 7, 0, 0, 0, 6, 37, 2, 0, 8, 2, 2, 0, 3, 0, 0, 0, 1, 4, 0, 0, 8, 3, 2, 0, 2, 1, 0, 0, 7, 0, 0, 0, 1, 4, 0, 0, 7, 0, 0, 0]",0.6935210853815079,0.5,0.4909326424870466,0.4980289093298292,0.4944553163731245,0.4835742444152431,0.6398699232654508
"[0, 5, 0, 0, 1, 5, 0, 0, 4, 392, 0, 0, 7, 0, 0, 0, 8, 2, 1, 0, 8, 2, 1, 0, 8, 1, 1, 0, 1, 4, 0, 0, 2, 1, 0, 0, 0, 31, 1, 0, 4, 338, 0, 0, 8, 1, 1, 0]",0.6933135718107224,0.5,0.4971878515185601,0.580814717477004,0.5357575757575758,0.4126149802890933,0.022197232149437696
"[7, 0, 0, 0, 8, 1, 2, 0, 0, 7, 1, 0, 3, 0, 0, 0, 5, 0, 0, 0, 7, 0, 0, 0, 7, 0, 0, 0, 7, 0, 0, 0, 4, 232, 0, 0, 7, 0, 0, 0, 1, 4, 0, 0, 7, 0, 0, 0]",0.6932648360729218,0.5,0.5097142857142857,0.5860709592641261,0.5452322738386308,0.4362680683311432,0.0
"[0, 20, 1, 0, 6, 19, 2, 0, 8, 2, 1, 0, 7, 0, 0, 0, 4, 158, 0, 0, 3, 0, 0, 0, 3, 0, 0, 0, 4, 206, 0, 0, 0, 6, 1, 0, 3, 0, 0, 0, 2, 0, 0, 0, 7, 0, 0, 0]",0.6929844856262207,0.5,0.4912,0.4034165571616294,0.443001443001443,0.5821287779237845,3.534575323574245
"[2, 1, 0, 0, 7, 0, 0, 0, 6, 53, 4, 0, 4, 328, 0, 0, 2, 1, 0, 0, 4, 229, 0, 0, 7, 0, 0, 0, 7, 0, 0, 0, 7, 0, 0, 0, 8, 2, 2, 0, 1, 4, 0, 0, 7, 0, 0, 0]",0.693407291173935,0.5,0.5153733528550513,0.4625492772667542,0.4875346260387811,0.5650459921156373,30.875627105124295
"[1, 4, 0, 0, 1, 4, 0, 0, 8, 2, 1, 0, 8, 2, 2, 0, 0, 5, 0, 0, 7, 0, 0, 0, 0, 28, 1, 0, 6, 16, 4, 0, 8, 2, 2, 0, 4, 390, 0, 0, 7, 0, 0, 0, 0, 27, 1, 0]",0.6845425963401794,0.5,0.49330900243309,0.5328515111695138,0.5123183828174352,0.4526938239159001,0.020796491987084664
"[8, 0, 1, 0, 6, 54, 2, 0, 1, 54, 0, 0, 4, 59, 0, 0, 7, 0, 0, 0, 7, 0, 0, 0, 7, 0, 0, 0, 7, 0, 0, 0, 5, 0, 0, 0, 4, 210, 0, 0, 7, 0, 0, 0, 7, 0, 0, 0]",0.6934332072734832,0.5,0.5041198501872659,0.4421813403416557,0.4711235561778089,0.5650459921156373,0.9185068522874644
"[8, 0, 2, 0, 1, 4, 0, 0, 2, 0, 0, 0, 7, 0, 0, 0, 8, 2, 2, 0, 7, 0, 0, 0, 3, 0, 0, 0, 4, 226, 0, 0, 2, 1, 0, 0, 1, 4, 0, 0, 0, 5, 0, 0, 5, 0, 0, 0]",0.6935771346092224,0.5,0.5014598540145986,0.4513797634691195,0.475103734439834,0.5512483574244416,0.5149430652381852
"[3, 0, 0, 0, 2, 0, 0, 0, 0, 8, 0, 0, 1, 8, 0, 0, 8, 1, 2, 0, 2, 0, 0, 0, 6, 37, 4, 0, 8, 2, 2, 0, 7, 0, 0, 0, 8, 2, 2, 0, 3, 0, 0, 0, 1, 4, 0, 0]",0.6989575207233429,0.5,0.515084621044886,0.4599211563731931,0.4859423811176674,0.5670170827858082,0.6749178414165726
"[6, 7, 4, 0, 8, 1, 1, 0, 7, 0, 0, 0, 0, 28, 0, 0, 3, 0, 0, 0, 7, 0, 0, 0, 3, 0, 0, 0, 1, 4, 0, 0, 8, 1, 1, 0, 7, 0, 0, 0, 4, 277, 0, 0, 7, 0, 0, 0]",0.6937222629785538,0.5,0.5108932461873639,0.6162943495400789,0.5586658725431805,0.4099868593955322,460.7972087331582
"[2, 0, 0, 0, 4, 155, 0, 0, 7, 0, 0, 0, 0, 5, 0, 0, 4, 230, 0, 0, 0, 19, 1, 0, 4, 508, 0, 0, 6, 36, 3, 0, 7, 0, 0, 0, 5, 0, 0, 0, 4, 90, 0, 0, 7, 0, 0, 0]",0.6933721333742142,0.5,0.5051813471502591,0.2562417871222076,0.3400174367916303,0.7490144546649146,4.81378172460245
"[3, 0, 0, 0, 7, 0, 0, 0, 1, 4, 0, 0, 3, 0, 0, 0, 7, 0, 0, 0, 0, 10, 1, 0, 8, 1, 1, 0, 7, 0, 0, 0, 8, 1, 2, 0, 3, 0, 0, 0, 7, 0, 0, 0, 2, 1, 0, 0]",0.6930830121040344,0.5,0.494109947643979,0.4960578186596583,0.4950819672131147,0.4921156373193167,5.622086365707219
"[2, 0, 0, 0, 1, 4, 0, 0, 7, 0, 0, 0, 4, 182, 0, 0, 0, 20, 1, 0, 4, 436, 0, 0, 8, 1, 1, 0, 1, 4, 0, 0, 6, 43, 4, 0, 2, 0, 0, 0, 2, 1, 0, 0, 8, 1, 1, 0]",0.6934528410434723,0.5,0.5028319697923223,0.5249671484888305,0.5136612021857924,0.480946123521682,8.127805651864037
"[6, 35, 3, 0, 2, 0, 0, 0, 3, 0, 0, 0, 1, 4, 0, 0, 7, 0, 0, 0, 1, 4, 0, 0, 0, 7, 0, 0, 7, 0, 0, 0, 2, 1, 0, 0, 0, 13, 0, 0, 3, 0, 0, 0, 8, 3, 1, 0]",0.6928491801023483,0.5,0.5045359385903698,0.4750328515111695,0.4893401015228426,0.533508541392904,1.9999681839253753
"[7, 0, 0, 0, 7, 0, 0, 0, 1, 4, 0, 0, 2, 0, 0, 0, 7, 0, 0, 0, 7, 0, 0, 0, 7, 0, 0, 0, 8, 2, 1, 0, 6, 44, 4, 0, 7, 0, 0, 0, 7, 0, 0, 0, 2, 0, 0, 0]",0.6934763669967652,0.5,0.4985163204747774,0.6622864651773982,0.5688487584650113,0.3337713534822601,1.223924372617148
"[0, 21, 0, 0, 0, 6, 1, 0, 7, 0, 0, 0, 4, 290, 0, 0, 0, 11, 0, 0, 0, 29, 1, 0, 4, 227, 0, 0, 8, 1, 2, 0, 3, 0, 0, 0, 7, 0, 0, 0, 0, 15, 0, 0, 1, 15, 0, 0]",0.6933828443288803,0.5,0.4969088098918083,0.4224704336399474,0.4566761363636363,0.5722733245729303,1.4333884493653386
"[6, 37, 4, 0, 2, 1, 0, 0, 7, 0, 0, 0, 7, 0, 0, 0, 7, 0, 0, 0, 2, 0, 0, 0, 7, 0, 0, 0, 5, 0, 0, 0, 4, 466, 0, 0, 8, 2, 2, 0, 7, 0, 0, 0, 1, 4, 0, 0]",0.6933320194482804,0.5,0.5042665583096302,0.8153745072273325,0.6231483806176249,0.1984231274638633,0.0
"[8, 0, 1, 0, 7, 0, 0, 0, 8, 1, 2, 0, 4, 62, 0, 0, 1, 4, 0, 0, 3, 0, 0, 0, 7, 0, 0, 0, 0, 24, 0, 0, 4, 445, 0, 0, 7, 0, 0, 0, 1, 4, 0, 0, 1, 4, 0, 0]",0.6941315650939941,0.5,0.4928324270884824,0.6550591327201051,0.5624823695345557,0.3258869908015768,43.47585753313615
"[8, 0, 1, 0, 4, 278, 0, 0, 3, 0, 0, 0, 1, 4, 0, 0, 6, 12, 1, 0, 1, 12, 0, 0, 3, 0, 0, 0, 2, 0, 0, 0, 7, 0, 0, 0, 1, 4, 0, 0, 7, 0, 0, 0, 2, 0, 0, 0]",0.6942992568016052,0.5,0.4877868245743893,0.4329829172141918,0.4587539157674904,0.545335085413929,4.599125399869081
"[2, 1, 0, 0, 4, 117, 0, 0, 4, 476, 0, 0, 6, 5, 2, 0, 2, 0, 0, 0, 1, 4, 0, 0, 1, 4, 0, 0, 7, 0, 0, 0, 7, 0, 0, 0, 1, 4, 0, 0, 2, 1, 0, 0, 7, 0, 0, 0]",0.6933024853467942,0.5,0.4913907284768212,0.4875164257555847,0.4894459102902375,0.495400788436268,0.2059015766972152
"[5, 0, 0, 0, 4, 18, 0, 0, 7, 0, 0, 0, 7, 0, 0, 0, 7, 0, 0, 0, 3, 0, 0, 0, 8, 3, 2, 0, 8, 2, 2, 0, 3, 0, 0, 0, 7, 0, 0, 0, 3, 0, 0, 0, 3, 0, 0, 0]",0.6946969538927078,0.5,0.4919690660321237,0.5433639947437582,0.516390883546675,0.4388961892247043,0.5694734895791953
"[7, 0, 0, 0, 3, 0, 0, 0, 1, 4, 0, 0, 4, 201, 0, 0, 2, 0, 0, 0, 4, 134, 0, 0, 4, 290, 0, 0, 7, 0, 0, 0, 3, 0, 0, 0, 6, 36, 4, 0, 0, 19, 1, 0, 3, 0, 0, 0]",0.6933988004922866,0.5,0.5147881694644284,0.4231274638633377,0.4644789037143887,0.6011826544021025,12.188632530509494
"[5, 0, 0, 0, 4, 270, 0, 0, 7, 0, 0, 0, 8, 2, 1, 0, 1, 4, 0, 0, 7, 0, 0, 0, 7, 0, 0, 0, 7, 0, 0, 0, 7, 0, 0, 0, 7, 0, 0, 0, 7, 0, 0, 0, 7, 0, 0, 0]",0.6934914231300354,0.5,0.4953208556149732,0.4868593955321945,0.4910536779324055,0.5039421813403416,0.0
"[3, 0, 0, 0, 4, 352, 0, 0, 7, 0, 0, 0, 6, 5, 1, 0, 2, 0, 0, 0, 3, 0, 0, 0, 7, 0, 0, 0, 7, 0, 0, 0, 2, 1, 0, 0, 1, 4, 0, 0, 0, 16, 0, 0, 7, 0, 0, 0]",0.6934871017932892,0.5,0.5016567263088137,0.4973718791064389,0.4995051138238205,0.5059132720105125,245.55331593984738
"[6, 61, 4, 0, 2, 0, 0, 0, 7, 0, 0, 0, 8, 2, 1, 0, 1, 4, 0, 0, 3, 0, 0, 0, 4, 300, 0, 0, 8, 2, 1, 0, 7, 0, 0, 0, 0, 17, 1, 0, 8, 2, 2, 0, 3, 0, 0, 0]",0.6933228611946106,0.5,0.4996873045653533,0.5249671484888305,0.5120153796859981,0.4743758212877792,0.02111853660790075
"[7, 0, 0, 0, 7, 0, 0, 0, 2, 0, 0, 0, 7, 0, 0, 0, 5, 0, 0, 0, 7, 0, 0, 0, 7, 0, 0, 0, 8, 2, 2, 0, 7, 0, 0, 0, 7, 0, 0, 0, 3, 0, 0, 0, 7, 0, 0, 0]",0.6948272675275803,0.5,0.5003270111183781,0.5026281208935611,0.5014749262536873,0.4980289093298292,145.84868561290205
"[4, 106, 0, 0, 1, 4, 0, 0, 6, 48, 4, 0, 0, 15, 0, 0, 0, 22, 0, 0, 2, 0, 0, 0, 8, 3, 2, 0, 1, 4, 0, 0, 4, 283, 0, 0, 8, 3, 1, 0, 2, 1, 0, 0, 4, 168, 0, 0]",0.6933912903070449,0.5,0.5145413870246085,0.3022339027595269,0.3807947019867549,0.7148488830486203,0.017268909603615157
"[8, 0, 2, 0, 6, 20, 4, 0, 7, 0, 0, 0, 4, 166, 0, 0, 7, 0, 0, 0, 0, 19, 1, 0, 1, 19, 0, 0, 7, 0, 0, 0, 8, 1, 2, 0, 7, 0, 0, 0, 7, 0, 0, 0, 8, 2, 1, 0]",0.6952984809875489,0.5,0.505736137667304,0.347568988173456,0.411993769470405,0.6603153745072273,1.0397110246121883
"[4, 112, 0, 0, 7, 0, 0, 0, 7, 0, 0, 0, 1, 4, 0, 0, 6, 24, 4, 0, 7, 0, 0, 0, 2, 0, 0, 0, 1, 4, 0, 0, 1, 4, 0, 0, 0, 22, 0, 0, 7, 0, 0, 0, 7, 0, 0, 0]",0.6929382711648941,0.5,0.488021902806297,0.4684625492772667,0.4780422393563526,0.5085413929040736,65.77124583278783
"[0, 27, 0, 0, 4, 214, 0, 0, 0, 9, 0, 0, 8, 1, 1, 0, 5, 0, 0, 0, 4, 90, 0, 0, 8, 2, 1, 0, 1, 4, 0, 0, 8, 3, 1, 0, 7, 0, 0, 0, 7, 0, 0, 0, 3, 0, 0, 0]",0.6932211935520172,0.5,0.5155526141628061,0.511826544021025,0.5136828222881635,0.519053876478318,0.0
"[6, 46, 1, 0, 0, 22, 1, 0, 3, 0, 0, 0, 0, 26, 1, 0, 3, 0, 0, 0, 8, 2, 2, 0, 8, 2, 1, 0, 7, 0, 0, 0, 7, 0, 0, 0, 5, 0, 0, 0, 7, 0, 0, 0, 8, 2, 1, 0]",0.6932308614253998,0.5,0.5039421813403416,0.5039421813403416,0.5039421813403416,0.5039421813403416,0.00532660950693753
"[4, 95, 0, 0, 1, 4, 0, 0, 7, 0, 0, 0, 7, 0, 0, 0, 7, 0, 0, 0, 2, 1, 0, 0, 0, 24, 1, 0, 0, 15, 1, 0, 7, 0, 0, 0, 1, 4, 0, 0, 4, 413, 0, 0, 8, 3, 1, 0]",0.6928572624921798,0.5,0.4898263027295285,0.6484888304862023,0.5581000848176421,0.3245729303547963,0.041034519808818004
"[6, 59, 4, 0, 7, 0, 0, 0, 4, 260, 0, 0, 2, 1, 0, 0, 0, 14, 0, 0, 7, 0, 0, 0, 7, 0, 0, 0, 7, 0, 0, 0, 0, 30, 0, 0, 1, 30, 0, 0, 7, 0, 0, 0, 7, 0, 0, 0]",0.6934695243835449,0.5,0.5117618819011042,0.7003942181340341,0.5914008321775313,0.3318002628120893,0.6747347493687812
"[3, 0, 0, 0, 7, 0, 0, 0, 6, 60, 1, 0, 0, 10, 1, 0, 4, 204, 0, 0, 2, 0, 0, 0, 7, 0, 0, 0, 7, 0, 0, 0, 4, 197, 0, 0, 7, 0, 0, 0, 8, 1, 2, 0, 2, 1, 0, 0]",0.6931291162967682,0.5,0.4855453350854139,0.4855453350854139,0.4855453350854139,0.4855453350854139,0.12790809580110363
"[1, 4, 0, 0, 4, 303, 0, 0, 6, 52, 4, 0, 4, 258, 0, 0, 2, 0, 0, 0, 7, 0, 0, 0, 1, 4, 0, 0, 2, 0, 0, 0, 7, 0, 0, 0, 7, 0, 0, 0, 3, 0, 0, 0, 8, 3, 2, 0]",0.6935280054807663,0.5,0.505369551484523,0.5256241787122208,0.5152979066022544,0.4855453350854139,331.390104475664
"[7, 0, 0, 0, 3, 0, 0, 0, 6, 40, 4, 0, 8, 1, 2, 0, 7, 0, 0, 0, 7, 0, 0, 0, 7, 0, 0, 0, 3, 0, 0, 0, 2, 1, 0, 0, 7, 0, 0, 0, 3, 0, 0, 0, 1, 4, 0, 0]",0.6955232292413711,0.5,0.4934306569343065,0.6662286465177398,0.5669555493430248,0.3160315374507227,76.0613877819851
"[8, 0, 1, 0, 6, 34, 2, 0, 1, 34, 0, 0, 7, 0, 0, 0, 7, 0, 0, 0, 0, 11, 1, 0, 0, 22, 1, 0, 4, 184, 0, 0, 1, 4, 0, 0, 7, 0, 0, 0, 1, 4, 0, 0, 4, 18, 0, 0]",0.6950746148824691,0.5,0.5122715404699739,0.6445466491458607,0.5708466686063427,0.3863337713534822,0.060467049213912105
"[3, 0, 0, 0, 0, 5, 0, 0, 3, 0, 0, 0, 8, 2, 2, 0, 2, 1, 0, 0, 8, 1, 2, 0, 4, 442, 0, 0, 2, 0, 0, 0, 6, 62, 3, 0, 7, 0, 0, 0, 8, 1, 1, 0, 4, 320, 0, 0]",0.6931729108095169,0.5,0.5,0.4178712220762155,0.4552612741589119,0.5821287779237845,3.2668419342371635
"[0, 6, 1, 0, 0, 7, 1, 0, 5, 0, 0, 0, 4, 63, 0, 0, 8, 1, 2, 0, 7, 0, 0, 0, 7, 0, 0, 0, 3, 0, 0, 0, 7, 0, 0, 0, 7, 0, 0, 0, 7, 0, 0, 0, 8, 3, 1, 0]",0.6935872673988343,0.5,0.5015,0.6590013140604468,0.5695627484383873,0.3449408672798948,1.8095956129254773
"[8, 0, 1, 0, 4, 365, 0, 0, 6, 42, 4, 0, 0, 27, 0, 0, 8, 1, 1, 0, 0, 10, 1, 0, 7, 0, 0, 0, 0, 16, 1, 0, 4, 87, 0, 0, 7, 0, 0, 0, 7, 0, 0, 0, 2, 1, 0, 0]",0.6934676349163056,0.5,0.4970326409495549,0.6603153745072273,0.5671557562076749,0.3318002628120893,0.03107965643175703
"[7, 0, 0, 0, 0, 15, 0, 0, 2, 0, 0, 0, 1, 4, 0, 0, 8, 3, 1, 0, 1, 4, 0, 0, 1, 4, 0, 0, 2, 0, 0, 0, 7, 0, 0, 0, 7, 0, 0, 0, 6, 26, 4, 0, 4, 213, 0, 0]",0.6948286056518554,0.5,0.4961007798440311,0.5433639947437582,0.5186578864847915,0.4480946123521682,154.55980310728773
"[6, 14, 4, 0, 5, 0, 0, 0, 7, 0, 0, 0, 7, 0, 0, 0, 3, 0, 0, 0, 1, 4, 0, 0, 1, 4, 0, 0, 3, 0, 0, 0, 7, 0, 0, 0, 4, 319, 0, 0, 3, 0, 0, 0, 3, 0, 0, 0]",0.6980714917182922,0.5,0.4958904109589041,0.4756898817345598,0.4855801475519785,0.5164257555847569,0.0
"[0, 5, 1, 0, 2, 0, 0, 0, 1, 4, 0, 0, 3, 0, 0, 0, 3, 0, 0, 0, 7, 0, 0, 0, 2, 0, 0, 0, 1, 4, 0, 0, 4, 379, 0, 0, 6, 16, 4, 0, 7, 0, 0, 0, 3, 0, 0, 0]",0.6937569350004196,0.5,0.5080246913580246,0.5407358738501971,0.5238701464035647,0.4763469119579501,77.16573282238096
"[5, 0, 0, 0, 7, 0, 0, 0, 1, 4, 0, 0, 1, 4, 0, 0, 4, 435, 0, 0, 7, 0, 0, 0, 7, 0, 0, 0, 7, 0, 0, 0, 7, 0, 0, 0, 1, 4, 0, 0, 7, 0, 0, 0, 7, 0, 0, 0]",0.6968747109174729,0.5,0.4967272727272727,0.4487516425755585,0.4715222644114601,0.545335085413929,0.0
"[7, 0, 0, 0, 3, 0, 0, 0, 7, 0, 0, 0, 8, 3, 2, 0, 8, 3, 2, 0, 2, 1, 0, 0, 3, 0, 0, 0, 3, 0, 0, 0, 6, 40, 3, 0, 8, 3, 2, 0, 8, 3, 2, 0, 8, 3, 2, 0]",0.6993099898099899,0.5,0.4961027051811096,0.7109067017082786,0.5843910342965163,0.2779237844940867,0.4784725019198959
"[0, 7, 1, 0, 7, 0, 0, 0, 2, 1, 0, 0, 1, 4, 0, 0, 2, 1, 0, 0, 4, 71, 0, 0, 8, 1, 2, 0, 7, 0, 0, 0, 0, 25, 0, 0, 2, 0, 0, 0, 6, 17, 3, 0, 4, 250, 0, 0]",0.6932980954647064,0.5,0.5106382978723404,0.5992115637319316,0.5513905683192262,0.4257555847568988,2.3613238055841066
"[7, 0, 0, 0, 1, 4, 0, 0, 7, 0, 0, 0, 4, 259, 0, 0, 5, 0, 0, 0, 7, 0, 0, 0, 7, 0, 0, 0, 7, 0, 0, 0, 7, 0, 0, 0, 7, 0, 0, 0, 7, 0, 0, 0, 7, 0, 0, 0]",0.693242859840393,0.5,0.4987405541561713,0.5203679369250985,0.5093247588424438,0.4770039421813403,8.132810755912942
"[8, 0, 2, 0, 6, 42, 4, 0, 0, 28, 1, 0, 7, 0, 0, 0, 8, 3, 2, 0, 7, 0, 0, 0, 7, 0, 0, 0, 7, 0, 0, 0, 8, 3, 1, 0, 0, 7, 1, 0, 4, 373, 0, 0, 0, 12, 0, 0]",0.6931009024381638,0.5,0.5078277886497065,0.3409986859395532,0.4080188679245283,0.6695137976346912,2.4748549770447426
"[3, 0, 0, 0, 0, 20, 1, 0, 1, 20, 0, 0, 7, 0, 0, 0, 6, 52, 3, 0, 2, 0, 0, 0, 4, 156, 0, 0, 1, 4, 0, 0, 2, 0, 0, 0, 2, 0, 0, 0, 0, 19, 0, 0, 0, 10, 1, 0]",0.693290963768959,0.5,0.5067961165048543,0.6859395532194481,0.5829145728643216,0.3324572930354796,0.04633778494098806
"[0, 21, 1, 0, 0, 26, 1, 0, 8, 2, 1, 0, 6, 29, 4, 0, 7, 0, 0, 0, 3, 0, 0, 0, 3, 0, 0, 0, 2, 0, 0, 0, 1, 4, 0, 0, 7, 0, 0, 0, 3, 0, 0, 0, 0, 22, 0, 0]",0.6707496821880341,0.5,0.5093659942363112,0.4645203679369251,0.4859106529209622,0.5525624178712221,1.4315774557180703
"[7, 0, 0, 0, 7, 0, 0, 0, 3, 0, 0, 0, 2, 0, 0, 0, 6, 17, 4, 0, 8, 1, 1, 0, 2, 0, 0, 0, 4, 231, 0, 0, 7, 0, 0, 0, 1, 4, 0, 0, 7, 0, 0, 0, 2, 0, 0, 0]",0.6942187935113907,0.5,0.5138558986539984,0.4264126149802891,0.4660682226211849,0.5965834428383706,4.91032473100131
"[2, 1, 0, 0, 8, 1, 1, 0, 4, 241, 0, 0, 0, 27, 1, 0, 7, 0, 0, 0, 3, 0, 0, 0, 1, 4, 0, 0, 3, 0, 0, 0, 8, 2, 2, 0, 2, 0, 0, 0, 6, 60, 4, 0, 5, 0, 0, 0]",0.6944673329591751,0.5,0.5014343086632244,0.5742444152431012,0.535375191424196,0.4290407358738502,36.182836754247546
"[0, 16, 1, 0, 7, 0, 0, 0, 7, 0, 0, 0, 2, 1, 0, 0, 6, 13, 2, 0, 7, 0, 0, 0, 1, 4, 0, 0, 7, 0, 0, 0, 1, 4, 0, 0, 0, 11, 1, 0, 4, 238, 0, 0, 1, 4, 0, 0]",0.6939711779356003,0.5,0.4974093264248704,0.5676741130091985,0.5302239950905185,0.4264126149802891,0.1638121304422384
"[3, 0, 0, 0, 8, 1, 1, 0, 7, 0, 0, 0, 1, 4, 0, 0, 8, 1, 2, 0, 1, 4, 0, 0, 6, 14, 2, 0, 1, 14, 0, 0, 3, 0, 0, 0, 2, 1, 0, 0, 2, 0, 0, 0, 0, 15, 1, 0]",0.6931337475776672,0.5,0.4932975871313673,0.4835742444152431,0.4883875248838752,0.5032851511169514,14.308534387033433
"[8, 0, 1, 0, 4, 454, 0, 0, 3, 0, 0, 0, 7, 0, 0, 0, 1, 4, 0, 0, 8, 3, 2, 0, 3, 0, 0, 0, 1, 4, 0, 0, 6, 17, 4, 0, 1, 17, 0, 0, 7, 0, 0, 0, 0, 30, 0, 0]",0.6935942977666855,0.5,0.5045140732873075,0.6241787122207622,0.5580029368575624,0.3869908015768725,448.7879688022658
"[7, 0, 0, 0, 5, 0, 0, 0, 7, 0, 0, 0, 7, 0, 0, 0, 8, 1, 1, 0, 7, 0, 0, 0, 7, 0, 0, 0, 7, 0, 0, 0, 4, 9, 0, 0, 8, 1, 1, 0, 7, 0, 0, 0, 7, 0, 0, 0]",0.6969818860292435,0.5,0.5225048923679061,0.3508541392904074,0.419811320754717,0.6793692509855453,8.225115209261276
"[3, 0, 0, 0, 1, 4, 0, 0, 0, 10, 1, 0, 7, 0, 0, 0, 2, 1, 0, 0, 8, 3, 2, 0, 3, 0, 0, 0, 0, 11, 1, 0, 1, 11, 0, 0, 5, 0, 0, 0, 7, 0, 0, 0, 4, 207, 0, 0]",0.6931610733270646,0.5,0.4873164218958611,0.4796320630749014,0.4834437086092715,0.495400788436268,0.013222640362073435
"[7, 0, 0, 0, 8, 1, 2, 0, 2, 1, 0, 0, 6, 36, 4, 0, 1, 36, 0, 0, 0, 15, 1, 0, 5, 0, 0, 0, 4, 217, 0, 0, 7, 0, 0, 0, 8, 3, 1, 0, 1, 4, 0, 0, 8, 1, 2, 0]",0.6939674615859985,0.5,0.494025974025974,0.6248357424441524,0.5517841601392516,0.3600525624178712,0.0
"[8, 0, 2, 0, 5, 0, 0, 0, 4, 34, 0, 0, 3, 0, 0, 0, 3, 0, 0, 0, 1, 4, 0, 0, 1, 4, 0, 0, 7, 0, 0, 0, 4, 154, 0, 0, 7, 0, 0, 0, 4, 382, 0, 0, 7, 0, 0, 0]",0.6932918459177018,0.5,0.5150159744408945,0.5295663600525624,0.5221898283122773,0.5013140604467805,0.0
"[8, 0, 2, 0, 0, 31, 0, 0, 1, 31, 0, 0, 1, 4, 0, 0, 8, 1, 2, 0, 7, 0, 0, 0, 8, 3, 2, 0, 2, 0, 0, 0, 1, 4, 0, 0, 4, 144, 0, 0, 3, 0, 0, 0, 5, 0, 0, 0]",0.6953047245740891,0.5,0.5084650112866818,0.5919842312746386,0.5470552519732848,0.4277266754270696,2.1329026957964743
"[5, 0, 0, 0, 7, 0, 0, 0, 3, 0, 0, 0, 8, 3, 1, 0, 7, 0, 0, 0, 7, 0, 0, 0, 3, 0, 0, 0, 7, 0, 0, 0, 7, 0, 0, 0, 1, 4, 0, 0, 3, 0, 0, 0, 7, 0, 0, 0]",0.716230046749115,0.5,0.5106658047834518,0.519053876478318,0.5148256761159987,0.5026281208935611,0.0
"[0, 17, 0, 0, 0, 31, 0, 0, 7, 0, 0, 0, 7, 0, 0, 0, 7, 0, 0, 0, 2, 1, 0, 0, 8, 1, 1, 0, 8, 3, 1, 0, 7, 0, 0, 0, 1, 4, 0, 0, 8, 1, 2, 0, 5, 0, 0, 0]",0.7037750691175461,0.5,0.5051813471502591,0.5124835742444153,0.5088062622309197,0.4980289093298292,0.06749094612314366
"[6, 42, 4, 0, 4, 262, 0, 0, 2, 0, 0, 0, 4, 360, 0, 0, 7, 0, 0, 0, 4, 317, 0, 0, 4, 486, 0, 0, 4, 462, 0, 0, 4, 217, 0, 0, 3, 0, 0, 0, 7, 0, 0, 0, 2, 1, 0, 0]",0.693346694111824,0.5,0.4952830188679245,0.4139290407358738,0.4509663564781675,0.5781865965834428,4.2395981792215025
"[2, 1, 0, 0, 6, 49, 4, 0, 7, 0, 0, 0, 0, 10, 1, 0, 3, 0, 0, 0, 7, 0, 0, 0, 2, 1, 0, 0, 2, 1, 0, 0, 2, 1, 0, 0, 0, 10, 1, 0, 0, 25, 1, 0, 2, 1, 0, 0]",0.6932005077600479,0.5,0.4993523316062176,0.5065703022339028,0.50293542074364,0.4921156373193167,0.49167728959582746
"[8, 0, 2, 0, 0, 12, 1, 0, 1, 12, 0, 0, 6, 30, 4, 0, 7, 0, 0, 0, 3, 0, 0, 0, 7, 0, 0, 0, 1, 4, 0, 0, 4, 151, 0, 0, 1, 4, 0, 0, 3, 0, 0, 0, 0, 31, 0, 0]",0.6928838968276978,0.5,0.5056775170325511,0.4388961892247043,0.4699261343651073,0.5709592641261498,0.6274277770025947
"[6, 54, 2, 0, 7, 0, 0, 0, 7, 0, 0, 0, 4, 348, 0, 0, 4, 482, 0, 0, 1, 4, 0, 0, 7, 0, 0, 0, 1, 4, 0, 0, 4, 227, 0, 0, 2, 0, 0, 0, 7, 0, 0, 0, 7, 0, 0, 0]",0.6932940989732742,0.5,0.4944541739638062,0.5565045992115637,0.5236476043276661,0.431011826544021,0.6361980761012092
"[6, 40, 4, 0, 7, 0, 0, 0, 4, 185, 0, 0, 1, 4, 0, 0, 7, 0, 0, 0, 7, 0, 0, 0, 4, 205, 0, 0, 7, 0, 0, 0, 2, 0, 0, 0, 1, 4, 0, 0, 8, 2, 1, 0, 0, 7, 0, 0]",0.6934853702783584,0.5,0.506713368359603,0.5703022339027596,0.5366306027820711,0.4448094612352168,0.10835345333271107
"[8, 0, 2, 0, 3, 0, 0, 0, 8, 2, 1, 0, 3, 0, 0, 0, 6, 47, 4, 0, 7, 0, 0, 0, 3, 0, 0, 0, 3, 0, 0, 0, 8, 2, 2, 0, 2, 1, 0, 0, 2, 1, 0, 0, 3, 0, 0, 0]",0.6957352638244629,0.5,0.4890207715133531,0.5413929040735874,0.5138758964764577,0.4342969776609724,30.670232763513923
"[7, 0, 0, 0, 0, 12, 1, 0, 2, 1, 0, 0, 3, 0, 0, 0, 2, 1, 0, 0, 3, 0, 0, 0, 2, 1, 0, 0, 6, 13, 4, 0, 4, 373, 0, 0, 0, 8, 0, 0, 7, 0, 0, 0, 7, 0, 0, 0]",0.6931700795888901,0.5,0.5129533678756477,0.5203679369250985,0.5166340508806262,0.5059132720105125,2.8892291644588113
"[7, 0, 0, 0, 7, 0, 0, 0, 5, 0, 0, 0, 7, 0, 0, 0, 7, 0, 0, 0, 4, 367, 0, 0, 7, 0, 0, 0, 7, 0, 0, 0, 3, 0, 0, 0, 3, 0, 0, 0, 7, 0, 0, 0, 7, 0, 0, 0]",0.693223625421524,0.5,0.4953083109919571,0.4855453350854139,0.4903782349037823,0.5052562417871223,1005.3979171290994
"[0, 22, 0, 0, 0, 31, 0, 0, 6, 38, 3, 0, 2, 0, 0, 0, 7, 0, 0, 0, 7, 0, 0, 0, 7, 0, 0, 0, 7, 0, 0, 0, 2, 0, 0, 0, 2, 1, 0, 0, 0, 17, 1, 0, 7, 0, 0, 0]",0.6931494385004043,0.5,0.4960578186596583,0.4960578186596583,0.4960578186596583,0.4960578186596583,7.117566651664674
"[7, 0, 0, 0, 8, 1, 2, 0, 1, 4, 0, 0, 6, 45, 2, 0, 1, 45, 0, 0, 7, 0, 0, 0, 1, 4, 0, 0, 7, 0, 0, 0, 8, 1, 2, 0, 7, 0, 0, 0, 4, 446, 0, 0, 3, 0, 0, 0]",0.6933828204870224,0.5,0.4863059452237809,0.4783180026281209,0.4822789002981119,0.4947437582128778,7.345852066509451
"[7, 0, 0, 0, 7, 0, 0, 0, 3, 0, 0, 0, 7, 0, 0, 0, 7, 0, 0, 0, 6, 17, 3, 0, 7, 0, 0, 0, 3, 0, 0, 0, 4, 246, 0, 0, 7, 0, 0, 0, 8, 3, 1, 0, 1, 4, 0, 0]",0.6933589607477189,0.5,0.5049447353112274,0.5703022339027596,0.5356371490280778,0.4408672798948752,196.85027340077795
"[4, 243, 0, 0, 1, 4, 0, 0, 1, 4, 0, 0, 0, 26, 0, 0, 8, 1, 2, 0, 3, 0, 0, 0, 6, 50, 2, 0, 3, 0, 0, 0, 1, 4, 0, 0, 7, 0, 0, 0, 7, 0, 0, 0, 8, 3, 1, 0]",0.6943459391593934,0.5,0.4984286612193589,0.5210249671484888,0.5094763893350466,0.4756898817345598,0.4824584485268133
"[7, 0, 0, 0, 7, 0, 0, 0, 7, 0, 0, 0, 2, 0, 0, 0, 0, 13, 0, 0, 8, 3, 2, 0, 0, 30, 0, 0, 7, 0, 0, 0, 8, 3, 2, 0, 7, 0, 0, 0, 2, 0, 0, 0, 0, 15, 1, 0]",0.6931491523981095,0.5,0.5141083521444695,0.5985545335085414,0.5531268973891925,0.4342969776609724,0.0433238307697934
"[8, 0, 2, 0, 8, 1, 2, 0, 8, 2, 2, 0, 7, 0, 0, 0, 6, 36, 1, 0, 7, 0, 0, 0, 0, 4, 0, 0, 3, 0, 0, 0, 7, 0, 0, 0, 3, 0, 0, 0, 1, 4, 0, 0, 1, 4, 0, 0]",0.6945934295654297,0.5,0.5097560975609756,0.5492772667542707,0.5287792536369387,0.4717477003942181,0.2712657456168017
"[6, 33, 2, 0, 8, 1, 1, 0, 7, 0, 0, 0, 3, 0, 0, 0, 7, 0, 0, 0, 0, 13, 0, 0, 8, 1, 1, 0, 8, 1, 2, 0, 7, 0, 0, 0, 7, 0, 0, 0, 7, 0, 0, 0, 2, 0, 0, 0]",0.6931465268135071,0.5,0.503380454824831,0.538107752956636,0.5201651317878692,0.469119579500657,0.06436610318087332
"[4, 394, 0, 0, 7, 0, 0, 0, 6, 57, 4, 0, 7, 0, 0, 0, 8, 2, 1, 0, 0, 25, 1, 0, 7, 0, 0, 0, 2, 1, 0, 0, 1, 4, 0, 0, 0, 20, 0, 0, 0, 21, 0, 0, 1, 21, 0, 0]",0.694474744796753,0.5,0.5110477548111191,0.4710906701708278,0.4902564102564102,0.5492772667542707,0.5344115010157111
"[7, 0, 0, 0, 2, 0, 0, 0, 8, 1, 2, 0, 3, 0, 0, 0, 6, 49, 4, 0, 7, 0, 0, 0, 8, 2, 2, 0, 7, 0, 0, 0, 1, 4, 0, 0, 7, 0, 0, 0, 0, 30, 1, 0, 7, 0, 0, 0]",0.692798188328743,0.5,0.5054517133956387,0.4264126149802891,0.4625801853171775,0.5827858081471747,0.5158146629248677
"[6, 44, 3, 0, 8, 1, 1, 0, 4, 315, 0, 0, 2, 0, 0, 0, 8, 2, 1, 0, 1, 4, 0, 0, 4, 371, 0, 0, 7, 0, 0, 0, 0, 25, 1, 0, 4, 29, 0, 0, 0, 7, 0, 0, 8, 2, 2, 0]",0.6938136726617813,0.5,0.5022573363431151,0.5847568988173456,0.5403764420157863,0.4204993429697766,0.06453457612775537
"[4, 259, 0, 0, 3, 0, 0, 0, 7, 0, 0, 0, 2, 1, 0, 0, 2, 1, 0, 0, 0, 14, 1, 0, 1, 14, 0, 0, 8, 2, 1, 0, 7, 0, 0, 0, 3, 0, 0, 0, 0, 18, 0, 0, 5, 0, 0, 0]",0.6924273014068604,0.5,0.488176563321072,0.6103810775295664,0.5424817518248175,0.3600525624178712,4.433438582869712
"[2, 0, 0, 0, 2, 0, 0, 0, 7, 0, 0, 0, 7, 0, 0, 0, 6, 46, 4, 0, 3, 0, 0, 0, 1, 4, 0, 0, 8, 2, 1, 0, 7, 0, 0, 0, 4, 303, 0, 0, 8, 1, 1, 0, 2, 1, 0, 0]",0.693507757782936,0.5,0.4987937273823884,0.5433639947437582,0.520125786163522,0.4540078843626807,0.9568545036418072
"[5, 0, 0, 0, 4, 162, 0, 0, 3, 0, 0, 0, 1, 4, 0, 0, 7, 0, 0, 0, 7, 0, 0, 0, 7, 0, 0, 0, 7, 0, 0, 0, 3, 0, 0, 0, 7, 0, 0, 0, 7, 0, 0, 0, 4, 302, 0, 0]",0.6941862910985946,0.5,0.4893854748603352,0.5755584756898817,0.5289855072463768,0.3994743758212877,0.0
"[0, 31, 1, 0, 8, 1, 1, 0, 8, 2, 1, 0, 2, 0, 0, 0, 1, 4, 0, 0, 0, 16, 1, 0, 2, 0, 0, 0, 2, 0, 0, 0, 1, 4, 0, 0, 3, 0, 0, 0, 8, 1, 2, 0, 4, 100, 0, 0]",0.6934637188911438,0.5,0.4914675767918088,0.4730617608409987,0.4820890525610981,0.5105124835742444,1.127410051994957
"[7, 0, 0, 0, 4, 421, 0, 0, 3, 0, 0, 0, 3, 0, 0, 0, 4, 18, 0, 0, 4, 237, 0, 0, 4, 377, 0, 0, 6, 61, 3, 0, 7, 0, 0, 0, 3, 0, 0, 0, 7, 0, 0, 0, 8, 1, 2, 0]",0.6933119714260101,0.5,0.5227272727272727,0.2568988173455979,0.3444933920704845,0.7654402102496715,0.3403012189739911
"[1, 4, 0, 0, 7, 0, 0, 0, 3, 0, 0, 0, 2, 1, 0, 0, 3, 0, 0, 0, 4, 8, 0, 0, 6, 27, 1, 0, 7, 0, 0, 0, 7, 0, 0, 0, 1, 4, 0, 0, 2, 0, 0, 0, 5, 0, 0, 0]",0.6973088502883911,0.5,0.4841833440929632,0.492772667542707,0.488440247476392,0.4750328515111695,62.02733413060196
"[7, 0, 0, 0, 5, 0, 0, 0, 7, 0, 0, 0, 7, 0, 0, 0, 7, 0, 0, 0, 7, 0, 0, 0, 1, 4, 0, 0, 7, 0, 0, 0, 7, 0, 0, 0, 7, 0, 0, 0, 7, 0, 0, 0, 3, 0, 0, 0]",0.6937537461519241,0.5,0.5061728395061729,0.511826544021025,0.508983992159425,0.5006570302233903,0.0
"[3, 0, 0, 0, 4, 226, 0, 0, 8, 2, 2, 0, 1, 4, 0, 0, 6, 19, 3, 0, 4, 240, 0, 0, 3, 0, 0, 0, 1, 4, 0, 0, 4, 496, 0, 0, 7, 0, 0, 0, 0, 23, 0, 0, 7, 0, 0, 0]",0.6931397557258606,0.5,0.5042016806722689,0.5913272010512484,0.5442999697611128,0.4185282522996058,8.222475426820893
"[2, 1, 0, 0, 0, 30, 0, 0, 3, 0, 0, 0, 4, 175, 0, 0, 7, 0, 0, 0, 8, 2, 1, 0, 0, 29, 0, 0, 1, 29, 0, 0, 3, 0, 0, 0, 2, 0, 0, 0, 2, 0, 0, 0, 5, 0, 0, 0]",0.6933141767978668,0.5,0.4963302752293578,0.3554533508541393,0.4142419601837672,0.6392904073587385,0.11198392192727624
"[8, 0, 2, 0, 7, 0, 0, 0, 3, 0, 0, 0, 3, 0, 0, 0, 6, 22, 4, 0, 1, 22, 0, 0, 4, 319, 0, 0, 3, 0, 0, 0, 1, 4, 0, 0, 8, 3, 1, 0, 7, 0, 0, 0, 7, 0, 0, 0]",0.6936055004596711,0.5,0.5031847133757962,0.4152431011826544,0.455003599712023,0.5900131406044679,3.8143537992673373
"[6, 19, 4, 0, 7, 0, 0, 0, 1, 4, 0, 0, 2, 1, 0, 0, 0, 25, 0, 0, 7, 0, 0, 0, 1, 4, 0, 0, 2, 1, 0, 0, 0, 12, 0, 0, 7, 0, 0, 0, 3, 0, 0, 0, 8, 2, 2, 0]",0.691845703125,0.5,0.5355191256830601,0.4507227332457293,0.4894755618979665,0.6090670170827858,0.09760309584453353
"[4, 487, 0, 0, 6, 20, 1, 0, 7, 0, 0, 0, 5, 0, 0, 0, 4, 398, 0, 0, 7, 0, 0, 0, 8, 3, 2, 0, 3, 0, 0, 0, 7, 0, 0, 0, 7, 0, 0, 0, 7, 0, 0, 0, 7, 0, 0, 0]",0.6932332187891006,0.5,0.52,0.2562417871222076,0.3433098591549295,0.7634691195795007,0.41357154838055976
"[1, 4, 0, 0, 6, 24, 4, 0, 1, 24, 0, 0, 7, 0, 0, 0, 7, 0, 0, 0, 7, 0, 0, 0, 7, 0, 0, 0, 1, 4, 0, 0, 4, 400, 0, 0, 5, 0, 0, 0, 4, 192, 0, 0, 4, 438, 0, 0]",0.6931845992803574,0.5,0.4848,0.1990801576872536,0.2822543083372147,0.7884362680683311,155.64988519682083
"[7, 0, 0, 0, 8, 1, 1, 0, 2, 1, 0, 0, 7, 0, 0, 0, 2, 0, 0, 0, 7, 0, 0, 0, 6, 50, 4, 0, 3, 0, 0, 0, 7, 0, 0, 0, 7, 0, 0, 0, 7, 0, 0, 0, 1, 4, 0, 0]",0.6955425471067429,0.5,0.4862385321100917,0.4875164257555847,0.4868766404199475,0.4848883048620236,93.84704166417941
"[8, 0, 2, 0, 7, 0, 0, 0, 2, 1, 0, 0, 3, 0, 0, 0, 4, 246, 0, 0, 2, 0, 0, 0, 7, 0, 0, 0, 2, 0, 0, 0, 5, 0, 0, 0, 4, 96, 0, 0, 4, 494, 0, 0, 1, 4, 0, 0]",0.6933540850877762,0.5,0.4936112979152656,0.4822601839684625,0.4878697241608508,0.5052562417871223,0.0
"[5, 0, 0, 0, 4, 103, 0, 0, 4, 181, 0, 0, 1, 4, 0, 0, 7, 0, 0, 0, 7, 0, 0, 0, 4, 270, 0, 0, 1, 4, 0, 0, 1, 4, 0, 0, 1, 4, 0, 0, 7, 0, 0, 0, 7, 0, 0, 0]",0.6934897512197494,0.5,0.5066585956416465,0.5499342969776609,0.5274102079395085,0.4645203679369251,0.0
"[7, 0, 0, 0, 8, 1, 2, 0, 1, 4, 0, 0, 2, 0, 0, 0, 1, 4, 0, 0, 4, 116, 0, 0, 7, 0, 0, 0, 3, 0, 0, 0, 7, 0, 0, 0, 4, 373, 0, 0, 7, 0, 0, 0, 7, 0, 0, 0]",0.693872156739235,0.5,0.4984930681133213,0.5433639947437582,0.5199622760138322,0.4533508541392904,159.38387982547283
"[6, 62, 4, 0, 1, 62, 0, 0, 0, 22, 0, 0, 7, 0, 0, 0, 4, 233, 0, 0, 8, 3, 1, 0, 5, 0, 0, 0, 4, 392, 0, 0, 7, 0, 0, 0, 7, 0, 0, 0, 4, 323, 0, 0, 3, 0, 0, 0]",0.6932770848274231,0.5,0.5,0.5223390275952694,0.5109254498714653,0.4776609724047306,10.673730934518971
"[8, 0, 1, 0, 2, 0, 0, 0, 4, 69, 0, 0, 8, 3, 2, 0, 1, 4, 0, 0, 4, 81, 0, 0, 8, 1, 1, 0, 3, 0, 0, 0, 2, 1, 0, 0, 0, 6, 1, 0, 2, 0, 0, 0, 3, 0, 0, 0]",0.6934637695550918,0.5,0.500351370344343,0.4678055190538764,0.4835314091680815,0.5328515111695138,1.369251566240564
"[4, 222, 0, 0, 0, 5, 1, 0, 6, 6, 3, 0, 7, 0, 0, 0, 4, 291, 0, 0, 8, 2, 2, 0, 4, 122, 0, 0, 7, 0, 0, 0, 0, 4, 0, 0, 8, 3, 2, 0, 8, 1, 2, 0, 5, 0, 0, 0]",0.6933318108320237,0.5,0.5014836795252225,0.6662286465177398,0.572234762979684,0.3377135348226018,0.01211193317606496
"[2, 0, 0, 0, 6, 40, 4, 0, 2, 0, 0, 0, 7, 0, 0, 0, 3, 0, 0, 0, 3, 0, 0, 0, 7, 0, 0, 0, 4, 168, 0, 0, 0, 10, 1, 0, 1, 10, 0, 0, 4, 414, 0, 0, 1, 4, 0, 0]",0.6932004362344741,0.5,0.5092485549132948,0.5788436268068331,0.541820418204182,0.4421813403416557,63.93136423965916
"[7, 0, 0, 0, 4, 106, 0, 0, 3, 0, 0, 0, 7, 0, 0, 0, 2, 0, 0, 0, 7, 0, 0, 0, 3, 0, 0, 0, 3, 0, 0, 0, 4, 342, 0, 0, 0, 12, 0, 0, 3, 0, 0, 0, 1, 4, 0, 0]",0.6935434311628341,0.5,0.5092975206611571,0.6478318002628121,0.5702718334297282,0.3758212877792378,0.4388801769919155
"[5, 0, 0, 0, 4, 329, 0, 0, 7, 0, 0, 0, 4, 373, 0, 0, 7, 0, 0, 0, 7, 0, 0, 0, 3, 0, 0, 0, 1, 4, 0, 0, 7, 0, 0, 0, 1, 4, 0, 0, 7, 0, 0, 0, 7, 0, 0, 0]",0.6939950823783875,0.5,0.5070175438596491,0.5696452036793692,0.536509900990099,0.4461235216819973,0.0
"[6, 40, 4, 0, 2, 1, 0, 0, 2, 0, 0, 0, 7, 0, 0, 0, 3, 0, 0, 0, 1, 4, 0, 0, 4, 31, 0, 0, 8, 3, 1, 0, 1, 4, 0, 0, 4, 446, 0, 0, 7, 0, 0, 0, 1, 4, 0, 0]",0.6931298941373825,0.5,0.4995,0.6563731931668857,0.5672913117546848,0.3423127463863337,12.007467193587217
"[3, 0, 0, 0, 3, 0, 0, 0, 1, 4, 0, 0, 6, 59, 3, 0, 7, 0, 0, 0, 8, 2, 1, 0, 7, 0, 0, 0, 0, 28, 1, 0, 7, 0, 0, 0, 7, 0, 0, 0, 8, 3, 2, 0, 5, 0, 0, 0]",0.6932259291410446,0.5,0.4874696847210994,0.3961892247043364,0.4371148967017035,0.5834428383705651,2.262856397777796
"[1, 4, 0, 0, 0, 30, 1, 0, 7, 0, 0, 0, 8, 3, 2, 0, 8, 3, 2, 0, 8, 3, 2, 0, 1, 4, 0, 0, 7, 0, 0, 0, 2, 0, 0, 0, 7, 0, 0, 0, 1, 4, 0, 0, 5, 0, 0, 0]",0.6663655012845993,0.5,0.5278733654507914,0.5039421813403416,0.5156302521008403,0.5492772667542707,0.006235218363997319
"[3, 0, 0, 0, 7, 0, 0, 0, 8, 1, 1, 0, 7, 0, 0, 0, 1, 4, 0, 0, 0, 11, 0, 0, 2, 0, 0, 0, 7, 0, 0, 0, 7, 0, 0, 0, 2, 1, 0, 0, 7, 0, 0, 0, 6, 14, 4, 0]",0.693054935336113,0.5,0.5107746068724519,0.576215505913272,0.5415251620870639,0.4480946123521682,29.08866444299929
"[4, 209, 0, 0, 8, 1, 1, 0, 1, 4, 0, 0, 7, 0, 0, 0, 3, 0, 0, 0, 4, 160, 0, 0, 8, 3, 2, 0, 4, 220, 0, 0, 4, 440, 0, 0, 7, 0, 0, 0, 8, 2, 1, 0, 7, 0, 0, 0]",0.69309361577034,0.5,0.5112,0.4198423127463863,0.461038961038961,0.5985545335085414,0.024929411502434107
"[3, 0, 0, 0, 1, 4, 0, 0, 3, 0, 0, 0, 4, 164, 0, 0, 0, 11, 1, 0, 3, 0, 0, 0, 7, 0, 0, 0, 3, 0, 0, 0, 8, 3, 2, 0, 8, 3, 1, 0, 4, 202, 0, 0, 1, 4, 0, 0]",0.693584880232811,0.5,0.4900302114803625,0.5328515111695138,0.5105445388731508,0.4454664914586071,0.3586338934273954
"[8, 0, 1, 0, 3, 0, 0, 0, 7, 0, 0, 0, 0, 15, 1, 0, 8, 1, 2, 0, 8, 1, 2, 0, 5, 0, 0, 0, 7, 0, 0, 0, 7, 0, 0, 0, 7, 0, 0, 0, 7, 0, 0, 0, 8, 2, 2, 0]",0.6836910218000412,0.5,0.4898813677599442,0.4612352168199737,0.4751269035532995,0.5197109067017083,0.0060173488200234715
"[6, 12, 4, 0, 7, 0, 0, 0, 3, 0, 0, 0, 1, 4, 0, 0, 3, 0, 0, 0, 7, 0, 0, 0, 2, 0, 0, 0, 0, 19, 1, 0, 3, 0, 0, 0, 2, 0, 0, 0, 8, 1, 1, 0, 4, 313, 0, 0]",0.6933490931987762,0.5,0.5030203185063152,0.6018396846254928,0.5480107687705653,0.4053876478318002,1.8130120912792336
"[8, 0, 2, 0, 8, 1, 1, 0, 8, 2, 1, 0, 6, 55, 3, 0, 1, 55, 0, 0, 8, 2, 1, 0, 8, 2, 1, 0, 0, 6, 1, 0, 5, 0, 0, 0, 7, 0, 0, 0, 1, 4, 0, 0, 1, 4, 0, 0]",0.7148806363344192,0.5,0.5109926715522984,0.5039421813403416,0.5074429374793252,0.5177398160315374,0.0
"[3, 0, 0, 0, 4, 372, 0, 0, 7, 0, 0, 0, 0, 8, 0, 0, 3, 0, 0, 0, 6, 51, 4, 0, 4, 50, 0, 0, 8, 3, 1, 0, 0, 6, 0, 0, 1, 6, 0, 0, 7, 0, 0, 0, 2, 0, 0, 0]",0.6933115422725677,0.5,0.4903368304803975,0.5834428383705651,0.5328532853285328,0.3935611038107753,0.03471546955586291
"[7, 0, 0, 0, 2, 1, 0, 0, 6, 43, 1, 0, 7, 0, 0, 0, 7, 0, 0, 0, 7, 0, 0, 0, 4, 115, 0, 0, 4, 215, 0, 0, 2, 1, 0, 0, 7, 0, 0, 0, 7, 0, 0, 0, 7, 0, 0, 0]",0.6933494180440902,0.5,0.4978775015160703,0.5394218134034166,0.5178177231157364,0.4559789750328515,0.5351014253174071
"[6, 51, 2, 0, 4, 62, 0, 0, 1, 4, 0, 0, 1, 4, 0, 0, 7, 0, 0, 0, 1, 4, 0, 0, 0, 18, 1, 0, 3, 0, 0, 0, 3, 0, 0, 0, 4, 30, 0, 0, 2, 1, 0, 0, 7, 0, 0, 0]",0.6943400293588639,0.5,0.490084985835694,0.3409986859395532,0.4021697016660209,0.6452036793692509,6.327928095939569
"[2, 1, 0, 0, 8, 1, 1, 0, 8, 2, 2, 0, 0, 18, 0, 0, 2, 1, 0, 0, 4, 245, 0, 0, 1, 4, 0, 0, 7, 0, 0, 0, 2, 1, 0, 0, 6, 56, 3, 0, 2, 0, 0, 0, 4, 271, 0, 0]",0.6930296391248703,0.5,0.5207253886010362,0.1320630749014454,0.210691823899371,0.878449408672799,0.08214001107262447
"[8, 0, 1, 0, 8, 1, 1, 0, 7, 0, 0, 0, 3, 0, 0, 0, 3, 0, 0, 0, 7, 0, 0, 0, 1, 4, 0, 0, 2, 1, 0, 0, 6, 8, 4, 0, 1, 8, 0, 0, 1, 4, 0, 0, 4, 167, 0, 0]",0.6939909964799881,0.5,0.4944411936805149,0.5551905387647832,0.5230578768183225,0.4323258869908016,123.24629599787295
"[7, 0, 0, 0, 0, 12, 1, 0, 1, 12, 0, 0, 8, 2, 2, 0, 0, 8, 0, 0, 6, 8, 4, 0, 0, 22, 0, 0, 7, 0, 0, 0, 1, 4, 0, 0, 8, 1, 2, 0, 7, 0, 0, 0, 8, 2, 1, 0]",0.6833980917930603,0.5,0.5044080604534005,0.526281208935611,0.5151125401929261,0.4829172141918528,2.97107453760691
"[7, 0, 0, 0, 5, 0, 0, 0, 4, 288, 0, 0, 1, 4, 0, 0, 7, 0, 0, 0, 3, 0, 0, 0, 3, 0, 0, 0, 7, 0, 0, 0, 7, 0, 0, 0, 1, 4, 0, 0, 8, 1, 2, 0, 1, 4, 0, 0]",0.6956527143716812,0.5,0.5122828040742959,0.561760840998686,0.5358821685991852,0.4651773981603154,0.0
"[2, 1, 0, 0, 6, 5, 2, 0, 5, 0, 0, 0, 7, 0, 0, 0, 4, 489, 0, 0, 3, 0, 0, 0, 1, 4, 0, 0, 7, 0, 0, 0, 7, 0, 0, 0, 4, 283, 0, 0, 3, 0, 0, 0, 7, 0, 0, 0]",0.6933006942272186,0.5,0.5036231884057971,0.5479632063074902,0.5248584015103839,0.4599211563731931,0.0
"[6, 48, 2, 0, 4, 33, 0, 0, 2, 1, 0, 0, 4, 418, 0, 0, 4, 211, 0, 0, 8, 3, 2, 0, 7, 0, 0, 0, 7, 0, 0, 0, 7, 0, 0, 0, 7, 0, 0, 0, 7, 0, 0, 0, 1, 4, 0, 0]",0.6931184589862823,0.5,0.4904815229563269,0.5755584756898817,0.5296251511487303,0.4021024967148489,2.15863109726979
"[0, 15, 1, 0, 8, 1, 2, 0, 8, 1, 2, 0, 1, 4, 0, 0, 4, 275, 0, 0, 2, 1, 0, 0, 2, 0, 0, 0, 7, 0, 0, 0, 0, 10, 1, 0, 4, 12, 0, 0, 4, 136, 0, 0, 6, 10, 4, 0]",0.6937763959169387,0.5,0.5203442879499217,0.4369250985545335,0.475,0.5972404730617609,0.011351215294936878
"[7, 0, 0, 0, 6, 29, 4, 0, 7, 0, 0, 0, 1, 4, 0, 0, 3, 0, 0, 0, 8, 3, 1, 0, 7, 0, 0, 0, 3, 0, 0, 0, 1, 4, 0, 0, 7, 0, 0, 0, 1, 4, 0, 0, 8, 2, 2, 0]",0.6981295228004456,0.5,0.4977116704805492,0.5716162943495401,0.5321100917431193,0.4231274638633377,134.93438430922106
"[0, 12, 1, 0, 2, 0, 0, 0, 3, 0, 0, 0, 8, 3, 1, 0, 7, 0, 0, 0, 4, 449, 0, 0, 1, 4, 0, 0, 3, 0, 0, 0, 4, 431, 0, 0, 7, 0, 0, 0, 4, 453, 0, 0, 6, 34, 4, 0]",0.6931989759206771,0.5,0.5027870680044593,0.5926412614980289,0.5440289505428226,0.4139290407358738,19.058185217436403
"[7, 0, 0, 0, 2, 1, 0, 0, 1, 4, 0, 0, 0, 30, 0, 0, 8, 2, 1, 0, 8, 3, 2, 0, 7, 0, 0, 0, 7, 0, 0, 0, 7, 0, 0, 0, 3, 0, 0, 0, 3, 0, 0, 0, 7, 0, 0, 0]",0.690177446603775,0.5,0.4926866820631255,0.4204993429697766,0.4537398085785182,0.5670170827858082,0.045111973257007776
"[4, 423, 0, 0, 2, 1, 0, 0, 7, 0, 0, 0, 8, 3, 2, 0, 7, 0, 0, 0, 2, 1, 0, 0, 1, 4, 0, 0, 7, 0, 0, 0, 4, 63, 0, 0, 8, 2, 2, 0, 7, 0, 0, 0, 0, 11, 1, 0]",0.6938525170087815,0.5,0.497787610619469,0.4434954007884362,0.4690757470465601,0.5525624178712221,0.020333385038611596
"[0, 9, 1, 0, 7, 0, 0, 0, 2, 1, 0, 0, 1, 4, 0, 0, 4, 273, 0, 0, 8, 2, 1, 0, 5, 0, 0, 0, 7, 0, 0, 0, 8, 3, 1, 0, 3, 0, 0, 0, 7, 0, 0, 0, 7, 0, 0, 0]",0.693521511554718,0.5,0.5052689961175818,0.5985545335085414,0.5479699248120301,0.4139290407358738,0.026130239260965027
"[8, 0, 2, 0, 2, 0, 0, 0, 2, 1, 0, 0, 2, 1, 0, 0, 8, 3, 2, 0, 8, 1, 2, 0, 0, 12, 0, 0, 6, 56, 1, 0, 3, 0, 0, 0, 4, 238, 0, 0, 2, 1, 0, 0, 2, 0, 0, 0]",0.6934711903333663,0.5,0.4963913392141139,0.4067017082785808,0.4470928132899964,0.5873850197109067,0.0452666220953688
"[6, 55, 4, 0, 8, 1, 1, 0, 7, 0, 0, 0, 1, 4, 0, 0, 2, 0, 0, 0, 7, 0, 0, 0, 7, 0, 0, 0, 7, 0, 0, 0, 4, 405, 0, 0, 0, 15, 0, 0, 8, 2, 2, 0, 2, 1, 0, 0]",0.6932679831981658,0.5,0.5017142857142857,0.5768725361366623,0.5366748166259169,0.4270696452036793,0.19683928346057655
"[2, 1, 0, 0, 7, 0, 0, 0, 0, 17, 0, 0, 2, 0, 0, 0, 8, 2, 1, 0, 6, 7, 3, 0, 2, 1, 0, 0, 3, 0, 0, 0, 3, 0, 0, 0, 4, 304, 0, 0, 4, 178, 0, 0, 1, 4, 0, 0]",0.6932054907083511,0.5,0.492090395480226,0.5722733245729303,0.5291616038882139,0.4093298291721419,17.200413623824716
"[2, 1, 0, 0, 8, 1, 2, 0, 4, 188, 0, 0, 6, 49, 4, 0, 7, 0, 0, 0, 0, 9, 1, 0, 8, 1, 2, 0, 2, 1, 0, 0, 7, 0, 0, 0, 2, 1, 0, 0, 7, 0, 0, 0, 1, 4, 0, 0]",0.6939207971096039,0.5,0.4872021182700794,0.3626806833114323,0.415819209039548,0.6182654402102497,0.010861753313292866
"[8, 0, 2, 0, 7, 0, 0, 0, 8, 2, 2, 0, 6, 51, 4, 0, 7, 0, 0, 0, 3, 0, 0, 0, 7, 0, 0, 0, 2, 1, 0, 0, 2, 0, 0, 0, 1, 4, 0, 0, 4, 168, 0, 0, 7, 0, 0, 0]",0.6939736723899841,0.5,0.4844928751047779,0.3797634691195795,0.4257826887661142,0.5959264126149802,1.856585112742323
"[1, 4, 0, 0, 5, 0, 0, 0, 4, 309, 0, 0, 1, 4, 0, 0, 8, 3, 1, 0, 3, 0, 0, 0, 8, 3, 2, 0, 7, 0, 0, 0, 1, 4, 0, 0, 4, 137, 0, 0, 7, 0, 0, 0, 7, 0, 0, 0]",0.6935826539993286,0.5,0.4949899799599198,0.4868593955321945,0.4908910235177211,0.5032851511169514,0.0
"[0, 29, 1, 0, 2, 1, 0, 0, 5, 0, 0, 0, 4, 423, 0, 0, 7, 0, 0, 0, 8, 2, 1, 0, 7, 0, 0, 0, 3, 0, 0, 0, 7, 0, 0, 0, 8, 2, 2, 0, 7, 0, 0, 0, 7, 0, 0, 0]",0.6931106507778168,0.5,0.5032383419689119,0.5105124835742444,0.5068493150684932,0.4960578186596583,55.423896110383794
"[6, 7, 4, 0, 2, 1, 0, 0, 7, 0, 0, 0, 8, 1, 2, 0, 2, 1, 0, 0, 1, 4, 0, 0, 8, 3, 1, 0, 1, 4, 0, 0, 2, 0, 0, 0, 7, 0, 0, 0, 1, 4, 0, 0, 4, 202, 0, 0]",0.6943369001150131,0.5,0.4961470065204505,0.5499342969776609,0.5216578373325024,0.4415243101182654,0.6529748378088698
"[8, 0, 2, 0, 3, 0, 0, 0, 3, 0, 0, 0, 2, 0, 0, 0, 3, 0, 0, 0, 6, 42, 2, 0, 7, 0, 0, 0, 7, 0, 0, 0, 1, 4, 0, 0, 5, 0, 0, 0, 4, 298, 0, 0, 7, 0, 0, 0]",0.6952181458473206,0.5,0.5102717031146454,0.5059132720105125,0.5080831408775982,0.514454664914586,4.919535078341141
"[0, 16, 1, 0, 3, 0, 0, 0, 2, 1, 0, 0, 8, 1, 2, 0, 7, 0, 0, 0, 8, 3, 2, 0, 3, 0, 0, 0, 7, 0, 0, 0, 0, 4, 0, 0, 1, 4, 0, 0, 1, 4, 0, 0, 2, 1, 0, 0]",0.6995858818292617,0.5,0.5032216494845361,0.5131406044678055,0.5081327260897853,0.4934296977660972,1.1172745721414685
"[7, 0, 0, 0, 1, 4, 0, 0, 7, 0, 0, 0, 6, 5, 4, 0, 7, 0, 0, 0, 8, 1, 2, 0, 2, 1, 0, 0, 3, 0, 0, 0, 0, 20, 1, 0, 1, 20, 0, 0, 2, 0, 0, 0, 3, 0, 0, 0]",0.7098589837551117,0.5,0.4954184483811851,0.5328515111695138,0.5134536245647356,0.457293035479632,22.655475762672722
"[0, 18, 1, 0, 7, 0, 0, 0, 4, 291, 0, 0, 2, 1, 0, 0, 1, 4, 0, 0, 8, 2, 1, 0, 7, 0, 0, 0, 1, 4, 0, 0, 8, 2, 1, 0, 6, 18, 4, 0, 7, 0, 0, 0, 3, 0, 0, 0]",0.6949005782604217,0.5,0.496,0.5703022339027596,0.530562347188264,0.4204993429697766,0.5667025886941701
"[3, 0, 0, 0, 6, 24, 1, 0, 4, 487, 0, 0, 7, 0, 0, 0, 8, 3, 1, 0, 2, 1, 0, 0, 2, 1, 0, 0, 4, 347, 0, 0, 2, 1, 0, 0, 0, 22, 0, 0, 2, 1, 0, 0, 0, 29, 1, 0]",0.6930702269077301,0.5,0.4986666666666666,0.4914586070959264,0.4950363997352746,0.5059132720105125,0.018336910474317847
"[1, 4, 0, 0, 2, 0, 0, 0, 0, 31, 0, 0, 4, 211, 0, 0, 7, 0, 0, 0, 0, 19, 1, 0, 1, 19, 0, 0, 7, 0, 0, 0, 6, 8, 4, 0, 1, 8, 0, 0, 1, 4, 0, 0, 7, 0, 0, 0]",0.6951421350240707,0.5,0.5121400338791643,0.5959264126149802,0.5508654722137868,0.4323258869908016,13.52431185496971
"[7, 0, 0, 0, 3, 0, 0, 0, 2, 0, 0, 0, 7, 0, 0, 0, 8, 3, 2, 0, 0, 24, 0, 0, 7, 0, 0, 0, 0, 9, 0, 0, 1, 9, 0, 0, 7, 0, 0, 0, 2, 1, 0, 0, 3, 0, 0, 0]",0.6971181958913804,0.5,0.4932486100079428,0.4080157687253614,0.4466019417475728,0.580814717477004,24.74194448092021
"[0, 12, 1, 0, 2, 1, 0, 0, 3, 0, 0, 0, 6, 22, 2, 0, 4, 448, 0, 0, 8, 2, 2, 0, 7, 0, 0, 0, 4, 249, 0, 0, 4, 209, 0, 0, 7, 0, 0, 0, 4, 64, 0, 0, 7, 0, 0, 0]",0.6932229697704315,0.5,0.4908088235294117,0.1754270696452037,0.2584704743465634,0.8180026281208935,0.019932721821987798
"[3, 0, 0, 0, 2, 0, 0, 0, 7, 0, 0, 0, 7, 0, 0, 0, 2, 0, 0, 0, 7, 0, 0, 0, 3, 0, 0, 0, 1, 4, 0, 0, 8, 3, 2, 0, 3, 0, 0, 0, 6, 11, 1, 0, 5, 0, 0, 0]",0.6959774196147919,0.5,0.4886572654812998,0.5236530880420499,0.5055502695845226,0.4520367936925099,147.54643330862746
"[0, 27, 1, 0, 2, 1, 0, 0, 8, 1, 2, 0, 3, 0, 0, 0, 8, 1, 1, 0, 7, 0, 0, 0, 3, 0, 0, 0, 4, 245, 0, 0, 1, 4, 0, 0, 3, 0, 0, 0, 7, 0, 0, 0, 1, 4, 0, 0]",0.6937945127487183,0.5,0.5058580289455548,0.4822601839684625,0.4937773292970064,0.5289093298291722,0.08601440635538893
"[2, 1, 0, 0, 7, 0, 0, 0, 7, 0, 0, 0, 8, 2, 1, 0, 4, 450, 0, 0, 7, 0, 0, 0, 7, 0, 0, 0, 6, 58, 2, 0, 1, 58, 0, 0, 3, 0, 0, 0, 1, 4, 0, 0, 3, 0, 0, 0]",0.6940727353096008,0.5,0.4943971313312416,0.7247043363994744,0.5877964295230482,0.2588699080157687,3.4207599085348193
"[0, 14, 1, 0, 7, 0, 0, 0, 0, 18, 0, 0, 2, 1, 0, 0, 6, 16, 3, 0, 0, 20, 0, 0, 7, 0, 0, 0, 8, 2, 2, 0, 8, 3, 1, 0, 3, 0, 0, 0, 1, 4, 0, 0, 1, 4, 0, 0]",0.6989987760782241,0.5,0.484,0.3975032851511169,0.4365079365079365,0.576215505913272,0.023352622163201886
"[7, 0, 0, 0, 6, 62, 4, 0, 4, 201, 0, 0, 7, 0, 0, 0, 2, 0, 0, 0, 7, 0, 0, 0, 1, 4, 0, 0, 3, 0, 0, 0, 0, 15, 1, 0, 2, 0, 0, 0, 1, 4, 0, 0, 0, 26, 1, 0]",0.6925609260797501,0.5,0.4869039623908663,0.4763469119579501,0.4815675855197608,0.4980289093298292,0.4243724523767014
"[0, 14, 0, 0, 0, 8, 0, 0, 6, 19, 4, 0, 0, 14, 0, 0, 5, 0, 0, 0, 7, 0, 0, 0, 7, 0, 0, 0, 7, 0, 0, 0, 7, 0, 0, 0, 7, 0, 0, 0, 4, 304, 0, 0, 1, 4, 0, 0]",0.6932996392250061,0.5,0.4992867332382311,0.6898817345597897,0.5793103448275863,0.3081471747700394,0.0
"[3, 0, 0, 0, 5, 0, 0, 0, 4, 359, 0, 0, 7, 0, 0, 0, 7, 0, 0, 0, 3, 0, 0, 0, 7, 0, 0, 0, 4, 508, 0, 0, 1, 4, 0, 0, 7, 0, 0, 0, 1, 4, 0, 0, 3, 0, 0, 0]",0.6941543459892273,0.5,0.5103645461043602,0.469119579500657,0.4888736733995207,0.5499342969776609,0.0
"[0, 13, 1, 0, 3, 0, 0, 0, 4, 88, 0, 0, 7, 0, 0, 0, 8, 3, 2, 0, 2, 1, 0, 0, 7, 0, 0, 0, 4, 425, 0, 0, 7, 0, 0, 0, 7, 0, 0, 0, 6, 45, 4, 0, 5, 0, 0, 0]",0.6931233793497086,0.5,0.508,0.5840998685939554,0.543398533007335,0.4342969776609724,0.026106350440613824
"[7, 0, 0, 0, 2, 0, 0, 0, 8, 1, 2, 0, 1, 4, 0, 0, 0, 31, 0, 0, 7, 0, 0, 0, 7, 0, 0, 0, 2, 0, 0, 0, 4, 221, 0, 0, 8, 1, 2, 0, 6, 47, 4, 0, 0, 31, 0, 0]",0.6930093199014664,0.5,0.5017229496898691,0.4783180026281209,0.489741002354524,0.5249671484888305,14.499275139241945
"[7, 0, 0, 0, 3, 0, 0, 0, 1, 4, 0, 0, 0, 24, 1, 0, 7, 0, 0, 0, 7, 0, 0, 0, 2, 0, 0, 0, 7, 0, 0, 0, 3, 0, 0, 0, 2, 1, 0, 0, 7, 0, 0, 0, 5, 0, 0, 0]",0.6935778558254242,0.5,0.5068382944489139,0.4139290407358738,0.4556962025316455,0.5972404730617609,0.15722813180400408
"[2, 1, 0, 0, 3, 0, 0, 0, 6, 52, 4, 0, 7, 0, 0, 0, 1, 4, 0, 0, 8, 1, 1, 0, 8, 1, 2, 0, 8, 2, 1, 0, 4, 113, 0, 0, 7, 0, 0, 0, 8, 1, 2, 0, 7, 0, 0, 0]",0.6940759778022766,0.5,0.488645920941968,0.3817345597897503,0.4286241239395057,0.6005256241787122,1.1406447985136765
"[6, 61, 3, 0, 7, 0, 0, 0, 3, 0, 0, 0, 2, 1, 0, 0, 8, 3, 1, 0, 7, 0, 0, 0, 0, 7, 1, 0, 7, 0, 0, 0, 2, 0, 0, 0, 7, 0, 0, 0, 0, 6, 0, 0, 7, 0, 0, 0]",0.6931072413921356,0.5,0.5144542772861357,0.5729303547963206,0.5421199875660553,0.4592641261498029,3.367173595353961
"[6, 47, 4, 0, 2, 1, 0, 0, 7, 0, 0, 0, 7, 0, 0, 0, 3, 0, 0, 0, 7, 0, 0, 0, 8, 1, 2, 0, 0, 18, 1, 0, 2, 0, 0, 0, 1, 4, 0, 0, 7, 0, 0, 0, 0, 22, 0, 0]",0.6932012259960174,0.5,0.4975024975024975,0.6544021024967148,0.565266742338252,0.3390275952693823,0.044869001857478
"[1, 4, 0, 0, 1, 4, 0, 0, 2, 1, 0, 0, 3, 0, 0, 0, 4, 247, 0, 0, 0, 5, 0, 0, 6, 29, 4, 0, 0, 30, 1, 0, 7, 0, 0, 0, 2, 1, 0, 0, 1, 4, 0, 0, 4, 290, 0, 0]",0.6931330680847168,0.5,0.4997272231314784,0.6018396846254928,0.5460506706408346,0.3975032851511169,8.377524808980525
"[3, 0, 0, 0, 3, 0, 0, 0, 6, 40, 4, 0, 4, 476, 0, 0, 7, 0, 0, 0, 0, 28, 0, 0, 0, 8, 1, 0, 3, 0, 0, 0, 0, 22, 1, 0, 3, 0, 0, 0, 7, 0, 0, 0, 5, 0, 0, 0]",0.6932875633239746,0.5,0.492772667542707,0.492772667542707,0.492772667542707,0.492772667542707,0.12996422283322318
"[7, 0, 0, 0, 7, 0, 0, 0, 3, 0, 0, 0, 2, 0, 0, 0, 6, 8, 4, 0, 8, 2, 2, 0, 4, 498, 0, 0, 5, 0, 0, 0, 7, 0, 0, 0, 1, 4, 0, 0, 1, 4, 0, 0, 1, 4, 0, 0]",0.6985643297433853,0.5,0.5060799073537927,0.5742444152431012,0.5380116959064327,0.4395532194480946,0.0
"[7, 0, 0, 0, 2, 0, 0, 0, 6, 41, 3, 0, 7, 0, 0, 0, 2, 0, 0, 0, 3, 0, 0, 0, 3, 0, 0, 0, 4, 382, 0, 0, 2, 1, 0, 0, 4, 68, 0, 0, 2, 0, 0, 0, 3, 0, 0, 0]",0.6932522058486938,0.5,0.5,0.576215505913272,0.5354090354090354,0.4237844940867279,114.74511447316036
"[1, 4, 0, 0, 2, 0, 0, 0, 1, 4, 0, 0, 8, 2, 1, 0, 7, 0, 0, 0, 8, 1, 2, 0, 4, 457, 0, 0, 0, 13, 1, 0, 4, 133, 0, 0, 7, 0, 0, 0, 1, 4, 0, 0, 4, 339, 0, 0]",0.6933598071336746,0.5,0.4980370162647223,0.5834428383705651,0.5373676248108926,0.411957950065703,0.16541073819553276
"[2, 0, 0, 0, 7, 0, 0, 0, 7, 0, 0, 0, 2, 0, 0, 0, 8, 1, 1, 0, 4, 241, 0, 0, 6, 28, 2, 0, 3, 0, 0, 0, 1, 4, 0, 0, 7, 0, 0, 0, 2, 1, 0, 0, 4, 209, 0, 0]",0.6935599416494369,0.5,0.4930901050304035,0.5860709592641261,0.5355749024317021,0.3975032851511169,0.5110503903961217
"[1, 4, 0, 0, 3, 0, 0, 0, 7, 0, 0, 0, 7, 0, 0, 0, 2, 1, 0, 0, 4, 401, 0, 0, 7, 0, 0, 0, 0, 19, 0, 0, 7, 0, 0, 0, 0, 30, 1, 0, 7, 0, 0, 0, 4, 384, 0, 0]",0.6931921154260635,0.5,0.5109970674486803,0.4579500657030223,0.483021483021483,0.561760840998686,40.14062517043203
"[7, 0, 0, 0, 4, 109, 0, 0, 0, 15, 0, 0, 1, 15, 0, 0, 4, 165, 0, 0, 8, 3, 1, 0, 4, 274, 0, 0, 0, 24, 1, 0, 8, 2, 2, 0, 4, 212, 0, 0, 8, 3, 2, 0, 1, 4, 0, 0]",0.6932673960924148,0.5,0.495400788436268,0.495400788436268,0.495400788436268,0.495400788436268,0.011681372680897084
"[8, 0, 2, 0, 8, 1, 1, 0, 6, 54, 3, 0, 7, 0, 0, 0, 7, 0, 0, 0, 8, 3, 1, 0, 7, 0, 0, 0, 2, 0, 0, 0, 8, 3, 2, 0, 5, 0, 0, 0, 4, 99, 0, 0, 7, 0, 0, 0]",0.6933762729167938,0.5,0.50330542089026,0.7503285151116952,0.6024795568451596,0.259526938239159,2.950840170815354
"[7, 0, 0, 0, 3, 0, 0, 0, 4, 292, 0, 0, 3, 0, 0, 0, 1, 4, 0, 0, 5, 0, 0, 0, 7, 0, 0, 0, 7, 0, 0, 0, 3, 0, 0, 0, 1, 4, 0, 0, 7, 0, 0, 0, 4, 213, 0, 0]",0.6937450885772705,0.5,0.5014858841010401,0.4434954007884362,0.4707112970711297,0.5591327201051248,0.0
"[4, 379, 0, 0, 8, 1, 2, 0, 6, 63, 2, 0, 8, 1, 2, 0, 1, 4, 0, 0, 1, 4, 0, 0, 7, 0, 0, 0, 7, 0, 0, 0, 5, 0, 0, 0, 4, 348, 0, 0, 7, 0, 0, 0, 7, 0, 0, 0]",0.693169105052948,0.5,0.5,0.3666228646517739,0.4230477634571645,0.633377135348226,0.4183060241534804
"[6, 21, 4, 0, 4, 101, 0, 0, 4, 278, 0, 0, 7, 0, 0, 0, 2, 1, 0, 0, 7, 0, 0, 0, 7, 0, 0, 0, 4, 344, 0, 0, 1, 4, 0, 0, 8, 2, 2, 0, 7, 0, 0, 0, 7, 0, 0, 0]",0.6929851442575454,0.5,0.4644268774703557,0.1544021024967148,0.2317554240631163,0.8219448094612353,0.057422713162850414
"[7, 0, 0, 0, 3, 0, 0, 0, 5, 0, 0, 0, 4, 110, 0, 0, 7, 0, 0, 0, 4, 256, 0, 0, 8, 1, 1, 0, 3, 0, 0, 0, 7, 0, 0, 0, 3, 0, 0, 0, 7, 0, 0, 0, 3, 0, 0, 0]",0.6935253858566284,0.5,0.4988104678826328,0.4132720105124836,0.4520301832554797,0.5847568988173456,1.1611334237431947
"[7, 0, 0, 0, 8, 1, 2, 0, 2, 1, 0, 0, 4, 341, 0, 0, 2, 0, 0, 0, 3, 0, 0, 0, 0, 30, 1, 0, 7, 0, 0, 0, 8, 3, 1, 0, 7, 0, 0, 0, 1, 4, 0, 0, 3, 0, 0, 0]",0.6961639523506165,0.5,0.4973913043478261,0.5637319316688568,0.5284878349245458,0.4303547963206307,24.991200782358646
"[1, 4, 0, 0, 6, 44, 4, 0, 0, 23, 1, 0, 3, 0, 0, 0, 2, 0, 0, 0, 3, 0, 0, 0, 4, 128, 0, 0, 7, 0, 0, 0, 0, 30, 1, 0, 3, 0, 0, 0, 7, 0, 0, 0, 4, 347, 0, 0]",0.693360111117363,0.5,0.5024025627335825,0.6182654402102497,0.5543446244477173,0.3876478318002628,0.11210207421208906
"[1, 4, 0, 0, 1, 4, 0, 0, 7, 0, 0, 0, 8, 1, 1, 0, 0, 10, 1, 0, 6, 38, 4, 0, 3, 0, 0, 0, 2, 1, 0, 0, 7, 0, 0, 0, 8, 2, 2, 0, 8, 2, 1, 0, 7, 0, 0, 0]",0.6935043811798096,0.5,0.4980124929017603,0.576215505913272,0.534267438318611,0.4191852825229961,0.04861166642513126
"[4, 218, 0, 0, 0, 17, 1, 0, 2, 1, 0, 0, 0, 29, 1, 0, 0, 10, 1, 0, 8, 2, 2, 0, 8, 1, 2, 0, 7, 0, 0, 0, 3, 0, 0, 0, 1, 4, 0, 0, 6, 61, 4, 0, 7, 0, 0, 0]",0.6940230607986451,0.5,0.5039564787339268,0.6695137976346912,0.5750564334085779,0.3409986859395532,0.01462538281290282
"[6, 10, 3, 0, 4, 214, 0, 0, 8, 1, 1, 0, 2, 0, 0, 0, 3, 0, 0, 0, 2, 0, 0, 0, 0, 7, 1, 0, 5, 0, 0, 0, 7, 0, 0, 0, 3, 0, 0, 0, 7, 0, 0, 0, 8, 1, 2, 0]",0.6932721823453903,0.5,0.4966139954853273,0.5781865965834428,0.5343047965998786,0.4139290407358738,0.5088343047991657
"[4, 484, 0, 0, 2, 1, 0, 0, 1, 4, 0, 0, 3, 0, 0, 0, 8, 3, 2, 0, 7, 0, 0, 0, 2, 1, 0, 0, 4, 90, 0, 0, 8, 2, 1, 0, 6, 10, 4, 0, 8, 2, 2, 0, 0, 27, 0, 0]",0.6931638687849044,0.5,0.5184313725490196,0.4342969776609724,0.4726492670718627,0.5965834428383706,3.44445736752823
"[0, 11, 0, 0, 6, 6, 4, 0, 0, 20, 0, 0, 5, 0, 0, 0, 7, 0, 0, 0, 8, 3, 1, 0, 1, 4, 0, 0, 7, 0, 0, 0, 7, 0, 0, 0, 7, 0, 0, 0, 7, 0, 0, 0, 3, 0, 0, 0]",0.6973511815071106,0.5,0.5103264490339774,0.5032851511169514,0.5067813430367185,0.5170827858081471,0.0
"[2, 0, 0, 0, 7, 0, 0, 0, 7, 0, 0, 0, 3, 0, 0, 0, 1, 4, 0, 0, 6, 33, 4, 0, 4, 204, 0, 0, 2, 0, 0, 0, 1, 4, 0, 0, 4, 247, 0, 0, 0, 20, 0, 0, 2, 0, 0, 0]",0.6933418333530426,0.5,0.4971031286210892,0.2818659658344284,0.3597484276729559,0.7148488830486203,2.1856433825660133
"[3, 0, 0, 0, 1, 4, 0, 0, 2, 0, 0, 0, 2, 1, 0, 0, 2, 0, 0, 0, 6, 24, 1, 0, 8, 3, 2, 0, 0, 8, 1, 0, 0, 15, 1, 0, 3, 0, 0, 0, 7, 0, 0, 0, 4, 295, 0, 0]",0.6929029822349548,0.5,0.504293893129771,0.6944809461235217,0.5843007186290768,0.3173455978975033,5.092288604704663
"[3, 0, 0, 0, 1, 4, 0, 0, 7, 0, 0, 0, 5, 0, 0, 0, 4, 309, 0, 0, 4, 204, 0, 0, 7, 0, 0, 0, 7, 0, 0, 0, 8, 3, 1, 0, 7, 0, 0, 0, 7, 0, 0, 0, 7, 0, 0, 0]",0.6931786298751831,0.5,0.5,0.4408672798948752,0.4685754189944134,0.5591327201051248,1.002358918560276
"[8, 0, 1, 0, 7, 0, 0, 0, 7, 0, 0, 0, 3, 0, 0, 0, 7, 0, 0, 0, 0, 22, 0, 0, 7, 0, 0, 0, 3, 0, 0, 0, 4, 402, 0, 0, 7, 0, 0, 0, 5, 0, 0, 0, 4, 288, 0, 0]",0.6934336632490158,0.5,0.4805699481865285,0.4875164257555847,0.4840182648401826,0.4730617608409987,1.0710275668943723
"[0, 22, 0, 0, 1, 22, 0, 0, 0, 16, 1, 0, 0, 26, 1, 0, 4, 495, 0, 0, 3, 0, 0, 0, 0, 9, 1, 0, 8, 3, 2, 0, 1, 4, 0, 0, 5, 0, 0, 0, 7, 0, 0, 0, 7, 0, 0, 0]",0.6857937306165696,0.5,0.5081047381546134,0.5354796320630749,0.5214331413947537,0.4816031537450723,0.02828762322565126
"[7, 0, 0, 0, 2, 0, 0, 0, 1, 4, 0, 0, 3, 0, 0, 0, 4, 34, 0, 0, 4, 305, 0, 0, 7, 0, 0, 0, 3, 0, 0, 0, 4, 437, 0, 0, 6, 60, 1, 0, 7, 0, 0, 0, 2, 0, 0, 0]",0.6933741569519043,0.5,0.4934765924788948,0.4224704336399474,0.4552212389380531,0.5663600525624178,59.70226146656205
"[8, 0, 2, 0, 4, 138, 0, 0, 1, 4, 0, 0, 2, 1, 0, 0, 1, 4, 0, 0, 7, 0, 0, 0, 1, 4, 0, 0, 0, 28, 1, 0, 3, 0, 0, 0, 2, 0, 0, 0, 8, 3, 2, 0, 7, 0, 0, 0]",0.6933787792921067,0.5,0.4893435635123614,0.3771353482260184,0.4259740259740259,0.6064388961892248,0.08384356492024381
"[8, 0, 2, 0, 3, 0, 0, 0, 7, 0, 0, 0, 7, 0, 0, 0, 8, 3, 2, 0, 6, 8, 2, 0, 0, 6, 1, 0, 0, 23, 1, 0, 8, 3, 2, 0, 0, 26, 0, 0, 5, 0, 0, 0, 7, 0, 0, 0]",0.6932625949382782,0.5,0.502,0.1649145860709592,0.248269040553907,0.8363994743758213,0.2946004531986546
"[3, 0, 0, 0, 6, 9, 1, 0, 3, 0, 0, 0, 7, 0, 0, 0, 4, 321, 0, 0, 8, 2, 1, 0, 3, 0, 0, 0, 8, 1, 1, 0, 7, 0, 0, 0, 8, 1, 1, 0, 7, 0, 0, 0, 5, 0, 0, 0]",0.6933888047933578,0.5,0.5138226882745471,0.3541392904073587,0.4192921042395955,0.6649145860709592,242.36164041247685
"[6, 37, 3, 0, 8, 1, 2, 0, 7, 0, 0, 0, 8, 3, 1, 0, 1, 4, 0, 0, 7, 0, 0, 0, 2, 1, 0, 0, 7, 0, 0, 0, 0, 14, 0, 0, 0, 26, 0, 0, 0, 20, 1, 0, 3, 0, 0, 0]",0.6925956517457962,0.5,0.4872013651877133,0.3751642575558476,0.4239049740163326,0.6051248357424441,0.040851208945241524
"[3, 0, 0, 0, 3, 0, 0, 0, 1, 4, 0, 0, 7, 0, 0, 0, 6, 41, 4, 0, 4, 296, 0, 0, 7, 0, 0, 0, 2, 1, 0, 0, 7, 0, 0, 0, 0, 20, 0, 0, 4, 397, 0, 0, 7, 0, 0, 0]",0.6931084573268891,0.5,0.4931335830212234,0.259526938239159,0.3400774860094705,0.7332457293035479,1.0266852710501553
"[7, 0, 0, 0, 8, 1, 1, 0, 8, 2, 2, 0, 6, 44, 3, 0, 8, 3, 1, 0, 2, 0, 0, 0, 7, 0, 0, 0, 8, 2, 2, 0, 0, 17, 1, 0, 7, 0, 0, 0, 3, 0, 0, 0, 5, 0, 0, 0]",0.6929975658655166,0.5,0.5068983137455289,0.6517739816031537,0.5702788157516527,0.3659658344283837,0.6274177276691262
"[2, 0, 0, 0, 7, 0, 0, 0, 2, 1, 0, 0, 7, 0, 0, 0, 0, 30, 1, 0, 0, 14, 0, 0, 2, 1, 0, 0, 2, 0, 0, 0, 1, 4, 0, 0, 7, 0, 0, 0, 3, 0, 0, 0, 2, 1, 0, 0]",0.701299661397934,0.5,0.5148849797023004,0.5,0.5073333333333333,0.5289093298291722,0.04759422692586668
"[1, 4, 0, 0, 6, 24, 4, 0, 8, 1, 2, 0, 7, 0, 0, 0, 8, 2, 2, 0, 7, 0, 0, 0, 7, 0, 0, 0, 2, 1, 0, 0, 7, 0, 0, 0, 8, 2, 1, 0, 2, 1, 0, 0, 1, 4, 0, 0]",0.6991667032241822,0.5,0.4927198602213162,0.5558475689881734,0.5223834516826181,0.4277266754270696,0.19325021628174
"[4, 365, 0, 0, 7, 0, 0, 0, 0, 28, 0, 0, 4, 269, 0, 0, 2, 1, 0, 0, 1, 4, 0, 0, 6, 55, 2, 0, 1, 55, 0, 0, 2, 1, 0, 0, 7, 0, 0, 0, 7, 0, 0, 0, 4, 328, 0, 0]",0.6934088915586472,0.5,0.5006527415143603,0.5039421813403416,0.5022920759659463,0.4973718791064389,10.346647189115174
"[7, 0, 0, 0, 0, 28, 0, 0, 1, 28, 0, 0, 0, 29, 1, 0, 2, 1, 0, 0, 0, 10, 0, 0, 2, 0, 0, 0, 7, 0, 0, 0, 0, 25, 1, 0, 6, 16, 4, 0, 7, 0, 0, 0, 0, 30, 0, 0]",0.686284264922142,0.5,0.5007194244604316,0.457293035479632,0.478021978021978,0.5440210249671484,0.01693662710931676
"[2, 0, 0, 0, 7, 0, 0, 0, 4, 406, 0, 0, 7, 0, 0, 0, 6, 33, 1, 0, 4, 54, 0, 0, 3, 0, 0, 0, 0, 29, 1, 0, 1, 29, 0, 0, 3, 0, 0, 0, 7, 0, 0, 0, 8, 3, 1, 0]",0.6937237441539764,0.5,0.4840336134453781,0.3784494086727989,0.4247787610619469,0.5965834428383706,0.7450769492425025
"[3, 0, 0, 0, 5, 0, 0, 0, 7, 0, 0, 0, 7, 0, 0, 0, 4, 19, 0, 0, 3, 0, 0, 0, 3, 0, 0, 0, 1, 4, 0, 0, 7, 0, 0, 0, 7, 0, 0, 0, 8, 3, 2, 0, 7, 0, 0, 0]",0.6978902041912078,0.5,0.5008891523414345,0.5551905387647832,0.526643814272359,0.4467805519053876,0.0
"[2, 1, 0, 0, 0, 19, 0, 0, 0, 13, 0, 0, 2, 0, 0, 0, 2, 0, 0, 0, 3, 0, 0, 0, 2, 0, 0, 0, 0, 6, 1, 0, 4, 417, 0, 0, 7, 0, 0, 0, 0, 4, 0, 0, 0, 6, 0, 0]",0.6931192755699158,0.5,0.5142487046632125,0.5216819973718791,0.5179386823222439,0.507227332457293,11.479084643971873
"[3, 0, 0, 0, 3, 0, 0, 0, 2, 0, 0, 0, 7, 0, 0, 0, 8, 1, 2, 0, 7, 0, 0, 0, 2, 1, 0, 0, 2, 0, 0, 0, 7, 0, 0, 0, 3, 0, 0, 0, 4, 506, 0, 0, 0, 20, 0, 0]",0.6930982500314713,0.5,0.4891304347826087,0.5321944809461235,0.5097545626179988,0.4441524310118265,142.82707171374932
"[7, 0, 0, 0, 1, 4, 0, 0, 1, 4, 0, 0, 3, 0, 0, 0, 8, 3, 1, 0, 4, 397, 0, 0, 7, 0, 0, 0, 2, 0, 0, 0, 1, 4, 0, 0, 8, 2, 1, 0, 4, 86, 0, 0, 2, 0, 0, 0]",0.6936115741729736,0.5,0.473928157589803,0.2687253613666228,0.3429769392033543,0.7017082785808147,258.1776283022482
"[0, 27, 1, 0, 1, 27, 0, 0, 0, 19, 0, 0, 1, 19, 0, 0, 4, 458, 0, 0, 7, 0, 0, 0, 3, 0, 0, 0, 5, 0, 0, 0, 7, 0, 0, 0, 7, 0, 0, 0, 8, 2, 1, 0, 4, 8, 0, 0]",0.6942702740430832,0.5,0.5018949648077964,0.6090670170827858,0.5503116651825467,0.3955321944809461,10.885795947629958
"[8, 0, 1, 0, 3, 0, 0, 0, 4, 67, 0, 0, 7, 0, 0, 0, 4, 467, 0, 0, 8, 3, 2, 0, 2, 1, 0, 0, 0, 22, 0, 0, 1, 22, 0, 0, 2, 0, 0, 0, 4, 293, 0, 0, 3, 0, 0, 0]",0.6932609796524047,0.5,0.5013140604467805,0.5013140604467805,0.5013140604467805,0.5013140604467805,0.027693301058334896
"[2, 1, 0, 0, 2, 0, 0, 0, 1, 4, 0, 0, 2, 0, 0, 0, 4, 89, 0, 0, 1, 4, 0, 0, 0, 24, 1, 0, 8, 3, 1, 0, 8, 3, 2, 0, 0, 10, 0, 0, 6, 12, 4, 0, 8, 2, 2, 0]",0.6935019969940186,0.5,0.4985163204747774,0.6622864651773982,0.5688487584650113,0.3337713534822601,0.4484902467140728
"[7, 0, 0, 0, 3, 0, 0, 0, 7, 0, 0, 0, 0, 4, 0, 0, 0, 23, 1, 0, 1, 23, 0, 0, 6, 26, 2, 0, 7, 0, 0, 0, 0, 7, 1, 0, 4, 259, 0, 0, 7, 0, 0, 0, 8, 1, 2, 0]",0.6932093679904938,0.5,0.4855769230769231,0.1990801576872536,0.282385834109972,0.7890932982917214,0.07739282496731903
"[2, 1, 0, 0, 3, 0, 0, 0, 0, 29, 1, 0, 1, 29, 0, 0, 2, 0, 0, 0, 7, 0, 0, 0, 0, 14, 1, 0, 7, 0, 0, 0, 7, 0, 0, 0, 6, 19, 3, 0, 1, 19, 0, 0, 7, 0, 0, 0]",0.6995362251996994,0.5,0.5052754982415005,0.5663600525624178,0.5340768277571252,0.4454664914586071,2.2036772212013602
"[8, 0, 2, 0, 1, 4, 0, 0, 7, 0, 0, 0, 5, 0, 0, 0, 4, 209, 0, 0, 7, 0, 0, 0, 1, 4, 0, 0, 4, 234, 0, 0, 7, 0, 0, 0, 7, 0, 0, 0, 7, 0, 0, 0, 4, 442, 0, 0]",0.69308722615242,0.5,0.5059322033898305,0.3922470433639947,0.4418948926720947,0.6169513797634691,0.0
"[2, 1, 0, 0, 7, 0, 0, 0, 2, 1, 0, 0, 0, 10, 1, 0, 7, 0, 0, 0, 2, 0, 0, 0, 1, 4, 0, 0, 4, 400, 0, 0, 0, 20, 0, 0, 7, 0, 0, 0, 3, 0, 0, 0, 8, 2, 2, 0]",0.6926952093839646,0.5,0.512856150104239,0.4848883048620236,0.4984802431610942,0.5394218134034166,0.32866649265633896
"[5, 0, 0, 0, 4, 398, 0, 0, 7, 0, 0, 0, 8, 3, 1, 0, 7, 0, 0, 0, 7, 0, 0, 0, 7, 0, 0, 0, 1, 4, 0, 0, 3, 0, 0, 0, 8, 1, 2, 0, 7, 0, 0, 0, 7, 0, 0, 0]",0.6937013536691665,0.5,0.5049937578027466,0.5315374507227333,0.5179257362355953,0.4789750328515111,0.0
"[3, 0, 0, 0, 3, 0, 0, 0, 1, 4, 0, 0, 1, 4, 0, 0, 4, 459, 0, 0, 0, 4, 1, 0, 1, 4, 0, 0, 4, 400, 0, 0, 2, 0, 0, 0, 2, 0, 0, 0, 2, 0, 0, 0, 8, 3, 2, 0]",0.6940845161676407,0.5,0.5145067698259188,0.3495400788436268,0.4162754303599374,0.6701708278580815,0.24624532445159275
"[4, 329, 0, 0, 7, 0, 0, 0, 3, 0, 0, 0, 8, 3, 2, 0, 6, 45, 1, 0, 7, 0, 0, 0, 1, 4, 0, 0, 1, 4, 0, 0, 0, 6, 0, 0, 1, 6, 0, 0, 7, 0, 0, 0, 8, 3, 2, 0]",0.693255004286766,0.5,0.4985931344963421,0.5821287779237845,0.5371324643831464,0.4145860709592641,0.012091232052455325
"[1, 4, 0, 0, 0, 11, 0, 0, 7, 0, 0, 0, 7, 0, 0, 0, 4, 135, 0, 0, 3, 0, 0, 0, 0, 19, 1, 0, 7, 0, 0, 0, 0, 7, 1, 0, 8, 1, 2, 0, 3, 0, 0, 0, 5, 0, 0, 0]",0.6934648483991623,0.5,0.5182857142857142,0.5959264126149802,0.55440097799511,0.4461235216819973,2.0129591424483806
"[7, 0, 0, 0, 6, 59, 2, 0, 2, 1, 0, 0, 5, 0, 0, 0, 4, 407, 0, 0, 4, 3, 0, 0, 7, 0, 0, 0, 7, 0, 0, 0, 4, 133, 0, 0, 7, 0, 0, 0, 7, 0, 0, 0, 3, 0, 0, 0]",0.6937878340482712,0.5,0.504,0.5795006570302234,0.539119804400978,0.4296977660972405,21.513773250975646
"[6, 58, 4, 0, 8, 1, 1, 0, 8, 1, 2, 0, 1, 4, 0, 0, 0, 25, 0, 0, 1, 25, 0, 0, 8, 3, 2, 0, 7, 0, 0, 0, 2, 1, 0, 0, 7, 0, 0, 0, 3, 0, 0, 0, 5, 0, 0, 0]",0.7061741381883622,0.5,0.4960516870064608,0.4540078843626807,0.4740994854202401,0.5387647831800263,0.06827442540634365
"[0, 15, 0, 0, 8, 1, 2, 0, 7, 0, 0, 0, 3, 0, 0, 0, 7, 0, 0, 0, 0, 28, 0, 0, 2, 0, 0, 0, 3, 0, 0, 0, 7, 0, 0, 0, 2, 0, 0, 0, 6, 56, 2, 0, 1, 56, 0, 0]",0.6931364417076111,0.5,0.5156555772994129,0.3462549277266754,0.4143081761006289,0.6747700394218134,0.21536476293593293
"[8, 0, 2, 0, 2, 0, 0, 0, 1, 4, 0, 0, 7, 0, 0, 0, 1, 4, 0, 0, 3, 0, 0, 0, 2, 1, 0, 0, 0, 30, 0, 0, 4, 89, 0, 0, 8, 3, 1, 0, 1, 4, 0, 0, 8, 1, 2, 0]",0.6942466229200364,0.5,0.5140723721998851,0.588042049934297,0.5485749310450506,0.4441524310118265,0.5938156353367958
"[4, 334, 0, 0, 8, 1, 2, 0, 7, 0, 0, 0, 8, 1, 2, 0, 6, 56, 1, 0, 0, 4, 0, 0, 0, 11, 0, 0, 0, 13, 1, 0, 0, 31, 1, 0, 8, 1, 1, 0, 7, 0, 0, 0, 5, 0, 0, 0]",0.693165123462677,0.5,0.5,0.2608409986859396,0.3428324697754749,0.7391590013140604,0.022326947069984726
"[3, 0, 0, 0, 7, 0, 0, 0, 4, 378, 0, 0, 3, 0, 0, 0, 2, 0, 0, 0, 7, 0, 0, 0, 3, 0, 0, 0, 2, 0, 0, 0, 7, 0, 0, 0, 7, 0, 0, 0, 0, 13, 1, 0, 8, 1, 1, 0]",0.6931843906641006,0.5,0.5097142857142857,0.5860709592641261,0.5452322738386308,0.4362680683311432,0.0725921033299528
"[8, 0, 2, 0, 3, 0, 0, 0, 6, 32, 4, 0, 7, 0, 0, 0, 7, 0, 0, 0, 4, 236, 0, 0, 2, 1, 0, 0, 3, 0, 0, 0, 0, 20, 0, 0, 2, 1, 0, 0, 1, 4, 0, 0, 8, 2, 2, 0]",0.6936234027147293,0.5,0.5128012048192772,0.4474375821287779,0.4778947368421052,0.5749014454664915,0.475302322927746
"[0, 12, 1, 0, 2, 0, 0, 0, 5, 0, 0, 0, 7, 0, 0, 0, 8, 1, 2, 0, 7, 0, 0, 0, 7, 0, 0, 0, 7, 0, 0, 0, 7, 0, 0, 0, 7, 0, 0, 0, 4, 16, 0, 0, 7, 0, 0, 0]",0.6941827565431595,0.5,0.4872,0.400131406044678,0.4393939393939394,0.5788436268068331,101.67994377436116
"[7, 0, 0, 0, 0, 29, 1, 0, 3, 0, 0, 0, 2, 0, 0, 0, 7, 0, 0, 0, 7, 0, 0, 0, 8, 1, 2, 0, 8, 2, 1, 0, 0, 13, 0, 0, 7, 0, 0, 0, 5, 0, 0, 0, 7, 0, 0, 0]",0.6931480020284653,0.5,0.5,0.5749014454664915,0.534841075794621,0.4250985545335085,10.138616782380268
"[8, 0, 2, 0, 3, 0, 0, 0, 1, 4, 0, 0, 7, 0, 0, 0, 0, 16, 0, 0, 5, 0, 0, 0, 7, 0, 0, 0, 7, 0, 0, 0, 4, 174, 0, 0, 8, 1, 1, 0, 7, 0, 0, 0, 7, 0, 0, 0]",0.6933926671743393,0.5,0.4961538461538461,0.2542706964520368,0.3362293657688966,0.7417871222076216,55.33788173022913
"[7, 0, 0, 0, 3, 0, 0, 0, 7, 0, 0, 0, 8, 2, 2, 0, 8, 1, 1, 0, 7, 0, 0, 0, 8, 2, 1, 0, 2, 1, 0, 0, 6, 36, 4, 0, 2, 0, 0, 0, 7, 0, 0, 0, 7, 0, 0, 0]",0.6932609260082245,0.5,0.4990085922009253,0.4960578186596583,0.4975288303130148,0.5019710906701709,59.99209692561999
"[1, 4, 0, 0, 2, 1, 0, 0, 7, 0, 0, 0, 3, 0, 0, 0, 6, 10, 4, 0, 7, 0, 0, 0, 3, 0, 0, 0, 7, 0, 0, 0, 1, 4, 0, 0, 0, 30, 0, 0, 7, 0, 0, 0, 8, 2, 2, 0]",0.6930201113224029,0.5,0.4909881914232442,0.519053876478318,0.5046311082721175,0.461892247043364,0.09513614407069326
"[1, 4, 0, 0, 2, 1, 0, 0, 7, 0, 0, 0, 4, 508, 0, 0, 4, 97, 0, 0, 7, 0, 0, 0, 7, 0, 0, 0, 2, 1, 0, 0, 7, 0, 0, 0, 8, 2, 2, 0, 7, 0, 0, 0, 2, 0, 0, 0]",0.6937178552150727,0.5,0.4922222222222222,0.5821287779237845,0.5334136062612884,0.3994743758212877,0.1716965970408637
"[6, 61, 2, 0, 4, 51, 0, 0, 0, 28, 1, 0, 8, 1, 2, 0, 1, 4, 0, 0, 7, 0, 0, 0, 1, 4, 0, 0, 7, 0, 0, 0, 3, 0, 0, 0, 7, 0, 0, 0, 3, 0, 0, 0, 7, 0, 0, 0]",0.6956513494253158,0.5,0.5069654754694125,0.5499342969776609,0.5275764260951781,0.4651773981603154,4.0878635183908045
"[2, 1, 0, 0, 7, 0, 0, 0, 8, 2, 1, 0, 8, 3, 1, 0, 2, 0, 0, 0, 4, 377, 0, 0, 3, 0, 0, 0, 6, 12, 4, 0, 7, 0, 0, 0, 7, 0, 0, 0, 8, 3, 2, 0, 3, 0, 0, 0]",0.6938663303852082,0.5,0.5113174695298898,0.5788436268068331,0.5429892141756548,0.4467805519053876,108.19280891120434
"[0, 20, 1, 0, 1, 20, 0, 0, 3, 0, 0, 0, 4, 110, 0, 0, 1, 4, 0, 0, 6, 40, 4, 0, 4, 414, 0, 0, 4, 476, 0, 0, 3, 0, 0, 0, 3, 0, 0, 0, 8, 1, 2, 0, 4, 486, 0, 0]",0.6931100487709045,0.5,0.5016077170418006,0.5124835742444153,0.5069873253168671,0.4908015768725361,5.368431823982974
"[0, 18, 0, 0, 3, 0, 0, 0, 5, 0, 0, 0, 7, 0, 0, 0, 7, 0, 0, 0, 7, 0, 0, 0, 7, 0, 0, 0, 7, 0, 0, 0, 3, 0, 0, 0, 7, 0, 0, 0, 7, 0, 0, 0, 1, 4, 0, 0]",0.6931551456451416,0.5,0.4871630295250321,0.4986859395532194,0.4928571428571429,0.4750328515111695,0.0
"[2, 1, 0, 0, 1, 4, 0, 0, 3, 0, 0, 0, 0, 22, 0, 0, 8, 3, 1, 0, 2, 1, 0, 0, 7, 0, 0, 0, 5, 0, 0, 0, 4, 463, 0, 0, 7, 0, 0, 0, 3, 0, 0, 0, 7, 0, 0, 0]",0.6930821597576141,0.5,0.4782135076252723,0.2884362680683311,0.3598360655737705,0.6852825229960579,37.65332963783294
"[7, 0, 0, 0, 0, 15, 1, 0, 7, 0, 0, 0, 1, 4, 0, 0, 4, 300, 0, 0, 7, 0, 0, 0, 6, 45, 3, 0, 7, 0, 0, 0, 7, 0, 0, 0, 7, 0, 0, 0, 1, 4, 0, 0, 5, 0, 0, 0]",0.6946378439664841,0.5,0.4960264900662252,0.4921156373193167,0.4940633245382586,0.5,175.19570506643504
"[3, 0, 0, 0, 4, 387, 0, 0, 4, 404, 0, 0, 7, 0, 0, 0, 3, 0, 0, 0, 0, 10, 1, 0, 7, 0, 0, 0, 1, 4, 0, 0, 4, 140, 0, 0, 7, 0, 0, 0, 2, 1, 0, 0, 5, 0, 0, 0]",0.6932366102933883,0.5,0.4830917874396135,0.3942181340341655,0.4341534008683068,0.5781865965834428,14.036909488029778
"[7, 0, 0, 0, 3, 0, 0, 0, 0, 11, 1, 0, 0, 14, 0, 0, 1, 14, 0, 0, 6, 58, 4, 0, 7, 0, 0, 0, 4, 120, 0, 0, 4, 130, 0, 0, 7, 0, 0, 0, 3, 0, 0, 0, 7, 0, 0, 0]",0.6934231013059616,0.5,0.492619926199262,0.3508541392904074,0.409823484267076,0.6386333771353482,0.11646966442185658
"[8, 0, 1, 0, 4, 351, 0, 0, 7, 0, 0, 0, 7, 0, 0, 0, 6, 33, 4, 0, 8, 3, 2, 0, 3, 0, 0, 0, 7, 0, 0, 0, 1, 4, 0, 0, 3, 0, 0, 0, 8, 3, 1, 0, 5, 0, 0, 0]",0.6945432156324387,0.5,0.4988839285714285,0.5873850197109067,0.5395292697646349,0.4099868593955322,0.8784158496418968
"[1, 4, 0, 0, 7, 0, 0, 0, 2, 0, 0, 0, 6, 49, 4, 0, 7, 0, 0, 0, 4, 87, 0, 0, 1, 4, 0, 0, 1, 4, 0, 0, 1, 4, 0, 0, 4, 317, 0, 0, 7, 0, 0, 0, 5, 0, 0, 0]",0.6940834164619446,0.5,0.4883093525179856,0.3567674113009198,0.4123006833712984,0.626149802890933,49.20377668342553
"[5, 0, 0, 0, 4, 511, 0, 0, 3, 0, 0, 0, 7, 0, 0, 0, 7, 0, 0, 0, 7, 0, 0, 0, 7, 0, 0, 0, 7, 0, 0, 0, 7, 0, 0, 0, 4, 451, 0, 0, 1, 4, 0, 0, 3, 0, 0, 0]",0.6935987561941147,0.5,0.5058275058275058,0.4277266754270696,0.4635101459594161,0.5821287779237845,0.0
"[2, 0, 0, 0, 8, 1, 2, 0, 0, 21, 1, 0, 4, 311, 0, 0, 6, 47, 2, 0, 2, 1, 0, 0, 7, 0, 0, 0, 4, 453, 0, 0, 4, 502, 0, 0, 7, 0, 0, 0, 0, 12, 1, 0, 8, 2, 1, 0]",0.6931160807609558,0.5,0.5085413929040736,0.5085413929040736,0.5085413929040736,0.5085413929040736,0.022912455554887856
"[3, 0, 0, 0, 8, 1, 1, 0, 1, 4, 0, 0, 7, 0, 0, 0, 2, 1, 0, 0, 7, 0, 0, 0, 6, 12, 2, 0, 0, 19, 0, 0, 0, 5, 0, 0, 0, 30, 1, 0, 8, 2, 1, 0, 1, 4, 0, 0]",0.6931742161512375,0.5,0.5045714285714286,0.5801576872536137,0.5397310513447433,0.4303547963206307,3.477535870159045
"[7, 0, 0, 0, 3, 0, 0, 0, 6, 18, 3, 0, 7, 0, 0, 0, 4, 123, 0, 0, 0, 20, 0, 0, 1, 20, 0, 0, 5, 0, 0, 0, 4, 8, 0, 0, 7, 0, 0, 0, 1, 4, 0, 0, 8, 1, 1, 0]",0.6949020028114319,0.5,0.5083870967741936,0.5177398160315374,0.5130208333333334,0.4993429697766097,0.0
"[7, 0, 0, 0, 8, 1, 2, 0, 1, 4, 0, 0, 4, 308, 0, 0, 0, 17, 1, 0, 0, 8, 1, 0, 1, 8, 0, 0, 2, 0, 0, 0, 0, 6, 1, 0, 4, 241, 0, 0, 7, 0, 0, 0, 8, 2, 1, 0]",0.6931513965129852,0.5,0.5199146514935988,0.4802890932982917,0.4993169398907104,0.5565045992115637,0.015095012910023797
"[6, 52, 2, 0, 7, 0, 0, 0, 3, 0, 0, 0, 3, 0, 0, 0, 2, 0, 0, 0, 7, 0, 0, 0, 3, 0, 0, 0, 1, 4, 0, 0, 1, 4, 0, 0, 2, 1, 0, 0, 1, 4, 0, 0, 8, 3, 1, 0]",0.6997907131910324,0.5,0.508130081300813,0.492772667542707,0.5003335557038026,0.5229960578186597,0.4618855168519076
"[6, 43, 4, 0, 4, 430, 0, 0, 2, 1, 0, 0, 7, 0, 0, 0, 4, 404, 0, 0, 2, 0, 0, 0, 0, 22, 1, 0, 7, 0, 0, 0, 2, 0, 0, 0, 3, 0, 0, 0, 2, 1, 0, 0, 0, 25, 0, 0]",0.6931715101003647,0.5,0.4894091415830546,0.5768725361366623,0.5295536791314838,0.3981603153745072,5.165288839489222
"[3, 0, 0, 0, 1, 4, 0, 0, 4, 175, 0, 0, 8, 2, 1, 0, 0, 13, 0, 0, 4, 347, 0, 0, 6, 47, 4, 0, 2, 0, 0, 0, 2, 0, 0, 0, 7, 0, 0, 0, 7, 0, 0, 0, 5, 0, 0, 0]",0.6932100236415863,0.5,0.495136186770428,0.668856767411301,0.5690329793180547,0.3180026281208936,27.109440309810452
"[4, 199, 0, 0, 6, 8, 3, 0, 7, 0, 0, 0, 7, 0, 0, 0, 0, 11, 1, 0, 8, 2, 2, 0, 4, 168, 0, 0, 8, 1, 1, 0, 4, 405, 0, 0, 3, 0, 0, 0, 7, 0, 0, 0, 7, 0, 0, 0]",0.6930294573307038,0.5,0.5131375579598145,0.4362680683311432,0.4715909090909091,0.5860709592641261,1.4552477705001365
"[0, 16, 1, 0, 4, 375, 0, 0, 8, 1, 1, 0, 8, 1, 2, 0, 2, 0, 0, 0, 0, 19, 1, 0, 4, 383, 0, 0, 8, 1, 2, 0, 7, 0, 0, 0, 0, 11, 1, 0, 5, 0, 0, 0, 7, 0, 0, 0]",0.6930561810731888,0.5,0.4968,0.4080157687253614,0.448051948051948,0.5867279894875165,1.2543413066605353
"[7, 0, 0, 0, 0, 9, 1, 0, 7, 0, 0, 0, 0, 19, 0, 0, 3, 0, 0, 0, 6, 58, 4, 0, 0, 22, 1, 0, 8, 1, 2, 0, 4, 29, 0, 0, 7, 0, 0, 0, 1, 4, 0, 0, 5, 0, 0, 0]",0.6933302700519561,0.5,0.5049586776859504,0.4014454664914586,0.4472913616398243,0.6064388961892248,0.008571614816446527
"[0, 16, 0, 0, 3, 0, 0, 0, 2, 1, 0, 0, 2, 0, 0, 0, 5, 0, 0, 0, 4, 175, 0, 0, 8, 1, 1, 0, 1, 4, 0, 0, 7, 0, 0, 0, 7, 0, 0, 0, 7, 0, 0, 0, 7, 0, 0, 0]",0.6934593617916107,0.5,0.4881481481481481,0.4329829172141918,0.4589136490250696,0.5459921156373193,0.0
"[7, 0, 0, 0, 7, 0, 0, 0, 1, 4, 0, 0, 7, 0, 0, 0, 6, 10, 4, 0, 1, 10, 0, 0, 3, 0, 0, 0, 4, 58, 0, 0, 7, 0, 0, 0, 7, 0, 0, 0, 7, 0, 0, 0, 8, 2, 1, 0]",0.6940934121608734,0.5,0.4915597569209993,0.4783180026281209,0.4848484848484848,0.5052562417871223,173.64849061192945
"[3, 0, 0, 0, 3, 0, 0, 0, 5, 0, 0, 0, 7, 0, 0, 0, 7, 0, 0, 0, 7, 0, 0, 0, 3, 0, 0, 0, 7, 0, 0, 0, 7, 0, 0, 0, 7, 0, 0, 0, 3, 0, 0, 0, 7, 0, 0, 0]",0.6933649927377701,0.5,0.4991662034463591,0.5900131406044679,0.5408009635651913,0.4080157687253614,196.17407407285646
"[1, 4, 0, 0, 5, 0, 0, 0, 4, 396, 0, 0, 3, 0, 0, 0, 3, 0, 0, 0, 7, 0, 0, 0, 7, 0, 0, 0, 3, 0, 0, 0, 7, 0, 0, 0, 7, 0, 0, 0, 7, 0, 0, 0, 4, 151, 0, 0]",0.6933067619800568,0.5,0.4913448735019973,0.4848883048620236,0.4880952380952381,0.4980289093298292,3.1004566043739032
"[1, 4, 0, 0, 2, 1, 0, 0, 0, 4, 1, 0, 2, 0, 0, 0, 1, 4, 0, 0, 0, 25, 1, 0, 4, 285, 0, 0, 2, 1, 0, 0, 7, 0, 0, 0, 0, 8, 0, 0, 8, 1, 2, 0, 2, 0, 0, 0]",0.6892677545547485,0.5,0.4930509596293845,0.4894875164257556,0.4912627761292449,0.4967148488830486,0.04199866675116937
"[7, 0, 0, 0, 3, 0, 0, 0, 3, 0, 0, 0, 0, 17, 0, 0, 8, 3, 1, 0, 7, 0, 0, 0, 2, 1, 0, 0, 5, 0, 0, 0, 7, 0, 0, 0, 7, 0, 0, 0, 7, 0, 0, 0, 1, 4, 0, 0]",0.7066082566976547,0.5,0.4990125082290981,0.4980289093298292,0.4985202236106544,0.5,0.0
"[8, 0, 1, 0, 2, 1, 0, 0, 3, 0, 0, 0, 2, 0, 0, 0, 3, 0, 0, 0, 4, 175, 0, 0, 8, 3, 1, 0, 6, 5, 4, 0, 1, 5, 0, 0, 7, 0, 0, 0, 1, 4, 0, 0, 5, 0, 0, 0]",0.6938372671604156,0.5,0.4865067466266866,0.4264126149802891,0.4544817927170868,0.5499342969776609,45.93546455958858
"[0, 30, 0, 0, 3, 0, 0, 0, 0, 24, 1, 0, 6, 28, 4, 0, 7, 0, 0, 0, 7, 0, 0, 0, 8, 2, 1, 0, 4, 23, 0, 0, 0, 14, 1, 0, 2, 0, 0, 0, 7, 0, 0, 0, 7, 0, 0, 0]",0.6937696874141693,0.5,0.5044031311154599,0.6773981603153745,0.5782389231632081,0.3344283837056505,3.9544110847637057
"[8, 0, 1, 0, 0, 16, 0, 0, 8, 2, 2, 0, 7, 0, 0, 0, 6, 26, 1, 0, 7, 0, 0, 0, 7, 0, 0, 0, 7, 0, 0, 0, 7, 0, 0, 0, 7, 0, 0, 0, 7, 0, 0, 0, 0, 25, 0, 0]",0.6934943795204163,0.5,0.4887728459530026,0.6149802890932983,0.5446610416060518,0.3567674113009198,0.1034558219344035
"[2, 1, 0, 0, 7, 0, 0, 0, 4, 144, 0, 0, 7, 0, 0, 0, 2, 0, 0, 0, 2, 1, 0, 0, 7, 0, 0, 0, 3, 0, 0, 0, 7, 0, 0, 0, 6, 25, 3, 0, 8, 1, 2, 0, 0, 8, 0, 0]",0.6933300107717514,0.5,0.5157687253613666,0.5157687253613666,0.5157687253613666,0.5157687253613666,0.8762101874890504
"[4, 293, 0, 0, 2, 0, 0, 0, 1, 4, 0, 0, 4, 417, 0, 0, 8, 3, 1, 0, 7, 0, 0, 0, 3, 0, 0, 0, 5, 0, 0, 0, 4, 281, 0, 0, 7, 0, 0, 0, 7, 0, 0, 0, 4, 124, 0, 0]",0.6932099968194961,0.5,0.4933333333333333,0.4862023653088042,0.4897418927862342,0.5006570302233903,0.20694637731321563
"[7, 0, 0, 0, 7, 0, 0, 0, 0, 22, 0, 0, 2, 1, 0, 0, 7, 0, 0, 0, 2, 0, 0, 0, 0, 10, 0, 0, 6, 7, 1, 0, 0, 9, 0, 0, 8, 1, 2, 0, 4, 63, 0, 0, 4, 279, 0, 0]",0.6933708369731904,0.5,0.4947183098591549,0.7385019710906702,0.5925144965735372,0.2457293035479632,0.04349273777097551
"[8, 0, 2, 0, 3, 0, 0, 0, 6, 55, 3, 0, 0, 21, 1, 0, 7, 0, 0, 0, 7, 0, 0, 0, 8, 2, 1, 0, 8, 2, 1, 0, 7, 0, 0, 0, 7, 0, 0, 0, 0, 14, 0, 0, 2, 1, 0, 0]",0.6931626945734024,0.5,0.4930761622156281,0.6550591327201051,0.5626410835214447,0.3265440210249671,0.13572438050687197
"[4, 268, 0, 0, 3, 0, 0, 0, 7, 0, 0, 0, 7, 0, 0, 0, 8, 1, 1, 0, 1, 4, 0, 0, 6, 61, 4, 0, 8, 3, 2, 0, 0, 28, 1, 0, 7, 0, 0, 0, 2, 1, 0, 0, 7, 0, 0, 0]",0.6933314263820648,0.5,0.52578125,0.4421813403416557,0.4803711634546752,0.6011826544021025,0.6869182156951865
"[7, 0, 0, 0, 1, 4, 0, 0, 3, 0, 0, 0, 4, 332, 0, 0, 0, 28, 1, 0, 6, 38, 1, 0, 2, 1, 0, 0, 3, 0, 0, 0, 2, 1, 0, 0, 2, 1, 0, 0, 7, 0, 0, 0, 4, 356, 0, 0]",0.6931207329034805,0.5,0.4862110311750599,0.5328515111695138,0.5084639498432602,0.4369250985545335,5.494403387885541
"[4, 305, 0, 0, 5, 0, 0, 0, 4, 161, 0, 0, 7, 0, 0, 0, 7, 0, 0, 0, 3, 0, 0, 0, 7, 0, 0, 0, 7, 0, 0, 0, 7, 0, 0, 0, 7, 0, 0, 0, 7, 0, 0, 0, 4, 306, 0, 0]",0.6933045774698258,0.5,0.4882506527415143,0.4914586070959264,0.4898493778650949,0.4848883048620236,66.90613556979224
"[6, 49, 4, 0, 8, 1, 1, 0, 0, 29, 1, 0, 7, 0, 0, 0, 7, 0, 0, 0, 4, 276, 0, 0, 7, 0, 0, 0, 4, 499, 0, 0, 4, 408, 0, 0, 0, 25, 1, 0, 7, 0, 0, 0, 1, 4, 0, 0]",0.6932302713394165,0.5,0.4765694076038904,0.3541392904073587,0.4063324538258575,0.6110381077529566,0.039983203319934546
"[2, 0, 0, 0, 0, 22, 1, 0, 8, 2, 2, 0, 2, 0, 0, 0, 7, 0, 0, 0, 1, 4, 0, 0, 3, 0, 0, 0, 3, 0, 0, 0, 7, 0, 0, 0, 3, 0, 0, 0, 2, 1, 0, 0, 7, 0, 0, 0]",0.6966176956892014,0.5,0.4941291585127201,0.6636005256241787,0.5664610207515424,0.3206307490144546,2.4659714503213763
"[2, 0, 0, 0, 0, 15, 0, 0, 3, 0, 0, 0, 7, 0, 0, 0, 6, 16, 4, 0, 0, 31, 0, 0, 7, 0, 0, 0, 2, 0, 0, 0, 2, 1, 0, 0, 5, 0, 0, 0, 4, 128, 0, 0, 7, 0, 0, 0]",0.6932638138532639,0.5,0.4921383647798742,0.4113009198423127,0.4481030780243378,0.5755584756898817,43.9691820719745
"[0, 9, 0, 0, 7, 0, 0, 0, 7, 0, 0, 0, 7, 0, 0, 0, 2, 0, 0, 0, 7, 0, 0, 0, 6, 12, 1, 0, 2, 1, 0, 0, 0, 14, 0, 0, 1, 14, 0, 0, 8, 3, 2, 0, 7, 0, 0, 0]",0.700794917345047,0.5,0.503043718871057,0.5972404730617609,0.5461099429258035,0.4099868593955322,1.245793689507991
"[2, 1, 0, 0, 1, 4, 0, 0, 6, 39, 4, 0, 3, 0, 0, 0, 7, 0, 0, 0, 2, 1, 0, 0, 3, 0, 0, 0, 8, 3, 2, 0, 7, 0, 0, 0, 2, 0, 0, 0, 8, 3, 1, 0, 8, 3, 1, 0]",0.7016358852386475,0.5,0.4921316165951359,0.4520367936925099,0.4712328767123288,0.533508541392904,8.28630206361413
"[8, 0, 1, 0, 5, 0, 0, 0, 7, 0, 0, 0, 4, 263, 0, 0, 7, 0, 0, 0, 7, 0, 0, 0, 7, 0, 0, 0, 3, 0, 0, 0, 1, 4, 0, 0, 3, 0, 0, 0, 4, 165, 0, 0, 7, 0, 0, 0]",0.6938044786453247,0.5,0.4806017418844022,0.3988173455978975,0.4359066427289048,0.568988173455979,0.0
"[5, 0, 0, 0, 7, 0, 0, 0, 8, 2, 1, 0, 7, 0, 0, 0, 7, 0, 0, 0, 7, 0, 0, 0, 7, 0, 0, 0, 4, 129, 0, 0, 7, 0, 0, 0, 7, 0, 0, 0, 8, 1, 2, 0, 7, 0, 0, 0]",0.693477576971054,0.5,0.5064377682403434,0.4651773981603154,0.4849315068493151,0.5466491458607096,3.314993677970051
"[4, 367, 0, 0, 1, 4, 0, 0, 8, 1, 1, 0, 8, 3, 1, 0, 8, 1, 2, 0, 5, 0, 0, 0, 7, 0, 0, 0, 7, 0, 0, 0, 7, 0, 0, 0, 3, 0, 0, 0, 7, 0, 0, 0, 7, 0, 0, 0]",0.6937601059675217,0.5,0.5087507543753772,0.5538764783180026,0.5303554576910978,0.4651773981603154,335.2008671271615
"[0, 26, 0, 0, 6, 23, 4, 0, 4, 181, 0, 0, 1, 4, 0, 0, 7, 0, 0, 0, 7, 0, 0, 0, 2, 1, 0, 0, 3, 0, 0, 0, 1, 4, 0, 0, 4, 101, 0, 0, 0, 26, 1, 0, 4, 373, 0, 0]",0.6933086663484573,0.5,0.5221238938053098,0.5814717477003942,0.5502020516008703,0.4678055190538764,0.06888519425592676
"[3, 0, 0, 0, 0, 27, 1, 0, 7, 0, 0, 0, 3, 0, 0, 0, 2, 0, 0, 0, 8, 2, 2, 0, 0, 7, 1, 0, 0, 5, 1, 0, 5, 0, 0, 0, 7, 0, 0, 0, 8, 1, 1, 0, 4, 348, 0, 0]",0.6933853179216385,0.5,0.484,0.3180026281208936,0.3838223632038065,0.6609724047306176,8.634131099563092
"[0, 24, 0, 0, 7, 0, 0, 0, 7, 0, 0, 0, 6, 7, 4, 0, 7, 0, 0, 0, 2, 0, 0, 0, 8, 2, 2, 0, 4, 467, 0, 0, 7, 0, 0, 0, 0, 7, 0, 0, 8, 2, 2, 0, 2, 0, 0, 0]",0.6931854724884033,0.5,0.4864,0.3994743758212877,0.4386724386724386,0.5781865965834428,27.92390077665914
"[6, 47, 4, 0, 4, 416, 0, 0, 1, 4, 0, 0, 7, 0, 0, 0, 1, 4, 0, 0, 4, 290, 0, 0, 7, 0, 0, 0, 4, 25, 0, 0, 2, 0, 0, 0, 0, 9, 0, 0, 0, 9, 0, 0, 7, 0, 0, 0]",0.6943264663219452,0.5,0.5066889632107023,0.5972404730617609,0.5482509047044632,0.4185282522996058,0.2945285098223849
"[7, 0, 0, 0, 1, 4, 0, 0, 6, 42, 4, 0, 3, 0, 0, 0, 1, 4, 0, 0, 7, 0, 0, 0, 2, 1, 0, 0, 0, 24, 1, 0, 8, 2, 2, 0, 7, 0, 0, 0, 3, 0, 0, 0, 8, 1, 2, 0]",0.6844458132982254,0.5,0.4954545454545455,0.5729303547963206,0.5313833028641073,0.4165571616294349,0.015581121377181262
"[8, 0, 1, 0, 4, 92, 0, 0, 0, 18, 0, 0, 8, 2, 2, 0, 1, 4, 0, 0, 3, 0, 0, 0, 3, 0, 0, 0, 8, 2, 1, 0, 1, 4, 0, 0, 3, 0, 0, 0, 0, 14, 0, 0, 6, 4, 4, 0]",0.693433690071106,0.5,0.5107118175535591,0.4855453350854139,0.4978107106769956,0.5348226018396847,0.16773051307336573
"[7, 0, 0, 0, 4, 186, 0, 0, 0, 22, 0, 0, 5, 0, 0, 0, 7, 0, 0, 0, 7, 0, 0, 0, 7, 0, 0, 0, 4, 307, 0, 0, 7, 0, 0, 0, 7, 0, 0, 0, 7, 0, 0, 0, 3, 0, 0, 0]",0.6933072328567504,0.5,0.5008347245409015,0.5913272010512484,0.5423320277191925,0.4106438896189224,0.518704432355662
"[2, 1, 0, 0, 4, 242, 0, 0, 1, 4, 0, 0, 6, 59, 2, 0, 1, 59, 0, 0, 4, 407, 0, 0, 4, 288, 0, 0, 3, 0, 0, 0, 8, 1, 1, 0, 4, 335, 0, 0, 2, 1, 0, 0, 4, 265, 0, 0]",0.6930893391370774,0.5,0.5093240093240093,0.5742444152431012,0.5398394070413836,0.4467805519053876,0.054074498687896266
"[7, 0, 0, 0, 4, 271, 0, 0, 8, 2, 2, 0, 7, 0, 0, 0, 2, 1, 0, 0, 3, 0, 0, 0, 4, 53, 0, 0, 6, 50, 4, 0, 4, 243, 0, 0, 3, 0, 0, 0, 0, 4, 1, 0, 1, 4, 0, 0]",0.6932516783475876,0.5,0.5013347570742125,0.6169513797634691,0.5531664212076584,0.3863337713534822,2.6478764742496423
"[0, 24, 1, 0, 4, 29, 0, 0, 0, 20, 0, 0, 3, 0, 0, 0, 8, 1, 1, 0, 4, 178, 0, 0, 2, 0, 0, 0, 8, 1, 1, 0, 1, 4, 0, 0, 0, 23, 0, 0, 1, 23, 0, 0, 3, 0, 0, 0]",0.6938290387392044,0.5,0.5109135004042037,0.4152431011826544,0.4581370061616527,0.602496714848883,0.023385807750855747
"[2, 1, 0, 0, 5, 0, 0, 0, 7, 0, 0, 0, 7, 0, 0, 0, 7, 0, 0, 0, 7, 0, 0, 0, 1, 4, 0, 0, 7, 0, 0, 0, 3, 0, 0, 0, 7, 0, 0, 0, 3, 0, 0, 0, 1, 4, 0, 0]",0.715446737408638,0.5,0.4927344782034346,0.4901445466491458,0.4914361001317523,0.495400788436268,0.0
"[7, 0, 0, 0, 3, 0, 0, 0, 3, 0, 0, 0, 6, 10, 4, 0, 2, 0, 0, 0, 7, 0, 0, 0, 0, 21, 0, 0, 3, 0, 0, 0, 7, 0, 0, 0, 4, 293, 0, 0, 2, 1, 0, 0, 8, 2, 2, 0]",0.6931971400976181,0.5,0.4972513743128435,0.6537450722733246,0.5648594947487936,0.3390275952693823,34.36871537566185
"[3, 0, 0, 0, 0, 16, 1, 0, 3, 0, 0, 0, 1, 4, 0, 0, 4, 241, 0, 0, 0, 29, 1, 0, 8, 1, 1, 0, 3, 0, 0, 0, 0, 8, 1, 0, 7, 0, 0, 0, 0, 12, 0, 0, 8, 3, 1, 0]",0.6817948937416076,0.5,0.5176621708413616,0.5295663600525624,0.5235466060409224,0.5065703022339028,1.2660526660838514
"[6, 15, 3, 0, 2, 1, 0, 0, 1, 4, 0, 0, 7, 0, 0, 0, 3, 0, 0, 0, 7, 0, 0, 0, 7, 0, 0, 0, 7, 0, 0, 0, 7, 0, 0, 0, 0, 14, 1, 0, 2, 1, 0, 0, 4, 226, 0, 0]",0.6933121412992478,0.5,0.5075757575757576,0.3521681997371879,0.4158262218774243,0.6583442838370565,0.47242487786570564
"[3, 0, 0, 0, 1, 4, 0, 0, 6, 22, 4, 0, 0, 9, 0, 0, 0, 22, 0, 0, 3, 0, 0, 0, 7, 0, 0, 0, 3, 0, 0, 0, 3, 0, 0, 0, 7, 0, 0, 0, 0, 9, 0, 0, 8, 1, 1, 0]",0.6929428726434708,0.5,0.5091036414565826,0.4776609724047306,0.4928813559322034,0.5394218134034166,10.00514657504391
"[7, 0, 0, 0, 7, 0, 0, 0, 7, 0, 0, 0, 8, 2, 2, 0, 0, 24, 1, 0, 7, 0, 0, 0, 5, 0, 0, 0, 7, 0, 0, 0, 7, 0, 0, 0, 8, 1, 2, 0, 4, 256, 0, 0, 3, 0, 0, 0]",0.6931071758270264,0.5,0.4987555998008959,0.6583442838370565,0.5675446049277825,0.3383705650459921,175.29824910499156
"[7, 0, 0, 0, 7, 0, 0, 0, 6, 52, 4, 0, 3, 0, 0, 0, 0, 15, 1, 0, 8, 1, 2, 0, 4, 90, 0, 0, 7, 0, 0, 0, 7, 0, 0, 0, 7, 0, 0, 0, 2, 0, 0, 0, 7, 0, 0, 0]",0.6934003710746766,0.5,0.4896373056994819,0.4967148488830486,0.4931506849315068,0.4822601839684625,5.843746964586899
"[1, 4, 0, 0, 0, 24, 0, 0, 4, 339, 0, 0, 2, 0, 0, 0, 1, 4, 0, 0, 4, 185, 0, 0, 8, 1, 2, 0, 0, 18, 0, 0, 3, 0, 0, 0, 6, 15, 1, 0, 4, 502, 0, 0, 5, 0, 0, 0]",0.6932019829750061,0.5,0.5118811881188119,0.3396846254927727,0.4083728278041074,0.676084099868594,0.05770978521456982
"[6, 53, 2, 0, 7, 0, 0, 0, 4, 373, 0, 0, 2, 1, 0, 0, 5, 0, 0, 0, 7, 0, 0, 0, 7, 0, 0, 0, 3, 0, 0, 0, 7, 0, 0, 0, 7, 0, 0, 0, 3, 0, 0, 0, 7, 0, 0, 0]",0.6932753533124923,0.5,0.4988190836088805,0.6938239159001314,0.5803792250618302,0.3028909329829172,354.62390684429556
"[2, 1, 0, 0, 2, 0, 0, 0, 0, 22, 1, 0, 3, 0, 0, 0, 6, 7, 1, 0, 1, 7, 0, 0, 1, 4, 0, 0, 7, 0, 0, 0, 1, 4, 0, 0, 7, 0, 0, 0, 7, 0, 0, 0, 1, 4, 0, 0]",0.6977697342634201,0.5,0.5306513409961686,0.1819973718791064,0.2710371819960861,0.8390275952693824,23.74314479343593
"[6, 11, 1, 0, 0, 28, 0, 0, 7, 0, 0, 0, 7, 0, 0, 0, 0, 21, 1, 0, 1, 21, 0, 0, 7, 0, 0, 0, 2, 0, 0, 0, 5, 0, 0, 0, 4, 212, 0, 0, 7, 0, 0, 0, 4, 328, 0, 0]",0.6932555884122849,0.5,0.4963012777404169,0.4848883048620236,0.4905284147557328,0.5078843626806833,0.18945923389765085
"[3, 0, 0, 0, 1, 4, 0, 0, 3, 0, 0, 0, 7, 0, 0, 0, 4, 310, 0, 0, 8, 2, 1, 0, 0, 13, 0, 0, 8, 3, 1, 0, 1, 4, 0, 0, 4, 274, 0, 0, 7, 0, 0, 0, 5, 0, 0, 0]",0.6933031797409057,0.5,0.4914004914004914,0.5256241787122208,0.5079365079365079,0.4559789750328515,4.981074168696068
"[1, 4, 0, 0, 7, 0, 0, 0, 0, 10, 0, 0, 4, 168, 0, 0, 4, 83, 0, 0, 1, 4, 0, 0, 3, 0, 0, 0, 6, 20, 4, 0, 0, 5, 0, 0, 4, 353, 0, 0, 4, 133, 0, 0, 0, 25, 0, 0]",0.693401575088501,0.5,0.4912280701754385,0.3863337713534822,0.432511952923869,0.599868593955322,5.37375156134658
"[6, 58, 3, 0, 2, 1, 0, 0, 7, 0, 0, 0, 7, 0, 0, 0, 4, 255, 0, 0, 0, 8, 1, 0, 2, 0, 0, 0, 8, 3, 1, 0, 5, 0, 0, 0, 4, 109, 0, 0, 7, 0, 0, 0, 1, 4, 0, 0]",0.6939730077981949,0.5,0.4974190520882215,0.6964520367936925,0.5803449219819327,0.2963206307490144,0.0
"[8, 0, 2, 0, 2, 0, 0, 0, 6, 32, 4, 0, 0, 24, 1, 0, 1, 24, 0, 0, 1, 4, 0, 0, 7, 0, 0, 0, 8, 1, 1, 0, 3, 0, 0, 0, 0, 8, 1, 0, 7, 0, 0, 0, 0, 14, 1, 0]",0.6926570355892181,0.5,0.4793388429752066,0.4191852825229961,0.4472485103399929,0.5446780551905388,0.04684747299688752
"[4, 105, 0, 0, 7, 0, 0, 0, 6, 53, 3, 0, 2, 0, 0, 0, 1, 4, 0, 0, 0, 20, 0, 0, 7, 0, 0, 0, 1, 4, 0, 0, 7, 0, 0, 0, 0, 25, 0, 0, 7, 0, 0, 0, 7, 0, 0, 0]",0.6934200525283813,0.5,0.5002949852507375,0.557161629434954,0.5271992539633199,0.4434954007884362,2.0517839634885604
"[7, 0, 0, 0, 1, 4, 0, 0, 0, 28, 0, 0, 2, 1, 0, 0, 2, 1, 0, 0, 8, 3, 2, 0, 7, 0, 0, 0, 0, 26, 1, 0, 7, 0, 0, 0, 8, 1, 2, 0, 4, 39, 0, 0, 3, 0, 0, 0]",0.6936821818351746,0.5,0.4980217606330366,0.6616294349540078,0.5682844243792325,0.3331143232588699,1.1882181179244071
"[3, 0, 0, 0, 3, 0, 0, 0, 2, 0, 0, 0, 1, 4, 0, 0, 0, 29, 1, 0, 3, 0, 0, 0, 7, 0, 0, 0, 8, 2, 1, 0, 2, 0, 0, 0, 3, 0, 0, 0, 8, 3, 1, 0, 8, 3, 1, 0]",0.6943217396736145,0.5,0.49453125,0.4159001314060447,0.4518201284796574,0.5749014454664915,52.80403531435877
"[2, 1, 0, 0, 6, 59, 4, 0, 1, 59, 0, 0, 7, 0, 0, 0, 1, 4, 0, 0, 0, 11, 1, 0, 7, 0, 0, 0, 3, 0, 0, 0, 8, 1, 1, 0, 8, 1, 2, 0, 7, 0, 0, 0, 0, 6, 1, 0]",0.6931033939123153,0.5,0.5042111173498035,0.5900131406044679,0.5437481077808053,0.4198423127463863,1.6372807463631034
"[0, 7, 1, 0, 2, 0, 0, 0, 4, 196, 0, 0, 5, 0, 0, 0, 4, 248, 0, 0, 8, 1, 2, 0, 1, 4, 0, 0, 3, 0, 0, 0, 1, 4, 0, 0, 8, 2, 2, 0, 1, 4, 0, 0, 7, 0, 0, 0]",0.6932508289813996,0.5,0.5057471264367817,0.4914586070959264,0.4985004998333888,0.5197109067017083,0.0
"[0, 5, 1, 0, 0, 23, 0, 0, 3, 0, 0, 0, 3, 0, 0, 0, 0, 28, 0, 0, 7, 0, 0, 0, 7, 0, 0, 0, 0, 28, 1, 0, 7, 0, 0, 0, 0, 7, 0, 0, 8, 3, 1, 0, 5, 0, 0, 0]",0.6931345105171204,0.5,0.4808429118773946,0.1649145860709592,0.2455968688845401,0.8219448094612353,1.2959780096425675
"[7, 0, 0, 0, 7, 0, 0, 0, 3, 0, 0, 0, 5, 0, 0, 0, 4, 454, 0, 0, 1, 4, 0, 0, 1, 4, 0, 0, 3, 0, 0, 0, 7, 0, 0, 0, 7, 0, 0, 0, 4, 300, 0, 0, 7, 0, 0, 0]",0.6939615488052369,0.5,0.5033333333333333,0.4960578186596583,0.499669093315685,0.5105124835742444,0.0
"[1, 4, 0, 0, 5, 0, 0, 0, 4, 94, 0, 0, 7, 0, 0, 0, 7, 0, 0, 0, 7, 0, 0, 0, 7, 0, 0, 0, 4, 153, 0, 0, 8, 3, 2, 0, 7, 0, 0, 0, 7, 0, 0, 0, 1, 4, 0, 0]",0.6932643622159957,0.5,0.5151515151515151,0.4802890932982917,0.4971098265895953,0.5479632063074902,0.0
"[7, 0, 0, 0, 6, 38, 4, 0, 7, 0, 0, 0, 3, 0, 0, 0, 1, 4, 0, 0, 1, 4, 0, 0, 7, 0, 0, 0, 2, 1, 0, 0, 0, 13, 0, 0, 5, 0, 0, 0, 7, 0, 0, 0, 7, 0, 0, 0]",0.6932139307260513,0.5,0.49860529986053,0.4697766097240473,0.4837618403247632,0.5275952693823915,0.28530849576236506
"[7, 0, 0, 0, 2, 1, 0, 0, 1, 4, 0, 0, 6, 38, 2, 0, 7, 0, 0, 0, 1, 4, 0, 0, 5, 0, 0, 0, 4, 202, 0, 0, 4, 428, 0, 0, 7, 0, 0, 0, 7, 0, 0, 0, 1, 4, 0, 0]",0.6934631645679474,0.5,0.4975194897236002,0.4612352168199737,0.478690760313672,0.5341655716162943,0.0
"[7, 0, 0, 0, 2, 1, 0, 0, 7, 0, 0, 0, 0, 9, 1, 0, 2, 1, 0, 0, 2, 1, 0, 0, 5, 0, 0, 0, 4, 320, 0, 0, 4, 49, 0, 0, 1, 4, 0, 0, 7, 0, 0, 0, 7, 0, 0, 0]",0.6942551970481873,0.5,0.5025853154084798,0.6386333771353482,0.5625,0.3679369250985545,0.0
"[4, 405, 0, 0, 7, 0, 0, 0, 0, 21, 1, 0, 7, 0, 0, 0, 7, 0, 0, 0, 2, 0, 0, 0, 5, 0, 0, 0, 7, 0, 0, 0, 4, 89, 0, 0, 7, 0, 0, 0, 8, 1, 2, 0, 8, 1, 2, 0]",0.6933884918689728,0.5,0.5084075173095944,0.6754270696452037,0.5801354401805869,0.3469119579500657,82.72335357847624
"[1, 4, 0, 0, 1, 4, 0, 0, 8, 1, 1, 0, 7, 0, 0, 0, 8, 1, 1, 0, 8, 3, 1, 0, 2, 1, 0, 0, 3, 0, 0, 0, 1, 4, 0, 0, 4, 339, 0, 0, 5, 0, 0, 0, 7, 0, 0, 0]",0.6941159188747406,0.5,0.5069483046136742,0.5992115637319316,0.5492321589882565,0.4172141918528252,410.41414157673717
"[5, 0, 0, 0, 4, 219, 0, 0, 3, 0, 0, 0, 7, 0, 0, 0, 4, 326, 0, 0, 7, 0, 0, 0, 3, 0, 0, 0, 7, 0, 0, 0, 1, 4, 0, 0, 8, 2, 2, 0, 3, 0, 0, 0, 7, 0, 0, 0]",0.6944639205932617,0.5,0.5099375354911981,0.5900131406044679,0.5470606152908924,0.4329829172141918,0.0
"[7, 0, 0, 0, 0, 8, 0, 0, 4, 361, 0, 0, 7, 0, 0, 0, 7, 0, 0, 0, 3, 0, 0, 0, 2, 1, 0, 0, 7, 0, 0, 0, 0, 10, 1, 0, 6, 42, 4, 0, 1, 42, 0, 0, 7, 0, 0, 0]",0.6931400150060654,0.5,0.517,0.3396846254927727,0.4099920697858842,0.6826544021024967,24.32760366750881
"[6, 34, 4, 0, 2, 1, 0, 0, 7, 0, 0, 0, 4, 193, 0, 0, 8, 1, 2, 0, 2, 0, 0, 0, 7, 0, 0, 0, 1, 4, 0, 0, 5, 0, 0, 0, 7, 0, 0, 0, 7, 0, 0, 0, 3, 0, 0, 0]",0.6935484230518341,0.5,0.5,0.533508541392904,0.5162110616656072,0.4664914586070959,0.2712959164982749
"[6, 13, 4, 0, 4, 458, 0, 0, 1, 4, 0, 0, 7, 0, 0, 0, 7, 0, 0, 0, 7, 0, 0, 0, 7, 0, 0, 0, 0, 18, 1, 0, 7, 0, 0, 0, 2, 1, 0, 0, 4, 15, 0, 0, 0, 28, 1, 0]",0.6939692199230194,0.5,0.4972098214285714,0.5854139290407359,0.5377187688593844,0.4080157687253614,0.020337781816124334
"[4, 329, 0, 0, 4, 309, 0, 0, 2, 1, 0, 0, 7, 0, 0, 0, 2, 0, 0, 0, 6, 13, 4, 0, 7, 0, 0, 0, 0, 31, 0, 0, 3, 0, 0, 0, 7, 0, 0, 0, 5, 0, 0, 0, 4, 139, 0, 0]",0.6932168036699295,0.5,0.5203160270880361,0.6057818659658344,0.559805707346691,0.4415243101182654,0.36832230061008886
"[8, 0, 2, 0, 4, 495, 0, 0, 8, 2, 1, 0, 7, 0, 0, 0, 2, 0, 0, 0, 4, 288, 0, 0, 2, 1, 0, 0, 4, 418, 0, 0, 4, 468, 0, 0, 6, 62, 1, 0, 5, 0, 0, 0, 4, 413, 0, 0]",0.6933775037527085,0.5,0.5069551777434312,0.431011826544021,0.4659090909090909,0.580814717477004,0.05564199161256056
"[0, 16, 0, 0, 5, 0, 0, 0, 4, 454, 0, 0, 7, 0, 0, 0, 7, 0, 0, 0, 7, 0, 0, 0, 4, 276, 0, 0, 7, 0, 0, 0, 4, 183, 0, 0, 7, 0, 0, 0, 7, 0, 0, 0, 7, 0, 0, 0]",0.6932631641626358,0.5,0.4947689625108979,0.7457293035479632,0.5948637316561844,0.2385019710906701,35.03729643125553
"[0, 19, 1, 0, 1, 19, 0, 0, 7, 0, 0, 0, 4, 42, 0, 0, 1, 4, 0, 0, 3, 0, 0, 0, 2, 1, 0, 0, 1, 4, 0, 0, 0, 5, 1, 0, 2, 0, 0, 0, 1, 4, 0, 0, 8, 1, 1, 0]",0.6950092703104019,0.5,0.5088967971530249,0.5637319316688568,0.5349127182044888,0.4559789750328515,4.103126865811646
"[7, 0, 0, 0, 4, 328, 0, 0, 4, 446, 0, 0, 4, 498, 0, 0, 8, 3, 2, 0, 4, 46, 0, 0, 2, 1, 0, 0, 1, 4, 0, 0, 1, 4, 0, 0, 8, 3, 2, 0, 4, 458, 0, 0, 7, 0, 0, 0]",0.6933892726898193,0.5,0.5045992115637319,0.5045992115637319,0.5045992115637319,0.5045992115637319,0.013096633967236926
"[2, 1, 0, 0, 7, 0, 0, 0, 7, 0, 0, 0, 8, 1, 2, 0, 0, 16, 0, 0, 8, 1, 2, 0, 3, 0, 0, 0, 7, 0, 0, 0, 8, 3, 1, 0, 4, 327, 0, 0, 4, 284, 0, 0, 3, 0, 0, 0]",0.6932649821043014,0.5,0.4927536231884058,0.580814717477004,0.5331724969843185,0.4021024967148489,8.002313153469004
"[3, 0, 0, 0, 2, 0, 0, 0, 6, 30, 4, 0, 2, 1, 0, 0, 7, 0, 0, 0, 3, 0, 0, 0, 1, 4, 0, 0, 0, 7, 1, 0, 3, 0, 0, 0, 0, 23, 1, 0, 4, 410, 0, 0, 7, 0, 0, 0]",0.6928399235010148,0.5,0.5049683830171635,0.3672798948751642,0.4252567516165842,0.6399474375821288,0.07856619847734692
"[6, 5, 4, 0, 7, 0, 0, 0, 5, 0, 0, 0, 4, 209, 0, 0, 7, 0, 0, 0, 7, 0, 0, 0, 7, 0, 0, 0, 3, 0, 0, 0, 7, 0, 0, 0, 7, 0, 0, 0, 7, 0, 0, 0, 7, 0, 0, 0]",0.6940459191799164,0.5,0.4858447488584475,0.3495400788436268,0.4065724111578143,0.6300919842312747,2.958958289792463
"[7, 0, 0, 0, 6, 14, 4, 0, 2, 1, 0, 0, 7, 0, 0, 0, 7, 0, 0, 0, 0, 9, 0, 0, 0, 20, 0, 0, 3, 0, 0, 0, 1, 4, 0, 0, 7, 0, 0, 0, 0, 10, 1, 0, 5, 0, 0, 0]",0.6928243547677994,0.5,0.5020632737276479,0.4796320630749014,0.4905913978494624,0.5243101182654402,0.02463280875599594
"[2, 0, 0, 0, 7, 0, 0, 0, 1, 4, 0, 0, 1, 4, 0, 0, 3, 0, 0, 0, 4, 319, 0, 0, 0, 27, 0, 0, 8, 2, 1, 0, 2, 0, 0, 0, 8, 2, 1, 0, 3, 0, 0, 0, 7, 0, 0, 0]",0.693116644024849,0.5,0.5140712945590994,0.3600525624178712,0.4234930448222566,0.6596583442838371,106.9122666218318
"[3, 0, 0, 0, 3, 0, 0, 0, 7, 0, 0, 0, 3, 0, 0, 0, 1, 4, 0, 0, 0, 8, 0, 0, 2, 0, 0, 0, 1, 4, 0, 0, 6, 21, 4, 0, 4, 279, 0, 0, 8, 3, 2, 0, 7, 0, 0, 0]",0.6929726243019104,0.5,0.5154362416107383,0.2522996057818659,0.3387737097485664,0.7628120893561103,23.556186399131548
"[2, 1, 0, 0, 7, 0, 0, 0, 6, 20, 2, 0, 8, 3, 2, 0, 7, 0, 0, 0, 1, 4, 0, 0, 1, 4, 0, 0, 7, 0, 0, 0, 2, 0, 0, 0, 1, 4, 0, 0, 5, 0, 0, 0, 4, 18, 0, 0]",0.6948229491710662,0.5,0.500850822461713,0.5801576872536137,0.5375951293759513,0.4218134034165571,0.14898048696340993
"[5, 0, 0, 0, 4, 283, 0, 0, 1, 4, 0, 0, 4, 460, 0, 0, 7, 0, 0, 0, 3, 0, 0, 0, 1, 4, 0, 0, 3, 0, 0, 0, 7, 0, 0, 0, 7, 0, 0, 0, 7, 0, 0, 0, 7, 0, 0, 0]",0.6953468263149262,0.5,0.4868701206529453,0.4507227332457293,0.4680996247014671,0.5249671484888305,0.0
"[7, 0, 0, 0, 8, 1, 1, 0, 1, 4, 0, 0, 7, 0, 0, 0, 7, 0, 0, 0, 3, 0, 0, 0, 6, 30, 3, 0, 1, 30, 0, 0, 1, 4, 0, 0, 7, 0, 0, 0, 2, 0, 0, 0, 0, 16, 1, 0]",0.6930443435907364,0.5,0.4967779730521383,0.557161629434954,0.5252400123877361,0.435611038107753,29.05791401094757
"[8, 0, 1, 0, 4, 232, 0, 0, 6, 27, 3, 0, 8, 2, 2, 0, 3, 0, 0, 0, 7, 0, 0, 0, 7, 0, 0, 0, 1, 4, 0, 0, 3, 0, 0, 0, 0, 20, 1, 0, 7, 0, 0, 0, 2, 0, 0, 0]",0.6939699232578278,0.5,0.5115511551155115,0.4073587385019711,0.4535479151426481,0.6110381077529566,2.0942958937739604
"[3, 0, 0, 0, 7, 0, 0, 0, 8, 1, 2, 0, 1, 4, 0, 0, 7, 0, 0, 0, 5, 0, 0, 0, 4, 176, 0, 0, 7, 0, 0, 0, 7, 0, 0, 0, 7, 0, 0, 0, 7, 0, 0, 0, 7, 0, 0, 0]",0.6942049413919449,0.5,0.4755062050947093,0.4783180026281209,0.4769079593842122,0.4724047306176084,2.1383107500951155
"[7, 0, 0, 0, 6, 22, 3, 0, 8, 2, 2, 0, 3, 0, 0, 0, 7, 0, 0, 0, 0, 31, 0, 0, 3, 0, 0, 0, 1, 4, 0, 0, 1, 4, 0, 0, 8, 1, 1, 0, 2, 1, 0, 0, 7, 0, 0, 0]",0.7011408358812332,0.5,0.4912,0.4034165571616294,0.443001443001443,0.5821287779237845,0.6203878275398438
"[2, 1, 0, 0, 8, 1, 1, 0, 4, 116, 0, 0, 7, 0, 0, 0, 2, 0, 0, 0, 6, 50, 3, 0, 7, 0, 0, 0, 7, 0, 0, 0, 1, 4, 0, 0, 7, 0, 0, 0, 7, 0, 0, 0, 7, 0, 0, 0]",0.6934450447559357,0.5,0.4870435806831567,0.5433639947437582,0.513664596273292,0.4277266754270696,102.27285948209465
"[4, 422, 0, 0, 1, 4, 0, 0, 8, 2, 1, 0, 0, 30, 1, 0, 8, 2, 2, 0, 2, 0, 0, 0, 2, 0, 0, 0, 4, 275, 0, 0, 4, 170, 0, 0, 6, 18, 4, 0, 1, 18, 0, 0, 2, 0, 0, 0]",0.6932338684797287,0.5,0.4919028340080971,0.4789750328515111,0.4853528628495339,0.5052562417871223,2.0335837525490206
"[3, 0, 0, 0, 3, 0, 0, 0, 7, 0, 0, 0, 4, 429, 0, 0, 0, 29, 0, 0, 6, 13, 3, 0, 1, 13, 0, 0, 1, 4, 0, 0, 3, 0, 0, 0, 0, 26, 0, 0, 7, 0, 0, 0, 5, 0, 0, 0]",0.6930076330900192,0.5,0.5005518763796909,0.5959264126149802,0.5440911817636472,0.4053876478318002,0.8082534941077029
"[2, 0, 0, 0, 4, 48, 0, 0, 1, 4, 0, 0, 8, 2, 1, 0, 7, 0, 0, 0, 8, 1, 2, 0, 2, 0, 0, 0, 7, 0, 0, 0, 7, 0, 0, 0, 0, 26, 1, 0, 0, 7, 0, 0, 0, 19, 0, 0]",0.6939941138029099,0.5,0.4913522012578616,0.4106438896189224,0.4473872584108804,0.5749014454664915,0.03725412233916359
"[2, 1, 0, 0, 4, 131, 0, 0, 6, 12, 1, 0, 1, 12, 0, 0, 7, 0, 0, 0, 0, 11, 1, 0, 1, 11, 0, 0, 3, 0, 0, 0, 8, 1, 2, 0, 7, 0, 0, 0, 4, 60, 0, 0, 2, 0, 0, 0]",0.6939524263143539,0.5,0.5095029239766082,0.4579500657030223,0.4823529411764706,0.5591327201051248,0.1410155974808731
"[1, 4, 0, 0, 2, 1, 0, 0, 4, 360, 0, 0, 0, 24, 1, 0, 4, 272, 0, 0, 7, 0, 0, 0, 7, 0, 0, 0, 0, 8, 1, 0, 6, 24, 4, 0, 8, 1, 1, 0, 5, 0, 0, 0, 4, 484, 0, 0]",0.6932941943407058,0.5,0.5057825751734772,0.431011826544021,0.4654132671159985,0.5788436268068331,0.021473482987858006
"[4, 430, 0, 0, 4, 205, 0, 0, 1, 4, 0, 0, 3, 0, 0, 0, 0, 27, 0, 0, 7, 0, 0, 0, 7, 0, 0, 0, 8, 2, 2, 0, 7, 0, 0, 0, 1, 4, 0, 0, 0, 27, 1, 0, 2, 0, 0, 0]",0.693591171503067,0.5,0.4965675057208238,0.7128777923784494,0.585379012678716,0.2772667542706964,0.5344985429292137
"[7, 0, 0, 0, 1, 4, 0, 0, 8, 1, 2, 0, 2, 0, 0, 0, 3, 0, 0, 0, 6, 54, 3, 0, 2, 0, 0, 0, 7, 0, 0, 0, 2, 1, 0, 0, 7, 0, 0, 0, 3, 0, 0, 0, 7, 0, 0, 0]",0.698100072145462,0.5,0.5065751858204688,0.5821287779237845,0.5417303576887802,0.4329829172141918,62.92649682587944
"[0, 26, 1, 0, 4, 261, 0, 0, 7, 0, 0, 0, 0, 30, 0, 0, 5, 0, 0, 0, 4, 391, 0, 0, 7, 0, 0, 0, 7, 0, 0, 0, 4, 384, 0, 0, 3, 0, 0, 0, 7, 0, 0, 0, 3, 0, 0, 0]",0.6931861281394959,0.5,0.5052562417871223,0.5052562417871223,0.5052562417871223,0.5052562417871223,8.384726696764119
"[2, 0, 0, 0, 7, 0, 0, 0, 7, 0, 0, 0, 3, 0, 0, 0, 4, 233, 0, 0, 2, 0, 0, 0, 2, 0, 0, 0, 7, 0, 0, 0, 5, 0, 0, 0, 7, 0, 0, 0, 7, 0, 0, 0, 1, 4, 0, 0]",0.6959874391555786,0.5,0.4843184559710494,0.5275952693823915,0.5050314465408805,0.438239159001314,0.0
"[4, 424, 0, 0, 3, 0, 0, 0, 7, 0, 0, 0, 1, 4, 0, 0, 6, 61, 4, 0, 2, 0, 0, 0, 0, 5, 1, 0, 7, 0, 0, 0, 1, 4, 0, 0, 8, 2, 1, 0, 7, 0, 0, 0, 4, 457, 0, 0]",0.6933855384588241,0.5,0.5002918855808524,0.5630749014454665,0.5298299845440495,0.4375821287779238,42.05304883373901
"[8, 0, 2, 0, 0, 18, 0, 0, 4, 21, 0, 0, 0, 9, 0, 0, 0, 17, 1, 0, 2, 0, 0, 0, 1, 4, 0, 0, 4, 14, 0, 0, 6, 63, 3, 0, 8, 1, 2, 0, 7, 0, 0, 0, 4, 245, 0, 0]",0.6934783697128296,0.5,0.5022579026593076,0.6576872536136662,0.5695590327169274,0.3482260183968462,0.032556979896753546
"[3, 0, 0, 0, 8, 1, 1, 0, 7, 0, 0, 0, 4, 172, 0, 0, 7, 0, 0, 0, 0, 12, 0, 0, 8, 1, 1, 0, 7, 0, 0, 0, 0, 21, 1, 0, 2, 0, 0, 0, 4, 139, 0, 0, 1, 4, 0, 0]",0.6938252449035645,0.5,0.5092348284960422,0.507227332457293,0.5082290980908493,0.5111695137976346,3.2038374568510335
"[0, 24, 1, 0, 6, 27, 4, 0, 4, 298, 0, 0, 4, 205, 0, 0, 8, 3, 2, 0, 3, 0, 0, 0, 5, 0, 0, 0, 7, 0, 0, 0, 7, 0, 0, 0, 3, 0, 0, 0, 7, 0, 0, 0, 7, 0, 0, 0]",0.6932535469532013,0.5,0.4703065134099617,0.3226018396846254,0.38269680436477,0.6366622864651774,3.845943377375079
"[0, 5, 0, 0, 0, 9, 0, 0, 1, 9, 0, 0, 2, 0, 0, 0, 1, 4, 0, 0, 0, 22, 0, 0, 6, 48, 1, 0, 7, 0, 0, 0, 2, 1, 0, 0, 7, 0, 0, 0, 2, 0, 0, 0, 8, 2, 2, 0]",0.6930161654949188,0.5,0.5141700404858299,0.4172141918528252,0.460645629307218,0.6057818659658344,7.99034112226218
"[8, 0, 2, 0, 7, 0, 0, 0, 1, 4, 0, 0, 3, 0, 0, 0, 4, 261, 0, 0, 1, 4, 0, 0, 6, 7, 2, 0, 1, 7, 0, 0, 3, 0, 0, 0, 7, 0, 0, 0, 1, 4, 0, 0, 4, 491, 0, 0]",0.693439382314682,0.5,0.5013368983957219,0.492772667542707,0.4970178926441352,0.5098554533508541,1.3371725328597677
"[4, 44, 0, 0, 6, 44, 4, 0, 7, 0, 0, 0, 7, 0, 0, 0, 8, 2, 2, 0, 8, 3, 2, 0, 7, 0, 0, 0, 2, 1, 0, 0, 8, 3, 2, 0, 7, 0, 0, 0, 7, 0, 0, 0, 3, 0, 0, 0]",0.6934961378574371,0.5,0.5037550548815714,0.5729303547963206,0.5361205041500153,0.435611038107753,44.352162742987275
"[7, 0, 0, 0, 0, 6, 1, 0, 3, 0, 0, 0, 6, 50, 3, 0, 7, 0, 0, 0, 1, 4, 0, 0, 2, 0, 0, 0, 3, 0, 0, 0, 2, 1, 0, 0, 8, 3, 2, 0, 3, 0, 0, 0, 3, 0, 0, 0]",0.6950711786746979,0.5,0.4953271028037383,0.5223390275952694,0.5084745762711864,0.4678055190538764,1.1952246241271496
"[1, 4, 0, 0, 1, 4, 0, 0, 3, 0, 0, 0, 4, 393, 0, 0, 1, 4, 0, 0, 2, 1, 0, 0, 6, 62, 3, 0, 7, 0, 0, 0, 8, 1, 1, 0, 3, 0, 0, 0, 0, 14, 0, 0, 3, 0, 0, 0]",0.6931692391633988,0.5,0.5021881838074398,0.3015768725361367,0.3768472906403941,0.7010512483574245,399.0445738811977
"[2, 0, 0, 0, 0, 15, 0, 0, 5, 0, 0, 0, 4, 166, 0, 0, 8, 2, 1, 0, 8, 3, 1, 0, 7, 0, 0, 0, 7, 0, 0, 0, 3, 0, 0, 0, 7, 0, 0, 0, 7, 0, 0, 0, 4, 240, 0, 0]",0.6933521598577499,0.5,0.4967148488830486,0.4967148488830486,0.4967148488830486,0.4967148488830486,0.06940441684176335
"[8, 0, 2, 0, 6, 22, 2, 0, 8, 2, 2, 0, 8, 1, 1, 0, 0, 22, 1, 0, 8, 3, 1, 0, 0, 5, 1, 0, 7, 0, 0, 0, 7, 0, 0, 0, 5, 0, 0, 0, 7, 0, 0, 0, 3, 0, 0, 0]",0.6928580343723297,0.5,0.5032258064516129,0.4612352168199737,0.4813164209804594,0.5446780551905388,0.7581115239299834
"[3, 0, 0, 0, 3, 0, 0, 0, 6, 61, 4, 0, 7, 0, 0, 0, 4, 146, 0, 0, 0, 21, 1, 0, 4, 468, 0, 0, 3, 0, 0, 0, 7, 0, 0, 0, 1, 4, 0, 0, 7, 0, 0, 0, 7, 0, 0, 0]",0.6935213685035706,0.5,0.5,0.6649145860709592,0.5707839819514946,0.3350854139290407,0.8474281677708859
"[4, 273, 0, 0, 1, 4, 0, 0, 8, 2, 1, 0, 4, 103, 0, 0, 2, 1, 0, 0, 7, 0, 0, 0, 3, 0, 0, 0, 7, 0, 0, 0, 7, 0, 0, 0, 6, 29, 3, 0, 0, 26, 1, 0, 5, 0, 0, 0]",0.6938141793012619,0.5,0.5066435586366262,0.576215505913272,0.5391945896095911,0.4388961892247043,0.07775117992878222
"[6, 17, 4, 0, 4, 94, 0, 0, 3, 0, 0, 0, 8, 3, 1, 0, 7, 0, 0, 0, 0, 12, 1, 0, 7, 0, 0, 0, 7, 0, 0, 0, 2, 1, 0, 0, 3, 0, 0, 0, 7, 0, 0, 0, 8, 3, 1, 0]",0.6932682543992996,0.5,0.4904063205417607,0.5709592641261498,0.5276259866423801,0.4067017082785808,0.013165649190341355
"[1, 4, 0, 0, 0, 13, 1, 0, 4, 248, 0, 0, 7, 0, 0, 0, 6, 50, 1, 0, 3, 0, 0, 0, 1, 4, 0, 0, 7, 0, 0, 0, 8, 2, 2, 0, 3, 0, 0, 0, 4, 72, 0, 0, 4, 212, 0, 0]",0.693271791934967,0.5,0.5153181461115475,0.431011826544021,0.4694096601073345,0.5946123521681997,0.14756321156028207
"[0, 18, 1, 0, 6, 9, 2, 0, 7, 0, 0, 0, 2, 0, 0, 0, 7, 0, 0, 0, 0, 12, 0, 0, 1, 12, 0, 0, 8, 3, 2, 0, 7, 0, 0, 0, 4, 51, 0, 0, 1, 4, 0, 0, 1, 4, 0, 0]",0.6941938430070878,0.5,0.5025936599423632,0.5729303547963206,0.5354620816702487,0.4329829172141918,0.11017228836863069
"[0, 7, 1, 0, 0, 29, 1, 0, 2, 0, 0, 0, 7, 0, 0, 0, 3, 0, 0, 0, 3, 0, 0, 0, 2, 1, 0, 0, 8, 3, 1, 0, 7, 0, 0, 0, 1, 4, 0, 0, 0, 16, 1, 0, 3, 0, 0, 0]",0.6923198282718659,0.5,0.5010155721056195,0.4862023653088042,0.4934978326108702,0.5157687253613666,2.4287789640948176
"[3, 0, 0, 0, 1, 4, 0, 0, 7, 0, 0, 0, 2, 1, 0, 0, 4, 289, 0, 0, 0, 13, 1, 0, 8, 1, 2, 0, 2, 1, 0, 0, 4, 209, 0, 0, 2, 0, 0, 0, 1, 4, 0, 0, 8, 2, 1, 0]",0.6934977889060974,0.5,0.5011025358324146,0.5972404730617609,0.5449640287769785,0.4053876478318002,0.019288328436118718
"[7, 0, 0, 0, 1, 4, 0, 0, 2, 0, 0, 0, 6, 40, 1, 0, 7, 0, 0, 0, 7, 0, 0, 0, 2, 1, 0, 0, 8, 1, 2, 0, 7, 0, 0, 0, 7, 0, 0, 0, 0, 25, 1, 0, 0, 30, 0, 0]",0.6928567141294479,0.5,0.496028880866426,0.4513797634691195,0.4726522187822497,0.5413929040735874,4.387244918383658
"[2, 1, 0, 0, 3, 0, 0, 0, 4, 383, 0, 0, 8, 1, 2, 0, 0, 12, 0, 0, 3, 0, 0, 0, 8, 2, 2, 0, 7, 0, 0, 0, 2, 1, 0, 0, 7, 0, 0, 0, 4, 253, 0, 0, 7, 0, 0, 0]",0.6932848483324051,0.5,0.5016,0.823915900131406,0.6235703630034809,0.1813403416557161,0.02305104829792981
"[8, 0, 1, 0, 7, 0, 0, 0, 1, 4, 0, 0, 0, 24, 0, 0, 6, 31, 2, 0, 2, 1, 0, 0, 1, 4, 0, 0, 7, 0, 0, 0, 0, 30, 0, 0, 8, 3, 1, 0, 7, 0, 0, 0, 2, 1, 0, 0]",0.6940878540277481,0.5,0.4962147281486579,0.4737187910643889,0.4847058823529411,0.519053876478318,3.8702511596493423
"[7, 0, 0, 0, 0, 6, 1, 0, 5, 0, 0, 0, 4, 23, 0, 0, 8, 3, 1, 0, 7, 0, 0, 0, 7, 0, 0, 0, 3, 0, 0, 0, 8, 1, 2, 0, 1, 4, 0, 0, 7, 0, 0, 0, 7, 0, 0, 0]",0.6941745996475219,0.5,0.5016350555918901,0.5039421813403416,0.5027859718125205,0.4993429697766097,0.0
"[3, 0, 0, 0, 6, 59, 1, 0, 3, 0, 0, 0, 7, 0, 0, 0, 2, 0, 0, 0, 3, 0, 0, 0, 3, 0, 0, 0, 8, 3, 1, 0, 4, 187, 0, 0, 7, 0, 0, 0, 1, 4, 0, 0, 1, 4, 0, 0]",0.6939504772424698,0.5,0.5155440414507773,0.3922470433639947,0.4455223880597015,0.6314060446780552,4.638424641427264
"[2, 1, 0, 0, 7, 0, 0, 0, 3, 0, 0, 0, 1, 4, 0, 0, 6, 32, 4, 0, 2, 0, 0, 0, 7, 0, 0, 0, 8, 3, 1, 0, 0, 18, 1, 0, 7, 0, 0, 0, 4, 361, 0, 0, 5, 0, 0, 0]",0.6929955393075943,0.5,0.4932395889670092,0.5992115637319316,0.5410857312370216,0.3843626806833114,67.05745051754639
"[8, 0, 1, 0, 0, 18, 0, 0, 6, 15, 4, 0, 1, 15, 0, 0, 7, 0, 0, 0, 3, 0, 0, 0, 7, 0, 0, 0, 2, 0, 0, 0, 7, 0, 0, 0, 3, 0, 0, 0, 7, 0, 0, 0, 5, 0, 0, 0]",0.6992512494325638,0.5,0.5014409221902018,0.5716162943495401,0.5342339576297206,0.4316688567674113,72.35601565358229
"[0, 13, 0, 0, 5, 0, 0, 0, 4, 495, 0, 0, 7, 0, 0, 0, 4, 314, 0, 0, 7, 0, 0, 0, 7, 0, 0, 0, 7, 0, 0, 0, 3, 0, 0, 0, 4, 39, 0, 0, 3, 0, 0, 0, 7, 0, 0, 0]",0.6947191923856735,0.5,0.4863013698630137,0.3265440210249671,0.3907232704402515,0.6550591327201051,51.58615016104886
"[4, 152, 0, 0, 7, 0, 0, 0, 2, 0, 0, 0, 7, 0, 0, 0, 7, 0, 0, 0, 3, 0, 0, 0, 1, 4, 0, 0, 6, 43, 4, 0, 7, 0, 0, 0, 0, 22, 1, 0, 5, 0, 0, 0, 7, 0, 0, 0]",0.6936944484710693,0.5,0.4985727878211227,0.6885676741130092,0.5783664459161147,0.3074901445466491,0.7962643139053398
"[3, 0, 0, 0, 0, 28, 0, 0, 4, 430, 0, 0, 2, 0, 0, 0, 4, 215, 0, 0, 8, 2, 2, 0, 4, 374, 0, 0, 2, 0, 0, 0, 1, 4, 0, 0, 1, 4, 0, 0, 2, 1, 0, 0, 3, 0, 0, 0]",0.6929868400096894,0.5,0.5076028622540251,0.7457293035479632,0.6040447046301224,0.2766097240473061,16.330164886050625
"[0, 9, 0, 0, 6, 57, 4, 0, 3, 0, 0, 0, 4, 285, 0, 0, 4, 183, 0, 0, 7, 0, 0, 0, 8, 2, 1, 0, 3, 0, 0, 0, 4, 264, 0, 0, 8, 2, 2, 0, 1, 4, 0, 0, 4, 334, 0, 0]",0.6932082563638687,0.5,0.5176,0.4250985545335085,0.4668109668109668,0.6038107752956636,0.02114231327775684
"[6, 29, 1, 0, 3, 0, 0, 0, 3, 0, 0, 0, 4, 199, 0, 0, 8, 2, 2, 0, 7, 0, 0, 0, 2, 0, 0, 0, 7, 0, 0, 0, 7, 0, 0, 0, 7, 0, 0, 0, 7, 0, 0, 0, 7, 0, 0, 0]",0.6934905588626862,0.5,0.4995990376904571,0.4093298291721419,0.4499819429396894,0.5900131406044679,0.810930324223591
"[7, 0, 0, 0, 3, 0, 0, 0, 1, 4, 0, 0, 3, 0, 0, 0, 8, 1, 2, 0, 8, 1, 1, 0, 3, 0, 0, 0, 6, 40, 3, 0, 3, 0, 0, 0, 7, 0, 0, 0, 1, 4, 0, 0, 7, 0, 0, 0]",0.6964004755020141,0.5,0.5045572916666666,0.5091984231274639,0.5068672334859385,0.5,75.70604410639498
"[3, 0, 0, 0, 8, 1, 2, 0, 3, 0, 0, 0, 7, 0, 0, 0, 3, 0, 0, 0, 8, 2, 1, 0, 4, 290, 0, 0, 2, 0, 0, 0, 2, 0, 0, 0, 7, 0, 0, 0, 7, 0, 0, 0, 2, 0, 0, 0]",0.693669193983078,0.5,0.5265151515151515,0.5479632063074902,0.5370251126851255,0.507227332457293,3.0332038110718713
"[7, 0, 0, 0, 2, 0, 0, 0, 1, 4, 0, 0, 8, 1, 1, 0, 2, 1, 0, 0, 4, 12, 0, 0, 1, 4, 0, 0, 7, 0, 0, 0, 7, 0, 0, 0, 4, 44, 0, 0, 1, 4, 0, 0, 2, 1, 0, 0]",0.6941462934017182,0.5,0.4943820224719101,0.4336399474375821,0.4620231011550577,0.5565045992115637,0.19471796723883017
"[5, 0, 0, 0, 7, 0, 0, 0, 4, 186, 0, 0, 7, 0, 0, 0, 4, 484, 0, 0, 7, 0, 0, 0, 7, 0, 0, 0, 7, 0, 0, 0, 7, 0, 0, 0, 7, 0, 0, 0, 7, 0, 0, 0, 7, 0, 0, 0]",0.6931043267250061,0.5,0.5045871559633027,0.5059132720105125,0.505249343832021,0.5032851511169514,1.0011670676067297
"[1, 4, 0, 0, 1, 4, 0, 0, 8, 2, 1, 0, 7, 0, 0, 0, 8, 1, 1, 0, 8, 3, 2, 0, 5, 0, 0, 0, 7, 0, 0, 0, 7, 0, 0, 0, 8, 2, 1, 0, 7, 0, 0, 0, 7, 0, 0, 0]",0.6960172325372695,0.5,0.5061439438267993,0.5683311432325887,0.535437944908697,0.4454664914586071,1.4987471852773524
"[7, 0, 0, 0, 6, 30, 4, 0, 0, 14, 0, 0, 4, 39, 0, 0, 0, 5, 1, 0, 0, 19, 1, 0, 7, 0, 0, 0, 8, 1, 1, 0, 8, 2, 2, 0, 7, 0, 0, 0, 3, 0, 0, 0, 7, 0, 0, 0]",0.6934006631374359,0.5,0.498,0.4908015768725361,0.4943745863666446,0.5052562417871223,9.58771208988037
"[0, 13, 1, 0, 6, 5, 2, 0, 3, 0, 0, 0, 7, 0, 0, 0, 7, 0, 0, 0, 3, 0, 0, 0, 4, 413, 0, 0, 7, 0, 0, 0, 5, 0, 0, 0, 7, 0, 0, 0, 7, 0, 0, 0, 7, 0, 0, 0]",0.6931138843297958,0.5,0.487693710118505,0.3515111695137976,0.4085528827796869,0.6307490144546649,134.2433625292033
"[1, 4, 0, 0, 0, 9, 1, 0, 7, 0, 0, 0, 2, 0, 0, 0, 0, 27, 0, 0, 8, 1, 2, 0, 2, 1, 0, 0, 2, 0, 0, 0, 0, 6, 0, 0, 6, 29, 4, 0, 0, 28, 1, 0, 2, 0, 0, 0]",0.693213552236557,0.5,0.4855453350854139,0.4855453350854139,0.4855453350854139,0.4855453350854139,3.1376156569458544
"[4, 348, 0, 0, 0, 5, 1, 0, 4, 205, 0, 0, 7, 0, 0, 0, 7, 0, 0, 0, 7, 0, 0, 0, 3, 0, 0, 0, 8, 1, 2, 0, 5, 0, 0, 0, 7, 0, 0, 0, 8, 3, 1, 0, 4, 450, 0, 0]",0.6930838912725449,0.5,0.5026138909634055,0.4421813403416557,0.47046487242223,0.5624178712220762,21.87104104773607
"[8, 0, 1, 0, 3, 0, 0, 0, 6, 4, 2, 0, 0, 18, 0, 0, 8, 1, 1, 0, 0, 9, 0, 0, 7, 0, 0, 0, 3, 0, 0, 0, 3, 0, 0, 0, 7, 0, 0, 0, 2, 1, 0, 0, 2, 0, 0, 0]",0.69294273853302,0.5,0.5077772202709483,0.6649145860709592,0.5758179231863443,0.3554533508541393,8.217823245795444
"[6, 53, 4, 0, 0, 11, 0, 0, 2, 1, 0, 0, 5, 0, 0, 0, 4, 285, 0, 0, 7, 0, 0, 0, 4, 208, 0, 0, 7, 0, 0, 0, 3, 0, 0, 0, 7, 0, 0, 0, 7, 0, 0, 0, 7, 0, 0, 0]",0.6932066142559051,0.5,0.496761658031088,0.5039421813403416,0.5003261578604045,0.4894875164257556,42.25317801279016
"[4, 409, 0, 0, 8, 1, 2, 0, 2, 1, 0, 0, 1, 4, 0, 0, 8, 3, 2, 0, 8, 3, 1, 0, 4, 138, 0, 0, 6, 50, 4, 0, 7, 0, 0, 0, 1, 4, 0, 0, 0, 21, 1, 0, 3, 0, 0, 0]",0.6932316452264786,0.5,0.4858645627876397,0.4855453350854139,0.4857048964837331,0.4862023653088042,4.090838563628495
"[6, 25, 4, 0, 1, 25, 0, 0, 8, 2, 2, 0, 3, 0, 0, 0, 7, 0, 0, 0, 2, 0, 0, 0, 3, 0, 0, 0, 0, 31, 0, 0, 7, 0, 0, 0, 8, 3, 1, 0, 7, 0, 0, 0, 0, 8, 0, 0]",0.6929532796144485,0.5,0.4947106409458618,0.5223390275952694,0.5081495685522531,0.4664914586070959,24.100195920444094
"[3, 0, 0, 0, 3, 0, 0, 0, 7, 0, 0, 0, 7, 0, 0, 0, 8, 3, 2, 0, 3, 0, 0, 0, 7, 0, 0, 0, 6, 17, 3, 0, 3, 0, 0, 0, 1, 4, 0, 0, 0, 12, 0, 0, 2, 1, 0, 0]",0.693208372592926,0.5,0.5214968152866242,0.4303547963206307,0.4715622750179986,0.6051248357424441,21.782014123164117
"[7, 0, 0, 0, 6, 20, 4, 0, 3, 0, 0, 0, 1, 4, 0, 0, 2, 1, 0, 0, 7, 0, 0, 0, 7, 0, 0, 0, 1, 4, 0, 0, 7, 0, 0, 0, 3, 0, 0, 0, 7, 0, 0, 0, 0, 16, 0, 0]",0.6936482518911362,0.5,0.5075503355704698,0.3975032851511169,0.4458364038319823,0.614323258869908,0.19586718091500188
"[8, 0, 1, 0, 0, 4, 0, 0, 8, 2, 1, 0, 8, 2, 2, 0, 4, 445, 0, 0, 3, 0, 0, 0, 1, 4, 0, 0, 0, 28, 0, 0, 0, 22, 1, 0, 3, 0, 0, 0, 0, 31, 0, 0, 6, 8, 1, 0]",0.6931751221418381,0.5,0.5024461839530333,0.6747700394218134,0.5759955131800336,0.3318002628120893,29.541868990931732
"[7, 0, 0, 0, 2, 0, 0, 0, 2, 1, 0, 0, 8, 1, 2, 0, 7, 0, 0, 0, 4, 201, 0, 0, 5, 0, 0, 0, 4, 501, 0, 0, 8, 2, 2, 0, 4, 215, 0, 0, 1, 4, 0, 0, 8, 1, 2, 0]",0.6933283746242523,0.5,0.5094191522762951,0.4264126149802891,0.4642346208869814,0.5893561103810775,0.0
"[1, 4, 0, 0, 4, 350, 0, 0, 7, 0, 0, 0, 8, 3, 2, 0, 1, 4, 0, 0, 5, 0, 0, 0, 4, 409, 0, 0, 7, 0, 0, 0, 3, 0, 0, 0, 7, 0, 0, 0, 7, 0, 0, 0, 7, 0, 0, 0]",0.6933000594377517,0.5,0.5098171970209885,0.4947437582128778,0.5021673891297099,0.5243101182654402,0.22595746231718294
"[4, 462, 0, 0, 7, 0, 0, 0, 6, 20, 1, 0, 0, 21, 1, 0, 1, 21, 0, 0, 1, 4, 0, 0, 7, 0, 0, 0, 3, 0, 0, 0, 2, 0, 0, 0, 0, 13, 1, 0, 0, 13, 0, 0, 7, 0, 0, 0]",0.6931597262620925,0.5,0.5032497678737233,0.3561103810775295,0.4170834936514044,0.6484888304862023,0.07620000186216203
"[8, 0, 1, 0, 0, 28, 0, 0, 7, 0, 0, 0, 2, 0, 0, 0, 5, 0, 0, 0, 4, 294, 0, 0, 4, 80, 0, 0, 7, 0, 0, 0, 3, 0, 0, 0, 8, 1, 1, 0, 7, 0, 0, 0, 4, 145, 0, 0]",0.6931962817907333,0.5,0.5039421813403416,0.5039421813403416,0.5039421813403416,0.5039421813403416,28.63367091928376
"[7, 0, 0, 0, 6, 33, 4, 0, 1, 33, 0, 0, 2, 0, 0, 0, 0, 8, 0, 0, 8, 3, 2, 0, 0, 8, 1, 0, 7, 0, 0, 0, 7, 0, 0, 0, 4, 433, 0, 0, 0, 24, 0, 0, 2, 0, 0, 0]",0.6932907462120056,0.5,0.49755859375,0.6695137976346912,0.5708683473389355,0.323915900131406,47.33096692938125
"[4, 159, 0, 0, 7, 0, 0, 0, 0, 11, 1, 0, 7, 0, 0, 0, 7, 0, 0, 0, 5, 0, 0, 0, 4, 488, 0, 0, 1, 4, 0, 0, 3, 0, 0, 0, 3, 0, 0, 0, 7, 0, 0, 0, 7, 0, 0, 0]",0.6938574910163879,0.5,0.519177320733741,0.6136662286465178,0.5624811803673593,0.4316688567674113,0.0
"[4, 454, 0, 0, 6, 63, 4, 0, 8, 2, 2, 0, 1, 4, 0, 0, 1, 4, 0, 0, 1, 4, 0, 0, 0, 5, 0, 0, 0, 11, 1, 0, 1, 11, 0, 0, 7, 0, 0, 0, 0, 20, 0, 0, 5, 0, 0, 0]",0.6922902137041091,0.5,0.4889368591473286,0.59526938239159,0.5368888888888889,0.3777923784494086,63.5001013148576
"[8, 0, 1, 0, 7, 0, 0, 0, 7, 0, 0, 0, 1, 4, 0, 0, 4, 511, 0, 0, 4, 81, 0, 0, 7, 0, 0, 0, 0, 10, 0, 0, 7, 0, 0, 0, 2, 1, 0, 0, 6, 37, 3, 0, 5, 0, 0, 0]",0.6931637018918991,0.5,0.5121359223300971,0.4159001314060447,0.4590282813633067,0.6038107752956636,0.8585116949907388
"[3, 0, 0, 0, 4, 480, 0, 0, 7, 0, 0, 0, 4, 37, 0, 0, 6, 26, 3, 0, 8, 2, 2, 0, 0, 9, 0, 0, 5, 0, 0, 0, 4, 463, 0, 0, 7, 0, 0, 0, 1, 4, 0, 0, 4, 466, 0, 0]",0.6930233269929886,0.5,0.4952153110047846,0.4080157687253614,0.4474063400576369,0.5840998685939554,0.0
"[4, 80, 0, 0, 1, 4, 0, 0, 0, 22, 0, 0, 0, 10, 0, 0, 1, 10, 0, 0, 4, 129, 0, 0, 3, 0, 0, 0, 7, 0, 0, 0, 8, 1, 2, 0, 4, 328, 0, 0, 4, 290, 0, 0, 6, 8, 4, 0]",0.693117767572403,0.5,0.4994553376906318,0.602496714848883,0.5461584276354973,0.3961892247043364,0.028049634771150522
"[8, 0, 2, 0, 0, 13, 0, 0, 7, 0, 0, 0, 0, 7, 0, 0, 1, 7, 0, 0, 6, 33, 4, 0, 7, 0, 0, 0, 0, 7, 1, 0, 0, 14, 0, 0, 7, 0, 0, 0, 0, 25, 1, 0, 8, 1, 2, 0]",0.693160018324852,0.5,0.5,0.4250985545335085,0.4595170454545454,0.5749014454664915,0.6340423753317737
"[3, 0, 0, 0, 6, 50, 4, 0, 0, 18, 0, 0, 7, 0, 0, 0, 1, 4, 0, 0, 7, 0, 0, 0, 7, 0, 0, 0, 3, 0, 0, 0, 3, 0, 0, 0, 2, 1, 0, 0, 0, 25, 0, 0, 1, 25, 0, 0]",0.7015212327241898,0.5,0.501794687724336,0.4592641261498029,0.4795883361921098,0.5440210249671484,19.20640013087541
"[2, 1, 0, 0, 4, 273, 0, 0, 4, 59, 0, 0, 7, 0, 0, 0, 3, 0, 0, 0, 0, 27, 1, 0, 4, 108, 0, 0, 4, 430, 0, 0, 0, 6, 1, 0, 3, 0, 0, 0, 4, 282, 0, 0, 6, 35, 4, 0]",0.6934418976306915,0.5,0.4971783295711061,0.5788436268068331,0.5349119611414693,0.4145860709592641,0.03531178789353362
"[8, 0, 2, 0, 0, 25, 0, 0, 6, 8, 4, 0, 0, 27, 0, 0, 2, 1, 0, 0, 8, 2, 1, 0, 5, 0, 0, 0, 7, 0, 0, 0, 7, 0, 0, 0, 7, 0, 0, 0, 7, 0, 0, 0, 7, 0, 0, 0]",0.6926054954528809,0.5,0.5202665186007773,0.6156373193166885,0.563948239542582,0.4323258869908016,2.8038538463879377
"[3, 0, 0, 0, 1, 4, 0, 0, 7, 0, 0, 0, 3, 0, 0, 0, 7, 0, 0, 0, 0, 26, 1, 0, 4, 493, 0, 0, 7, 0, 0, 0, 1, 4, 0, 0, 2, 0, 0, 0, 7, 0, 0, 0, 7, 0, 0, 0]",0.6961841523647309,0.5,0.5216326530612245,0.4198423127463863,0.4652348016017473,0.6149802890932983,109.35442947037518
"[6, 53, 4, 0, 1, 53, 0, 0, 1, 4, 0, 0, 7, 0, 0, 0, 7, 0, 0, 0, 1, 4, 0, 0, 7, 0, 0, 0, 7, 0, 0, 0, 8, 1, 2, 0, 7, 0, 0, 0, 3, 0, 0, 0, 2, 1, 0, 0]",0.6992088764905929,0.5,0.5062362435803375,0.4533508541392904,0.4783362218370884,0.5578186596583443,98.92956392583437
"[8, 0, 1, 0, 0, 31, 1, 0, 7, 0, 0, 0, 8, 1, 2, 0, 7, 0, 0, 0, 8, 1, 1, 0, 7, 0, 0, 0, 5, 0, 0, 0, 4, 1, 0, 0, 4, 480, 0, 0, 8, 3, 2, 0, 1, 4, 0, 0]",0.6965231895446777,0.5,0.5,0.664257555847569,0.5705417607223476,0.335742444152431,0.0
"[4, 274, 0, 0, 8, 1, 2, 0, 4, 11, 0, 0, 4, 33, 0, 0, 8, 2, 1, 0, 2, 1, 0, 0, 1, 4, 0, 0, 3, 0, 0, 0, 4, 10, 0, 0, 3, 0, 0, 0, 2, 1, 0, 0, 7, 0, 0, 0]",0.6945306897163391,0.5,0.4988851727982162,0.588042049934297,0.5398069963811821,0.4093298291721419,0.9604066873453121
"[4, 127, 0, 0, 3, 0, 0, 0, 7, 0, 0, 0, 1, 4, 0, 0, 7, 0, 0, 0, 0, 12, 1, 0, 4, 469, 0, 0, 8, 2, 1, 0, 7, 0, 0, 0, 3, 0, 0, 0, 6, 44, 1, 0, 3, 0, 0, 0]",0.6931473433971405,0.5,0.4969135802469135,0.4231274638633377,0.4570617459190915,0.5716162943495401,0.06843153270892799
"[2, 1, 0, 0, 3, 0, 0, 0, 3, 0, 0, 0, 8, 1, 2, 0, 1, 4, 0, 0, 4, 387, 0, 0, 4, 442, 0, 0, 7, 0, 0, 0, 6, 7, 3, 0, 2, 1, 0, 0, 1, 4, 0, 0, 3, 0, 0, 0]",0.6933470159769058,0.5,0.5017397355601948,0.4737187910643889,0.4873267995944575,0.5295663600525624,12.184337110258639
"[2, 0, 0, 0, 6, 5, 4, 0, 7, 0, 0, 0, 0, 10, 1, 0, 0, 18, 1, 0, 0, 22, 1, 0, 1, 22, 0, 0, 3, 0, 0, 0, 7, 0, 0, 0, 0, 10, 1, 0, 7, 0, 0, 0, 4, 106, 0, 0]",0.6931261509656906,0.5,0.4863013698630137,0.3265440210249671,0.3907232704402515,0.6550591327201051,0.01585684441988633
"[1, 4, 0, 0, 6, 16, 4, 0, 3, 0, 0, 0, 1, 4, 0, 0, 1, 4, 0, 0, 7, 0, 0, 0, 8, 2, 1, 0, 2, 1, 0, 0, 0, 23, 1, 0, 4, 87, 0, 0, 0, 13, 1, 0, 3, 0, 0, 0]",0.6928547620773315,0.5,0.5053037608486017,0.3442838370565046,0.4095349745994529,0.6629434954007885,3.3313018267508596
"[5, 0, 0, 0, 4, 259, 0, 0, 7, 0, 0, 0, 7, 0, 0, 0, 1, 4, 0, 0, 7, 0, 0, 0, 1, 4, 0, 0, 3, 0, 0, 0, 8, 2, 1, 0, 4, 178, 0, 0, 4, 168, 0, 0, 1, 4, 0, 0]",0.6929705679416657,0.5,0.494375,0.5197109067017083,0.5067264573991032,0.4684625492772667,0.0
"[6, 55, 4, 0, 3, 0, 0, 0, 7, 0, 0, 0, 2, 1, 0, 0, 1, 4, 0, 0, 8, 1, 1, 0, 8, 2, 2, 0, 1, 4, 0, 0, 0, 27, 0, 0, 0, 14, 0, 0, 0, 6, 0, 0, 5, 0, 0, 0]",0.6927128463983536,0.5,0.5013477088948787,0.3666228646517739,0.4235294117647059,0.6353482260183968,3.547303860075772
"[8, 0, 2, 0, 4, 446, 0, 0, 0, 5, 0, 0, 0, 24, 0, 0, 2, 1, 0, 0, 2, 1, 0, 0, 8, 2, 2, 0, 3, 0, 0, 0, 8, 3, 2, 0, 3, 0, 0, 0, 3, 0, 0, 0, 4, 336, 0, 0]",0.693275260925293,0.5,0.5045336787564767,0.511826544021025,0.5081539465101109,0.4973718791064389,2.9044294578488916
"[4, 241, 0, 0, 1, 4, 0, 0, 6, 16, 4, 0, 3, 0, 0, 0, 4, 328, 0, 0, 7, 0, 0, 0, 1, 4, 0, 0, 7, 0, 0, 0, 0, 22, 1, 0, 2, 0, 0, 0, 7, 0, 0, 0, 5, 0, 0, 0]",0.6933668404817581,0.5,0.5007949125596184,0.2069645203679369,0.2928870292887029,0.7936925098554534,0.5069618073575839
"[7, 0, 0, 0, 0, 17, 0, 0, 2, 0, 0, 0, 8, 2, 1, 0, 8, 1, 2, 0, 0, 11, 0, 0, 8, 3, 1, 0, 6, 56, 4, 0, 7, 0, 0, 0, 1, 4, 0, 0, 4, 339, 0, 0, 2, 0, 0, 0]",0.6936924695968628,0.5,0.5120385232744783,0.4191852825229961,0.4609826589595375,0.6005256241787122,0.669734911462001
"[7, 0, 0, 0, 7, 0, 0, 0, 1, 4, 0, 0, 0, 10, 0, 0, 3, 0, 0, 0, 1, 4, 0, 0, 5, 0, 0, 0, 7, 0, 0, 0, 4, 375, 0, 0, 1, 4, 0, 0, 1, 4, 0, 0, 8, 1, 1, 0]",0.6967149436473846,0.5,0.5124653739612188,0.4862023653088042,0.4989885367498314,0.5374507227332457,0.0
"[7, 0, 0, 0, 1, 4, 0, 0, 7, 0, 0, 0, 3, 0, 0, 0, 7, 0, 0, 0, 5, 0, 0, 0, 7, 0, 0, 0, 1, 4, 0, 0, 7, 0, 0, 0, 7, 0, 0, 0, 3, 0, 0, 0, 7, 0, 0, 0]",0.7184239864349365,0.5,0.5115532734274711,0.5236530880420499,0.5175324675324675,0.5,0.0
"[4, 127, 0, 0, 2, 1, 0, 0, 7, 0, 0, 0, 3, 0, 0, 0, 4, 373, 0, 0, 7, 0, 0, 0, 2, 1, 0, 0, 4, 398, 0, 0, 3, 0, 0, 0, 3, 0, 0, 0, 0, 16, 1, 0, 6, 57, 1, 0]",0.6933074533939362,0.5,0.4857001972386587,0.6471747700394218,0.5549295774647888,0.3147174770039422,0.07767102112120483
"[7, 0, 0, 0, 4, 76, 0, 0, 6, 60, 1, 0, 7, 0, 0, 0, 8, 1, 2, 0, 3, 0, 0, 0, 7, 0, 0, 0, 0, 31, 0, 0, 2, 0, 0, 0, 1, 4, 0, 0, 0, 30, 1, 0, 5, 0, 0, 0]",0.6939669877290726,0.5,0.4920239282153539,0.6484888304862023,0.5595238095238095,0.3304862023653088,44.738087820238434
"[2, 0, 0, 0, 2, 0, 0, 0, 7, 0, 0, 0, 1, 4, 0, 0, 3, 0, 0, 0, 4, 213, 0, 0, 5, 0, 0, 0, 4, 283, 0, 0, 8, 1, 1, 0, 7, 0, 0, 0, 4, 121, 0, 0, 8, 1, 1, 0]",0.6934611141681671,0.5,0.5101298701298701,0.6452036793692509,0.5697708152016246,0.3804204993429698,9.230949702898215
"[7, 0, 0, 0, 8, 1, 1, 0, 5, 0, 0, 0, 4, 81, 0, 0, 7, 0, 0, 0, 1, 4, 0, 0, 7, 0, 0, 0, 4, 500, 0, 0, 7, 0, 0, 0, 3, 0, 0, 0, 7, 0, 0, 0, 7, 0, 0, 0]",0.6938575655221939,0.5,0.4950023798191337,0.683311432325887,0.5741098537123931,0.3028909329829172,0.0
"[2, 0, 0, 0, 6, 47, 4, 0, 7, 0, 0, 0, 7, 0, 0, 0, 7, 0, 0, 0, 7, 0, 0, 0, 1, 4, 0, 0, 4, 410, 0, 0, 8, 2, 2, 0, 7, 0, 0, 0, 7, 0, 0, 0, 2, 0, 0, 0]",0.6932971805334092,0.5,0.5197010869565217,0.5026281208935611,0.5110220440881763,0.5354796320630749,187.57634198176675
"[1, 4, 0, 0, 4, 25, 0, 0, 2, 0, 0, 0, 4, 294, 0, 0, 4, 135, 0, 0, 1, 4, 0, 0, 3, 0, 0, 0, 8, 3, 2, 0, 1, 4, 0, 0, 2, 0, 0, 0, 5, 0, 0, 0, 4, 380, 0, 0]",0.6933312982320785,0.5,0.5166666666666667,0.5091984231274639,0.5129053606882858,0.5236530880420499,3.614838123727168
"[6, 55, 4, 0, 3, 0, 0, 0, 1, 4, 0, 0, 3, 0, 0, 0, 3, 0, 0, 0, 1, 4, 0, 0, 7, 0, 0, 0, 1, 4, 0, 0, 8, 1, 1, 0, 0, 16, 0, 0, 7, 0, 0, 0, 5, 0, 0, 0]",0.6931090235710144,0.5,0.4858956276445698,0.4526938239159001,0.4687074829931972,0.5210249671484888,0.3308579170352459
"[1, 4, 0, 0, 3, 0, 0, 0, 5, 0, 0, 0, 4, 417, 0, 0, 4, 229, 0, 0, 7, 0, 0, 0, 7, 0, 0, 0, 8, 3, 2, 0, 3, 0, 0, 0, 7, 0, 0, 0, 7, 0, 0, 0, 3, 0, 0, 0]",0.6936689645051957,0.5,0.5006418485237484,0.2562417871222076,0.3389830508474576,0.7444152431011827,0.40546406175644734
"[7, 0, 0, 0, 3, 0, 0, 0, 2, 0, 0, 0, 0, 13, 0, 0, 0, 29, 0, 0, 7, 0, 0, 0, 2, 0, 0, 0, 3, 0, 0, 0, 2, 1, 0, 0, 0, 17, 0, 0, 8, 2, 1, 0, 3, 0, 0, 0]",0.6931575983762741,0.5,0.5092682926829268,0.342969776609724,0.4098939929328622,0.6695137976346912,4.339919927995652
"[7, 0, 0, 0, 2, 1, 0, 0, 8, 1, 1, 0, 7, 0, 0, 0, 1, 4, 0, 0, 4, 302, 0, 0, 7, 0, 0, 0, 7, 0, 0, 0, 0, 20, 0, 0, 7, 0, 0, 0, 0, 22, 0, 0, 6, 56, 4, 0]",0.6928283184766769,0.5,0.4966524650030432,0.5361366622864652,0.5156398104265403,0.4566360052562417,16.92331099882722
"[3, 0, 0, 0, 3, 0, 0, 0, 1, 4, 0, 0, 6, 15, 4, 0, 7, 0, 0, 0, 3, 0, 0, 0, 3, 0, 0, 0, 0, 6, 1, 0, 7, 0, 0, 0, 7, 0, 0, 0, 3, 0, 0, 0, 3, 0, 0, 0]",0.6935274779796601,0.5,0.5139103554868625,0.4369250985545335,0.4723011363636363,0.5867279894875165,0.13685431817293647
"[2, 1, 0, 0, 6, 36, 3, 0, 8, 1, 1, 0, 7, 0, 0, 0, 1, 4, 0, 0, 8, 1, 1, 0, 7, 0, 0, 0, 2, 1, 0, 0, 3, 0, 0, 0, 7, 0, 0, 0, 3, 0, 0, 0, 1, 4, 0, 0]",0.6987098395824433,0.5,0.5155172413793103,0.5893561103810775,0.5499693439607602,0.4461235216819973,28.88187328632921
"[4, 22, 0, 0, 7, 0, 0, 0, 4, 277, 0, 0, 0, 9, 1, 0, 5, 0, 0, 0, 4, 256, 0, 0, 7, 0, 0, 0, 7, 0, 0, 0, 8, 1, 1, 0, 7, 0, 0, 0, 7, 0, 0, 0, 7, 0, 0, 0]",0.6930289804935456,0.5,0.4723926380368098,0.2529566360052562,0.329482242190843,0.7174770039421814,0.03189290643967979
"[8, 0, 2, 0, 4, 305, 0, 0, 3, 0, 0, 0, 1, 4, 0, 0, 6, 25, 3, 0, 3, 0, 0, 0, 7, 0, 0, 0, 7, 0, 0, 0, 7, 0, 0, 0, 0, 26, 0, 0, 7, 0, 0, 0, 1, 4, 0, 0]",0.6950140625238419,0.5,0.4750378214826021,0.4126149802890933,0.4416315049226441,0.5440210249671484,414.4779039155692
"[8, 0, 1, 0, 8, 1, 1, 0, 7, 0, 0, 0, 0, 14, 1, 0, 7, 0, 0, 0, 5, 0, 0, 0, 7, 0, 0, 0, 7, 0, 0, 0, 7, 0, 0, 0, 7, 0, 0, 0, 7, 0, 0, 0, 8, 2, 2, 0]",0.6930047929286957,0.5,0.5172131147540984,0.4145860709592641,0.4602479941648432,0.6130091984231275,44.28526867553592
"[2, 1, 0, 0, 8, 1, 1, 0, 4, 16, 0, 0, 8, 1, 1, 0, 4, 235, 0, 0, 2, 0, 0, 0, 4, 86, 0, 0, 4, 99, 0, 0, 4, 475, 0, 0, 0, 25, 0, 0, 3, 0, 0, 0, 3, 0, 0, 0]",0.6931645691394805,0.5,0.5058290155440415,0.5131406044678055,0.5094585779517287,0.4986859395532194,1.948038110815105
"[3, 0, 0, 0, 8, 1, 1, 0, 2, 0, 0, 0, 2, 0, 0, 0, 0, 11, 1, 0, 4, 71, 0, 0, 0, 25, 1, 0, 6, 56, 2, 0, 3, 0, 0, 0, 7, 0, 0, 0, 2, 1, 0, 0, 3, 0, 0, 0]",0.6933232754468918,0.5,0.4926666666666666,0.4855453350854139,0.4890800794176042,0.5,5.084778253454715
"[4, 448, 0, 0, 8, 1, 2, 0, 8, 2, 1, 0, 8, 2, 1, 0, 0, 8, 0, 0, 7, 0, 0, 0, 8, 1, 2, 0, 6, 28, 4, 0, 7, 0, 0, 0, 5, 0, 0, 0, 7, 0, 0, 0, 3, 0, 0, 0]",0.6934417068958283,0.5,0.508,0.7509855453350854,0.6060445387062566,0.2726675427069645,0.03362178017579254
"[8, 0, 2, 0, 8, 1, 1, 0, 2, 0, 0, 0, 3, 0, 0, 0, 3, 0, 0, 0, 4, 305, 0, 0, 7, 0, 0, 0, 6, 44, 4, 0, 7, 0, 0, 0, 0, 19, 1, 0, 7, 0, 0, 0, 8, 3, 1, 0]",0.6934867948293686,0.5,0.4881780250347705,0.4612352168199737,0.4743243243243243,0.5164257555847569,17.83915940579027
"[4, 268, 0, 0, 4, 480, 0, 0, 5, 0, 0, 0, 4, 277, 0, 0, 7, 0, 0, 0, 7, 0, 0, 0, 7, 0, 0, 0, 7, 0, 0, 0, 7, 0, 0, 0, 4, 307, 0, 0, 4, 157, 0, 0, 4, 500, 0, 0]",0.6932824075222015,0.5,0.507533703409992,0.8409986859395532,0.6330365974282888,0.1839684625492772,7.60596939703828
"[0, 12, 0, 0, 2, 0, 0, 0, 4, 296, 0, 0, 2, 0, 0, 0, 3, 0, 0, 0, 4, 302, 0, 0, 3, 0, 0, 0, 0, 30, 1, 0, 6, 63, 4, 0, 5, 0, 0, 0, 4, 155, 0, 0, 8, 2, 2, 0]",0.6931283980607986,0.5,0.5004616805170822,0.3561103810775295,0.4161228406909789,0.6445466491458607,4.7657067369436845
"[7, 0, 0, 0, 3, 0, 0, 0, 6, 52, 3, 0, 2, 1, 0, 0, 7, 0, 0, 0, 7, 0, 0, 0, 3, 0, 0, 0, 1, 4, 0, 0, 8, 3, 1, 0, 0, 30, 0, 0, 7, 0, 0, 0, 8, 3, 2, 0]",0.6933040916919708,0.5,0.5042808219178082,0.3869908015768725,0.4379182156133829,0.6195795006570303,0.12030455548392638
"[0, 4, 1, 0, 4, 177, 0, 0, 4, 345, 0, 0, 7, 0, 0, 0, 8, 2, 2, 0, 7, 0, 0, 0, 8, 3, 1, 0, 7, 0, 0, 0, 6, 52, 2, 0, 4, 289, 0, 0, 4, 457, 0, 0, 0, 13, 0, 0]",0.6932660102844238,0.5,0.5046666666666667,0.4973718791064389,0.500992720052945,0.511826544021025,1.662893495758908
"[7, 0, 0, 0, 2, 0, 0, 0, 7, 0, 0, 0, 7, 0, 0, 0, 8, 2, 2, 0, 8, 1, 1, 0, 0, 28, 0, 0, 7, 0, 0, 0, 4, 124, 0, 0, 3, 0, 0, 0, 6, 63, 4, 0, 8, 2, 1, 0]",0.6929924815893174,0.5,0.5021562050790609,0.6885676741130092,0.5807702964810196,0.3173455978975033,261.7481307674898
"[7, 0, 0, 0, 7, 0, 0, 0, 8, 2, 1, 0, 4, 153, 0, 0, 1, 4, 0, 0, 7, 0, 0, 0, 6, 61, 4, 0, 7, 0, 0, 0, 0, 7, 1, 0, 8, 3, 2, 0, 3, 0, 0, 0, 0, 19, 0, 0]",0.6934732794761658,0.5,0.5114942528735632,0.3508541392904074,0.4162120031176929,0.6649145860709592,0.07281927545955114
"[7, 0, 0, 0, 0, 23, 1, 0, 8, 2, 2, 0, 0, 11, 0, 0, 7, 0, 0, 0, 8, 2, 1, 0, 4, 417, 0, 0, 6, 28, 4, 0, 0, 28, 1, 0, 8, 3, 1, 0, 0, 4, 0, 0, 5, 0, 0, 0]",0.6932382345199585,0.5,0.5054112554112554,0.9204993429697766,0.6525384257102934,0.0992115637319316,0.0072339646781856
"[3, 0, 0, 0, 4, 224, 0, 0, 1, 4, 0, 0, 7, 0, 0, 0, 0, 9, 0, 0, 3, 0, 0, 0, 7, 0, 0, 0, 1, 4, 0, 0, 1, 4, 0, 0, 0, 20, 0, 0, 8, 1, 2, 0, 4, 183, 0, 0]",0.6933729380369187,0.5,0.5073580939032937,0.4756898817345598,0.4910139030179722,0.538107752956636,0.10259355250718727
"[6, 51, 1, 0, 0, 5, 1, 0, 3, 0, 0, 0, 4, 364, 0, 0, 8, 3, 2, 0, 3, 0, 0, 0, 4, 319, 0, 0, 7, 0, 0, 0, 2, 0, 0, 0, 7, 0, 0, 0, 2, 1, 0, 0, 2, 1, 0, 0]",0.6931027680635452,0.5,0.5026281208935611,0.5026281208935611,0.5026281208935611,0.5026281208935611,6.032512173755094
"[6, 31, 2, 0, 0, 18, 0, 0, 1, 18, 0, 0, 7, 0, 0, 0, 7, 0, 0, 0, 7, 0, 0, 0, 7, 0, 0, 0, 7, 0, 0, 0, 7, 0, 0, 0, 0, 5, 0, 0, 0, 10, 0, 0, 7, 0, 0, 0]",0.6931043118238449,0.5,0.5124333925399644,0.3791064388961892,0.4358006042296072,0.6392904073587385,12.279822143376805
"[8, 0, 2, 0, 0, 24, 1, 0, 2, 0, 0, 0, 6, 17, 3, 0, 7, 0, 0, 0, 5, 0, 0, 0, 7, 0, 0, 0, 7, 0, 0, 0, 7, 0, 0, 0, 7, 0, 0, 0, 1, 4, 0, 0, 7, 0, 0, 0]",0.6996928989887238,0.5,0.5103492884864166,0.5183968462549278,0.5143415906127771,0.5026281208935611,0.0
"[8, 0, 1, 0, 8, 1, 2, 0, 3, 0, 0, 0, 1, 4, 0, 0, 8, 2, 2, 0, 6, 23, 4, 0, 0, 6, 0, 0, 7, 0, 0, 0, 0, 29, 1, 0, 3, 0, 0, 0, 0, 14, 1, 0, 3, 0, 0, 0]",0.6931089550256729,0.5,0.5050955414012739,0.5210249671484888,0.5129366106080206,0.4894875164257556,2.9436059263534844
"[6, 54, 4, 0, 7, 0, 0, 0, 8, 2, 1, 0, 8, 1, 2, 0, 5, 0, 0, 0, 7, 0, 0, 0, 8, 3, 1, 0, 7, 0, 0, 0, 7, 0, 0, 0, 8, 2, 1, 0, 7, 0, 0, 0, 7, 0, 0, 0]",0.7002182573080062,0.5,0.4976765799256505,0.7036793692509855,0.583015786608601,0.2897503285151117,141.744682014687
"[1, 4, 0, 0, 7, 0, 0, 0, 6, 16, 2, 0, 4, 265, 0, 0, 7, 0, 0, 0, 7, 0, 0, 0, 2, 0, 0, 0, 4, 271, 0, 0, 7, 0, 0, 0, 0, 5, 1, 0, 1, 5, 0, 0, 2, 1, 0, 0]",0.6936282753944397,0.5,0.5149031296572281,0.4540078843626807,0.4825418994413408,0.5722733245729303,11.64780586049892
"[3, 0, 0, 0, 7, 0, 0, 0, 1, 4, 0, 0, 0, 10, 0, 0, 3, 0, 0, 0, 8, 1, 2, 0, 4, 71, 0, 0, 1, 4, 0, 0, 7, 0, 0, 0, 6, 31, 4, 0, 7, 0, 0, 0, 3, 0, 0, 0]",0.6941600680351258,0.5,0.5047272727272727,0.4559789750328515,0.4791163272350707,0.5525624178712221,1.1508610362034233
"[6, 27, 4, 0, 2, 0, 0, 0, 4, 267, 0, 0, 3, 0, 0, 0, 3, 0, 0, 0, 7, 0, 0, 0, 7, 0, 0, 0, 7, 0, 0, 0, 7, 0, 0, 0, 2, 0, 0, 0, 1, 4, 0, 0, 1, 4, 0, 0]",0.6952045291662217,0.5,0.5093882495457298,0.5525624178712221,0.5300976993381658,0.4678055190538764,3.1740913577523315
"[1, 4, 0, 0, 0, 25, 0, 0, 3, 0, 0, 0, 3, 0, 0, 0, 8, 2, 1, 0, 7, 0, 0, 0, 6, 55, 4, 0, 1, 55, 0, 0, 7, 0, 0, 0, 1, 4, 0, 0, 3, 0, 0, 0, 7, 0, 0, 0]",0.7015929639339447,0.5,0.4980205859065716,0.4132720105124836,0.451705565529623,0.5834428383705651,0.5601377740717908
"[3, 0, 0, 0, 3, 0, 0, 0, 2, 1, 0, 0, 4, 175, 0, 0, 4, 41, 0, 0, 2, 0, 0, 0, 3, 0, 0, 0, 4, 286, 0, 0, 8, 1, 1, 0, 0, 5, 1, 0, 6, 33, 1, 0, 0, 10, 0, 0]",0.6932433903217315,0.5,0.4980430528375734,0.3344283837056505,0.4001572327044025,0.6629434954007885,0.03206611904533929
"[5, 0, 0, 0, 7, 0, 0, 0, 7, 0, 0, 0, 7, 0, 0, 0, 7, 0, 0, 0, 7, 0, 0, 0, 7, 0, 0, 0, 3, 0, 0, 0, 7, 0, 0, 0, 1, 4, 0, 0, 3, 0, 0, 0, 7, 0, 0, 0]",0.7160496681928634,0.5,0.5016350555918901,0.5039421813403416,0.5027859718125205,0.4993429697766097,0.0
"[3, 0, 0, 0, 0, 15, 0, 0, 7, 0, 0, 0, 0, 5, 1, 0, 2, 1, 0, 0, 7, 0, 0, 0, 7, 0, 0, 0, 8, 1, 2, 0, 3, 0, 0, 0, 7, 0, 0, 0, 0, 5, 0, 0, 4, 9, 0, 0]",0.6947602897882461,0.5,0.4948571428571429,0.568988173455979,0.5293398533007335,0.4191852825229961,4.132817996665835
"[8, 0, 2, 0, 3, 0, 0, 0, 1, 4, 0, 0, 4, 289, 0, 0, 1, 4, 0, 0, 3, 0, 0, 0, 3, 0, 0, 0, 8, 2, 2, 0, 0, 25, 1, 0, 4, 191, 0, 0, 1, 4, 0, 0, 4, 277, 0, 0]",0.6934995085000992,0.5,0.5052705551651441,0.4724047306176084,0.4882852292020374,0.5374507227332457,0.33454875938969053
"[3, 0, 0, 0, 1, 4, 0, 0, 6, 54, 4, 0, 7, 0, 0, 0, 1, 4, 0, 0, 7, 0, 0, 0, 7, 0, 0, 0, 0, 19, 1, 0, 4, 463, 0, 0, 0, 10, 1, 0, 4, 455, 0, 0, 0, 4, 1, 0]",0.6933207392692566,0.5,0.5008333333333334,0.3948751642575558,0.4415870683321087,0.6064388961892248,0.01416902132677933
"[2, 0, 0, 0, 7, 0, 0, 0, 4, 368, 0, 0, 7, 0, 0, 0, 3, 0, 0, 0, 7, 0, 0, 0, 6, 55, 3, 0, 7, 0, 0, 0, 3, 0, 0, 0, 3, 0, 0, 0, 3, 0, 0, 0, 2, 0, 0, 0]",0.6939399391412735,0.5,0.5068627450980392,0.3396846254927727,0.4067663257277734,0.6695137976346912,8.820750854036305
"[7, 0, 0, 0, 3, 0, 0, 0, 7, 0, 0, 0, 2, 0, 0, 0, 1, 4, 0, 0, 4, 162, 0, 0, 0, 29, 0, 0, 7, 0, 0, 0, 1, 4, 0, 0, 1, 4, 0, 0, 3, 0, 0, 0, 6, 39, 1, 0]",0.6950994044542312,0.5,0.443342776203966,0.2056504599211563,0.2809694793536804,0.7417871222076216,207.51645508536603
"[2, 0, 0, 0, 3, 0, 0, 0, 6, 6, 1, 0, 7, 0, 0, 0, 3, 0, 0, 0, 0, 15, 0, 0, 7, 0, 0, 0, 4, 352, 0, 0, 1, 4, 0, 0, 4, 306, 0, 0, 7, 0, 0, 0, 5, 0, 0, 0]",0.6937801778316498,0.5,0.4972826086956521,0.6011826544021025,0.5443188578227246,0.3922470433639947,0.8680005441856338
"[0, 15, 1, 0, 7, 0, 0, 0, 8, 2, 2, 0, 4, 399, 0, 0, 5, 0, 0, 0, 4, 217, 0, 0, 7, 0, 0, 0, 8, 1, 1, 0, 7, 0, 0, 0, 7, 0, 0, 0, 4, 178, 0, 0, 8, 3, 2, 0]",0.6931878566741944,0.5,0.4942857142857143,0.4546649145860709,0.4736481861738535,0.5348226018396847,0.012444706399946881
"[6, 16, 4, 0, 8, 1, 2, 0, 2, 1, 0, 0, 7, 0, 0, 0, 3, 0, 0, 0, 7, 0, 0, 0, 7, 0, 0, 0, 8, 3, 1, 0, 2, 0, 0, 0, 2, 1, 0, 0, 7, 0, 0, 0, 5, 0, 0, 0]",0.6957887828350067,0.5,0.4964912280701754,0.3718791064388962,0.425244177310293,0.6228646517739816,0.40596801093670365
"[6, 44, 4, 0, 8, 1, 1, 0, 0, 13, 1, 0, 7, 0, 0, 0, 7, 0, 0, 0, 3, 0, 0, 0, 7, 0, 0, 0, 7, 0, 0, 0, 8, 1, 1, 0, 4, 180, 0, 0, 4, 95, 0, 0, 7, 0, 0, 0]",0.6932190209627151,0.5,0.496,0.6517739816031537,0.5633162975582056,0.3377135348226018,78.09230798413046
"[4, 123, 0, 0, 4, 201, 0, 0, 2, 0, 0, 0, 7, 0, 0, 0, 7, 0, 0, 0, 7, 0, 0, 0, 4, 61, 0, 0, 3, 0, 0, 0, 4, 168, 0, 0, 4, 157, 0, 0, 1, 4, 0, 0, 4, 439, 0, 0]",0.6933463484048843,0.5,0.5044031311154599,0.6773981603153745,0.5782389231632081,0.3344283837056505,0.07728565804654863
"[7, 0, 0, 0, 0, 12, 0, 0, 6, 56, 1, 0, 4, 45, 0, 0, 3, 0, 0, 0, 0, 26, 1, 0, 2, 0, 0, 0, 4, 361, 0, 0, 0, 15, 0, 0, 7, 0, 0, 0, 7, 0, 0, 0, 7, 0, 0, 0]",0.6933493822813034,0.5,0.512720156555773,0.3442838370565046,0.4119496855345912,0.6727989487516426,0.02943392347333429
"[3, 0, 0, 0, 4, 257, 0, 0, 4, 501, 0, 0, 1, 4, 0, 0, 2, 0, 0, 0, 6, 9, 4, 0, 1, 9, 0, 0, 7, 0, 0, 0, 7, 0, 0, 0, 5, 0, 0, 0, 7, 0, 0, 0, 3, 0, 0, 0]",0.6934684336185455,0.5,0.5020519835841313,0.4822601839684625,0.4919571045576407,0.5216819973718791,2.5044121256032668
"[0, 16, 0, 0, 7, 0, 0, 0, 8, 2, 2, 0, 1, 4, 0, 0, 4, 39, 0, 0, 8, 3, 1, 0, 2, 0, 0, 0, 7, 0, 0, 0, 3, 0, 0, 0, 8, 1, 2, 0, 4, 295, 0, 0, 8, 1, 2, 0]",0.6933292120695114,0.5,0.4978858350951374,0.3094612352168199,0.3816855753646677,0.687910643889619,2.7538653113751934
"[3, 0, 0, 0, 3, 0, 0, 0, 3, 0, 0, 0, 2, 0, 0, 0, 0, 23, 1, 0, 2, 0, 0, 0, 8, 3, 2, 0, 0, 22, 0, 0, 2, 1, 0, 0, 8, 3, 1, 0, 7, 0, 0, 0, 1, 4, 0, 0]",0.6982456773519516,0.5,0.5010822510822511,0.9126149802890932,0.6469492314857941,0.0913272010512483,0.008476682425680337
"[7, 0, 0, 0, 6, 23, 4, 0, 4, 453, 0, 0, 3, 0, 0, 0, 1, 4, 0, 0, 4, 76, 0, 0, 1, 4, 0, 0, 7, 0, 0, 0, 7, 0, 0, 0, 3, 0, 0, 0, 7, 0, 0, 0, 7, 0, 0, 0]",0.6938343912363052,0.5,0.497196261682243,0.5243101182654402,0.5103933482571155,0.4697766097240473,4.7276524777935265
"[4, 346, 0, 0, 2, 1, 0, 0, 4, 331, 0, 0, 5, 0, 0, 0, 7, 0, 0, 0, 7, 0, 0, 0, 8, 3, 1, 0, 8, 1, 2, 0, 1, 4, 0, 0, 4, 67, 0, 0, 1, 4, 0, 0, 1, 4, 0, 0]",0.6941750466823577,0.5,0.5085066162570888,0.5302233902759527,0.5191379864908331,0.4875164257555847,0.0
"[3, 0, 0, 0, 3, 0, 0, 0, 1, 4, 0, 0, 3, 0, 0, 0, 3, 0, 0, 0, 7, 0, 0, 0, 8, 2, 2, 0, 7, 0, 0, 0, 6, 24, 4, 0, 2, 0, 0, 0, 2, 1, 0, 0, 5, 0, 0, 0]",0.6963329493999482,0.5,0.5053191489361702,0.6241787122207622,0.5584950029394474,0.3889618922470433,73.8623513020575
"[7, 0, 0, 0, 4, 423, 0, 0, 0, 10, 1, 0, 4, 76, 0, 0, 7, 0, 0, 0, 0, 16, 0, 0, 0, 9, 1, 0, 0, 18, 1, 0, 3, 0, 0, 0, 6, 25, 4, 0, 7, 0, 0, 0, 8, 1, 1, 0]",0.6934865474700928,0.5,0.5065703022339028,0.5065703022339028,0.5065703022339028,0.5065703022339028,0.03170187687138082
"[3, 0, 0, 0, 8, 1, 1, 0, 4, 482, 0, 0, 7, 0, 0, 0, 7, 0, 0, 0, 3, 0, 0, 0, 8, 2, 2, 0, 5, 0, 0, 0, 7, 0, 0, 0, 7, 0, 0, 0, 3, 0, 0, 0, 7, 0, 0, 0]",0.6931125938892364,0.5,0.5179934569247546,0.3120893561103811,0.3895038950389504,0.709592641261498,602.8042266862467
"[8, 0, 1, 0, 4, 39, 0, 0, 7, 0, 0, 0, 7, 0, 0, 0, 2, 1, 0, 0, 6, 51, 4, 0, 7, 0, 0, 0, 4, 85, 0, 0, 7, 0, 0, 0, 2, 1, 0, 0, 0, 5, 0, 0, 0, 29, 1, 0]",0.6939371854066849,0.5,0.4914586070959264,0.4914586070959264,0.4914586070959264,0.4914586070959264,5.182181659096386
"[1, 4, 0, 0, 7, 0, 0, 0, 4, 470, 0, 0, 2, 1, 0, 0, 7, 0, 0, 0, 7, 0, 0, 0, 3, 0, 0, 0, 7, 0, 0, 0, 3, 0, 0, 0, 4, 196, 0, 0, 4, 71, 0, 0, 4, 200, 0, 0]",0.6931717336177826,0.5,0.5003287310979618,0.5,0.5001643115346698,0.5006570302233903,23.9155826921924
"[7, 0, 0, 0, 1, 4, 0, 0, 1, 4, 0, 0, 4, 496, 0, 0, 7, 0, 0, 0, 2, 1, 0, 0, 8, 1, 1, 0, 3, 0, 0, 0, 0, 4, 0, 0, 2, 1, 0, 0, 7, 0, 0, 0, 0, 11, 0, 0]",0.6928750663995743,0.5,0.4861538461538461,0.519053876478318,0.502065459167461,0.4513797634691195,17.584364842623472
"[0, 16, 1, 0, 3, 0, 0, 0, 0, 22, 0, 0, 4, 51, 0, 0, 6, 55, 4, 0, 1, 55, 0, 0, 2, 1, 0, 0, 4, 324, 0, 0, 7, 0, 0, 0, 4, 341, 0, 0, 4, 404, 0, 0, 7, 0, 0, 0]",0.6930977135896683,0.5,0.485022026431718,0.7233902759526938,0.5806962025316456,0.2319316688567674,0.02463153501457782
"[7, 0, 0, 0, 6, 15, 4, 0, 5, 0, 0, 0, 7, 0, 0, 0, 3, 0, 0, 0, 8, 3, 2, 0, 7, 0, 0, 0, 7, 0, 0, 0, 8, 1, 2, 0, 1, 4, 0, 0, 1, 4, 0, 0, 7, 0, 0, 0]",0.7138052165508271,0.5,0.4818721160184575,0.4802890932982917,0.4810793024021059,0.4835742444152431,0.0
"[1, 4, 0, 0, 6, 24, 4, 0, 3, 0, 0, 0, 5, 0, 0, 0, 7, 0, 0, 0, 7, 0, 0, 0, 7, 0, 0, 0, 7, 0, 0, 0, 7, 0, 0, 0, 1, 4, 0, 0, 7, 0, 0, 0, 7, 0, 0, 0]",0.7185073256492615,0.5,0.5071151358344114,0.5151116951379764,0.5110821382007823,0.4993429697766097,0.0
"[6, 31, 1, 0, 0, 17, 1, 0, 7, 0, 0, 0, 7, 0, 0, 0, 7, 0, 0, 0, 1, 4, 0, 0, 2, 1, 0, 0, 0, 21, 0, 0, 8, 1, 2, 0, 3, 0, 0, 0, 8, 2, 1, 0, 1, 4, 0, 0]",0.6944814264774323,0.5,0.4952185792349727,0.4763469119579501,0.4855994641661085,0.514454664914586,2.3078213701955974
"[0, 7, 1, 0, 0, 18, 0, 0, 3, 0, 0, 0, 4, 147, 0, 0, 3, 0, 0, 0, 7, 0, 0, 0, 7, 0, 0, 0, 0, 28, 0, 0, 0, 29, 1, 0, 3, 0, 0, 0, 1, 4, 0, 0, 7, 0, 0, 0]",0.6945437550544739,0.5,0.5122448979591837,0.6596583442838371,0.5766800689259046,0.3718791064388962,0.07063136362739897
"[1, 4, 0, 0, 8, 1, 2, 0, 5, 0, 0, 0, 7, 0, 0, 0, 8, 2, 2, 0, 7, 0, 0, 0, 7, 0, 0, 0, 1, 4, 0, 0, 3, 0, 0, 0, 7, 0, 0, 0, 7, 0, 0, 0, 7, 0, 0, 0]",0.6971949875354767,0.5,0.4956579826319305,0.4875164257555847,0.4915534945346141,0.5039421813403416,0.0
"[6, 24, 4, 0, 7, 0, 0, 0, 7, 0, 0, 0, 1, 4, 0, 0, 4, 507, 0, 0, 2, 0, 0, 0, 2, 1, 0, 0, 1, 4, 0, 0, 7, 0, 0, 0, 7, 0, 0, 0, 7, 0, 0, 0, 3, 0, 0, 0]",0.6940128833055497,0.5,0.4946492271105826,0.5466491458607096,0.519350811485643,0.4415243101182654,3.5859491832961794
"[3, 0, 0, 0, 6, 38, 4, 0, 8, 1, 2, 0, 8, 1, 2, 0, 7, 0, 0, 0, 1, 4, 0, 0, 7, 0, 0, 0, 7, 0, 0, 0, 1, 4, 0, 0, 2, 0, 0, 0, 7, 0, 0, 0, 1, 4, 0, 0]",0.6950041502714157,0.5,0.5155844155844156,0.5216819973718791,0.5186152841280209,0.5098554533508541,1.5754569187247398
"[5, 0, 0, 0, 4, 233, 0, 0, 3, 0, 0, 0, 3, 0, 0, 0, 7, 0, 0, 0, 7, 0, 0, 0, 7, 0, 0, 0, 7, 0, 0, 0, 7, 0, 0, 0, 3, 0, 0, 0, 4, 456, 0, 0, 7, 0, 0, 0]",0.6932079255580902,0.5,0.5039553280595626,0.7115637319316689,0.5900299645873059,0.2996057818659658,112.04061749612447
"[8, 0, 1, 0, 7, 0, 0, 0, 7, 0, 0, 0, 8, 1, 1, 0, 7, 0, 0, 0, 7, 0, 0, 0, 8, 3, 1, 0, 4, 457, 0, 0, 4, 244, 0, 0, 6, 33, 3, 0, 1, 33, 0, 0, 5, 0, 0, 0]",0.6933806121349335,0.5,0.4943886591848789,0.5499342969776609,0.5206842923794712,0.4375821287779238,218.8355140199419
"[3, 0, 0, 0, 8, 1, 2, 0, 4, 482, 0, 0, 7, 0, 0, 0, 2, 1, 0, 0, 7, 0, 0, 0, 1, 4, 0, 0, 2, 0, 0, 0, 3, 0, 0, 0, 2, 1, 0, 0, 1, 4, 0, 0, 5, 0, 0, 0]",0.6941759288311005,0.5,0.4916567342073897,0.5420499342969777,0.515625,0.4395532194480946,1.0040657898935024
"[1, 4, 0, 0, 7, 0, 0, 0, 6, 30, 4, 0, 1, 30, 0, 0, 4, 5, 0, 0, 3, 0, 0, 0, 4, 230, 0, 0, 7, 0, 0, 0, 3, 0, 0, 0, 4, 167, 0, 0, 1, 4, 0, 0, 0, 31, 0, 0]",0.6932262271642685,0.5,0.505005005005005,0.6629434954007885,0.5732954545454545,0.350197109067017,0.15794179662907482
"[0, 26, 0, 0, 0, 22, 0, 0, 2, 1, 0, 0, 1, 4, 0, 0, 2, 0, 0, 0, 7, 0, 0, 0, 3, 0, 0, 0, 3, 0, 0, 0, 4, 360, 0, 0, 2, 1, 0, 0, 7, 0, 0, 0, 3, 0, 0, 0]",0.6950665354728699,0.5,0.4972067039106145,0.2923784494086728,0.3682250724038063,0.7043363994743759,0.35033343871327816
"[1, 4, 0, 0, 7, 0, 0, 0, 6, 27, 4, 0, 4, 399, 0, 0, 8, 2, 1, 0, 7, 0, 0, 0, 7, 0, 0, 0, 2, 0, 0, 0, 7, 0, 0, 0, 7, 0, 0, 0, 8, 2, 2, 0, 2, 1, 0, 0]",0.6932741701602936,0.5,0.502970297029703,0.3337713534822601,0.4012638230647709,0.6701708278580815,1.0287966004252667
"[8, 0, 2, 0, 6, 31, 4, 0, 7, 0, 0, 0, 8, 2, 2, 0, 3, 0, 0, 0, 1, 4, 0, 0, 2, 0, 0, 0, 1, 4, 0, 0, 1, 4, 0, 0, 0, 30, 1, 0, 2, 1, 0, 0, 3, 0, 0, 0]",0.6928835332393646,0.5,0.4835164835164835,0.3469119579500657,0.4039785768936496,0.6294349540078844,36.489594742655754
"[6, 43, 2, 0, 7, 0, 0, 0, 4, 341, 0, 0, 7, 0, 0, 0, 8, 1, 2, 0, 5, 0, 0, 0, 7, 0, 0, 0, 7, 0, 0, 0, 7, 0, 0, 0, 7, 0, 0, 0, 1, 4, 0, 0, 8, 2, 2, 0]",0.694595268368721,0.5,0.4813306177868296,0.4658344283837056,0.4734557595993322,0.4980289093298292,0.0
"[4, 406, 0, 0, 7, 0, 0, 0, 6, 32, 4, 0, 3, 0, 0, 0, 2, 1, 0, 0, 7, 0, 0, 0, 3, 0, 0, 0, 4, 44, 0, 0, 3, 0, 0, 0, 2, 1, 0, 0, 7, 0, 0, 0, 0, 21, 1, 0]",0.6937330275774002,0.5,0.5022779043280182,0.5795006570302234,0.5381330079316656,0.4257555847568988,0.17767311196803348
"[4, 449, 0, 0, 7, 0, 0, 0, 4, 389, 0, 0, 1, 4, 0, 0, 1, 4, 0, 0, 3, 0, 0, 0, 4, 292, 0, 0, 1, 4, 0, 0, 0, 13, 0, 0, 7, 0, 0, 0, 1, 4, 0, 0, 2, 0, 0, 0]",0.6933864384889603,0.5,0.5025641025641026,0.3219448094612352,0.3924709651581898,0.6813403416557161,104.31834860111121
"[4, 394, 0, 0, 4, 476, 0, 0, 4, 44, 0, 0, 6, 50, 2, 0, 0, 17, 0, 0, 4, 14, 0, 0, 7, 0, 0, 0, 8, 2, 2, 0, 2, 0, 0, 0, 1, 4, 0, 0, 4, 387, 0, 0, 5, 0, 0, 0]",0.6933033734560012,0.5,0.5073333333333333,0.5,0.5036399735274653,0.514454664914586,2.7791705986182933
"[1, 4, 0, 0, 3, 0, 0, 0, 4, 131, 0, 0, 7, 0, 0, 0, 3, 0, 0, 0, 0, 4, 0, 0, 4, 234, 0, 0, 1, 4, 0, 0, 6, 42, 4, 0, 7, 0, 0, 0, 5, 0, 0, 0, 7, 0, 0, 0]",0.6930511385202408,0.5,0.5172413793103449,0.5124835742444153,0.5148514851485149,0.5216819973718791,23.555296185892075
"[2, 1, 0, 0, 6, 13, 1, 0, 2, 0, 0, 0, 7, 0, 0, 0, 0, 6, 0, 0, 1, 6, 0, 0, 4, 348, 0, 0, 4, 6, 0, 0, 7, 0, 0, 0, 1, 4, 0, 0, 1, 4, 0, 0, 8, 1, 1, 0]",0.6943200767040253,0.5,0.496538081107814,0.6596583442838371,0.5665914221218962,0.3311432325886991,23.105076779145747
"[0, 25, 1, 0, 7, 0, 0, 0, 6, 57, 3, 0, 7, 0, 0, 0, 0, 14, 1, 0, 7, 0, 0, 0, 8, 1, 1, 0, 3, 0, 0, 0, 1, 4, 0, 0, 3, 0, 0, 0, 0, 30, 0, 0, 8, 1, 1, 0]",0.6925702035427094,0.5,0.4909090909090909,0.4080157687253614,0.4456404736275565,0.5768725361366623,0.014960596885430277
"[7, 0, 0, 0, 2, 1, 0, 0, 6, 37, 4, 0, 1, 37, 0, 0, 4, 234, 0, 0, 7, 0, 0, 0, 1, 4, 0, 0, 7, 0, 0, 0, 7, 0, 0, 0, 2, 0, 0, 0, 2, 0, 0, 0, 4, 42, 0, 0]",0.6944967359304428,0.5,0.5212053571428571,0.3068331143232589,0.3862696443341604,0.7181340341655716,103.95800052303821
"[1, 4, 0, 0, 0, 7, 0, 0, 0, 28, 1, 0, 0, 29, 1, 0, 1, 29, 0, 0, 2, 0, 0, 0, 7, 0, 0, 0, 1, 4, 0, 0, 7, 0, 0, 0, 6, 14, 4, 0, 7, 0, 0, 0, 2, 1, 0, 0]",0.7003235995769501,0.5,0.5057471264367817,0.6360052562417872,0.5634458672875436,0.3784494086727989,0.030425583338910656
"[7, 0, 0, 0, 8, 1, 2, 0, 7, 0, 0, 0, 2, 0, 0, 0, 7, 0, 0, 0, 2, 1, 0, 0, 0, 19, 1, 0, 7, 0, 0, 0, 6, 24, 2, 0, 7, 0, 0, 0, 2, 1, 0, 0, 7, 0, 0, 0]",0.6930550366640091,0.5,0.4887348353552859,0.5558475689881734,0.5201352597602213,0.4185282522996058,0.08656233371948474
"[7, 0, 0, 0, 3, 0, 0, 0, 2, 1, 0, 0, 7, 0, 0, 0, 3, 0, 0, 0, 4, 409, 0, 0, 6, 16, 4, 0, 2, 1, 0, 0, 3, 0, 0, 0, 3, 0, 0, 0, 7, 0, 0, 0, 3, 0, 0, 0]",0.6931132882833481,0.5,0.5096711798839458,0.3462549277266754,0.4123630672926447,0.6668856767411301,159.22623157687485
"[4, 111, 0, 0, 3, 0, 0, 0, 2, 0, 0, 0, 6, 38, 4, 0, 0, 13, 1, 0, 4, 165, 0, 0, 7, 0, 0, 0, 7, 0, 0, 0, 2, 1, 0, 0, 7, 0, 0, 0, 7, 0, 0, 0, 7, 0, 0, 0]",0.6932012110948562,0.5,0.5052562417871223,0.5052562417871223,0.5052562417871223,0.5052562417871223,4.018313356675208
"[1, 4, 0, 0, 6, 33, 2, 0, 3, 0, 0, 0, 8, 3, 1, 0, 8, 3, 2, 0, 2, 1, 0, 0, 1, 4, 0, 0, 7, 0, 0, 0, 8, 2, 2, 0, 1, 4, 0, 0, 2, 1, 0, 0, 1, 4, 0, 0]",0.6966006249189377,0.5,0.508695652173913,0.4612352168199737,0.4838042729152308,0.5545335085413929,35.20348910521716
"[0, 25, 0, 0, 8, 1, 2, 0, 8, 2, 2, 0, 7, 0, 0, 0, 7, 0, 0, 0, 1, 4, 0, 0, 8, 2, 1, 0, 0, 22, 0, 0, 2, 1, 0, 0, 7, 0, 0, 0, 2, 0, 0, 0, 8, 3, 1, 0]",0.6930673986673355,0.5,0.4991708126036484,0.5932982917214192,0.5421795256679676,0.40473061760841,2.526414736159495
"[0, 18, 1, 0, 5, 0, 0, 0, 4, 20, 0, 0, 7, 0, 0, 0, 8, 3, 2, 0, 7, 0, 0, 0, 7, 0, 0, 0, 3, 0, 0, 0, 3, 0, 0, 0, 7, 0, 0, 0, 4, 20, 0, 0, 3, 0, 0, 0]",0.6937211990356446,0.5,0.485062893081761,0.4053876478318002,0.4416607015032212,0.5696452036793692,6.1200729359843535
"[4, 63, 0, 0, 4, 136, 0, 0, 7, 0, 0, 0, 3, 0, 0, 0, 7, 0, 0, 0, 1, 4, 0, 0, 7, 0, 0, 0, 7, 0, 0, 0, 8, 2, 2, 0, 6, 8, 3, 0, 3, 0, 0, 0, 2, 0, 0, 0]",0.6934047937393188,0.5,0.4932126696832579,0.1432325886990801,0.2219959266802444,0.8528252299605782,0.5552434687278947
"[2, 1, 0, 0, 6, 29, 4, 0, 1, 29, 0, 0, 1, 4, 0, 0, 0, 29, 0, 0, 5, 0, 0, 0, 4, 183, 0, 0, 7, 0, 0, 0, 3, 0, 0, 0, 4, 189, 0, 0, 7, 0, 0, 0, 7, 0, 0, 0]",0.6930627375841141,0.5,0.4913714804722979,0.3554533508541393,0.4125047655356462,0.6320630749014454,74.13484091311693
"[3, 0, 0, 0, 6, 42, 3, 0, 2, 0, 0, 0, 4, 415, 0, 0, 2, 0, 0, 0, 7, 0, 0, 0, 4, 202, 0, 0, 8, 3, 1, 0, 8, 2, 2, 0, 3, 0, 0, 0, 7, 0, 0, 0, 2, 0, 0, 0]",0.6932242125272751,0.5,0.4897142857142857,0.5630749014454665,0.523838630806846,0.4132720105124836,0.2511096668378059
"[3, 0, 0, 0, 6, 50, 1, 0, 3, 0, 0, 0, 7, 0, 0, 0, 7, 0, 0, 0, 4, 151, 0, 0, 7, 0, 0, 0, 7, 0, 0, 0, 1, 4, 0, 0, 7, 0, 0, 0, 1, 4, 0, 0, 5, 0, 0, 0]",0.6943048059940338,0.5,0.4936305732484076,0.4073587385019711,0.4463642908567314,0.5821287779237845,6.530439859521721
"[4, 465, 0, 0, 7, 0, 0, 0, 6, 20, 2, 0, 1, 20, 0, 0, 7, 0, 0, 0, 1, 4, 0, 0, 4, 219, 0, 0, 3, 0, 0, 0, 7, 0, 0, 0, 1, 4, 0, 0, 4, 217, 0, 0, 4, 488, 0, 0]",0.693339392542839,0.5,0.5032051282051282,0.6189224704336399,0.5550972304065999,0.3889618922470433,0.3475871331356757
"[6, 19, 2, 0, 7, 0, 0, 0, 3, 0, 0, 0, 7, 0, 0, 0, 8, 1, 2, 0, 7, 0, 0, 0, 7, 0, 0, 0, 0, 28, 0, 0, 7, 0, 0, 0, 2, 1, 0, 0, 1, 4, 0, 0, 1, 4, 0, 0]",0.6979825735092163,0.5,0.5035369774919615,0.514454664914586,0.5089372765680859,0.492772667542707,54.42446072306484
"[3, 0, 0, 0, 6, 28, 2, 0, 7, 0, 0, 0, 3, 0, 0, 0, 0, 16, 0, 0, 1, 16, 0, 0, 1, 4, 0, 0, 3, 0, 0, 0, 4, 467, 0, 0, 7, 0, 0, 0, 0, 18, 0, 0, 8, 2, 1, 0]",0.6932713091373444,0.5,0.5129366106080206,0.5210249671484888,0.5169491525423728,0.5052562417871223,75.50096052326262
"[4, 217, 0, 0, 3, 0, 0, 0, 6, 35, 3, 0, 1, 35, 0, 0, 7, 0, 0, 0, 1, 4, 0, 0, 8, 3, 1, 0, 5, 0, 0, 0, 7, 0, 0, 0, 7, 0, 0, 0, 7, 0, 0, 0, 7, 0, 0, 0]",0.6937547236680984,0.5,0.4960341671751068,0.5341655716162943,0.5143941790572604,0.457293035479632,521.439803193789
"[8, 0, 2, 0, 7, 0, 0, 0, 6, 61, 3, 0, 8, 1, 2, 0, 8, 2, 1, 0, 4, 93, 0, 0, 8, 2, 2, 0, 2, 0, 0, 0, 7, 0, 0, 0, 7, 0, 0, 0, 8, 2, 2, 0, 4, 2, 0, 0]",0.7024184018373489,0.5,0.4992,0.4099868593955322,0.4502164502164502,0.5886990801576872,0.5460538268089294
"[0, 19, 0, 0, 7, 0, 0, 0, 3, 0, 0, 0, 0, 22, 0, 0, 6, 57, 2, 0, 7, 0, 0, 0, 0, 9, 0, 0, 0, 15, 1, 0, 7, 0, 0, 0, 7, 0, 0, 0, 0, 30, 0, 0, 5, 0, 0, 0]",0.6931513518095016,0.5,0.4905,0.6445466491458607,0.5570698466780238,0.3304862023653088,0.05146488062123922
"[2, 1, 0, 0, 7, 0, 0, 0, 7, 0, 0, 0, 6, 15, 4, 0, 2, 0, 0, 0, 7, 0, 0, 0, 7, 0, 0, 0, 3, 0, 0, 0, 3, 0, 0, 0, 3, 0, 0, 0, 4, 291, 0, 0, 4, 196, 0, 0]",0.6932888358831406,0.5,0.4949421965317919,0.450065703022339,0.47143840330351,0.5407358738501971,107.95209910161793
"[8, 0, 1, 0, 1, 4, 0, 0, 0, 21, 0, 0, 2, 0, 0, 0, 0, 18, 0, 0, 2, 1, 0, 0, 6, 33, 4, 0, 1, 33, 0, 0, 4, 109, 0, 0, 4, 484, 0, 0, 8, 3, 2, 0, 4, 174, 0, 0]",0.6930552989244461,0.5,0.5356793743890518,0.3600525624178712,0.4306483300589391,0.687910643889619,0.013844682460131708
"[3, 0, 0, 0, 0, 24, 1, 0, 8, 2, 1, 0, 2, 1, 0, 0, 2, 0, 0, 0, 8, 3, 1, 0, 2, 1, 0, 0, 8, 2, 2, 0, 0, 25, 1, 0, 7, 0, 0, 0, 3, 0, 0, 0, 6, 31, 1, 0]",0.6933973371982575,0.5,0.496098104793757,0.5847568988173456,0.5367913148371531,0.4060446780551905,0.8058151938021183
"[8, 0, 1, 0, 3, 0, 0, 0, 7, 0, 0, 0, 5, 0, 0, 0, 4, 159, 0, 0, 7, 0, 0, 0, 7, 0, 0, 0, 7, 0, 0, 0, 7, 0, 0, 0, 7, 0, 0, 0, 7, 0, 0, 0, 7, 0, 0, 0]",0.6933737635612488,0.5,0.5094124358243012,0.5867279894875165,0.5453435114503816,0.4349540078843626,331.7857553586364
"[2, 1, 0, 0, 3, 0, 0, 0, 8, 2, 2, 0, 4, 298, 0, 0, 3, 0, 0, 0, 6, 15, 1, 0, 4, 152, 0, 0, 0, 14, 0, 0, 7, 0, 0, 0, 7, 0, 0, 0, 3, 0, 0, 0, 4, 147, 0, 0]",0.6937276929616928,0.5,0.5032851511169514,0.5032851511169514,0.5032851511169514,0.5032851511169514,0.09578531602892326
"[2, 1, 0, 0, 8, 1, 1, 0, 1, 4, 0, 0, 7, 0, 0, 0, 3, 0, 0, 0, 0, 24, 0, 0, 2, 1, 0, 0, 7, 0, 0, 0, 6, 62, 4, 0, 5, 0, 0, 0, 7, 0, 0, 0, 8, 2, 1, 0]",0.6933029174804688,0.5,0.4856444715943799,0.5223390275952694,0.50332383665717,0.4467805519053876,25.72274849936366
"[6, 53, 2, 0, 7, 0, 0, 0, 4, 446, 0, 0, 4, 257, 0, 0, 7, 0, 0, 0, 7, 0, 0, 0, 7, 0, 0, 0, 2, 0, 0, 0, 4, 42, 0, 0, 1, 4, 0, 0, 0, 10, 1, 0, 7, 0, 0, 0]",0.6935745179653168,0.5,0.4953764861294584,0.492772667542707,0.4940711462450592,0.4980289093298292,15.06962303596083
"[4, 373, 0, 0, 1, 4, 0, 0, 7, 0, 0, 0, 3, 0, 0, 0, 6, 35, 4, 0, 1, 35, 0, 0, 7, 0, 0, 0, 7, 0, 0, 0, 1, 4, 0, 0, 7, 0, 0, 0, 7, 0, 0, 0, 8, 2, 1, 0]",0.6949010699987411,0.5,0.4882271468144044,0.4632063074901445,0.4753877275792313,0.514454664914586,5.140392091198009
"[7, 0, 0, 0, 1, 4, 0, 0, 8, 2, 1, 0, 1, 4, 0, 0, 2, 1, 0, 0, 3, 0, 0, 0, 6, 16, 2, 0, 8, 2, 2, 0, 7, 0, 0, 0, 7, 0, 0, 0, 0, 31, 0, 0, 1, 31, 0, 0]",0.7008916437625885,0.5,0.5053102291783119,0.5939553219448095,0.5460585925702205,0.4185282522996058,25.537331765401177
"[6, 35, 2, 0, 3, 0, 0, 0, 7, 0, 0, 0, 7, 0, 0, 0, 2, 0, 0, 0, 5, 0, 0, 0, 4, 433, 0, 0, 7, 0, 0, 0, 7, 0, 0, 0, 7, 0, 0, 0, 3, 0, 0, 0, 8, 3, 1, 0]",0.6934838622808457,0.5,0.5069524913093859,0.5749014454664915,0.5387931034482759,0.4408672798948752,5.50047591519251
"[8, 0, 2, 0, 4, 467, 0, 0, 5, 0, 0, 0, 7, 0, 0, 0, 3, 0, 0, 0, 7, 0, 0, 0, 7, 0, 0, 0, 7, 0, 0, 0, 7, 0, 0, 0, 1, 4, 0, 0, 7, 0, 0, 0, 7, 0, 0, 0]",0.6963931828737259,0.5,0.5182748538011696,0.4658344283837056,0.4906574394463668,0.5670170827858082,0.0
"[0, 26, 1, 0, 8, 1, 2, 0, 3, 0, 0, 0, 7, 0, 0, 0, 1, 4, 0, 0, 8, 1, 2, 0, 1, 4, 0, 0, 7, 0, 0, 0, 8, 2, 2, 0, 1, 4, 0, 0, 2, 0, 0, 0, 3, 0, 0, 0]",0.7000746011734009,0.5,0.5154559505409583,0.438239159001314,0.4737215909090909,0.588042049934297,0.03170154515464674
"[7, 0, 0, 0, 8, 1, 2, 0, 3, 0, 0, 0, 8, 3, 1, 0, 8, 1, 1, 0, 4, 229, 0, 0, 2, 0, 0, 0, 4, 69, 0, 0, 3, 0, 0, 0, 7, 0, 0, 0, 0, 18, 0, 0, 7, 0, 0, 0]",0.6930085837841033,0.5,0.4874213836477987,0.4073587385019711,0.4438081603435934,0.5716162943495401,100.06526033382397
"[4, 406, 0, 0, 7, 0, 0, 0, 6, 48, 1, 0, 4, 360, 0, 0, 2, 0, 0, 0, 7, 0, 0, 0, 3, 0, 0, 0, 7, 0, 0, 0, 3, 0, 0, 0, 7, 0, 0, 0, 2, 0, 0, 0, 2, 1, 0, 0]",0.6938292056322097,0.5,0.4940644431882419,0.5742444152431012,0.531145548465512,0.411957950065703,150.88010858604684
"[0, 10, 1, 0, 1, 10, 0, 0, 7, 0, 0, 0, 1, 4, 0, 0, 7, 0, 0, 0, 0, 28, 1, 0, 7, 0, 0, 0, 7, 0, 0, 0, 6, 42, 4, 0, 7, 0, 0, 0, 2, 1, 0, 0, 4, 263, 0, 0]",0.6932416588068009,0.5,0.4931563666528411,0.7812089356110381,0.6046275108060005,0.1971090670170827,0.26253793023352046
"[8, 0, 1, 0, 1, 4, 0, 0, 4, 118, 0, 0, 8, 3, 1, 0, 7, 0, 0, 0, 7, 0, 0, 0, 6, 39, 3, 0, 2, 0, 0, 0, 7, 0, 0, 0, 7, 0, 0, 0, 2, 1, 0, 0, 3, 0, 0, 0]",0.6941641718149185,0.5,0.4910122989593188,0.3409986859395532,0.4024815820085304,0.6465177398160316,0.5349298502187594
"[7, 0, 0, 0, 6, 35, 4, 0, 0, 27, 0, 0, 7, 0, 0, 0, 3, 0, 0, 0, 2, 1, 0, 0, 2, 1, 0, 0, 7, 0, 0, 0, 8, 3, 2, 0, 0, 5, 0, 0, 5, 0, 0, 0, 4, 435, 0, 0]",0.6933863967657089,0.5,0.525,0.3449408672798948,0.4163362410785091,0.687910643889619,1.4456701623275876
"[6, 11, 2, 0, 8, 1, 1, 0, 3, 0, 0, 0, 8, 3, 2, 0, 1, 4, 0, 0, 7, 0, 0, 0, 7, 0, 0, 0, 1, 4, 0, 0, 1, 4, 0, 0, 5, 0, 0, 0, 4, 117, 0, 0, 4, 406, 0, 0]",0.6934869110584259,0.5,0.4784263959390863,0.495400788436268,0.486765655261459,0.4599211563731931,59.86790294444654
"[4, 367, 0, 0, 1, 4, 0, 0, 1, 4, 0, 0, 6, 16, 1, 0, 7, 0, 0, 0, 1, 4, 0, 0, 7, 0, 0, 0, 8, 2, 1, 0, 1, 4, 0, 0, 8, 3, 2, 0, 7, 0, 0, 0, 3, 0, 0, 0]",0.6940996795892715,0.5,0.5255754475703325,0.5400788436268068,0.5327284510693454,0.5124835742444153,2.0216528834907876
"[5, 0, 0, 0, 4, 359, 0, 0, 7, 0, 0, 0, 3, 0, 0, 0, 7, 0, 0, 0, 4, 287, 0, 0, 8, 1, 2, 0, 7, 0, 0, 0, 1, 4, 0, 0, 8, 3, 2, 0, 7, 0, 0, 0, 8, 2, 1, 0]",0.6933245837688446,0.5,0.4785788923719958,0.3009198423127464,0.3695038321903993,0.6721419185282523,0.0
"[7, 0, 0, 0, 0, 6, 0, 0, 2, 1, 0, 0, 3, 0, 0, 0, 3, 0, 0, 0, 6, 57, 1, 0, 2, 0, 0, 0, 1, 4, 0, 0, 0, 4, 0, 0, 7, 0, 0, 0, 7, 0, 0, 0, 5, 0, 0, 0]",0.6931582003831863,0.5,0.494025974025974,0.6248357424441524,0.5517841601392516,0.3600525624178712,0.9700144049711525
"[4, 182, 0, 0, 6, 54, 4, 0, 8, 1, 1, 0, 7, 0, 0, 0, 7, 0, 0, 0, 1, 4, 0, 0, 0, 23, 0, 0, 2, 1, 0, 0, 8, 3, 2, 0, 7, 0, 0, 0, 5, 0, 0, 0, 7, 0, 0, 0]",0.6934641510248184,0.5,0.5,0.4980289093298292,0.4990125082290981,0.5019710906701709,10.0708365640603
"[4, 205, 0, 0, 2, 1, 0, 0, 3, 0, 0, 0, 1, 4, 0, 0, 0, 17, 1, 0, 6, 41, 1, 0, 8, 3, 1, 0, 2, 0, 0, 0, 7, 0, 0, 0, 7, 0, 0, 0, 2, 1, 0, 0, 1, 4, 0, 0]",0.6942049115896225,0.5,0.5016056518946692,0.5131406044678055,0.5073075673920104,0.4901445466491458,3.8486293866299093
"[7, 0, 0, 0, 1, 4, 0, 0, 3, 0, 0, 0, 0, 14, 1, 0, 0, 7, 0, 0, 3, 0, 0, 0, 4, 250, 0, 0, 4, 292, 0, 0, 8, 1, 2, 0, 3, 0, 0, 0, 6, 11, 4, 0, 1, 11, 0, 0]",0.6932881832122803,0.5,0.4986149584487535,0.354796320630749,0.4145873320537428,0.6432325886990802,0.03526310306585856
"[3, 0, 0, 0, 4, 223, 0, 0, 7, 0, 0, 0, 6, 37, 4, 0, 7, 0, 0, 0, 4, 306, 0, 0, 2, 0, 0, 0, 7, 0, 0, 0, 2, 1, 0, 0, 1, 4, 0, 0, 7, 0, 0, 0, 0, 28, 0, 0]",0.6933866977691651,0.5,0.5046257359125316,0.3942181340341655,0.4426410918480266,0.6130091984231275,0.4021900631596509
"[3, 0, 0, 0, 3, 0, 0, 0, 0, 6, 0, 0, 6, 42, 2, 0, 2, 0, 0, 0, 4, 61, 0, 0, 2, 1, 0, 0, 4, 147, 0, 0, 3, 0, 0, 0, 8, 3, 1, 0, 4, 208, 0, 0, 1, 4, 0, 0]",0.6932088285684586,0.5,0.4960496613995485,0.5775295663600526,0.5336976320582878,0.4132720105124836,0.050955437275433724
"[1, 4, 0, 0, 7, 0, 0, 0, 2, 0, 0, 0, 4, 66, 0, 0, 8, 3, 1, 0, 4, 66, 0, 0, 8, 1, 1, 0, 1, 4, 0, 0, 6, 30, 4, 0, 7, 0, 0, 0, 7, 0, 0, 0, 7, 0, 0, 0]",0.6932553887367249,0.5,0.4847670250896057,0.3554533508541393,0.4101592115238817,0.6222076215505913,16.781768134176673
"[8, 0, 1, 0, 3, 0, 0, 0, 8, 2, 1, 0, 1, 4, 0, 0, 4, 400, 0, 0, 4, 276, 0, 0, 1, 4, 0, 0, 6, 23, 1, 0, 7, 0, 0, 0, 8, 1, 1, 0, 1, 4, 0, 0, 4, 50, 0, 0]",0.6936849355697632,0.5,0.5018359853121175,0.5387647831800263,0.5196451204055766,0.4651773981603154,1.7386065147884437
"[5, 0, 0, 0, 7, 0, 0, 0, 4, 418, 0, 0, 7, 0, 0, 0, 3, 0, 0, 0, 7, 0, 0, 0, 7, 0, 0, 0, 7, 0, 0, 0, 7, 0, 0, 0, 7, 0, 0, 0, 7, 0, 0, 0, 7, 0, 0, 0]",0.6942329168319702,0.5,0.50177304964539,0.3718791064388962,0.4271698113207547,0.6307490144546649,957.2484549293295
"[7, 0, 0, 0, 0, 20, 0, 0, 1, 20, 0, 0, 7, 0, 0, 0, 6, 48, 4, 0, 4, 45, 0, 0, 4, 207, 0, 0, 7, 0, 0, 0, 7, 0, 0, 0, 3, 0, 0, 0, 8, 2, 2, 0, 1, 4, 0, 0]",0.6934668242931366,0.5,0.5081206496519721,0.5755584756898817,0.5397412199630314,0.442838370565046,38.13803988604923
"[4, 438, 0, 0, 8, 1, 1, 0, 5, 0, 0, 0, 7, 0, 0, 0, 8, 1, 2, 0, 7, 0, 0, 0, 8, 2, 2, 0, 4, 418, 0, 0, 7, 0, 0, 0, 1, 4, 0, 0, 7, 0, 0, 0, 7, 0, 0, 0]",0.693678206205368,0.5,0.5023337222870479,0.5657030223390276,0.5321384425216317,0.4395532194480946,0.0
"[7, 0, 0, 0, 6, 15, 4, 0, 7, 0, 0, 0, 1, 4, 0, 0, 1, 4, 0, 0, 0, 7, 1, 0, 2, 1, 0, 0, 2, 0, 0, 0, 2, 1, 0, 0, 0, 6, 0, 0, 8, 1, 2, 0, 1, 4, 0, 0]",0.6921351701021194,0.5,0.5028612303290415,0.461892247043364,0.4815068493150685,0.5433639947437582,0.3325856381707126
"[7, 0, 0, 0, 8, 1, 2, 0, 0, 27, 0, 0, 4, 498, 0, 0, 0, 29, 0, 0, 3, 0, 0, 0, 8, 2, 2, 0, 8, 3, 2, 0, 6, 15, 4, 0, 7, 0, 0, 0, 5, 0, 0, 0, 4, 132, 0, 0]",0.6933619320392609,0.5,0.5102201257861635,0.4264126149802891,0.4645669291338583,0.5906701708278581,14.94388778760731
"[1, 4, 0, 0, 2, 0, 0, 0, 3, 0, 0, 0, 7, 0, 0, 0, 8, 3, 2, 0, 7, 0, 0, 0, 7, 0, 0, 0, 3, 0, 0, 0, 4, 15, 0, 0, 8, 2, 2, 0, 0, 14, 0, 0, 4, 173, 0, 0]",0.6936971753835678,0.5,0.5011286681715575,0.5834428383705651,0.5391621129326047,0.4191852825229961,5.422515820064291
"[7, 0, 0, 0, 8, 1, 2, 0, 6, 32, 4, 0, 7, 0, 0, 0, 4, 99, 0, 0, 4, 357, 0, 0, 5, 0, 0, 0, 7, 0, 0, 0, 7, 0, 0, 0, 3, 0, 0, 0, 7, 0, 0, 0, 3, 0, 0, 0]",0.693220978975296,0.5,0.493491124260355,0.5479632063074902,0.5193026151930261,0.4375821287779238,147.22911529242992
"[0, 18, 1, 0, 8, 1, 2, 0, 6, 35, 4, 0, 7, 0, 0, 0, 3, 0, 0, 0, 7, 0, 0, 0, 1, 4, 0, 0, 7, 0, 0, 0, 2, 1, 0, 0, 2, 0, 0, 0, 7, 0, 0, 0, 0, 18, 0, 0]",0.6929203778505325,0.5,0.4943037974683544,0.5131406044678055,0.5035460992907801,0.4750328515111695,1.693162223789841
"[0, 21, 0, 0, 0, 31, 0, 0, 7, 0, 0, 0, 0, 19, 0, 0, 3, 0, 0, 0, 2, 0, 0, 0, 6, 59, 4, 0, 8, 1, 1, 0, 7, 0, 0, 0, 5, 0, 0, 0, 4, 46, 0, 0, 3, 0, 0, 0]",0.693501529097557,0.5,0.4830699774266365,0.5624178712220762,0.5197328476017,0.3981603153745072,35.8263806841569
"[2, 0, 0, 0, 6, 57, 4, 0, 0, 22, 0, 0, 0, 13, 0, 0, 7, 0, 0, 0, 0, 22, 0, 0, 2, 0, 0, 0, 2, 0, 0, 0, 3, 0, 0, 0, 4, 170, 0, 0, 7, 0, 0, 0, 1, 4, 0, 0]",0.6939092814922333,0.5,0.5007122507122507,0.461892247043364,0.4805194805194805,0.5394218134034166,0.5885063489968161
"[4, 26, 0, 0, 1, 4, 0, 0, 6, 21, 4, 0, 0, 8, 1, 0, 2, 1, 0, 0, 2, 0, 0, 0, 8, 2, 2, 0, 4, 418, 0, 0, 8, 1, 2, 0, 0, 31, 1, 0, 1, 31, 0, 0, 7, 0, 0, 0]",0.6931896895170212,0.5,0.5239591516103692,0.438239159001314,0.4772808586762075,0.6018396846254928,0.030104143515018222
"[0, 13, 0, 0, 6, 39, 4, 0, 3, 0, 0, 0, 0, 26, 0, 0, 7, 0, 0, 0, 3, 0, 0, 0, 4, 428, 0, 0, 4, 397, 0, 0, 8, 3, 2, 0, 0, 30, 1, 0, 5, 0, 0, 0, 7, 0, 0, 0]",0.693185693025589,0.5,0.4888304862023653,0.4888304862023653,0.4888304862023653,0.4888304862023653,2.199686050429591
"[8, 0, 2, 0, 4, 390, 0, 0, 4, 50, 0, 0, 8, 3, 2, 0, 2, 1, 0, 0, 1, 4, 0, 0, 4, 224, 0, 0, 8, 2, 1, 0, 0, 4, 0, 0, 3, 0, 0, 0, 2, 1, 0, 0, 8, 3, 1, 0]",0.6932453215122223,0.5,0.5058290155440415,0.5131406044678055,0.5094585779517287,0.4986859395532194,1.5996988613014764
"[4, 230, 0, 0, 1, 4, 0, 0, 6, 50, 4, 0, 0, 4, 0, 0, 2, 0, 0, 0, 0, 9, 1, 0, 7, 0, 0, 0, 8, 3, 2, 0, 2, 0, 0, 0, 3, 0, 0, 0, 1, 4, 0, 0, 3, 0, 0, 0]",0.6934457421302795,0.5,0.481266149870801,0.4894875164257556,0.4853420195439739,0.4724047306176084,5.0394044439308345
"[7, 0, 0, 0, 1, 4, 0, 0, 2, 1, 0, 0, 8, 3, 2, 0, 0, 21, 1, 0, 1, 21, 0, 0, 1, 4, 0, 0, 3, 0, 0, 0, 4, 183, 0, 0, 2, 0, 0, 0, 3, 0, 0, 0, 0, 28, 1, 0]",0.6917824506759643,0.5,0.4595141700404858,0.2982917214191853,0.3617529880478087,0.6491458607095927,0.05662313336506486
"[2, 0, 0, 0, 6, 42, 2, 0, 2, 1, 0, 0, 4, 496, 0, 0, 2, 0, 0, 0, 1, 4, 0, 0, 1, 4, 0, 0, 1, 4, 0, 0, 7, 0, 0, 0, 4, 268, 0, 0, 0, 5, 0, 0, 2, 0, 0, 0]",0.6929488867521286,0.5,0.5047675804529201,0.5565045992115637,0.529375,0.4540078843626807,63.59163786098361
"[0, 13, 1, 0, 7, 0, 0, 0, 1, 4, 0, 0, 4, 379, 0, 0, 5, 0, 0, 0, 7, 0, 0, 0, 7, 0, 0, 0, 7, 0, 0, 0, 3, 0, 0, 0, 7, 0, 0, 0, 7, 0, 0, 0, 3, 0, 0, 0]",0.6935782968997956,0.5,0.5003043213633597,0.5400788436268068,0.5194312796208531,0.4605781865965834,1.1529002246679738
"[7, 0, 0, 0, 3, 0, 0, 0, 3, 0, 0, 0, 3, 0, 0, 0, 2, 0, 0, 0, 8, 2, 2, 0, 2, 0, 0, 0, 6, 49, 2, 0, 7, 0, 0, 0, 8, 3, 1, 0, 8, 2, 2, 0, 0, 20, 0, 0]",0.6930813908576965,0.5,0.5102354145342887,0.6550591327201051,0.5736478711162255,0.3712220762155059,109.22002167452592
"[0, 19, 0, 0, 4, 73, 0, 0, 2, 1, 0, 0, 4, 204, 0, 0, 4, 233, 0, 0, 7, 0, 0, 0, 3, 0, 0, 0, 4, 2, 0, 0, 1, 4, 0, 0, 8, 2, 1, 0, 1, 4, 0, 0, 2, 0, 0, 0]",0.7081770777702332,0.5,0.4980430528375734,0.3344283837056505,0.4001572327044025,0.6629434954007885,0.5077443718910217
"[3, 0, 0, 0, 0, 5, 0, 0, 8, 2, 2, 0, 2, 0, 0, 0, 3, 0, 0, 0, 0, 11, 0, 0, 1, 11, 0, 0, 8, 2, 1, 0, 6, 28, 1, 0, 2, 0, 0, 0, 7, 0, 0, 0, 8, 1, 2, 0]",0.7007782578468322,0.5,0.5116580310880829,0.519053876478318,0.5153294194390085,0.5045992115637319,9.335597354744095
"[8, 0, 2, 0, 0, 27, 1, 0, 1, 27, 0, 0, 7, 0, 0, 0, 6, 14, 4, 0, 7, 0, 0, 0, 7, 0, 0, 0, 7, 0, 0, 0, 2, 1, 0, 0, 7, 0, 0, 0, 8, 1, 1, 0, 1, 4, 0, 0]",0.7063626110553741,0.5,0.5098722415795587,0.2884362680683311,0.3684431389005455,0.7227332457293035,27.54033315810375
"[2, 0, 0, 0, 1, 4, 0, 0, 6, 52, 4, 0, 1, 52, 0, 0, 5, 0, 0, 0, 7, 0, 0, 0, 1, 4, 0, 0, 7, 0, 0, 0, 7, 0, 0, 0, 4, 167, 0, 0, 7, 0, 0, 0, 7, 0, 0, 0]",0.695953032374382,0.5,0.4962121212121212,0.5164257555847569,0.506117192530586,0.4756898817345598,0.0
"[3, 0, 0, 0, 0, 22, 0, 0, 3, 0, 0, 0, 2, 1, 0, 0, 0, 28, 1, 0, 7, 0, 0, 0, 7, 0, 0, 0, 3, 0, 0, 0, 6, 26, 4, 0, 7, 0, 0, 0, 4, 97, 0, 0, 4, 55, 0, 0]",0.693175345659256,0.5,0.4848883048620236,0.4848883048620236,0.4848883048620236,0.4848883048620236,0.07919099871287472
"[0, 9, 1, 0, 1, 9, 0, 0, 1, 4, 0, 0, 2, 0, 0, 0, 2, 0, 0, 0, 8, 1, 2, 0, 4, 197, 0, 0, 7, 0, 0, 0, 2, 0, 0, 0, 7, 0, 0, 0, 4, 206, 0, 0, 5, 0, 0, 0]",0.6934889644384384,0.5,0.4993351063829787,0.4934296977660972,0.4963648380700595,0.5052562417871223,20.975295410957187
"[7, 0, 0, 0, 3, 0, 0, 0, 2, 0, 0, 0, 7, 0, 0, 0, 1, 4, 0, 0, 1, 4, 0, 0, 1, 4, 0, 0, 3, 0, 0, 0, 7, 0, 0, 0, 6, 45, 3, 0, 7, 0, 0, 0, 5, 0, 0, 0]",0.6952292442321777,0.5,0.4868421052631579,0.5591327201051248,0.5204892966360857,0.4106438896189224,0.6981306058587506
"[4, 338, 0, 0, 0, 15, 0, 0, 7, 0, 0, 0, 6, 19, 2, 0, 5, 0, 0, 0, 7, 0, 0, 0, 4, 424, 0, 0, 7, 0, 0, 0, 7, 0, 0, 0, 7, 0, 0, 0, 8, 2, 2, 0, 1, 4, 0, 0]",0.6934458434581756,0.5,0.50143815915628,0.6872536136662286,0.5798226164079823,0.316688567674113,0.0
"[4, 242, 0, 0, 6, 8, 2, 0, 3, 0, 0, 0, 7, 0, 0, 0, 7, 0, 0, 0, 7, 0, 0, 0, 7, 0, 0, 0, 2, 1, 0, 0, 1, 4, 0, 0, 7, 0, 0, 0, 0, 23, 1, 0, 8, 2, 1, 0]",0.6928418844938278,0.5,0.493322203672788,0.3883048620236531,0.4345588235294118,0.6011826544021025,0.2381211040665221
"[6, 55, 4, 0, 3, 0, 0, 0, 1, 4, 0, 0, 4, 106, 0, 0, 7, 0, 0, 0, 1, 4, 0, 0, 4, 17, 0, 0, 3, 0, 0, 0, 7, 0, 0, 0, 2, 1, 0, 0, 1, 4, 0, 0, 7, 0, 0, 0]",0.6952224224805832,0.5,0.5013698630136987,0.3607095926412615,0.4195643867023309,0.6412614980289093,0.42436821802766644
"[7, 0, 0, 0, 3, 0, 0, 0, 0, 30, 0, 0, 7, 0, 0, 0, 6, 28, 4, 0, 0, 10, 1, 0, 0, 14, 0, 0, 1, 14, 0, 0, 3, 0, 0, 0, 7, 0, 0, 0, 7, 0, 0, 0, 8, 1, 2, 0]",0.6990143328905105,0.5,0.5088207985143919,0.3600525624178712,0.4217006540977299,0.6524310118265441,0.11277744808467105
"[8, 0, 1, 0, 2, 1, 0, 0, 0, 23, 1, 0, 4, 389, 0, 0, 3, 0, 0, 0, 0, 10, 1, 0, 7, 0, 0, 0, 0, 5, 1, 0, 0, 13, 0, 0, 1, 13, 0, 0, 7, 0, 0, 0, 8, 2, 2, 0]",0.6934768706560135,0.5,0.4972129319955407,0.5860709592641261,0.5379975874547648,0.4073587385019711,7.285863190656528
"[1, 4, 0, 0, 4, 368, 0, 0, 8, 1, 1, 0, 3, 0, 0, 0, 0, 15, 0, 0, 3, 0, 0, 0, 8, 3, 1, 0, 7, 0, 0, 0, 8, 3, 2, 0, 8, 1, 1, 0, 5, 0, 0, 0, 7, 0, 0, 0]",0.6933059692382812,0.5,0.5124835742444153,0.5124835742444153,0.5124835742444153,0.5124835742444153,0.13866934424800093
"[7, 0, 0, 0, 5, 0, 0, 0, 4, 187, 0, 0, 7, 0, 0, 0, 7, 0, 0, 0, 7, 0, 0, 0, 7, 0, 0, 0, 7, 0, 0, 0, 3, 0, 0, 0, 1, 4, 0, 0, 3, 0, 0, 0, 7, 0, 0, 0]",0.6970986247062683,0.5,0.518796992481203,0.5440210249671484,0.531109685695959,0.495400788436268,0.0
"[4, 291, 0, 0, 1, 4, 0, 0, 8, 1, 2, 0, 2, 1, 0, 0, 1, 4, 0, 0, 2, 1, 0, 0, 4, 322, 0, 0, 0, 12, 1, 0, 1, 12, 0, 0, 4, 264, 0, 0, 4, 18, 0, 0, 3, 0, 0, 0]",0.6946259677410126,0.5,0.485973597359736,0.3869908015768725,0.4308705193855157,0.5906701708278581,0.02779071651821141
"[6, 38, 4, 0, 8, 1, 1, 0, 2, 0, 0, 0, 1, 4, 0, 0, 3, 0, 0, 0, 7, 0, 0, 0, 5, 0, 0, 0, 7, 0, 0, 0, 8, 1, 2, 0, 8, 2, 1, 0, 3, 0, 0, 0, 7, 0, 0, 0]",0.6938751310110092,0.5,0.4990378447722899,0.5111695137976346,0.5050308341447582,0.4868593955321945,1.095227843570683
"[1, 4, 0, 0, 5, 0, 0, 0, 7, 0, 0, 0, 7, 0, 0, 0, 7, 0, 0, 0, 7, 0, 0, 0, 7, 0, 0, 0, 3, 0, 0, 0, 7, 0, 0, 0, 3, 0, 0, 0, 8, 1, 1, 0, 3, 0, 0, 0]",0.6941967815160751,0.5,0.5020600353148911,0.5604467805519053,0.5296491772741385,0.4441524310118265,154.01386104128323
"[8, 0, 1, 0, 3, 0, 0, 0, 8, 2, 1, 0, 8, 1, 2, 0, 8, 1, 1, 0, 7, 0, 0, 0, 7, 0, 0, 0, 1, 4, 0, 0, 1, 4, 0, 0, 7, 0, 0, 0, 4, 148, 0, 0, 0, 24, 1, 0]",0.6935999125242234,0.5,0.4967628016480283,0.5545335085413929,0.5240608506674945,0.438239159001314,48.44706728635356
"[2, 0, 0, 0, 5, 0, 0, 0, 4, 433, 0, 0, 7, 0, 0, 0, 7, 0, 0, 0, 7, 0, 0, 0, 3, 0, 0, 0, 7, 0, 0, 0, 7, 0, 0, 0, 4, 84, 0, 0, 1, 4, 0, 0, 7, 0, 0, 0]",0.6935901999473572,0.5,0.5043763676148797,0.6057818659658344,0.5504477611940298,0.40473061760841,0.0
"[6, 48, 4, 0, 1, 48, 0, 0, 7, 0, 0, 0, 0, 6, 0, 0, 5, 0, 0, 0, 4, 8, 0, 0, 3, 0, 0, 0, 1, 4, 0, 0, 3, 0, 0, 0, 8, 2, 2, 0, 3, 0, 0, 0, 3, 0, 0, 0]",0.6995549470186233,0.5,0.4905778894472362,0.5131406044678055,0.5016056518946692,0.4671484888304862,0.0
"[4, 311, 0, 0, 6, 44, 1, 0, 0, 17, 0, 0, 7, 0, 0, 0, 7, 0, 0, 0, 4, 143, 0, 0, 7, 0, 0, 0, 7, 0, 0, 0, 8, 1, 2, 0, 8, 1, 2, 0, 7, 0, 0, 0, 5, 0, 0, 0]",0.6934682697057724,0.5,0.4866666666666667,0.2398160315374507,0.3213028169014084,0.7470433639947438,209.4713174025528
"[6, 42, 2, 0, 7, 0, 0, 0, 7, 0, 0, 0, 1, 4, 0, 0, 2, 1, 0, 0, 0, 4, 1, 0, 8, 2, 2, 0, 4, 317, 0, 0, 4, 119, 0, 0, 3, 0, 0, 0, 3, 0, 0, 0, 8, 2, 1, 0]",0.6921770513057709,0.5,0.5122923588039867,0.5065703022339028,0.5094152626362736,0.5177398160315374,0.015168253416049993
"[6, 51, 4, 0, 4, 244, 0, 0, 7, 0, 0, 0, 7, 0, 0, 0, 0, 9, 1, 0, 4, 299, 0, 0, 1, 4, 0, 0, 7, 0, 0, 0, 4, 396, 0, 0, 7, 0, 0, 0, 7, 0, 0, 0, 1, 4, 0, 0]",0.6933730900287628,0.5,0.4928305894848646,0.6097240473061761,0.5450807635829662,0.3725361366622864,0.24954196774342563
"[3, 0, 0, 0, 0, 4, 1, 0, 2, 1, 0, 0, 7, 0, 0, 0, 4, 143, 0, 0, 2, 1, 0, 0, 2, 0, 0, 0, 2, 1, 0, 0, 7, 0, 0, 0, 2, 1, 0, 0, 7, 0, 0, 0, 3, 0, 0, 0]",0.6933868616819382,0.5,0.504,0.3311432325886991,0.3996827914353688,0.6741130091984231,0.07135457481490448
"[1, 4, 0, 0, 1, 4, 0, 0, 3, 0, 0, 0, 3, 0, 0, 0, 7, 0, 0, 0, 8, 1, 1, 0, 8, 2, 1, 0, 3, 0, 0, 0, 3, 0, 0, 0, 8, 3, 2, 0, 4, 426, 0, 0, 3, 0, 0, 0]",0.6946348339319229,0.5,0.5033971587399629,0.5354796320630749,0.518943011779688,0.4717477003942181,8.656767880405823
"[4, 265, 0, 0, 1, 4, 0, 0, 8, 2, 2, 0, 7, 0, 0, 0, 6, 23, 3, 0, 7, 0, 0, 0, 7, 0, 0, 0, 2, 0, 0, 0, 1, 4, 0, 0, 0, 9, 0, 0, 7, 0, 0, 0, 7, 0, 0, 0]",0.6930614441633225,0.5,0.4978991596638655,0.3114323258869908,0.3831851253031528,0.6859395532194481,43.98242504557129
"[7, 0, 0, 0, 8, 1, 1, 0, 7, 0, 0, 0, 2, 0, 0, 0, 6, 28, 4, 0, 1, 28, 0, 0, 4, 39, 0, 0, 4, 213, 0, 0, 4, 64, 0, 0, 5, 0, 0, 0, 4, 82, 0, 0, 8, 2, 1, 0]",0.6936396420001983,0.5,0.4980842911877394,0.1708278580814717,0.2544031311154598,0.8278580814717477,0.05616920405782366
"[8, 0, 2, 0, 2, 0, 0, 0, 1, 4, 0, 0, 4, 377, 0, 0, 1, 4, 0, 0, 6, 14, 4, 0, 8, 3, 2, 0, 8, 2, 2, 0, 3, 0, 0, 0, 3, 0, 0, 0, 7, 0, 0, 0, 5, 0, 0, 0]",0.6935306131839752,0.5,0.5243790248390064,0.3745072273324573,0.4369490226140283,0.6603153745072273,827.998295747675
"[0, 9, 1, 0, 2, 0, 0, 0, 1, 4, 0, 0, 6, 55, 4, 0, 0, 28, 1, 0, 1, 28, 0, 0, 7, 0, 0, 0, 7, 0, 0, 0, 4, 74, 0, 0, 4, 175, 0, 0, 7, 0, 0, 0, 1, 4, 0, 0]",0.6941794723272323,0.5,0.48892490545651,0.5946123521681997,0.5366142899495998,0.3784494086727989,6.5101067156065255
"[0, 23, 1, 0, 3, 0, 0, 0, 1, 4, 0, 0, 3, 0, 0, 0, 2, 0, 0, 0, 0, 26, 0, 0, 3, 0, 0, 0, 7, 0, 0, 0, 2, 1, 0, 0, 7, 0, 0, 0, 0, 16, 0, 0, 1, 16, 0, 0]",0.699513104557991,0.5,0.5091059602649006,0.4040735873850197,0.4505494505494505,0.6103810775295664,0.06877709881882765
"[4, 55, 0, 0, 7, 0, 0, 0, 8, 2, 2, 0, 0, 10, 0, 0, 4, 420, 0, 0, 3, 0, 0, 0, 3, 0, 0, 0, 7, 0, 0, 0, 8, 1, 1, 0, 1, 4, 0, 0, 7, 0, 0, 0, 6, 9, 4, 0]",0.6933921635150909,0.5,0.5155642023346303,0.5223390275952694,0.5189295039164491,0.5091984231274639,0.10404965577185976
"[4, 380, 0, 0, 8, 1, 2, 0, 8, 2, 2, 0, 0, 17, 0, 0, 7, 0, 0, 0, 0, 25, 0, 0, 4, 484, 0, 0, 3, 0, 0, 0, 6, 11, 3, 0, 0, 19, 1, 0, 1, 19, 0, 0, 7, 0, 0, 0]",0.6933079272508621,0.5,0.5046367851622875,0.4290407358738502,0.4637784090909091,0.5788436268068331,0.0145128349062702
"[2, 1, 0, 0, 2, 1, 0, 0, 4, 236, 0, 0, 2, 1, 0, 0, 6, 63, 3, 0, 7, 0, 0, 0, 4, 143, 0, 0, 2, 1, 0, 0, 5, 0, 0, 0, 4, 149, 0, 0, 7, 0, 0, 0, 7, 0, 0, 0]",0.6934236824512482,0.5,0.51,0.5026281208935611,0.5062872270019855,0.5170827858081471,9.714749845676124
"[1, 4, 0, 0, 7, 0, 0, 0, 3, 0, 0, 0, 8, 3, 1, 0, 4, 459, 0, 0, 5, 0, 0, 0, 7, 0, 0, 0, 8, 1, 2, 0, 1, 4, 0, 0, 8, 2, 1, 0, 7, 0, 0, 0, 8, 3, 1, 0]",0.6967927157878876,0.5,0.4812646370023419,0.5400788436268068,0.5089783281733746,0.4178712220762155,0.0
"[3, 0, 0, 0, 2, 1, 0, 0, 4, 5, 0, 0, 0, 26, 1, 0, 2, 0, 0, 0, 7, 0, 0, 0, 7, 0, 0, 0, 0, 27, 0, 0, 6, 20, 1, 0, 7, 0, 0, 0, 1, 4, 0, 0, 4, 320, 0, 0]",0.6936223924160003,0.5,0.4993333333333333,0.4921156373193167,0.4956982131039047,0.5065703022339028,0.07733883467767555
"[1, 4, 0, 0, 1, 4, 0, 0, 1, 4, 0, 0, 2, 0, 0, 0, 1, 4, 0, 0, 2, 0, 0, 0, 2, 1, 0, 0, 3, 0, 0, 0, 1, 4, 0, 0, 2, 1, 0, 0, 0, 7, 1, 0, 1, 7, 0, 0]",0.7009534209966659,0.5,0.4835779175401817,0.4546649145860709,0.4686759227903826,0.514454664914586,1.4725459963083267
"[6, 39, 2, 0, 3, 0, 0, 0, 7, 0, 0, 0, 7, 0, 0, 0, 4, 264, 0, 0, 0, 18, 1, 0, 8, 2, 2, 0, 7, 0, 0, 0, 7, 0, 0, 0, 7, 0, 0, 0, 7, 0, 0, 0, 3, 0, 0, 0]",0.6931615918874741,0.5,0.5083381253594019,0.580814717477004,0.5421649800674639,0.438239159001314,0.03933448221141589
"[4, 169, 0, 0, 1, 4, 0, 0, 1, 4, 0, 0, 4, 508, 0, 0, 6, 14, 4, 0, 1, 14, 0, 0, 7, 0, 0, 0, 3, 0, 0, 0, 1, 4, 0, 0, 7, 0, 0, 0, 4, 428, 0, 0, 0, 14, 0, 0]",0.693148422241211,0.5,0.5067650676506765,0.5413929040735874,0.5235069885641678,0.4730617608409987,0.17800049695347298
"[6, 45, 2, 0, 2, 1, 0, 0, 8, 1, 2, 0, 4, 180, 0, 0, 4, 368, 0, 0, 3, 0, 0, 0, 7, 0, 0, 0, 8, 3, 2, 0, 2, 0, 0, 0, 7, 0, 0, 0, 1, 4, 0, 0, 2, 1, 0, 0]",0.6932024210691452,0.5,0.4876106194690265,0.3620236530880421,0.4155354449472097,0.6195795006570303,4.2762741022743285
"[0, 13, 0, 0, 1, 13, 0, 0, 4, 503, 0, 0, 8, 3, 1, 0, 4, 443, 0, 0, 2, 0, 0, 0, 0, 29, 1, 0, 8, 3, 1, 0, 4, 398, 0, 0, 4, 496, 0, 0, 6, 24, 4, 0, 2, 0, 0, 0]",0.6932038366794586,0.5,0.4748201438848921,0.216819973718791,0.2976995940460081,0.7601839684625493,0.0215042208147338
"[2, 1, 0, 0, 6, 24, 1, 0, 8, 2, 2, 0, 8, 1, 1, 0, 7, 0, 0, 0, 2, 0, 0, 0, 2, 0, 0, 0, 4, 143, 0, 0, 8, 3, 1, 0, 2, 0, 0, 0, 8, 3, 2, 0, 2, 1, 0, 0]",0.6931130886077881,0.5,0.4719576719576719,0.293035479632063,0.3615727604377787,0.6721419185282523,16.827754067257047
"[3, 0, 0, 0, 3, 0, 0, 0, 7, 0, 0, 0, 3, 0, 0, 0, 3, 0, 0, 0, 4, 361, 0, 0, 1, 4, 0, 0, 3, 0, 0, 0, 1, 4, 0, 0, 2, 0, 0, 0, 4, 241, 0, 0, 8, 1, 2, 0]",0.6937118262052536,0.5,0.5084577114427861,0.671484888304862,0.578708946772367,0.3508541392904074,65.40336833547917
"[7, 0, 0, 0, 6, 22, 4, 0, 7, 0, 0, 0, 1, 4, 0, 0, 7, 0, 0, 0, 8, 3, 1, 0, 0, 22, 1, 0, 4, 243, 0, 0, 4, 146, 0, 0, 1, 4, 0, 0, 2, 1, 0, 0, 8, 1, 1, 0]",0.6941379964351654,0.5,0.4976863753213367,0.6360052562417872,0.5584078453994809,0.3580814717477004,15.492177047766745
"[5, 0, 0, 0, 7, 0, 0, 0, 7, 0, 0, 0, 7, 0, 0, 0, 8, 3, 2, 0, 4, 136, 0, 0, 7, 0, 0, 0, 7, 0, 0, 0, 3, 0, 0, 0, 7, 0, 0, 0, 7, 0, 0, 0, 7, 0, 0, 0]",0.6935882985591888,0.5,0.511307767944936,0.683311432325887,0.5849268841394826,0.3469119579500657,1.9652166408886842
"[4, 260, 0, 0, 4, 417, 0, 0, 4, 385, 0, 0, 0, 23, 0, 0, 3, 0, 0, 0, 0, 24, 0, 0, 7, 0, 0, 0, 6, 54, 4, 0, 3, 0, 0, 0, 8, 2, 1, 0, 2, 0, 0, 0, 3, 0, 0, 0]",0.6932143688201904,0.5,0.5028216704288939,0.5854139290407359,0.5409836065573771,0.4211563731931669,12.01250951984548
"[7, 0, 0, 0, 1, 4, 0, 0, 2, 1, 0, 0, 1, 4, 0, 0, 1, 4, 0, 0, 2, 1, 0, 0, 1, 4, 0, 0, 4, 325, 0, 0, 2, 1, 0, 0, 4, 8, 0, 0, 7, 0, 0, 0, 5, 0, 0, 0]",0.6961213856935501,0.5,0.5038924274593064,0.4678055190538764,0.4851788756388415,0.5394218134034166,0.5938778533891309
