Encoded Architecture,Loss,Accuracy,Precision,Recall,F1,Specificity
"[1, 4, 0, 0, 8, 1, 2, 0, 8, 2, 2, 0, 3, 0, 0, 0, 4, 148, 0, 0, 2, 1, 0, 0, 7, 0, 0, 0, 1, 4, 0, 0, 6, 6, 1, 0, 7, 0, 0, 0, 3, 0, 0, 0, 5, 0, 0, 0]",0.6830059028062664,0.5147831800262812,0.5079533404029692,0.9441524310118266,0.6605378074005975,0.08541392904073587
