{
    "CNN_LF_splits_5_epochs_50_window_5": {
        "Loss": 0.6307783126831055,
        "Accuracy": 0.6458404183387756,
        "Precision": 0.6191524661609107,
        "Recall": 0.675134168157424,
        "F1-score": 0.6434859798393793,
        "Specificity": 0.6193861066235865
    },
    "CNN_LF_splits_5_epochs_50_window_10": {
        "Loss": 0.6787523031234741,
        "Accuracy": 0.6111111044883728,
        "Precision": 0.5866857380795008,
        "Recall": 0.7818181818181819,
        "F1-score": 0.6677729773744852,
        "Specificity": 0.4390438247011952
    },
    "CNN_LF_splits_5_epochs_50_window_15": {
        "Loss": 0.6971996426582336,
        "Accuracy": 0.5822878122329712,
        "Precision": 0.5657822674147928,
        "Recall": 0.7811594202898551,
        "F1-score": 0.6556929263109438,
        "Specificity": 0.37593984962406013
    },
    "CNN_LF_splits_5_epochs_50_window_20": {
        "Loss": 0.7085769772529602,
        "Accuracy": 0.5640718579292298,
        "Precision": 0.5468970506942412,
        "Recall": 0.8470588235294118,
        "F1-score": 0.6643117692825835,
        "Specificity": 0.27073170731707313
    },
    "CNN_LF_splits_5_epochs_50_window_30": {
        "Loss": 0.8449495673179627,
        "Accuracy": 0.4417910397052765,
        "Precision": 0.41708628574300216,
        "Recall": 0.8592592592592592,
        "F1-score": 0.54994485629412,
        "Specificity": 0.16
    },
    "CNN_LF_splits_10_epochs_50_window_5": {
        "Loss": 0.63208988904953,
        "Accuracy": 0.6421901643276214,
        "Precision": 0.624061765695376,
        "Recall": 0.6415026833631485,
        "F1-score": 0.6275719375499541,
        "Specificity": 0.64281098546042
    },
    "CNN_LF_splits_10_epochs_50_window_10": {
        "Loss": 0.6593537092208862,
        "Accuracy": 0.6253968238830566,
        "Precision": 0.6024878874013373,
        "Recall": 0.7588932806324111,
        "F1-score": 0.6699254031443607,
        "Specificity": 0.4908366533864541
    },
    "CNN_LF_splits_10_epochs_50_window_15": {
        "Loss": 0.6831827938556672,
        "Accuracy": 0.599261999130249,
        "Precision": 0.5764920671774698,
        "Recall": 0.8217391304347826,
        "F1-score": 0.6765678367273622,
        "Specificity": 0.36842105263157887
    },
    "CNN_LF_splits_10_epochs_50_window_20": {
        "Loss": 0.7029233992099762,
        "Accuracy": 0.5766467094421387,
        "Precision": 0.5590574095251483,
        "Recall": 0.8294117647058823,
        "F1-score": 0.6649042792359005,
        "Specificity": 0.3146341463414634
    },
    "CNN_LF_splits_10_epochs_50_window_30": {
        "Loss": 0.7788182199001312,
        "Accuracy": 0.4656716376543045,
        "Precision": 0.3923937119766371,
        "Recall": 0.6518518518518518,
        "F1-score": 0.45888184167675705,
        "Specificity": 0.33999999999999997
    },
    "reduced_model_splits_5_epochs_50_window_5": {
        "Loss": 0.6560459852218627,
        "Accuracy": 0.7027164697647095,
        "Precision": 0.6876729764372327,
        "Recall": 0.6844364937388192,
        "F1-score": 0.6860015406482107,
        "Specificity": 0.7192245557350565
    },
    "reduced_model_splits_5_epochs_50_window_10": {
        "Loss": 0.7333026170730591,
        "Accuracy": 0.6563492059707642,
        "Precision": 0.6760379119710327,
        "Recall": 0.6063241106719367,
        "F1-score": 0.6389017624109478,
        "Specificity": 0.706772908366534
    },
    "reduced_model_splits_5_epochs_50_window_15": {
        "Loss": 0.6756221652030945,
        "Accuracy": 0.6649446487426758,
        "Precision": 0.6938734953147371,
        "Recall": 0.6173913043478262,
        "F1-score": 0.6527155059554243,
        "Specificity": 0.7142857142857142
    },
    "reduced_model_splits_5_epochs_50_window_20": {
        "Loss": 0.6348705768585206,
        "Accuracy": 0.683832323551178,
        "Precision": 0.7128351313751738,
        "Recall": 0.6399999999999999,
        "F1-score": 0.673279259624565,
        "Specificity": 0.7292682926829268
    },
    "reduced_model_splits_5_epochs_50_window_30": {
        "Loss": 0.7391136884689331,
        "Accuracy": 0.5910447776317597,
        "Precision": 0.5072559324733238,
        "Recall": 0.6,
        "F1-score": 0.5194272778720996,
        "Specificity": 0.585
    },
    "reduced_model_splits_10_epochs_50_window_5": {
        "Loss": 0.5912319481372833,
        "Accuracy": 0.7219864130020142,
        "Precision": 0.7121737172768556,
        "Recall": 0.6964221824686941,
        "F1-score": 0.7039320578878897,
        "Specificity": 0.7450726978998385
    },
    "reduced_model_splits_10_epochs_50_window_10": {
        "Loss": 0.6761364161968231,
        "Accuracy": 0.6797618925571441,
        "Precision": 0.6944196049482716,
        "Recall": 0.6462450592885376,
        "F1-score": 0.6691004112804586,
        "Specificity": 0.7135458167330679
    },
    "reduced_model_splits_10_epochs_50_window_15": {
        "Loss": 0.6702591776847839,
        "Accuracy": 0.676752758026123,
        "Precision": 0.7017638721796632,
        "Recall": 0.6369565217391304,
        "F1-score": 0.6668585737890738,
        "Specificity": 0.7180451127819548
    },
    "reduced_model_splits_10_epochs_50_window_20": {
        "Loss": 0.5708315938711166,
        "Accuracy": 0.7059880256652832,
        "Precision": 0.7357663345723884,
        "Recall": 0.6611764705882354,
        "F1-score": 0.6955577681738256,
        "Specificity": 0.7524390243902439
    },
    "reduced_model_splits_10_epochs_50_window_30": {
        "Loss": 0.8040705740451812,
        "Accuracy": 0.5582089573144913,
        "Precision": 0.47511546109136144,
        "Recall": 0.8074074074074075,
        "F1-score": 0.5955425095134765,
        "Specificity": 0.39
    },
    "Spectro_CNN_splits_5_epochs_50_window_5": {
        "Loss": 0.6887424349784851,
        "Accuracy": 0.5365025520324707,
        "Precision": 0.5217437716480362,
        "Recall": 0.23291592128801425,
        "F1-score": 0.30579555633641675,
        "Specificity": 0.8106623586429725
    },
    "Spectro_CNN_splits_5_epochs_50_window_10": {
        "Loss": 0.6972444295883179,
        "Accuracy": 0.5011904776096344,
        "Precision": 0.5105242530489491,
        "Recall": 0.28616600790513835,
        "F1-score": 0.3645257692826327,
        "Specificity": 0.7179282868525897
    },
    "Spectro_CNN_splits_5_epochs_50_window_15": {
        "Loss": 0.6977476119995117,
        "Accuracy": 0.506273066997528,
        "Precision": 0.531122153175901,
        "Recall": 0.24202898550724639,
        "F1-score": 0.3195756698857147,
        "Specificity": 0.7804511278195488
    },
    "Spectro_CNN_splits_5_epochs_50_window_20": {
        "Loss": 0.6970192193984985,
        "Accuracy": 0.5233533024787903,
        "Precision": 0.5700862531697115,
        "Recall": 0.37176470588235294,
        "F1-score": 0.4165161177234622,
        "Specificity": 0.6804878048780487
    },
    "Spectro_CNN_splits_5_epochs_50_window_30": {
        "Loss": 0.6953639268875123,
        "Accuracy": 0.48656716346740725,
        "Precision": 0.42396514161220045,
        "Recall": 0.5407407407407407,
        "F1-score": 0.45310628550536886,
        "Specificity": 0.45
    },
    "CNN_LF_splits_5_epochs_100_window_5": {
        "Loss": 0.613015067577362,
        "Accuracy": 0.6689303994178772,
        "Precision": 0.6853212371875435,
        "Recall": 0.5785330948121645,
        "F1-score": 0.619215743730732,
        "Specificity": 0.7505654281098546
    },
    "CNN_LF_splits_5_epochs_100_window_10": {
        "Loss": 0.6479408621788025,
        "Accuracy": 0.641269838809967,
        "Precision": 0.6214981169595154,
        "Recall": 0.7446640316205533,
        "F1-score": 0.6741787498358536,
        "Specificity": 0.5370517928286852
    },
    "CNN_LF_splits_5_epochs_100_window_15": {
        "Loss": 0.6722907662391663,
        "Accuracy": 0.6118081212043762,
        "Precision": 0.5909880216316993,