{
    "CNN_LF_splits_5_epochs_50_window_5": {
        "Loss": 0.6296798467636109,
        "Accuracy": 0.6488964319229126,
        "Precision": 0.6809390375922988,
        "Recall": 0.5158723414967453,
        "F1-score": 0.5718286589267734,
        "Specificity": 0.7729710517270345
    },
    "CNN_LF_splits_5_epochs_50_window_10": {
        "Loss": 0.6607162594795227,
        "Accuracy": 0.6023036360740661,
        "Precision": 0.5657474957315645,
        "Recall": 0.7700691302161891,
        "F1-score": 0.6500270073875123,
        "Specificity": 0.44499713107477756
    },
    "CNN_LF_splits_5_epochs_50_window_15": {
        "Loss": 0.7097309231758118,
        "Accuracy": 0.5712177157402039,
        "Precision": 0.5263647705704567,
        "Recall": 0.8452008386753066,
        "F1-score": 0.6483520507094729,
        "Specificity": 0.326606814570359
    },
    "CNN_LF_splits_5_epochs_50_window_20": {
        "Loss": 0.7572845458984375,
        "Accuracy": 0.5317365288734436,
        "Precision": 0.5132169521299957,
        "Recall": 0.8636660329802522,
        "F1-score": 0.6405368851614935,
        "Specificity": 0.22624207333884755
    },
    "CNN_LF_splits_5_epochs_50_window_30": {
        "Loss": 0.7531009197235108,
        "Accuracy": 0.5090456783771515,
        "Precision": 0.4860912625238183,
        "Recall": 0.7734179117938852,
        "F1-score": 0.5889625138114103,
        "Specificity": 0.23777777777777778
    },
    "CNN_LF_splits_5_epochs_100_window_5": {
        "Loss": 0.5887611985206604,
        "Accuracy": 0.6870967626571656,
        "Precision": 0.6873445479058481,
        "Recall": 0.6406457822122633,
        "F1-score": 0.6597428500949418,
        "Specificity": 0.7319743574474166
    },
    "CNN_LF_splits_5_epochs_100_window_10": {
        "Loss": 0.6487457990646363,
        "Accuracy": 0.6205875754356385,
        "Precision": 0.5856827692713041,
        "Recall": 0.7489701346797872,
        "F1-score": 0.6540971720884567,
        "Specificity": 0.5007047078995965
    },
    "CNN_LF_splits_5_epochs_100_window_15": {
        "Loss": 0.6871985793113708,
        "Accuracy": 0.6118081092834473,
        "Precision": 0.5584921477622153,
        "Recall": 0.8548722988970667,
        "F1-score": 0.6742171154107937,
        "Specificity": 0.39877232601010604
    },
    "CNN_LF_splits_5_epochs_100_window_20": {
        "Loss": 0.6978655934333802,
        "Accuracy": 0.5880239486694336,
        "Precision": 0.5485313401521112,
        "Recall": 0.8493036092829694,
        "F1-score": 0.665946399764153,
        "Specificity": 0.34437869305821556
    },
    "CNN_LF_splits_5_epochs_100_window_30": {
        "Loss": 0.7340151190757751,
        "Accuracy": 0.5360470414161682,
        "Precision": 0.5129488096602042,
        "Recall": 0.7436798864218219,
        "F1-score": 0.6049918945472058,
        "Specificity": 0.34012914346880196
    },
    "CNN_LF_splits_10_epochs_50_window_5": {
        "Loss": 0.618691486120224,
        "Accuracy": 0.6572156250476837,
        "Precision": 0.6425161656649603,
        "Recall": 0.6590072446920363,
        "F1-score": 0.6458109888843337,
        "Specificity": 0.6577415545983659
    },
    "CNN_LF_splits_10_epochs_50_window_10": {
        "Loss": 0.660139673948288,
        "Accuracy": 0.6146493315696716,
        "Precision": 0.5789879466210046,
        "Recall": 0.7695376405138358,
        "F1-score": 0.6566188939122817,
        "Specificity": 0.4709039986187638
    },
    "CNN_LF_splits_10_epochs_50_window_15": {
        "Loss": 0.6979701817035675,
        "Accuracy": 0.580762529373169,
        "Precision": 0.5313382924520649,
        "Recall": 0.8548867511374304,
        "F1-score": 0.6511691022756345,
        "Specificity": 0.33678707941350117
    },
    "CNN_LF_splits_10_epochs_50_window_20": {
        "Loss": 0.7226030230522156,
        "Accuracy": 0.55312679708004,
        "Precision": 0.5258292879162407,
        "Recall": 0.7846230325774843,
        "F1-score": 0.6256984319454089,
        "Specificity": 0.33721068293240164
    },
    "CNN_LF_splits_10_epochs_50_window_30": {
        "Loss": 0.7520451843738556,
        "Accuracy": 0.5210338741540909,
        "Precision": 0.49716243177112746,
        "Recall": 0.7476587301587301,
        "F1-score": 0.5757309095601778,
        "Specificity": 0.3282116443068455
    },
    "CNN_LF_splits_10_epochs_100_window_5": {
        "Loss": 0.5876039326190948,
        "Accuracy": 0.684380304813385,
        "Precision": 0.697196930507646,
        "Recall": 0.597429804080128,
        "F1-score": 0.6400490133525351,
        "Specificity": 0.7616612924362585
    },
    "CNN_LF_splits_10_epochs_100_window_10": {
        "Loss": 0.6273130416870117,
        "Accuracy": 0.6475874304771423,
        "Precision": 0.6214568046488947,
        "Recall": 0.7267317859749722,
        "F1-score": 0.6640089534327084,
        "Specificity": 0.5731503905669574
    },
    "CNN_LF_splits_10_epochs_100_window_15": {
        "Loss": 0.7041233479976654,
        "Accuracy": 0.5882244050502777,
        "Precision": 0.5379356406028425,
        "Recall": 0.8809244987442371,
        "F1-score": 0.6668108193712994,
        "Specificity": 0.32617665802830176
    },
    "CNN_LF_splits_10_epochs_100_window_20": {
        "Loss": 0.7035535395145416,
        "Accuracy": 0.5868904143571854,
        "Precision": 0.5521340487469518,
        "Recall": 0.8043457102543945,
        "F1-score": 0.6497660805845636,
        "Specificity": 0.38423877363770986
    },
    "CNN_LF_splits_10_epochs_100_window_30": {
        "Loss": 0.7645506739616394,
        "Accuracy": 0.5361853897571563,
        "Precision": 0.5074409323116219,
        "Recall": 0.8433709084173481,
        "F1-score": 0.6307559937474037,
        "Specificity": 0.2354563492063492
    },
    "reduced_model_splits_5_epochs_50_window_5": {
        "Loss": 0.6042446732521057,
        "Accuracy": 0.7171477198600769,
        "Precision": 0.7060576886615476,
        "Recall": 0.6998821189540917,
        "F1-score": 0.7016398665950448,
        "Specificity": 0.7343552186061968
    },
    "reduced_model_splits_5_epochs_50_window_10": {
        "Loss": 0.632318651676178,
        "Accuracy": 0.6976647973060608,
        "Precision": 0.6872789826076612,
        "Recall": 0.6835437393359676,
        "F1-score": 0.6851073420731766,
        "Specificity": 0.7103403494175834
    },
    "reduced_model_splits_5_epochs_50_window_15": {
        "Loss": 0.6286900997161865,
        "Accuracy": 0.6900368928909302,
        "Precision": 0.6811874206436652,
        "Recall": 0.6469696807600137,
        "F1-score": 0.6613173191794648,
        "Specificity": 0.7304167323904166
    },
    "reduced_model_splits_5_epochs_50_window_20": {
        "Loss": 0.6777590155601502,
        "Accuracy": 0.6514970064163208,
        "Precision": 0.6419514757542927,
        "Recall": 0.6443468984495895,
        "F1-score": 0.6395928425531415,
        "Specificity": 0.6642394679934313
    },
    "reduced_model_splits_5_epochs_50_window_30": {
        "Loss": 0.6835235714912414,
        "Accuracy": 0.6234735488891602,
        "Precision": 0.6039605055950267,
        "Recall": 0.7056730316802913,
        "F1-score": 0.6348923220973783,
        "Specificity": 0.5297549690360986
    },
    "reduced_model_splits_5_epochs_100_window_5": {
        "Loss": 0.725008237361908,
        "Accuracy": 0.7283531427383423,
        "Precision": 0.7163466691935454,
        "Recall": 0.7099108714678897,
        "F1-score": 0.7130512128096862,
        "Specificity": 0.7448036314126012
    },
    "reduced_model_splits_5_epochs_100_window_10": {
        "Loss": 0.6789705157279968,
        "Accuracy": 0.7234797477722168,
        "Precision": 0.711473994960492,
        "Recall": 0.7151286659778813,
        "F1-score": 0.7128650362608916,
        "Specificity": 0.7310232947236303
    },
    "reduced_model_splits_5_epochs_100_window_15": {
        "Loss": 0.6957173347473145,
        "Accuracy": 0.7047970533370972,