{
    "CNN_LF_splits_5_epochs_50_window_2": {
        "Loss": 0.5897182703018189,
        "Accuracy": 0.6869918704032898,
        "Precision": 0.6714294103385229,
        "Recall": 0.6656895403064624,
        "F1-score": 0.6640977285227211,
        "Specificity": 0.705833824395993
    },
    "CNN_LF_splits_5_epochs_50_window_5": {
        "Loss": 0.6368678689002991,
        "Accuracy": 0.6412563681602478,
        "Precision": 0.6279980494424675,
        "Recall": 0.6368515205724508,
        "F1-score": 0.6237941314153269,
        "Specificity": 0.6452342487883683
    },
    "CNN_LF_splits_5_epochs_50_window_10": {
        "Loss": 0.688151216506958,
        "Accuracy": 0.592460322380066,
        "Precision": 0.5716810794127652,
        "Recall": 0.7794466403162056,
        "F1-score": 0.6554905142727251,
        "Specificity": 0.40398406374501994
    },
    "CNN_LF_splits_5_epochs_50_window_15": {
        "Loss": 0.705862295627594,
        "Accuracy": 0.5830258369445801,
        "Precision": 0.5612135548461141,
        "Recall": 0.8492753623188406,
        "F1-score": 0.674469769128635,
        "Specificity": 0.3067669172932331
    },
    "CNN_LF_splits_5_epochs_50_window_20": {
        "Loss": 0.7513609170913697,
        "Accuracy": 0.573652696609497,
        "Precision": 0.5539877003767623,
        "Recall": 0.8870588235294118,
        "F1-score": 0.6782583631849249,
        "Specificity": 0.2487804878048781
    },
    "CNN_LF_splits_5_epochs_50_window_30": {
        "Loss": 0.7736977815628052,
        "Accuracy": 0.42985075116157534,
        "Precision": 0.3812474471490865,
        "Recall": 0.7481481481481481,
        "F1-score": 0.4780544927342496,
        "Specificity": 0.215
    },
    "reduced_model_splits_5_epochs_50_window_2": {
        "Loss": 0.5089246034622192,
        "Accuracy": 0.768042528629303,
        "Precision": 0.7547080352073758,
        "Recall": 0.7497668221185876,
        "F1-score": 0.7520714360792284,
        "Specificity": 0.784207424867413
    },
    "reduced_model_splits_5_epochs_50_window_5": {
        "Loss": 0.6141603946685791,
        "Accuracy": 0.7093378663063049,
        "Precision": 0.6941753047173564,
        "Recall": 0.6930232558139535,
        "F1-score": 0.6935460363303423,
        "Specificity": 0.7240710823909532
    },
    "reduced_model_splits_5_epochs_50_window_10": {
        "Loss": 0.7089627861976624,
        "Accuracy": 0.6698412656784057,
        "Precision": 0.6821202840525752,
        "Recall": 0.6434782608695653,
        "F1-score": 0.6617784503326078,
        "Specificity": 0.6964143426294821
    },
    "reduced_model_splits_5_epochs_50_window_15": {
        "Loss": 0.6443449854850769,
        "Accuracy": 0.6752767562866211,
        "Precision": 0.6853280957908582,
        "Recall": 0.671014492753623,
        "F1-score": 0.6778577982656939,
        "Specificity": 0.6796992481203007
    },
    "reduced_model_splits_5_epochs_50_window_20": {
        "Loss": 0.6486844539642334,
        "Accuracy": 0.6706586718559265,
        "Precision": 0.6991633279238926,
        "Recall": 0.6188235294117647,
        "F1-score": 0.6541364224465029,
        "Specificity": 0.724390243902439
    },
    "reduced_model_splits_5_epochs_50_window_30": {
        "Loss": 0.749326205253601,
        "Accuracy": 0.579104483127594,
        "Precision": 0.49543718515074014,
        "Recall": 0.7703703703703704,
        "F1-score": 0.5915546474234492,
        "Specificity": 0.45
    },
    "Spectro_CNN_splits_5_epochs_50_window_2": {
        "Loss": 0.6875761151313782,
        "Accuracy": 0.5407129526138306,
        "Precision": 0.5151984037730779,
        "Recall": 0.21359093937375082,
        "F1-score": 0.2862797239112284,
        "Specificity": 0.8300530347672364
    },
    "Spectro_CNN_splits_5_epochs_50_window_5": {
        "Loss": 0.6901236176490784,
        "Accuracy": 0.5388794541358948,
        "Precision": 0.5265163910301627,
        "Recall": 0.3112701252236135,
        "F1-score": 0.38923392798200507,
        "Specificity": 0.7444264943457188
    },
    "Spectro_CNN_splits_5_epochs_50_window_10": {
        "Loss": 0.6961459875106811,
        "Accuracy": 0.5206349134445191,
        "Precision": 0.5295343287321101,
        "Recall": 0.3905138339920949,
        "F1-score": 0.4484476361035922,
        "Specificity": 0.6517928286852589
    },
    "Spectro_CNN_splits_5_epochs_50_window_15": {
        "Loss": 0.6953088641166687,
        "Accuracy": 0.5158671498298645,
        "Precision": 0.5749258109040718,
        "Recall": 0.19275362318840578,
        "F1-score": 0.28654051761447524,
        "Specificity": 0.8511278195488721
    },
    "Spectro_CNN_splits_5_epochs_50_window_20": {
        "Loss": 0.687152898311615,
        "Accuracy": 0.5461077868938446,
        "Precision": 0.5772610243323635,
        "Recall": 0.4141176470588235,
        "F1-score": 0.4652034812197982,
        "Specificity": 0.6829268292682926
    },
    "Spectro_CNN_splits_5_epochs_50_window_30": {
        "Loss": 0.6914331555366516,
        "Accuracy": 0.5044776201248169,
        "Precision": 0.3966243019295042,
        "Recall": 0.4666666666666666,
        "F1-score": 0.39326185017009097,
        "Specificity": 0.53
    }
}