{
    "group1_CNN_LF_splits_10_epochs_50_window_2_pad_False_resize_True": {
        "Loss": 8.699360980057135,
        "Accuracy": 0.7680737961225765,
        "Precision": 0.7580366170936402,
        "Recall": 0.7669281045751634,
        "F1-score": 0.7564383918120222,
        "Specificity": 0.7691247002351971
    },
    "group1_CNN_LF_splits_10_epochs_50_window_5_pad_False_resize_True": {
        "Loss": 2.7288157294885407,
        "Accuracy": 0.7361629881154499,
        "Precision": 0.7216751793474069,
        "Recall": 0.7292857142857142,
        "F1-score": 0.7237750543805145,
        "Specificity": 0.7423948219944595
    },
    "group1_CNN_LF_splits_10_epochs_50_window_10_pad_False_resize_True": {
        "Loss": 6.62307447247089,
        "Accuracy": 0.6281746031746033,
        "Precision": 0.6101567318279544,
        "Recall": 0.705020920502092,
        "F1-score": 0.6393870529596466,
        "Specificity": 0.5588679245072125
    },
    "group1_CNN_LF_splits_10_epochs_50_window_15_pad_False_resize_True": {
        "Loss": 1.7569405913352967,
        "Accuracy": 0.6313653136531364,
        "Precision": 0.6578044072185939,
        "Recall": 0.7036496350364964,
        "F1-score": 0.6325963877515851,
        "Specificity": 0.5574626865255624
    },
    "group1_CNN_LF_splits_10_epochs_50_window_20_pad_False_resize_True": {
        "Loss": 6.97618812918663,
        "Accuracy": 0.6095808383233533,
        "Precision": 0.5755334651556241,
        "Recall": 0.7936708860759494,
        "F1-score": 0.6567350203720477,
        "Specificity": 0.4443181817676911
    },
    "group1_CNN_LF_splits_10_epochs_50_window_30_pad_False_resize_True": {
        "Loss": 1.7072200775146484,
        "Accuracy": 0.5432835820895523,
        "Precision": 0.5679750814116774,
        "Recall": 0.5925,
        "F1-score": 0.5484767090601484,
        "Specificity": 0.470370370196159
    },
    "group1_CNN_LF_splits_10_epochs_100_window_2_pad_False_resize_True": {
        "Loss": 6.420691324737834,
        "Accuracy": 0.8124452782989369,
        "Precision": 0.7949948555632397,
        "Recall": 0.8302614379084966,
        "F1-score": 0.809890521153644,
        "Specificity": 0.7961031175012223
    },
    "group1_CNN_LF_splits_10_epochs_100_window_5_pad_False_resize_True": {
        "Loss": 4.417745895357406,
        "Accuracy": 0.698132427843803,
        "Precision": 0.7062023147855307,
        "Recall": 0.7130357142857142,
        "F1-score": 0.6897875718800537,
        "Specificity": 0.6846278317041323
    },
    "group1_CNN_LF_splits_10_epochs_100_window_10_pad_False_resize_True": {
        "Loss": 5.005241394042969,
        "Accuracy": 0.6501984126984127,
        "Precision": 0.6259106456035751,
        "Recall": 0.7489539748953975,
        "F1-score": 0.6610990649274296,
        "Specificity": 0.5611320754505232
    },
    "group1_CNN_LF_splits_10_epochs_100_window_15_pad_False_resize_True": {
        "Loss": 0.9180643737316132,
        "Accuracy": 0.5900369003690037,
        "Precision": 0.6761424091984011,
        "Recall": 0.5131386861313869,
        "F1-score": 0.5101785610960796,
        "Specificity": 0.6686567163680106
    },
    "group1_CNN_LF_splits_10_epochs_100_window_20_pad_False_resize_True": {
        "Loss": 0.8504666328430176,
        "Accuracy": 0.6419161676646705,
        "Precision": 0.6483151775114375,
        "Recall": 0.6177215189873417,
        "F1-score": 0.6087950699394147,
        "Specificity": 0.6636363635609503
    },
    "group1_CNN_LF_splits_10_epochs_100_window_30_pad_False_resize_True": {
        "Loss": 2.8944750368595122,
        "Accuracy": 0.5820895522388059,
        "Precision": 0.6250226440520338,
        "Recall": 0.545,
        "F1-score": 0.5716893817895775,
        "Specificity": 0.6370370368010974
    },
    "group1_reduced_model_splits_10_epochs_50_window_2_pad_False_resize_True": {
        "Loss": 0.7895016802893049,
        "Accuracy": 0.7893058161350844,
        "Precision": 0.7733682368039168,
        "Recall": 0.8025490196078431,
        "F1-score": 0.7839876626423654,
        "Specificity": 0.7771582733766359
    },
    "group1_reduced_model_splits_10_epochs_50_window_5_pad_False_resize_True": {
        "Loss": 0.7142712461169183,
        "Accuracy": 0.7551782682512733,
        "Precision": 0.7380756729598772,
        "Recall": 0.7551785714285714,
        "F1-score": 0.7456908627348116,
        "Specificity": 0.7551779935152884
    },
    "group1_reduced_model_splits_10_epochs_50_window_10_pad_False_resize_True": {
        "Loss": 0.8435157060623169,
        "Accuracy": 0.7117063492063492,
        "Precision": 0.6945943192586842,
        "Recall": 0.704602510460251,
        "F1-score": 0.69767106504139,
        "Specificity": 0.7181132075200711
    },
    "group1_reduced_model_splits_10_epochs_50_window_15_pad_False_resize_True": {
        "Loss": 0.6088899910449982,
        "Accuracy": 0.7228782287822877,
        "Precision": 0.7052403336674582,
        "Recall": 0.7824817518248175,
        "F1-score": 0.7392938057819831,
        "Specificity": 0.6619402984580642
    },
    "group1_reduced_model_splits_10_epochs_50_window_20_pad_False_resize_True": {
        "Loss": 0.7146802008152008,
        "Accuracy": 0.6634730538922156,
        "Precision": 0.6126893744369405,
        "Recall": 0.8126582278481014,
        "F1-score": 0.6962050451216599,
        "Specificity": 0.529545454485279
    },
    "group1_reduced_model_splits_10_epochs_50_window_30_pad_False_resize_True": {
        "Loss": 0.9287395060062409,
        "Accuracy": 0.6477611940298507,
        "Precision": 0.6951230400894127,
        "Recall": 0.7474999999999999,
        "F1-score": 0.7170495320047993,
        "Specificity": 0.4999999998148148
    },
    "group1_reduced_model_splits_10_epochs_100_window_2_pad_False_resize_True": {
        "Loss": 1.2230121031599241,
        "Accuracy": 0.7785803627267042,
        "Precision": 0.7602626248529062,
        "Recall": 0.7868627450980392,
        "F1-score": 0.7729901386581128,
        "Specificity": 0.7709832134246345
    },
    "group1_reduced_model_splits_10_epochs_100_window_5_pad_False_resize_True": {
        "Loss": 0.8351491772207623,
        "Accuracy": 0.7489813242784379,
        "Precision": 0.7312592813503198,
        "Recall": 0.7467857142857143,
        "F1-score": 0.7388272883752324,
        "Specificity": 0.7509708737742561
    },
    "group1_reduced_model_splits_10_epochs_100_window_10_pad_False_resize_True": {
        "Loss": 1.064184945821762,
        "Accuracy": 0.719047619047619,
        "Precision": 0.6962055290527307,
        "Recall": 0.7276150627615063,
        "F1-score": 0.7105668765682667,
        "Specificity": 0.7113207546901388
    },
    "group1_reduced_model_splits_10_epochs_100_window_15_pad_False_resize_True": {
        "Loss": 1.0578858137130738,
        "Accuracy": 0.7199261992619925,
        "Precision": 0.7363829500580708,
        "Recall": 0.6948905109489051,
        "F1-score": 0.7143692822795045,
        "Specificity": 0.7455223880040655
    },
    "group1_reduced_model_splits_10_epochs_100_window_20_pad_False_resize_True": {
        "Loss": 0.8733288526535035,
        "Accuracy": 0.7502994011976047,
        "Precision": 0.7272934119053838,
        "Recall": 0.7582278481012659,
        "F1-score": 0.7414645520203449,
        "Specificity": 0.7431818180973656
    },
    "group1_reduced_model_splits_10_epochs_100_window_30_pad_False_resize_True": {
        "Loss": 1.120498263835907,
        "Accuracy": 0.626865671641791,
        "Precision": 0.7533367090425914,
        "Recall": 0.5575,
        "F1-score": 0.6379498865157338,
        "Specificity": 0.7296296293593965
    },
    "group1_Spectro_CNN_splits_10_epochs_50_window_2_pad_False_resize_True": {
        "Loss": 0.7560118546442659,
        "Accuracy": 0.8297686053783615,
        "Precision": 0.8404215422600775,
        "Recall": 0.8054248366013071,
        "F1-score": 0.8101505157872255,