Encoded Architecture,Loss,Accuracy,Precision,Recall,F1,Specificity
"[0, 30, 0, 0, 3, 0, 0, 0, 1, 0, 0, 0, 2, 1, 0, 0, 0, 16, 0, 0, 3, 0, 0, 0, 1, 0, 0, 0, 2, 1, 0, 0, 5, 0, 0, 0, 4, 256, 0, 0, 3, 1, 0, 0, 4, 1, 2, 0]",0.6927214145660401,0.4847198724746704,0.3796264855687606,0.8,0.5149107656879678,0.2
"[1, 0, 0, 0, 0, 16, 0, 1, 1, 0, 0, 0, 0, 8, 0, 1, 1, 0, 0, 0, 5, 0, 0, 0, 4, 32, 1, 0, 4, 1, 2, 0, 7, 0, 0, 0, 7, 0, 0, 0, 7, 0, 0, 0, 7, 0, 0, 0]",0.6494899988174438,0.5252971053123474,0.6503115415786624,0.6082289803220036,0.4227696041490107,0.45040387722132474
"[0, 32, 0, 1, 1, 0, 0, 0, 0, 32, 0, 1, 2, 1, 0, 0, 0, 32, 0, 1, 1, 0, 0, 0, 0, 32, 0, 1, 0, 32, 0, 1, 1, 0, 0, 0, 0, 32, 0, 1, 0, 32, 0, 1, 1, 0, 0, 0]",0.6415093421936036,0.6539898157119751,0.6421354471558951,0.6146690518783542,0.6275883417341485,0.6894991922455574
