,Best Params,Test MSE,Test MAE,Test MAPE,Test R2
XGBoost_Optuna,"{'n_estimators': 204, 'max_depth': 3, 'learning_rate': 0.13306909305646222, 'subsample': 0.7774946688144471, 'colsample_bytree': 0.6847785768967788}",0.03513641454664376,0.1537844254826006,40214716629.680275,0.4679768815358841
DeepNN_Improved,N/A,0.06110517680644989,0.2004939615726471,53281193600.0,0.07476717233657837
